concepticon_id,concepticon_gloss,semantic_field,ontological_category,semantic_category,lex_wold,lex_ids,wl_mean,wl_cvar,en,do_mean,do_cvar,ins,cd,aoa_self,conc,sens,tax,freq_subtitleus,cd_subtitleus,freq_german,freq_spanish,freq_bbc,freq_cbeebies,freq_cbbc,freq_bnc,cd_bbc,cd_cbeebies,cd_cbbc,known_percentage,prevalence,valence_warriner,arousal_warriner,dominance_warriner,perceptual_max,perceptual_aggregated,action_max,action_aggregated,sensor_max,valence_mohammad,arousal_mohammad,dominance_mohammad
2,dust,The physical world,Person/Thing,Noun,1,0.981183,26.796235,0.843089,28.967853,124.20871,0.66838,2.65e-4,510.234352,5.06,4.4,4.974700195,6,23.862419,893.682589,17.441152,36.802267,24.272777,38.64053,31.881346,29.565734,674.935039,193.001443,505.597689,0.987342,2.107627,3.72,3.45,4.56,4.0625,4.457348,2.75,3.257105,4.0625,0.344,0.246,0.241
3,brave,Emotions and values,Property,Adjective,1,0.920987,24.733398,0.372374,32.744382,121.82568,0.97256,3.43e-4,628.596856,6,2.26,5.032165295,0,31.725056,1223.860885,15.315143,34.66288,44.108435,148.406993,81.466389,19.292537,1308.16429,593.434343,1265.799928,0.992593,2.246583,7.38,4.95,6.84,3.363636,4.293549,3.15,3.64125,3.363636,0.837,0.75,0.917
8,curse,Religion and belief,Action/Process,Verb,0.950288,0.827182,22.334706,0.845801,25.755634,117.07703,0.85693,7.7e-5,317.709878,7.47,2.39,4.179341719,2,18.235045,570.107858,2.244121,2.235539,6.355739,0.170976,20.715529,5.584405,188.003581,1.803752,232.936078,0.993072,2.261663,2.9,5.2,5.15,3.285714,3.3647,2.857143,3.268188,3.285714,0.033,0.72,0.375
9,announce,Speech and language,Action/Process,Verb,0.949734,0.83327,65.251074,0.446344,85.210633,89.37532,0.41437,3.9e-5,531.592999,9.48,3.31,5.694058324,4,9.78418,455.646049,1.220487,6.874885,12.409061,6.155129,9.623171,11.811542,441.076926,57.720058,216.684724,0.997543,2.435655,5.52,3.65,5.48,4.722222,4.870447,4,4.103178,4.722222,0.694,0.618,0.611
10,firewood,The physical world,Person/Thing,Noun,1,0.985767,5.454924,0.971374,0.969454,290.26215,1.35586,7e-6,19.57876,6.61,4.93,6.255208919,5,1.529391,72.639225,0.669299,4.735497,1.051027,4.103419,1.175349,2.075713,31.879817,19.84127,21.668472,0.993213,2.266204,6.09,4.58,5.95,4.764706,5.765055,3.5,3.759708,4.764706,0.52,0.348,0.263
23,rye,Agriculture and vegetation,Person/Thing,Noun,0.422412,0.36555,2.819741,1.880166,6.511256,107.39491,0.94456,2.6e-5,111.539602,9.26,4.74,5.00897613,12,4.176413,155.183799,0.669299,1.586512,2.944859,0.683903,0.808053,4.994354,71.402057,5.411255,14.445648,0.987745,2.116943,5.45,3.78,5.45,4.055556,4.48934,3.105263,3.277146,4.055556,0.49,0.298,0.411
24,pray,Religion and belief,Action/Process,Verb,0.9152,0.820591,82.875812,2.055755,104.353725,205.08146,0.8929,8e-5,1111.242955,5.79,3.21,5.10370751,4,36.234798,1190.843055,21.968765,2.788415,14.848237,2.05171,7.713229,15.710089,392.82049,12.626263,149.873601,0.995134,2.33325,6.57,3.25,6.58,3.444444,4.170094,3.05,3.924065,3.444444,0.714,0.127,0.627
27,air,The physical world,Person/Thing,Noun,0.816981,0.78810500000000006,109.966819,0.736558,142.828012,153.37768,0.97415,6.03e-4,2621.477306,3.94,4.11,5.735258255,5,139.037313,3660.576711,130.670845,111.873123,165.511982,215.25853,219.12916,201.006952,3342.79538,1118.326118,2432.286024,1,2.575829,6.71,3.25,5.72,2.789474,3.291697,3.95,5.348301,3.95,0.708,0.163,0.427
31,pan,Food and drink,Person/Thing,Noun,0.975107,0.795684,30.024833,2.251019,57.602909,133.53022,1.37404,1.44e-4,948.976565,4.72,4.86,4.879053511,10,12.313557,403.918116,2.480344,3.293214,39.443263,25.133442,19.907477,19.977417,587.156364,111.832612,290.718671,0.986985,2.099532,5.15,3.05,6,3.9375,4.153437,3.166667,3.543552,3.9375,0.734,0.182,0.364
43,lead,Motion,Action/Process,Verb,0.975345,0.908666,119.99439,0.61739,316.982398,174.07757,0.73954,2.95e-4,4030.258084,6.76,4.1,4.700215568,0,83.27337,2771.2965,94.410571,3.96628,46.106378,17.439531,55.755626,62.64016,943.948294,128.066378,778.259299,0.994709,2.317506,5.56,3.95,5.22,3.05,3.4431,2.736842,3.979468,3.05,0.323,0.657,0.455
49,refuse,Speech and language,Action/Process,Verb,0.948266,0.71162,62.954817,0.452424,80.102915,161.6955,1.55795,1.32e-4,864.431919,9.33,3.04,5.019088786,2,20.999713,935.505173,4.566983,0.408647,10.530102,0.85487899999999994,8.374363,25.730407,384.086294,7.215007,196.821957,0.992248,2.236045,3.42,4.32,4.5,3.054054,3.588831,3.631579,4.312708,3.631579,0.18,0.52,0.331
72,claw,Animals,Person/Thing,Noun,1,0.889973,6.73424,0.725935,6.482317,108.16825,0.65648,6.5e-5,113.912786,4.7,4.83,4.951772008,7,4.392097,151.882016,1.41734,2.572072,16.514016,9.061717,173.217083,3.340106,193.462454,43.290043,312.387143,0.985882,2.075363,4.65,3.65,3.8,3.947368,4.391224,3.190476,3.324469,3.947368,0.26,0.6,0.598
73,beak,The body,Person/Thing,Noun,1,0.953106,7.551464,0.867971,2.329583,107.70789,0.71715,7.5e-5,49.540196,5.42,4.96,3.723504932,9,2.1176179999999998,97.952895,1.968527,13.845922,6.772184,52.147618,21.964338,3.087227,173.373802,238.095238,272.661611,0.98324,2.021923,4.9,2.81,4.28,3.375,3.497001,2,2.069211,3.375,0.375,0.363,0.411
82,anger,Emotions and values,Person/Thing,Noun,1,0.989945,31.074655,0.596563,32.831198,116.86858,0.8502,7.29e-4,581.429843,6,2.41,5.216823407,8,19.450714,704.380365,0.118112,1.298055,20.103372,1.025855,10.578143,40.903129,634.53938,10.822511,173.347779,0.99449,2.309622,2.5,5.93,5.14,4.055556,4.594016,3.047619,3.557434,4.055556,0.167,0.865,0.657
117,imitate,Cognition,Action/Process,Verb,1,0.877582,8.541662,0.798123,4.760451,93.47934,0.52901,1.9e-5,45.683773,9.2,2.66,5.121262668,2,1.823504,86.946951,1.299228,3.004757,1.170011,0.512927,1.542646,2.697373,48.038081,5.411255,36.114121,0.992593,2.246583,5.44,3.95,5.04,3.631579,4.3218,2.714286,3.770282,3.631579,0.469,0.561,0.336
119,dive,Motion,Action/Process,Verb,0.893648,0.849052,13.066534,0.724883,20.980713,96.23178,0.47322,8e-5,243.547909,7.21,4.03,5.086416471,2,12.842961,364.29672,8.070962,2.499958,18.011234,28.381983,31.44059,6.975237,402.646462,207.431457,458.649332,0.992462,2.242569,5.81,3.79,5.75,4.142857,4.379059,2.578947,3.624634,4.142857,0.583,0.531,0.5
123,forehead,The body,Person/Thing,Noun,1,0.988985,15.76984,0.848405,8.580388,104.58437,0.49928,3.2e-5,168.199347,5.58,4.9,5.640401761,6,7.862637,370.900286,11.417459,142.882218,3.594314,5.129274,4.627937,13.982084,132.323078,37.878788,95.70242,1,2.575829,5.04,3.14,6.5,4.411765,4.597059,4.263158,4.349687,4.411765,0.47,0.308,0.556
127,extinguish,The physical world,Action/Process,Verb,1,0.943375,2.830909,1.111967,1.012862,95.74647,0.57003,1.1e-5,15.722338,8.95,3.47,3.838858181,0,0.862733,45.124367,10.8269,14.543025,0.57509,0.170976,0.514215,1.053661,22.490556,1.803752,10.834236,0.989177,2.151604,4.65,4.91,5.47,2.777778,2.829448,2.789474,3.237091,2.789474,0.24,0.576,0.482
129,choke,Food and drink,Action/Process,Verb,0.96523,0.907925,6.926838,0.940285,17.247593,91.47426,0.47887,1.19e-4,163.749629,6.11,4.34,5.97343478,3,6.490107,300.46225,5.826841,1.706702,2.40943,0.683903,2.938373,2.771129,84.721707,7.215007,63.199711,0.994521,2.310702,2.42,5.3,3.74,3.333333,4.126488,4.05,4.651632,4.05,0.167,0.788,0.676
133,weave,Clothing and grooming,Action/Process,Verb,0.928485,0.956403,3.822747,0.960932,14.223476,111.55583,0.53011,4.6e-5,196.084248,9.89,4.2,4.94601611,2,2.078403,106.757649,0.629929,1.442283,4.005801,29.578813,7.713229,3.487619,132.323078,272.366522,83.062477,0.995074,2.330994,5.41,3.1,6.36,3.791667,4.14212,3.363636,3.682257,3.791667,0.604,0.265,0.172
134,fault,Emotions and values,Person/Thing,Noun,0.896983,0.769765,11.513525,1.043223,37.59165,129.53429,1.2335,7e-5,730.05043,6.94,2.41,3.610441106,6,104.13583,3414.043584,160.474349,211.510874,56.408427,56.592989,79.482987,37.004582,1525.645785,432.900433,1332.611051,0.997636,2.440158,3.53,4.02,4.02,2.263158,2.883903,2.736842,2.847078,2.736842,0.188,0.558,0.184
138,bathe,The body,Action/Process,Verb,1,0.98497,45.10601,2.235484,9.810292,137.26293,1.39495,2e-5,48.353604,5,4.19,7.041937436,5,2.529377,127.668941,9.724525,1.85093,1.27908,0.683903,1.763024,1.591028,48.911501,7.215007,39.725533,0.962406,1.725507,7.5,3.15,6.5,4.157895,5.402238,3.8,5.605922,4.157895,0.677,0.294,0.371
156,red,Sense perception,Property,Adjective,1,1,151.165777,0.409005,224.146361,361.50523,1.96516,0.002265,4387.718778,3.68,4.24,5.127137478,0,148.076405,3349.108519,21.299466,56.297132,254.606361,536.864006,351.649779,159.4927,3446.950674,1948.051948,2748.284579,0.994937,2.325873,5.67,5.02,5.2,4.555556,4.561678,3.411765,3.415852,4.555556,0.427,0.385,0.377
166,mainland,The physical world,Person/Thing,Noun,0.601678,0.582186,10.694476,3.020735,2.40193,92.5203,0.47818,1e-6,48.353604,11.63,4.31,4.600138391,4,3.039174,102.355272,3.385867,5.504715,8.06118,1.538782,3.011832,11.105589,228.83595,12.626263,68.616829,0.994737,2.31852,5.3,3.67,5.71,4.4,4.44748,1.777778,2.108453,4.4,0.68,0.407,0.806
174,proud,Emotions and values,Property,Adjective,0.972195,0.835085,67.772644,0.605256,122.180096,108.79195,0.85668,1.6e-4,2427.469594,5.44,2.07,4.630725515,0,83.645914,2885.758309,81.811996,49.326095,98.052897,41.034192,122.750529,33.327305,2402.55912,344.516595,1691.946551,1,2.575829,7,5.55,7.09,3.5,4.07588,2.9,3.16111,3.5,0.906,0.7,0.873
178,ripe,Food and drink,Property,Adjective,1,0.978437,4.456252,0.699441,6.3955,194.26919,1.13415,3.6e-5,123.405518,7.11,3.3,5.403859161,0,4.196021,202.509355,9.33082,6.586428,4.957675,18.978314,4.040263,6.690749,166.823154,104.617605,86.673889,0.99511,2.332353,5.57,4.78,5.72,3.318182,4.827593,2.636364,3.56456,3.318182,0.671,0.337,0.67
183,bake,Food and drink,Action/Process,Verb,0.913193,0.873001,47.51079,1.394681,112.934113,150.31505,1.13808,1e-4,743.102937,5.5,4.21,6.187315052,2,6.352854,255.337882,4.763836,1.634588,16.613169,19.662217,43.047163,5.299916,250.016377,128.066378,238.353196,0.992288,2.237251,7.2,5,6.83,4.294118,5.617346,3.333333,3.90648,4.294118,0.867,0.418,0.519
185,fireplace,The house,Person/Thing,Noun,0.947643,0.748127,6.771202,0.411286,7.075565,112.5833,0.81841,7.5e-5,136.754672,7.37,4.68,4.931168776,9,5.097969,209.112921,5.629988,0.384609,16.370243,2.222685,2.791454,7.723337,289.756971,16.233766,54.171181,0.989691,2.164678,5.95,5.2,5.56,4.277778,4.672682,2.4,2.61516,4.277778,0.667,0.38,0.417
192,corner,Spatial relations,Person/Thing,Noun,0.976504,0.91131,39.033411,0.798368,81.173655,135.61801,0.66021,1.15e-4,1595.965589,5.21,4.61,4.542383472,7,52.5483,1988.773938,47.874585,37.283028,90.918803,68.048368,62.734262,79.035129,2157.783261,409.451659,1097.869267,0.994898,2.324438,4.83,3.38,4.88,3.972973,4.244095,2.210526,2.585223,3.972973,0.4,0.296,0.366
194,family,Kinship,Person/Thing,Noun,0.949236,0.868091,265.232502,0.473929,526.44226,1010.71718,1.5211,0.001126,9719.964402,3.38,4.23,5.783979839,5,354.269661,5878.274268,318.389612,428.550502,481.717455,131.138437,407.846161,363.397221,5125.444898,606.060606,2952.329361,0.995134,2.33325,7.25,4.35,5.98,4.235294,5.200281,3.210526,3.753187,4.235294,0.968,0.383,0.643
195,mat,Basic actions and technology,Person/Thing,Noun,0.823681,0.797745,24.833057,2.292242,13.890679,186.76523,1.26181,6.8e-5,264.609908,4.62,4.83,5.709829743,7,3.509756,154.083205,2.519715,0.168266,5.706284,23.59466,8.374363,6.142845,157.433893,135.281385,120.982304,0.965986,1.766292,5,2.86,5.3,4.722222,5.393671,2.8,3.08083,4.722222,0.459,0.221,0.304
212,field,Agriculture and vegetation,Person/Thing,Noun,1,0.942861,81.70152,0.876019,114.554692,651.42906,1.3636,5.53e-4,2190.447938,6.1,4.26,5.163551851,7,70.214725,2113.141096,25.866449,110.647182,7.044856,53.002497,5.729827,7.723337,212.677686,214.646465,92.091008,0.994832,2.322007,5.73,3.84,5.74,4.333333,4.556941,2.736842,3.504589,4.333333,0.64,0.38,0.336
213,fin,Animals,Person/Thing,Noun,0.868308,0.781036,22.453596,2.625202,5.295821,92.12616,0.45235,3.3e-5,95.817265,7.3,4.76,4.147179467,7,3.431326,75.941008,0.70867,1.201903,3.871944,11.455378,11.312736,3.276886,98.696421,52.308802,151.679307,0.932203,1.460192,5.27,4.45,5.45,3.75,4.008451,1.5,1.905731,3.75,0.333,0.34,0.377
227,fish,Animals,Person/Thing,Noun,1,1,68.812629,0.69583,75.805486,1226.27478,1.7094,0.00117,1274.695936,4.05,5,6.783971456,10,83.508661,1880.915694,42.323338,27.763957,155.413198,329.299387,300.007875,114.796391,1537.43695,824.314574,1706.392199,1,2.575829,6.42,3.33,6.08,4.470588,6.001176,3.421053,4.580236,4.470588,0.51,0.28,0.25
228,carve,Basic actions and technology,Action/Process,Verb,0.950288,0.725765,6.592934,0.93983,11.73473,98.61779,0.83796,1.7e-5,52.803322,6.35,3.69,4.91346759,3,3.117604,149.680828,0.74804,0.86537,3.733129,0.85487899999999994,2.717995,2.64469,129.702819,9.018759,48.754063,0.979381,1.952957,5.09,4.13,6.32,3.529412,3.945095,3.578947,3.853472,3.578947,0.469,0.443,0.598
230,sweep,Basic actions and technology,Action/Process,Verb,1,0.988985,8.019691,0.931494,23.18007,119.4483,0.77731,7.5e-5,277.662415,4.2,3.72,5.165505658,2,9.529281,420.427031,1.299228,2.572072,8.100841,11.113427,9.255875,11.126663,289.538616,75.757576,195.016251,0.994475,2.309078,5.27,3.89,5.76,3.444444,3.824741,3.952381,4.342318,3.952381,0.448,0.385,0.383
239,flower,Agriculture and vegetation,Person/Thing,Noun,1,0.988985,115.35385,0.428261,124.22029,332.90339,2.09255,0.001227,2203.797093,3.11,5,6.567422846,8,22.784002,693.374422,17.716746,16.658374,31.679544,198.502902,21.817419,24.908551,624.276699,658.369408,325.027086,1,2.575829,7.3,3.67,6.43,4.388889,5.871987,3.7,4.323049,4.388889,0.802,0.189,0.254
245,broom,Basic actions and technology,Person/Thing,Noun,0.974634,0.959851,5.842142,0.865953,4.601287,110.57778,1.00204,1.18e-4,88.697716,5.5,4.89,5.794184927,8,4.784248,198.106978,4.409501,4.543193,3.648849,23.765636,7.786688,3.508692,93.892613,82.972583,113.75948,0.997585,2.437662,5.5,3.33,5.76,4.166667,5.030276,3.954545,4.066417,4.166667,0.385,0.154,0.302
249,fog,The physical world,Person/Thing,Noun,1,0.958086,19.35873,0.704862,11.72026,92.71543,0.55337,1.32e-4,218.629487,6.21,4.66,4.941017721,8,9.470459,237.728373,13.504098,1.706702,12.037235,3.4195159999999998,3.30567,10.684125,298.709522,25.252525,54.171181,0.989518,2.160232,5.77,3.67,4.05,4.166667,4.183491,3.588235,3.619303,4.166667,0.51,0.213,0.26
256,food,Food and drink,Person/Thing,Noun,0.976504,0.983884,185.378711,0.622877,414.202681,1398.74315,0.80023,0.003691,7440.225452,3.25,4.8,7.185318072,4,154.448867,3968.743121,12.24424,207.784975,279.969826,368.110894,445.824631,200.121877,3137.97847,1376.262626,3102.202961,0.997555,2.436234,7.52,4.69,6.08,4.578947,6.594059,3.869565,4.383841,4.578947,0.888,0.324,0.527
270,jug,Food and drink,Person/Thing,Noun,0.861458,0.874869,6.801132,1.120737,18.159169,109.87899,0.67535,7.2e-5,364.876891,5.83,4.96,5.18484568,9,2.647023,83.645168,3.858314,1.177865,11.417526,9.74562,2.350698,5.81621,193.462454,57.720058,54.171181,0.994429,2.307434,5.45,3.73,5.45,3.833333,4.343173,3.157895,3.858744,3.833333,0.52,0.25,0.213
275,peel,Food and drink,Action/Process,Verb,1,0.969058,4.211535,1.323341,21.05306,131.01099,0.81952,5e-5,220.706022,6.05,4.61,5.146180173,2,5.372475,209.112921,0.74804,1.442283,10.639171,27.014176,9.990468,8.007825,271.633513,151.515152,166.124955,0.994652,2.315452,4.68,3.71,5.57,3.578947,4.268467,3.85,3.882333,3.85,0.439,0.25,0.279
281,post,The house,Person/Thing,Noun,1,0.936827,136.539999,1.021026,587.054816,137.9863,0.83301,1.63e-4,8471.966775,8.11,4.3,4.400732723,10,12.607671,434.734757,6.535511,6.634504,20.614013,29.578813,48.042397,14.266573,443.697185,135.281385,449.620802,0.992974,2.258556,5.6,3.05,4.59,3.684211,3.845773,2.526316,3.049107,3.684211,0.418,0.398,0.368
296,crouch,Motion,Action/Process,Verb,1,0.881505,3.667328,0.822347,8.00161,94.63471,0.48538,3.6e-5,137.941264,8.21,4.32,5.332108715,1,3.15682,147.479639,2.322862,0.673066,2.221038,2.906589,3.819885,2.265372,63.10457,16.233766,57.782593,0.992593,2.246583,4.79,4.05,4.87,4.235294,4.287684,3.904762,4.175011,4.235294,0.281,0.606,0.312
318,footprint,The body,Person/Thing,Noun,1,0.904076,6.931928,0.965778,5.266882,125.75772,1.25736,1.7e-5,102.936814,5.78,4.37,5.227881243,5,1.0980239999999999,51.727933,52.756533,14.134378,4.134701,9.061717,4.481019,1.548882,129.921174,50.505051,61.394005,0.997549,2.435945,6,2.96,6.37,4.05,4.101737,4.1,4.195938,4.1,0.592,0.292,0.336
319,lick,The body,Action/Process,Verb,1,0.994828,7.144828,0.854992,16.842448,105.89475,0.5892,5.4e-5,217.146247,4.3,4.52,5.81228563,2,10.980242,434.734757,6.929216,2.980719,7.307613,14.532943,13.957271,3.845863,252.854991,99.206349,261.827375,0.995062,2.330537,6.38,6.2,5.97,3.315789,4.669094,4.555556,4.555947,4.555556,0.47,0.482,0.33
320,lame,The body,Property,Adjective,0.976033,0.968992,8.945745,1.3388,28.200972,98.82161,0.72204,1.02e-4,577.57342,9.21,2.52,3.021930112,0,10.941027,484.261501,8.267815,2.59611,3.267108,0.85487899999999994,8.374363,2.802739,111.797716,9.018759,178.764897,0.992424,2.241403,3.2,2.74,3.45,2.058824,2.35239,1.894737,2.442917,2.058824,0.145,0.41,0.217
321,chew,Food and drink,Action/Process,Verb,1,0.988167,6.385472,0.728295,16.393895,136.14563,1.04945,1.2e-4,169.682587,4.05,3.93,5.656562598,5,9.078307,429.231785,4.645725,2.427844,6.707734,23.936612,20.348232,3.466545,220.101753,90.18759,355.724088,0.995062,2.330537,5.58,3.8,6.48,3.05,4.119066,4.772727,4.807401,4.772727,0.52,0.49,0.404
345,sap,Agriculture and vegetation,Person/Thing,Noun,0.976033,0.855612,2.377659,0.762717,5.802252,106.59491,0.72818,2.8e-5,96.113913,7.53,4.37,4.159696984,6,3.509756,146.379045,12.401722,0.769218,2.528414,28.211007,3.011832,3.245277,60.921021,39.68254,41.531239,0.97284,1.85373,4.19,3.92,4.77,3.444444,4.073601,1.526316,1.635822,3.444444,0.47,0.298,0.258
352,untie,Basic actions and technology,Action/Process,Verb,1,0.966434,0.770665,0.276474,0.607717,98.49349,0.45853,1.4e-5,11.569267,4.84,3.89,4.798747461,3,5.196007,191.503412,34.449228,1.514398,1.095646,3.24854,4.921775,0.579514,31.224753,30.663781,75.839653,0.976359,1.904781,4.95,2.8,5.18,3.117647,3.754154,3.809524,3.86186,3.809524,0.542,0.463,0.472
367,ride,Motion,Action/Process,Verb,0.87839,0.884468,24.643521,1.423732,150.699396,239.19618,1.61788,2.05e-4,2161.376446,4.67,3.75,4.596801889,1,135.390304,3430.552498,16.693112,15.192053,59.739985,275.271035,72.577811,35.413554,1380.658122,1129.148629,1130.371975,1,2.575829,6.27,5.1,5.28,2.45,2.873096,3,4.187275,3,0.806,0.465,0.472
378,pinch,Sense perception,Action/Process,Verb,1,0.905363,5.465573,0.660946,12.501611,96.9887,0.57522,4.1e-5,201.42391,5.5,4,5.456328324,3,6.137171,288.355712,2.16538,0.336533,10.183065,33.511256,11.018898,5.900503,322.946918,128.066378,200.433369,0.995086,2.331448,3.5,4.44,4.77,3.882353,4.5363,4,4.10345,4,0.34,0.632,0.339
391,bless,Religion and belief,Action/Process,Verb,0.872584,0.679946,35.231597,0.948278,131.455018,117.84247,1.16501,7e-6,819.63809,5.33,2.68,3.658289017,2,35.077951,1228.263262,2.952791,1.874969,17.99636,23.936612,17.40986,6.069089,577.985458,158.730159,361.141206,0.995316,2.340189,7,4.57,6.26,2,2.558452,2.55,3.18181,2.55,0.929,0.269,0.588
420,forest,The physical world,Person/Thing,Noun,1,0.982371,56.202173,0.481234,32.180073,430.79421,1.17084,4.16e-4,592.405814,6.28,4.76,5.544539185,5,18.901702,551.397755,48.622625,54.205821,46.547611,56.763965,48.923909,76.264,720.789571,288.600289,604.91152,0.994709,2.317506,6.68,4.44,5.71,4.277778,4.729707,3.045455,4.013404,4.277778,0.729,0.27,0.435
471,upper leg,The body,Person/Thing,Noun,1,0.981662,9.887659,0.675818,9.810292,106.98575,0.74517,3.1e-5,194.601009,6.42,4.9,5.993725451,8,3.764654,168.390931,1.929157,3.701861,2.994436,1.538782,1.469186,8.292314,97.823002,10.822511,30.697003,0.987245,2.105416,5.22,5.32,5.73,4.055556,5.062748,4.4,4.406424,4.4,0.469,0.433,0.588
476,cup,Food and drink,Person/Thing,Noun,0.976504,0.920173,59.79715,0.903993,146.517723,129.96443,0.68743,3.07e-4,2722.9308810000002,3.57,5,6.188637753,7,51.66596,1724.631301,18.307304,27.547615,123.8923,109.937438,91.16302,129.210476,2186.824464,588.023088,1200.794511,0.995146,2.333696,5.94,2.6,5.28,4.5,5.233835,3.8,4.541178,4.5,0.615,0.167,0.231
478,lip,The body,Person/Thing,Noun,1,0.999149,38.84217,0.666183,47.300655,102.21475,0.56805,2.62e-4,888.460398,3.79,4.96,5.160045192,6,10.764559,478.75853,3.307126,4.759536,8.051264,4.616347,12.561544,16.784823,263.554381,36.075036,232.936078,0.992891,2.255917,6.38,4.6,5.95,2.941176,3.826066,4.25,4.333553,4.25,0.541,0.348,0.443
479,grow,Spatial relations,Action/Process,Verb,1,0.993867,93.299608,0.604907,236.011316,359.40178,1.65178,2.49e-4,1795.312964,4.79,3.03,4.721708944,5,59.508989,2272.727273,20.393943,22.042899,84.736582,290.316905,82.054064,57.666879,1970.434745,945.165945,1280.245576,0.995025,2.329157,6.28,2.6,5.5,3.105263,3.336702,3.294118,4.084032,3.294118,0.914,0.615,0.755
480,plate,Food and drink,Person/Thing,Noun,0.986424,0.913777,15.372003,0.95007,51.077184,151.30607,0.70592,2.05e-4,954.019579,3.84,4.77,5.487910083,9,25.666315,1019.150341,13.819062,27.787995,53.384245,81.555456,41.431058,43.168501,1007.052864,364.357864,576.020224,0.990172,2.177283,4.8,3.18,5.79,4.45,5.174171,2.4,2.990978,4.45,0.583,0.245,0.366
485,disappear,Motion,Action/Process,Verb,0.974618,0.927022,51.993598,0.218549,37.635058,112.40333,0.55251,1.45e-4,261.643429,5.37,2.86,3.991715126,0,20.980105,922.298041,99.528742,26.225522,16.181851,41.889071,24.388495,14.688038,586.719654,193.001443,451.426508,0.989924,2.170756,4.1,4.35,5.42,3.545455,3.637923,1.714286,2.093186,3.545455,0.143,0.441,0.35
489,kidney,The body,Person/Thing,Noun,1,0.909628,6.947336,0.730586,8.247591,96.47074,0.70278,3e-5,153.366953,9.33,4.96,3.857381793,8,9.70575,261.941448,4.527613,8.052749,8.656101,5.471226,6.390961,6.269284,157.215538,23.448773,41.531239,0.99734,2.426007,4.9,3.95,5.44,2.470588,3.196191,2.9,2.914018,2.9,0.448,0.363,0.38
492,three,Quantity,Number,Function word,1,0.874646,355.846832,0.363343,336.197837,1557.53774,1.01726,2.29e-4,27508.751112,3.685351,3.62,4.275143482,0,542.247481,7631.521021,334.728389,580.350839,868.807767,1201.446934,1130.612439,840.958636,7811.865406,4047.619048,6233.297219,0.995204,2.335901,5.43,3.38,5.45,3.375,3.770347,2.388889,2.905923,3.375,0.653,0.225,0.377
493,five,Quantity,Number,Function word,1,0.843272,111.39838,0.400384,140.020937,505.57201,0.89303,8.4e-5,12776.920795,4.50594,3.87,4.545895708,0,285.466681,5729.694035,150.43486,276.125175,442.988098,401.964102,469.992748,429.261584,6214.817564,1735.209235,4472.733839,0.997442,2.430838,5.4,3.55,5.65,4.133333,4.328884,1.941176,2.340535,4.133333,0.51,0.221,0.298
499,cure,The body,Action/Process,Verb,0.896278,0.977598,39.830482,0.589453,77.382657,156.21995,1.65951,1.57e-4,736.280036,7.47,3.03,4.390628721,3,20.86246,691.173234,22.834917,11.658458,13.742675,10.429524,27.179949,15.794382,393.475555,45.093795,382.809679,1,2.575829,7.81,4.5,5.45,3.176471,3.893502,2.315789,2.947911,3.176471,0.719,0.377,0.623
501,lift,Motion,Action/Process,Verb,1,0.99703,72.791179,0.713941,164.300686,215.6452,0.84479,2.87e-4,1683.773361,4.74,3.89,6.027692281,1,34.156395,1392.251816,12.401722,20.384273,55.972151,176.276048,77.940342,45.718361,1507.303972,928.932179,1126.760563,0.992891,2.255917,5.32,4.9,6.84,3.8,4.692066,4.315789,4.872883,4.315789,0.704,0.518,0.656
504,learn,Cognition,Action/Process,Verb,1,0.977713,267.422346,0.457015,463.572469,217.90526,1.16041,3.11e-4,3894.986651,4.44,2.2,6.167039846,0,118.586612,3758.529606,146.773399,65.1191,101.73645,178.669709,212.150525,87.517102,2649.518527,1114.718615,2603.828097,0.994709,2.317506,6.85,4.8,7,3.941176,5.05876,4.47619,4.719015,4.47619,0.833,0.643,0.829
506,maize,Agriculture and vegetation,Person/Thing,Noun,0.855125,0.929139,11.593948,0.84794,29.836021,280.98966,1.32438,3.36e-4,525.363394,4.61,4.96,6.619986555,12,14.235099,444.640106,4.29139,14.903596,1.284038,0.512927,3.011832,3.487619,34.500076,3.607504,27.08559,0.994911,2.324918,5.95,3.43,5.65,3.333333,4.28653,4.166667,4.844786,4.166667,0.594,0.196,0.292
509,certain,Cognition,Property,Adjective,0.931085,0.864967,436.902725,0.552118,796.080594,198.70876,0.73407,2.77e-4,15739.543162,4.85,1.73,3.897127952,0,85.390988,2922.077922,6.259917,670.902205,98.697395,13.165136,49.511584,227.927997,2791.230867,133.477633,1011.195377,0.997753,2.445892,6.11,3,6.78,2.625,3.091185,2.65,2.702621,2.65,0.76,0.358,0.673
522,wolf,Animals,Person/Thing,Noun,0.686812,0.678995,27.73588,0.721217,25.524122,213.11221,2.31105,1.81e-4,455.651142,4.5,4.79,5.019998021,13,20.29384,414.924059,27.165677,23.917868,14.625141,55.225183,52.523416,8.913974,241.28218,97.402597,352.112676,0.997537,2.435363,6.26,5.25,4.59,4.111111,4.576972,3.045455,3.12864,4.111111,0.448,0.712,0.63
526,howl,Speech and language,Action/Process,Verb,0.991224,0.827898,1.847206,1.103401,6.294214,90.08374,0.42817,4e-5,64.075942,5.55,3.83,5.428962118,1,2.078403,83.645168,8.897744,0.552875,1.913663,8.206838,5.362531,2.181079,58.519117,52.308802,99.313832,0.997361,2.427,5.29,5.6,5.28,4.6,4.65542,3.631579,3.895515,4.6,0.357,0.646,0.407
568,rise,The physical world,Action/Process,Verb,1,0.9728,34.136649,1.085555,79.97269,173.31352,1.71079,1.14e-4,1102.04687,6.72,4.04,4.134193981,1,27.450605,1110.49967,2.952791,3.725899,60.612535,23.765636,25.490385,111.445748,1630.892853,151.515152,473.09498,1,2.575829,5.73,5.3,7.16,2.941176,3.17423,2.55,3.381827,2.941176,0.667,0.593,0.745
578,kiss,Emotions and values,Action/Process,Verb,1,0.96764,79.412562,1.463663,85.398736,97.25935,0.73154,2.41e-4,1260.16019,3.61,4.48,6.008290982,1,121.174812,3015.628439,38.071319,17.836239,44.237335,30.262716,62.440424,27.795583,953.774265,173.160173,678.945468,0.995465,2.345932,7.78,6.05,6.52,3.833333,5.141593,4.285714,4.32628,4.285714,0.967,0.813,0.63
584,difficult,Cognition,Property,Adjective,1,0.955997,440.511957,0.426424,591.931023,587.26461,0.96778,0.00162,10299.31771,4.39,3.76,5.643973142,0,60.175647,2332.159366,56.732958000000004,266.702256,253.649529,53.344449,127.819222,232.163715,4622.573531,465.367965,2020.585049,0.995098,2.331901,3.78,4.45,3.78,3.294118,4.121844,1.722222,1.863758,3.294118,0.235,0.7,0.508
585,boot,Clothing and grooming,Person/Thing,Noun,0.908584,0.591468,19.161382,0.853561,44.811909,123.76587,0.7115,2.3e-4,816.671611,3.89,4.96,5.136675848,7,11.15671,412.72287,12.99228,5.144144,26.602884,24.962467,21.597041,17.838485,542.393607,137.085137,341.27844,0.997416,2.429581,5.3,3.95,6.24,3.368421,4.065198,4.047619,4.088699,4.047619,0.438,0.65,0.625
586,garden,Agriculture and vegetation,Person/Thing,Noun,0.766764,0.839836,52.910263,0.796388,93.631857,410.11313,1.6195600000000001,4.97e-4,1838.030258,5.33,4.73,5.1896073639999996,9,26.568264,926.700418,29.055464,39.542606,190.196246,364.007474,75.222347,117.957374,1913.880822,1430.37518,1029.252438,1,2.575829,7.25,3.71,6.13,3.85,4.227743,3.157895,4.004178,3.85,0.77,0.23,0.456
587,ant,Animals,Person/Thing,Noun,1,0.95001,8.00385,0.412656,10.692929,152.76915,0.88798,1.8e-4,194.007713,4.32,4.86,4.678938197,11,5.372475,123.266564,1.889786,2.668224,8.824662,61.893239,28.061461,4.678256,168.351639,198.412698,263.633081,0.987179,2.103929,3.9,3.27,5.3,4.266667,4.44103,2.263158,2.457641,4.266667,0.448,0.216,0.216
590,naked,The body,Property,Adjective,0.974618,0.981235,28.773759,0.550103,34.625411,95.8304,0.51936,3.08e-4,675.763868,4.68,4.5,6.109547028,0,39.273972,1340.523883,30.827138,23.917868,17.436143,0.683903,7.860148,21.600055,486.058039,7.215007,151.679307,0.997423,2.429898,6.21,5.58,5.6,4.8125,5.384089,2.473684,3.853093,4.8125,0.323,0.885,0.288
593,potato,Food and drink,Person/Thing,Noun,0.937546,0.713859,43.643744,0.407664,62.696158,310.96346,1.50303,3.87e-4,1177.395432,4.84,4.85,7.027058498,7,11.313571,424.829408,3.62209,27.523577,27.391155,65.654707,32.101724,9.261682,432.561085,183.982684,361.141206,0.99446,2.308533,6.4,2.38,5.46,4.55,6.395586,3.904762,4.403561,4.55,0.541,0.235,0.265
597,physician,The body,Person/Thing,Noun,0.976504,0.887853,116.856128,0.252544,139.832834,201.91596,0.78252,8.85e-4,2512.904183,4.6,4.69,6.002125064,8,263.957172,4076.601365,114.804515,118.291284,105.058092,129.257703,104.091861,110.602819,1503.810293,261.544012,886.601661,0.992593,2.246583,5.93,4.05,4.69,4.263158,4.821123,3.611111,4.705247,4.263158,0.7,0.531,0.861
598,shell,Animals,Person/Thing,Noun,0.920112,0.86282,9.603585,0.72349,20.445343,192.94795,1.36948,2.75e-4,378.226046,5.22,4.8,5.12674677,6,13.235113,444.640106,1.653563,4.95184,24.50083,84.803996,34.158585,23.623085,586.938009,342.712843,382.809679,0.995037,2.329619,6.05,3.23,5.62,3.95,4.832175,2.438092,2.798561,3.95,0.615,0.408,0.391
602,hide,Spatial relations,Action/Process,Verb,1,1,84.827233,0.413375,96.091665,256.19881,0.88629,3.42e-4,790.863245,4.47,3.21,4.725939747,0,2.548985,126.568347,16.378147,14.470911,1.725271,0.170976,0.514215,7.249189,69.873573,1.803752,12.639942,0.99505,2.330079,3.95,3.74,6.05,3.565217,3.662848,3.315789,3.835156,3.565217,0.312,0.436,0.306
603,coat,Clothing and grooming,Person/Thing,Noun,0.908642,0.678458,9.733024,1.328852,37.967856,122.31447,1.07264,2.72e-4,708.988431,3.58,4.97,5.539998973,9,42.097463,1401.056571,21.181354,25.360151,25.933598,76.08423,36.656202,37.362827,751.359259,353.535354,559.76887,0.994536,2.311239,5.29,3.1,6.68,4,4.960387,2.904762,3.633707,4,0.677,0.256,0.464
604,glass,Basic actions and technology,Person/Thing,Noun,0.975191,0.812479,69.677641,0.470282,113.975914,165.46276,1.22371,0.001146,2105.013349,4.47,4.82,5.274934199,4,60.724659,2027.294739,50.354929,26.081293,82.877454,54.199328,52.596875,103.859387,1554.031923,274.170274,682.55688,0.997701,2.443347,5.48,3.14,5.42,4.210526,4.858091,2.85,3.17872,4.210526,0.49,0.404,0.322
605,grain,Agriculture and vegetation,Person/Thing,Noun,0.791824,0.803587,12.401581,0.640232,18.448558,152.50395,1.14939,1.68e-4,334.32216,7.44,4.8,4.93578302,12,4.784248,198.106978,3.62209,18.052582,9.419583,4.445371,2.938373,19.050195,250.453086,34.271284,61.394005,0.997567,2.436809,5.83,1.6,5.12,3.631579,4.333162,2.8,3.387864,3.631579,0.39,0.198,0.302
606,grass,Agriculture and vegetation,Person/Thing,Noun,0.976504,0.995356,24.566199,0.574852,33.366568,376.77597,1.04059,6.28e-4,613.764462,3.94,4.93,6.077946691,10,16.803692,606.427471,30.748397,26.393788,38.417024,149.774799,47.381263,43.874454,925.824836,683.621934,615.745757,0.992443,2.241987,6.47,3.39,5.67,4.411669,5.36534,3.157895,4.12279,4.411669,0.604,0.164,0.333
610,port,Motion,Person/Thing,Noun,0.602267,0.65784,35.730621,0.841047,26.638271,99.49783,0.5068,8.6e-5,479.976268,8.28,4.57,4.448118205,6,14.54882,421.527625,14.724585,19.230447,30.945808,2.05171,7.125554,39.807321,741.314933,14.430014,135.427952,0.997423,2.429898,5.55,3.38,5.92,3.588235,3.677802,1.55,1.788442,3.588235,0.55,0.409,0.513
615,horse,Animals,Person/Thing,Noun,1,0.951137,53.222855,0.423085,63.824776,1229.01538,1.81261,0.001331,1121.328982,4.15,5,6.312235776,14,92.900689,1736.737838,50.118706,62.186457,97.62158,128.915752,82.200982,81.785185,1321.702295,414.862915,846.876129,1,2.575829,6.05,4.16,5.71,4.647059,5.644515,3.1,4.15379,4.647059,0.635,0.51,0.529
617,ice,The physical world,Person/Thing,Noun,0.974618,0.835872,37.717019,0.862793,118.852121,127.84423,1.11021,7.13e-4,1949.569861,3.86,4.89,6.425136796,5,79.567538,2173.673784,46.260393,56.874046,95.693044,342.293548,235.510589,42.64167,1437.648754,945.165945,1605.272662,1,2.575829,6.06,3.3,4.89,4.3125,5.381915,3.65,4.782077,4.3125,0.44,0.265,0.219
619,animal,Animals,Person/Thing,Noun,1,0.921842,150.648337,0.269406,153.477532,499.10827,1.11947,0.001767,2870.364877,2.89,4.63,6.372430202,6,45.509181,1511.116003,34.409858,44.830979,85.301757,164.307742,271.28528,71.122133,1391.357513,717.893218,1906.825569,0.997596,2.438224,7.06,4.3,5.72,4.555556,5.653708,3.45,4.273633,4.555556,0.521,0.51,0.513
620,insect,Animals,Person/Thing,Noun,0.765371,0.6426,7.237036,0.360677,6.438908,107.7085,1.07949,3.4e-4,123.405518,4.75,4.89,6.167566103,9,3.176427,121.065375,3.385867,6.297971,7.099391,10.600499,23.87428,7.976215,191.49726,57.720058,303.358613,0.997468,2.432074,4.43,4.67,4.79,4.631579,5.652441,2.7,3.780026,4.631579,0.276,0.633,0.242
621,iron,Basic actions and technology,Person/Thing,Noun,1,0.843549,25.441618,0.723929,33.974285,203.77261,1.31682,3.2e-4,604.865025,7.32,4.59,5.050763917,6,17.960539,685.670262,8.858373,2.620148,47.876268,36.246869,52.596875,16.384432,1301.613643,303.030303,926.327194,0.995169,2.334583,5.03,3.24,5.51,4,4.565744,2.904762,3.229049,4,0.448,0.351,0.679
622,island,The physical world,Person/Thing,Noun,0.934582,0.795272,60.947439,0.620545,72.376225,259.39972,2.16569,3.49e-4,1306.437259,7.41,4.96,4.636611448,4,39.587693,753.90711,78.701723,60.479754,92.019407,144.987477,287.51979,69.868276,1250.300238,579.004329,666.305525,0.994898,2.324438,7.18,4.25,5.58,4.333333,4.375051,2.25,2.516452,4.333333,0.745,0.347,0.432
623,lagoon,The physical world,Person/Thing,Noun,0.521696,0.566066,2.284049,1.485926,1.707396,112.61404,1.2765,6e-6,30.851379,9.42,4.5,4.388477893,5,1.607821,42.923179,0.551188,4.158584,1.819467,2.222685,3.672966,2.149469,43.670983,14.430014,43.336945,0.989664,2.16399,6.23,3.56,4.62,3.947368,4.238319,1.65,2.03135,3.947368,0.66,0.231,0.373
624,lake,The physical world,Person/Thing,Noun,0.954903,0.889431,28.857627,0.633846,47.662392,264.1734,1.52661,2.24e-4,1005.339662,4.61,4.88,5.326259085,4,36.019115,883.77724,36.417756,36.297468,31.049919,35.562966,32.322102,41.798741,609.21021,180.37518,344.889852,0.997625,2.439611,7.13,2.64,5.36,4.526316,4.853087,2.2,3.326169,4.526316,0.694,0.196,0.425
632,lizard,Animals,Person/Thing,Noun,0.976504,0.942617,2.381219,0.656159,4.25402,130.66575,1.06002,1.52e-4,82.171462,5.42,4.68,4.975863914,12,4.862679,127.668941,1.259857,1.706702,5.324543,16.755628,24.97617,2.244298,107.648973,63.131313,222.101842,0.994987,2.327761,5.43,5.5,5.86,4.478261,4.616346,2.52381,2.91703,4.478261,0.378,0.375,0.324
633,market,Possession,Person/Thing,Noun,0.817937,0.769853,117.018186,0.398526,166.34088,274.36916,1.3835,1.71e-4,3023.138535,7.16,4.7,6.085163937,9,36.254406,1309.707242,17.126188,41.297384,167.43556,88.223512,30.191782,316.930761,2422.647772,326.479076,352.112676,0.98829,2.129838,6.21,3.55,5.77,4.380952,4.728649,2.142857,2.777958,4.380952,0.724,0.48,0.521
635,milk,Food and drink,Person/Thing,Noun,1,0.98219,76.97936,0.474785,69.279761,397.21209,1.39388,6.64e-4,1210.916642,3.37,4.92,6.396153607,6,42.548437,1390.050627,32.795666,48.02804,53.290049,131.309413,86.094326,51.292229,963.163526,425.685426,910.07584,1,2.575829,6.74,2.33,6.31,4.666667,5.712162,4.055556,4.222604,4.666667,0.817,0.27,0.327
636,mill,Food and drink,Person/Thing,Noun,0.737109,0.762886,7.450562,0.741861,14.975888,220.04212,2.82678,4.4e-5,406.407594,8.17,4.72,4.837033515,9,9.548889,211.31411,3.385867,3.197062,18.541705,12.139282,3.672966,36.85707,384.523004,70.34632,59.588299,0.997326,2.425339,5.39,2.21,4.76,3.3125,3.516879,1.933333,2.391309,3.3125,0.531,0.382,0.347
640,mud,The physical world,Person/Thing,Noun,1,0.989205,11.378624,0.595737,12.197752,154.76367,1.67283,2.45e-4,229.30881,4.05,4.86,4.810800215,7,14.842934,558.001321,5.905582,6.826809,23.187046,113.869882,43.634838,20.251369,505.273271,349.92785,482.12351,0.99759,2.437943,5.06,3.19,4.27,4,4.537881,2,2.615611,4,0.333,0.26,0.185
641,mushroom,Agriculture and vegetation,Person/Thing,Noun,1,0.895486,14.331814,0.720252,18.810294,136.59942,0.96531,1.01e-4,333.135568,6.44,4.83,5.59535837,9,2.1568329999999998,92.449923,2.322862,0.216343,7.461301,11.113427,9.108956,3.550838,149.136406,48.701299,104.73095000000001,1,2.575829,5.61,3.14,5.5,3.631579,4.83656,3.470588,3.958771,3.631579,0.49,0.274,0.269
648,paper,Speech and language,Person/Thing,Noun,1,0.968717,96.4874,0.789556,243.072411,169.94417,0.7733,0.001606,4339.068526,4,4.93,5.946199843,5,103.371134,2891.261281,27.756236,95.647434,86.412276,361.784789,110.335903,182.957736,1988.558203,916.305916,1271.217046,0.995062,2.330537,5.42,3.52,5.64,4.315789,5.453673,3.45,3.635134,4.315789,0.52,0.123,0.293
653,plant,Agriculture and vegetation,Person/Thing,Noun,0.76907,0.811081,60.49945,0.503872,98.045042,672.99474,3.6424,8.34e-4,1324.236132,3.95,4.76,6.020980021,6,27.627073,915.694475,9.882007,26.682245,64.281215,175.421169,47.234345,86.031439,1068.847304,575.396825,561.574576,0.997763,2.446389,7.05,3.94,6.45,4.292683,5.593825,2.736842,3.509852,4.292683,0.73,0.18,0.371
655,poison,The body,Person/Thing,Noun,0.976504,0.916742,18.060457,0.733946,17.262062,160.46761,1.8197,2.44e-4,200.830614,5.58,4.27,4.223900373,4,24.568291,767.114242,24.842815,19.903512,8.244614,2.222685,25.123088,10.315343,218.573269,16.233766,243.770314,0.995516,2.347913,2.16,6.01,3.38,3.388889,3.807011,2.15,2.722705,3.388889,0.083,0.76,0.573
657,price,Possession,Person/Thing,Noun,0.885229,0.862185,179.465264,0.514249,152.73959,131.85792,1.07779,1.8e-4,2660.338179,7.35,3.63,4.793106725,7,53.391426,1810.477658,66.614965,61.008592,189.566621,5.129274,39.594575,194.695522,2422.647772,34.271284,566.991694,0.997462,2.431767,4.94,3.4,4.61,4.35,4.585408,2.285714,2.393012,4.35,0.479,0.475,0.535
665,bee,Animals,Person/Thing,Noun,1,0.964211,10.226056,0.670159,24.815119,160.99532,1.3893,4.61e-4,455.354494,5,4.88,5.163787213,11,10.372407,274.047986,4.763836,7.499874,15.309301,138.148445,24.241577,5.521185,313.120947,510.46176,287.107259,0.995122,2.332802,3.68,5.65,5.32,4.5,4.83185,2.5,2.919437,4.5,0.52,0.509,0.309
667,road,Motion,Person/Thing,Noun,0.974618,0.977827,306.450338,0.835246,162.622229,669.06184,1.22125,7.53e-4,3052.210027,4.55,4.75,4.793477374,6,111.959252,3045.344486,110.788719,32.138884,1312.113155,1695.566991,1352.018838,1014.475567,8815.861301,5524.891775,7656.193572,0.997347,2.42634,5.59,3.81,6,4.176471,4.185766,2.65,3.326343,4.176471,0.656,0.404,0.404
670,root,Agriculture and vegetation,Person/Thing,Noun,1,1,31.593782,0.4742,61.408376,189.77149,1.43271,1.27e-4,848.412934,5.94,4.34,4.170289026,7,10.490053,421.527625,2.677197,7.259494,13.593945,5.30025,7.63977,23.243767,417.931306,39.68254,151.679307,0.988345,2.131148,5.33,3.62,6.05,3.823529,3.985902,1.8,2.095465,3.823529,0.602,0.279,0.508
674,mouth,The body,Person/Thing,Noun,1,1,117.810544,0.467522,83.532176,430.16416,1.03457,4.16e-4,1644.319193,3.58,4.74,5.576554281,9,104.429943,3327.0966320000002,105.946142,138.002492,60.255583,109.937438,124.73393,98.559471,1617.791558,660.17316,1648.609606,1,2.575829,5.59,4.14,6,2.947368,3.801699,4.894737,4.911425,4.894737,0.734,0.294,0.336
677,axe,Basic actions and technology,Person/Thing,Noun,1,0.989205,4.971216,0.704266,4.196143,228.38234,0.96584,1.23e-4,133.194898,6.11,5,5.494296383,11,4.901894,168.390931,6.929216,8.17294,7.124179,0.512927,7.419392,8.344997,223.158722,5.411255,102.925244,0.994987,2.327761,3.48,5.64,5.55,3.9375,4.606225,3.444444,3.804059,3.9375,0.296,0.69,0.536
678,beard,The body,Person/Thing,Noun,1,0.988985,12.807943,0.608972,17.233123,97.29898,0.53584,2.97e-4,333.728864,4.84,4.96,5.300888364,9,12.627278,440.237728,68.504752,13.437275,9.523694,13.84904,18.511749,9.883342,265.73793,91.991342,236.54749,0.997696,2.443087,5.09,3.18,5.42,4.35,4.931184,2.45,3.073813,4.35,0.49,0.261,0.371
681,destroy,Possession,Action/Process,Verb,0.975191,0.917772,72.096609,0.473731,99.173659,153.84291,0.96525,4.2e-4,964.105607,6.7,3.08,5.086815806,0,47.195433,1571.64869,56.103029,34.013852,17.396482,2.05171,52.009201,21.33664,569.032906,19.84127,700.61394,0.997494,2.433288,2.67,5.16,4.3,3.5625,4.038433,3.166667,4.036384,3.5625,0.046,0.935,0.635
682,side,Spatial relations,Person/Thing,Noun,1,0.97701,218.44406,0.703945,312.091722,1305.66902,1.2162,1.54e-4,5754.968852,4.72,3.68,4.620009477,5,200.938426,5201.408761,218.585276,369.224574,355.053815,260.909068,276.868188,353.408512,5442.277878,1322.150072,3503.0697,0.997653,2.44097,5.32,3.14,5.82,4,4.179058,2.041667,2.94824,4,0.439,0.288,0.395
686,easy,Cognition,Property,Adjective,0.973897,0.912364,256.34185,0.489589,303.554742,165.91746,1.0895,5.04e-4,4245.327796,5.43,2.07,3.565408714,0,265.721853,5927.801013,1138.438733,213.313729,206.705304,402.306053,263.204754,155.678446,4467.104832,1951.659452,3777.537017,0.994723,2.318014,7.47,3.82,6.79,2.133333,2.822866,2.3,2.836833,2.3,0.865,0.194,0.373
691,season,Time,Person/Thing,Noun,0.800673,0.701258,112.601499,0.479062,286.061168,236.40998,1.64946,7.9e-5,5181.548502,6.05,3.32,4.336283804,5,31.489765,1101.694915,5.7481,56.561551,124.343448,12.652209,26.812653,115.681466,1544.642662,57.720058,480.317804,0.995086,2.331448,6.71,3.2,6.16,3.5,3.765523,2.352941,3.041812,3.5,0.792,0.41,0.519
692,bring,Motion,Action/Process,Verb,0.991453,0.980394,178.725039,0.792825,470.054786,916.32253,0.75862,4.5e-5,4895.876594,4.42,2.55,4.687261268,2,327.171993,6758.749725,361.146026,63.364321,252.960412,180.208491,266.583883,162.853879,5235.932485,1349.206349,3698.085952,0.997481,2.432683,5.68,4.29,5.72,2.9,3.428888,3.315789,3.972028,3.315789,0.635,0.46,0.462
694,get,Possession,Action/Process,Verb,0.952801,0.922762,678.14377,1.412882,3593.648852,2523.96256,0.69274,3.44e-4,54841.590033,3.17,3,4.551187848,0,4583.72158,9175.654854,284.727795,40.071443,3067.82916,3245.462602,4530.971038,1048.466678,9226.805249,6599.92785,8327.916215,0.993072,2.261663,6.09,3.67,5.65,2.470588,2.856678,2.952381,3.16735,2.952381,0.74,0.594,0.667
701,slow,Time,Property,Adverb,1,0.99703,115.782353,0.508014,152.623834,281.9161,1.13526,5.21e-4,2751.11243,4.15,3.28,5.690812025,0,76.038175,2630.420427,116.300595,46.489605,64.053162,111.305245,85.873949,62.123866,1769.111514,669.191919,1334.416757,0.992647,2.248272,4,2.89,5.39,3.904762,4.125435,3.096774,4.315131,3.904762,0.357,0.073,0.131
704,clean,Sense perception,Property,Adjective,0.959658,0.947184,52.356663,0.802255,132.091674,278.88548,0.93004,0.001076,2050.726787,3.89,3.07,6.526684452,0,121.253242,3803.653973,61.457424,44.830979,92.599455,277.49372,144.494488,68.624956,2316.963993,1314.935065,2022.390755,0.991826,2.223453,7.09,3.57,6.11,4.6875,5.290724,4.052632,5.064816,4.6875,0.827,0.17,0.5
706,dark,Sense perception,Property,Adjective,0.934744,0.87588,71.97524,0.512799,152.855346,261.54687,0.86334,0.001029,2577.276772,3.74,4.29,5.339449095,0,88.626238,2894.563064,27.32316,39.037807,86.2338,191.492894,137.368934,142.1389,2173.28646,1051.587302,1666.666667,0.995575,2.350245,5.08,4.09,4.61,4.684211,4.689989,3.636364,3.660927,4.684211,0.198,0.398,0.426
708,shine,Sense perception,Action/Process,Verb,1,0.968139,22.119539,0.793872,49.58683,109.96601,0.60171,2.27e-4,654.108573,5.79,3.85,5.19325432,0,20.666384,734.096412,0.511817,4.278774,21.655125,55.567134,29.236811,8.629485,629.953927,256.132756,476.706392,0.995098,2.331901,7.27,5.19,5.96,4.85,4.864258,2.75,2.922779,4.85,0.844,0.539,0.741
709,teach,Cognition,Action/Process,Verb,1,0.976381,110.549016,0.8907,193.297478,247.4256,1.02083,1.76e-4,1463.957283,4.67,3.15,5.516679717,4,72.861748,2367.378384,7.637886,17.523744,36.74133,89.762294,91.824154,29.755393,1095.923314,710.678211,1287.4684,0.997382,2.427978,7.06,3.47,5.78,3.352941,3.888138,3.571429,4.77852,3.571429,0.84,0.51,0.852
712,rich,Possession,Property,Adjective,0.824682,0.950536,93.06207,1.115604,87.366582,227.12907,1.89843,7.7e-4,1520.3203799999999,6.32,2.79,4.394311712,0,80.410664,2316.751046,41.339074,62.186457,72.302733,12.481233,65.672635,72.797454,1713.867721,73.953824,821.596244,0.99759,2.437943,6.83,6.81,6.83,3.526316,4.097651,2.32,2.52254,3.526316,0.882,0.627,0.905
713,steal,Law,Action/Process,Verb,1,0.985592,41.71508,0.555032,58.094871,190.45361,0.69667,3.12e-4,606.051617,6.17,3.84,4.523479154,1,53.352211,1961.25908,37.480761,44.975207,21.888135,9.74562,44.736728,9.588317,649.387514,77.561328,756.590827,0.995227,2.336771,2.17,5.3,3,3.294118,3.374671,3.421053,3.782717,3.421053,0.021,0.856,0.528
714,seed,Agriculture and vegetation,Person/Thing,Noun,1,0.960091,21.347515,0.779043,53.392297,313.26728,2.24463,2.4e-4,927.32127,4.72,4.71,5.040899137,9,7.588131,307.065816,6.653622,6.177781,17.560085,54.028352,7.419392,17.490776,366.617901,211.038961,111.953774,1,2.575829,6.38,3.68,5.19,3.647059,4.464837,3,3.393734,3.647059,0.656,0.135,0.306
715,shout,Speech and language,Action/Process,Verb,1,0.992527,48.093677,0.804095,100.316747,180.2833,1.00597,1.7e-4,1720.854346,4.72,4.17,5.557899232,1,16.470363,508.474576,32.835036,25.840913,26.850768,106.346946,51.201148,15.58365,836.954386,651.154401,899.241603,0.997619,2.439336,5,6.29,5.85,4.111111,4.173529,4.5,4.625892,4.5,0.229,0.925,0.444
717,sweet,Sense perception,Property,Adjective,1,1,117.803622,0.858874,243.506495,264.85875,1.20198,0.001134,4548.798576,4.53,4,5.246889105,0,145.213699,3939.027075,69.646497,101.729062,95.1477,180.721419,125.83582,38.490245,1994.67214,1168.831169,1686.529433,0.995392,2.343097,7.77,4.14,6.12,4.1,4.215677,3.947368,4.111948,4.1,0.668,0.418,0.382
718,pay,Possession,Action/Process,Verb,0.98504,0.94529,184.221081,0.508621,314.348957,285.60897,1.13782,2.67e-4,3475.52655,5.5,3.54,4.218444486,2,254.623966,5433.634162,85.040381,109.517393,252.251465,18.123435,111.584712,232.058349,3942.834683,155.122655,1758.757674,0.997389,2.428302,6.23,4.24,6.33,3.65,3.813436,2.45,2.696761,3.65,0.514,0.588,0.592
719,find,Possession,Action/Process,Verb,1,0.984561,601.559766,0.632236,1143.24628,739.1409,1.28713,2.8e-4,12885.197270999999,5.78,2.63,4.107739654,1,830.969019,8461.369139,492.683023,226.222166,774.443379,1676.417701,1013.518278,445.730309,7857.501583,5443.722944,6852.654388,0.992823,2.253772,6.45,3.52,6.24,3.444444,3.775911,2.15,2.492082,3.444444,0.774,0.555,0.58
722,attack,Warfare and hunting,Person/Thing,Noun,0.861684,0.723683,72.55451,0.447358,98.3489,105.64348,0.48895,2.06e-4,1590.625927,6.58,3.71,6.146850232,9,75.567593,2154.96368,51.14234,20.79292,78.633684,5.813177,87.049298,100.392842,1800.336267,57.720058,1198.988805,0.997519,2.434481,2,7.05,3.39,3.727273,4.550382,3.939394,5.168037,3.939394,0.286,0.948,0.67
724,read,Speech and language,Action/Process,Verb,0.976504,0.956764,496.43981,0.496799,767.460008,172.80272,1.04121,2.55e-4,9129.931771,4.11,3.56,5.8153259,2,241.231993,5210.213515,79.410393,73.965105,137.887817,95.917423,152.721932,239.202172,3005.000328,580.808081,2016.973637,0.994751,2.319025,6.73,3.7,6.11,4.5,4.54217,4.6,4.686818,4.6,0.74,0.283,0.611
728,first,Quantity,Other,Function word,1,0.979097,909.791674,0.37476,1191.444042,1399.11656,0.69384,3.8e-4,22490.358944,4.388713,2.76,3.529953167,0,840.576731,8652.872551,39.882364,310.042875,1485.448349,816.751388,1482.702974,1250.706414,8624.800751,4343.434343,7276.995305,0.994987,2.327761,7.33,4.9,6.38,3.1875,3.359237,1.421053,1.824961,3.1875,0.625,0.5,0.788
730,snake,Animals,Person/Thing,Noun,1,0.988389,14.992921,0.434054,20.445343,772.72164,1.46098,5e-4,354.494215,5.1,5,4.951397422,11,22.372243,580.013207,29.52791,17.860277,22.676406,65.825682,139.719632,7.955142,318.798175,220.05772,671.722644,0.993363,2.271089,4.03,7.24,3.65,4.4,4.728902,2.3,2.5008,4.4,0.276,0.75,0.549
733,earn,Possession,Action/Process,Verb,0.897172,0.730736,59.586012,1.001365,59.614164,113.55073,0.57263,6.2e-5,510.827648,7.57,2.39,4.24982333,1,15.372339,686.770856,42.362708,116.464392,22.631787,8.035863,24.829251,20.894102,731.488962,68.542569,476.706392,0.992908,2.256449,7,4.35,6.75,1.5625,1.80196,2.761905,4.13897,2.761905,0.865,0.769,0.817
735,owl,Animals,Person/Thing,Noun,0.976504,0.923888,9.078329,1.477919,13.485534,135.30941,1.18518,1.14e-4,250.37081,6.21,4.93,5.815083801,11,5.627374,151.882016,4.645725,0.769218,11.724902,80.016674,26.739194,12.138177,185.164967,218.253968,234.741784,0.99284,2.254311,6.3,3.57,5.02,4.647059,5.460149,3.222222,3.234954,4.647059,0.52,0.27,0.321
738,thing,Possession,Person/Thing,Noun,1,0.892105,614.841034,0.748635,1525.920014,2813.79181,0.92052,4.44e-4,28827.350934,4.58,3.17,5.03934787,2,1088.671375,8869.689632,176.340679,610.109955,870.582614,683.561241,846.985993,371.015192,7831.735703,3786.075036,6659.443843,1,2.575829,5.55,3.43,5.41,3.6,4.825807,2,2.498079,3.6,0.449,0.222,0.26
740,ship,Motion,Person/Thing,Noun,0.866959,0.710295,39.229011,0.747433,53.594869,181.77046,2.50922,8.5e-4,841.293385,5.33,4.87,4.857786662,10,98.900607,1281.09179,146.615916,84.998574,58.307216,90.104246,62.734262,49.838176,988.929406,303.030303,646.442759,1,2.575829,6.14,3.94,5.84,3.944444,4.000336,2.75,3.699157,3.944444,0.646,0.5,0.439
744,egg,Food and drink,Person/Thing,Noun,1,0.993066,75.678648,0.532917,105.482343,294.71046,1.31982,7.6e-4,1869.771581,3.89,4.97,5.917642527,6,26.058467,800.132071,21.063243,19.18237,62.600563,201.238514,137.662771,26.520653,861.410136,476.190476,1002.166847,0.99537,2.342273,5.95,3.28,5.74,4.0625,5.547021,2.857143,3.318604,4.0625,0.684,0.241,0.293
748,sow seeds,Agriculture and vegetation,Action/Process,Verb,0.939063,0.905015,8.846453,1.168182,5.266882,131.66452,0.99866,4.5e-5,50.133492,9.67,4.04,3.914921372,2,1.94115,89.14814,0.944893,1.081713,4.17932,10.258548,0.881512,3.456009,98.478066,37.878788,19.862766,0.970075,1.816773,5.11,3.71,5.74,1.8,1.9702,3.444444,3.74098,3.444444,0.667,0.43,0.446
749,enter,Motion,Action/Process,Verb,1,0.985674,198.930016,1.49215,115.755657,283.64834,1.36609,1.63e-4,1191.041234,5.67,3.12,4.757825478,0,29.744691,1167.730575,2.559086,239.202717,26.434323,15.900749,39.374197,55.696533,947.878682,115.440115,682.55688,1,2.575829,6.09,4.3,6.79,3.722222,3.807216,2.55,3.744846,3.722222,0.708,0.47,0.5
755,deny,Speech and language,Action/Process,Verb,0.90334,0.769821,64.409526,0.513272,88.842467,153.68724,1.64155,2.15e-4,886.087214,7.8,3.04,5.019088786,2,21.411472,851.860004,5.354394,8.29313,13.073389,1.196831,5.582909,23.875963,480.162456,7.215007,128.205128,0.997199,2.419398,3.81,5.63,4.29,3.3125,3.640969,2.826087,3.560746,3.3125,0.316,0.667,0.321
757,button,Clothing and grooming,Person/Thing,Noun,0.983943,0.821905,36.567246,0.510087,68.107735,90.62595,0.39919,2.12e-4,1277.662415,4.78,4.96,5.826725073,9,28.274123,991.635483,22.3231,22.259242,28.823923,98.48206,56.343301,17.859558,798.742276,551.948052,742.145179,0.997462,2.431767,5.48,4.1,6.53,3.875,4.805501,4.230769,4.428481,4.230769,0.52,0.22,0.343
759,silver,Basic actions and technology,Person/Thing,Noun,0.952326,0.819211,33.353542,1.345695,39.97911,123.93805,0.90594,3.29e-4,728.567191,6.21,4.52,4.797850397,6,31.764271,970.724191,7.441033,35.143641,103.020488,36.930772,63.542314,53.325795,1152.258882,221.861472,595.88299,0.992105,2.231749,7.48,4,7.05,4.333333,4.541303,2.5,2.560459,4.333333,0.684,0.451,0.615
760,knot,Basic actions and technology,Person/Thing,Noun,1,0.89389,6.834864,1.003439,6.598072,97.54136,0.61605,1.15e-4,171.462474,6.05,4.87,5.805248782,9,3.705832,167.290337,8.582779,5.841248,5.517892,14.020015,11.753492,7.375629,160.054152,59.52381,144.456482,0.997613,2.43906,4.57,3.84,6.04,4.058824,5.07758,3.904762,4.015212,4.058824,0.541,0.221,0.408
761,cover,Spatial relations,Action/Process,Verb,1,0.967969,70.359728,0.821588,250.56759,225.34096,0.79685,2.79e-4,3235.241768,5.42,4.23,4.518061038,0,94.292827,3062.953995,2.480344,17.403554,72.912527,68.390319,84.331303,117.156592,2114.112278,468.975469,1399.422174,0.997608,2.438782,5.59,3.76,5.78,3.212121,3.701128,3,3.462936,3.212121,0.365,0.24,0.471
767,corpse,The body,Person/Thing,Noun,1,0.951274,12.082212,0.420214,4.210612,104.08766,0.46879,7.1e-5,82.171462,10,4.89,5.575718787,6,10.117509,413.823465,4.252019,36.826305,2.587906,0.170976,5.068693,8.755925,84.503352,1.803752,45.142651,0.997573,2.437094,2.45,4.89,3.23,4.722222,5.0261,2.75,3.592726,4.722222,0.094,0.657,0.232
769,roof,The house,Person/Thing,Noun,1,0.962664,35.049346,1.047109,27.9984,205.6261,1.12047,1.6e-4,533.372886,5,4.79,4.368986953,7,35.666179,1264.582875,48.465143,41.46565,52.476991,59.328602,33.423992,43.779624,1144.834815,340.909091,529.071867,0.990499,2.186044,4.48,3.4,7.05,4.105263,4.12497,2.1,2.363779,4.105263,0.602,0.226,0.342
770,earring,Clothing and grooming,Person/Thing,Noun,1,0.882559,6.235941,0.791397,9.217044,172.95954,2.869,7.6e-5,208.543459,7.17,4.96,5.83488982,8,2.725453,105.657055,1.929157,10.408479,1.179927,0.85487899999999994,4.260641,0.62166,37.993755,9.018759,57.782593,0.981221,1.984653,6.45,3.59,5.71,4.409091,4.90678,4.1,4.318118,4.409091,0.583,0.52,0.5
772,belt,Clothing and grooming,Person/Thing,Noun,1,0.96446,14.212092,0.772498,26.811904,163.83977,1.75981,1.75e-4,507.267873,4.62,4.9,5.376374192,8,24.372215,923.398635,8.66152,22.884231,20.990796,29.920765,28.502217,22.64318,613.358954,135.281385,397.255327,1,2.575829,4.44,3.45,5.75,4,4.631225,3.05,3.827561,4,0.541,0.322,0.445
777,flute,Speech and language,Person/Thing,Noun,0.803498,0.904616,4.213656,1.131636,3.790998,109.80005,0.51365,1.01e-4,70.602195,8.47,5,6.054203466,10,2.137226,79.242791,5.511877,3.533595,3.004351,6.668056,2.717995,4.140889,75.5508,39.68254,50.559769,0.997567,2.436809,6.29,3.72,5.84,4.210526,5.424384,3.058824,3.96427,4.210526,0.635,0.33,0.363
779,part,Quantity,Person/Thing,Noun,0.953503,0.926228,680.926221,0.44834,773.652936,785.07557,0.81229,7.06e-4,14645.802433,4.89,4.14,5.302861251,3,261.525832,6168.831169,186.340798,37.451295,468.212748,171.830677,321.384538,531.761748,6583.400659,1305.916306,4080.89563,0.992462,2.242569,4.77,3.36,5.21,3.5,3.699957,2.095238,2.601712,3.5,0.663,0.278,0.36
783,victory,Warfare and hunting,Person/Thing,Noun,0.938993,0.816055,80.903085,0.580742,45.245993,107.84822,0.8851,1.47e-4,894.096707,7.53,2.55,4.56352276,6,21.470294,701.078582,36.614609,41.754107,52.675298,6.8390319999999996,61.338535,59.37381,1224.534358,46.897547,928.1329,1,2.575829,7.59,5.9,6.95,3.52381,4.187746,2.473684,2.784838,3.52381,0.938,0.735,0.931
784,snow,The physical world,Person/Thing,Noun,0.750411,0.660601,154.301325,0.802787,109.649546,160.98443,1.19721,7.45e-4,1738.653219,4.11,4.85,5.860981552,9,31.37212,851.860004,23.701069,35.215755,61.564409,269.79981,67.21528,37.267998,909.011507,573.593074,534.488985,0.995086,2.331448,6.78,4.57,5.62,4.095238,4.975125,3,4.276081,4.095238,0.667,0.363,0.309
788,soap,Clothing and grooming,Person/Thing,Noun,1,0.894943,11.162704,0.9328,19.663992,111.41526,0.5672,3.05e-4,342.035004,3.17,4.93,6.258148444,9,15.215478,567.90667,7.834739,9.78349,12.696606,45.479562,18.585209,14.2455,363.124222,299.422799,234.741784,0.997732,2.444886,7.1,2.62,5.32,3.952381,5.382892,3.75,4.466828,3.952381,0.531,0.163,0.311
790,ready,Time,Property,Adjective,0.958511,0.883453,234.312401,0.593902,363.443825,378.97218,0.6802,1.64e-4,7188.668051,5.53,2.07,3.92161238,0,387.818222,7042.70306,316.224232,257.639908,329.526746,1739.336795,808.34639,109.917939,5193.571631,5312.049062,5514.626219,0.994764,2.319527,6.64,3.9,6.06,2.210526,2.646234,2.75,3.469954,2.75,0.77,0.388,0.648
794,pen,Speech and language,Person/Thing,Noun,0.946607,0.824617,16.231931,1.036193,45.245993,91.09337,0.4146,3.52e-4,797.686147,5.11,4.92,6.243717036,8,24.744759,899.18556,15.787589,8.341206,23.672898,92.326931,42.826785,23.117327,596.76398,315.656566,585.048754,1,2.575829,5.63,2.75,6.17,4.315789,5.373793,4.238095,4.451707,4.315789,0.622,0.194,0.25
798,jaw,The body,Person/Thing,Noun,1,0.941048,5.57195,0.714045,10.40354,102.01912,0.71659,4.1e-5,201.127262,5.33,4.87,5.736616632,9,7.156765,312.568787,5.78747,5.600868,7.614989,2.05171,22.478553,11.5692,229.27266,16.233766,306.970025,1,2.575829,4.41,4.09,5.84,3.7,4.393089,4.578947,4.702696,4.578947,0.5,0.51,0.42
799,wrist,The body,Person/Thing,Noun,0.976163,0.893927,6.146999,0.46024,11.705791,95.14901,0.57088,5.5e-5,225.749036,5.94,4.93,6.590839994,8,10.352799,408.320493,4.685095,29.807192,6.965533,2.393661,11.239276,11.137199,221.848593,16.233766,193.210545,0.995157,2.33414,5.06,3.27,5.26,4.411765,5.464606,4.941176,4.974767,4.941176,0.706,0.34,0.265
801,rib,The body,Person/Thing,Noun,1,0.99027,5.348337,0.662475,14.281354,98.76304,0.52905,4.5e-5,260.753486,6.3,4.9,5.183550609,9,5.921488,236.627779,1.732304,3.124948,3.296854,1.880734,2.056861,5.025964,93.892613,12.626263,34.308415,0.997717,2.444121,6.1,2.29,5,3.529412,4.731857,3.142857,3.218169,3.529412,0.49,0.349,0.351
803,ankle,The body,Person/Thing,Noun,1,0.929423,5.278887,0.696049,14.498396,98.73653,0.63453,6.3e-5,279.145654,4.89,4.81,6.183931588,8,8.039106,315.87057,9.448931,9.254652,8.76517,7.522935,11.826951,10.26266,235.168242,37.878788,204.044782,0.995037,2.329619,5.4,3.11,5.58,4.090909,4.915147,4.894737,4.901213,4.894737,0.5,0.274,0.234
806,blanket,The house,Person/Thing,Noun,0.98504,0.933131,15.897505,0.731696,23.339234,139.25658,1.01719,2.77e-4,438.148917,3.61,5,5.725146319,8,12.999822,529.385868,21.811283,8.605625,8.408217,40.350288,8.888578,12.001201,273.598707,182.178932,151.679307,0.997717,2.444121,7.05,2.23,6.75,4.157895,4.809949,3.4,4.242756,4.157895,0.74,0.132,0.391
809,trousers,Clothing and grooming,Person/Thing,Noun,1,0.936231,42.654644,0.427562,63.072364,208.55678,0.96411,5.58e-4,1176.20884,5.94,4.93,5.725453886,8,5.1764,204.710544,40.276069,63.74893,17.535297,41.034192,27.620705,23.970793,501.779593,165.945166,440.592272,0.995062,2.330537,5.15,2.89,5.91,3.95,4.604536,4.444444,4.533602,4.444444,0.625,0.314,0.442
811,soul,Religion and belief,Person/Thing,Noun,1,0.969391,258.085095,0.664447,205.147964,356.43617,1.5394,3e-4,3808.958766,6.17,1.86,3.850361206,5,76.979339,2247.413603,76.654455,81.224599,33.598164,5.471226,23.139687,31.894325,867.087364,34.271284,388.226797,0.992248,2.236045,6.61,4.3,6.56,2.444444,2.452596,2.526316,2.71447,2.526316,0.77,0.22,0.51
812,slave,Social and political relations,Person/Thing,Noun,0.749611,0.729197,18.421052,0.539172,19.287786,112.52059,0.73696,1.56e-4,340.255117,7.84,4.38,4.52345063,4,18.450728,549.196566,10.157601,10.264251,7.362147,0.170976,8.962037,9.535634,186.693452,1.803752,149.873601,0.997608,2.438782,2.06,4.53,2.61,2.833333,3.11561,2.7,3.964557,2.833333,0.171,0.795,0.151
832,bean,Food and drink,Person/Thing,Noun,0.841123,0.901408,18.778874,0.770035,50.585222,163.5256,1.48429,2.06e-4,883.714031,3.42,5,5.562288502,8,6.862651,243.231345,1.929157,1.225941,24.62973,108.398656,44.44289,13.950475,462.257353,324.675325,503.791983,0.997619,2.439336,6,2.95,5.6,3.777778,4.528521,3.705882,4.294879,3.777778,0.667,0.269,0.264
834,buttocks,The body,Person/Thing,Noun,1,0.967423,130.316241,0.842533,252.274986,111.1009,0.67104,2.66e-4,1238.504895,3.73,4.75,5.245418873,5,1.843112,81.44398,178.387948,78.051575,1.189842,0.170976,0.293837,2.844885,40.832369,1.803752,7.222824,0.997382,2.427978,6.85,5.35,6.29,4.470588,5.288833,2.95,3.314195,4.470588,0.458,0.677,0.365
837,blue,Sense perception,Property,Adjective,1,0.9976,91.773145,0.473037,176.078824,123.23587,0.91244,0.001106,3293.978048,3.53,3.76,5.030265016,0,102.410363,2738.27867,17.165558,67.498867,145.081403,525.408628,318.886921,110.392087,2547.765137,1580.08658,2208.378476,0.994962,2.326821,6.53,3.69,5.79,4.45,4.452423,3.388889,3.391748,4.45,0.646,0.137,0.291
843,spider,Animals,Person/Thing,Noun,1,0.986095,8.746488,0.526656,17.160776,119.69013,1.47992,2.05e-4,304.657372,3.43,4.97,4.735519991,10,10.117509,255.337882,5.984323,15.192053,17.455974,129.599655,80.437959,7.080603,282.987969,362.554113,566.991694,0.997596,2.438224,3.35,6.91,3.74,4.289474,4.365916,2.789474,2.842839,4.289474,0.229,0.569,0.43
850,square,Spatial relations,Person/Thing,Noun,0.832601,0.693999,57.155879,1.184769,65.112557,121.12789,0.88176,3.56e-4,1176.802136,4.11,4.33,4.051926586,4,31.783879,1180.937706,0.472447,5.57683,601.405647,566.784771,569.677049,512.627261,7235.845143,2745.310245,5561.574576,1,2.575829,5.11,3.33,5.3,3.722222,3.820274,2,2.20837,3.722222,0.509,0.34,0.291
851,stable,Animals,Person/Thing,Noun,0.900048,0.732555,14.421358,1.359891,14.440518,92.78572,0.44852,3.2e-5,193.711065,7.75,4.37,4.285724244,9,8.980269,369.799692,5.78747,5.624906,15.185359,26.501249,22.478553,9.040413,348.931153,73.953824,185.987721,0.995349,2.341444,4.32,2.9,5.26,3.333333,3.554217,2.05,2.781947,3.333333,0.37,0.245,0.292
852,priest,Religion and belief,Person/Thing,Noun,0.797104,0.752344,34.678509,0.900891,17.551452,129.57713,0.77741,2.76e-4,317.116583,7.1,4.77,5.078567189,6,26.215327,575.61083,26.457007,16.58626,10.797816,0.85487899999999994,4.260641,22.369228,230.146079,5.411255,43.336945,0.990099,2.175349,4.5,3.76,5.82,4,4.501321,3.190476,3.413681,4,0.561,0.324,0.648
854,kettle,Food and drink,Person/Thing,Noun,0.881094,0.779819,5.597906,0.874529,5.657558,99.00611,0.52632,3.7e-5,113.616138,8.06,4.75,4.868354971,9,2.823491,132.071319,3.070903,3.124948,10.440864,23.423684,11.312736,9.756903,317.26969,73.953824,214.879018,0.997555,2.436234,5.67,3.1,5.68,3.882353,4.443717,2.6,3.023368,3.882353,0.357,0.497,0.333
855,seize,Possession,Action/Process,Verb,1,0.9873,18.444998,1.129759,22.572353,90.57512,0.41272,3.6e-5,287.155147,10.15,3.97,5.363260869,1,4.843071,211.31411,8.504038,0.336533,5.919464,1.025855,4.921775,6.195528,196.737778,7.215007,104.73095000000001,0.983827,2.033307,3.79,4.06,5.18,3.222222,3.940826,3.904762,4.531798,3.904762,0.656,0.644,0.673
858,storm,The physical world,Person/Thing,Noun,0.953399,0.884158,31.762961,0.38933,58.760466,100.43324,0.66834,2.28e-4,1091.070899,4.94,4.7,5.535003243,7,30.88193,910.191503,21.968765,34.759032,29.012314,60.867384,33.056695,24.992844,740.223159,183.982684,530.877573,1,2.575829,5.74,5.86,3.72,4.210526,5.278047,2.631579,2.824659,4.210526,0.188,0.94,0.543
859,stove,The house,Person/Thing,Noun,0.772466,0.706858,10.756344,0.953935,9.520903,183.33933,1.67407,9.7e-5,179.768615,4.32,4.96,4.742293076,11,7.607739,311.468193,9.645784,3.365328,4.640384,2.393661,2.497617,6.490553,150.664891,18.037518,50.559769,0.99005,2.174049,5.63,3.82,6.08,3.411765,3.692187,3.421053,3.833097,3.421053,0.466,0.391,0.405
861,judge,Law,Person/Thing,Noun,0.754225,0.646541,55.849477,0.613822,100.446972,111.64658,0.94384,3.64e-4,1469.593592,8.85,3.75,4.791744662,5,79.685184,1785.163989,34.409858,60.383602,48.495977,10.600499,42.018733,71.543597,1281.524991,61.327561,628.385699,1,2.575829,3.89,4.5,3.78,3.307692,4.014682,3.315789,3.565175,3.315789,0.51,0.604,0.857
862,sugar,Food and drink,Person/Thing,Noun,1,0.913342,76.36451,1.04097,96.033787,282.36541,2.83959,4.8e-4,1678.730347,3.95,4.87,6.017283032,9,37.783797,1262.381686,21.456948,28.412985,68.911683,84.63302,60.603941,39.765175,900.495666,272.366522,691.58541,0.992857,2.254848,6.56,5.29,6.32,4.638889,5.298824,4,4.103428,4.638889,0.896,0.382,0.402
864,pumpkin,Agriculture and vegetation,Person/Thing,Noun,0.841123,0.874669,10.87012,0.842456,24.004829,179.61422,1.55206,7.4e-5,413.230495,4.78,4.9,6.627921513,7,10.862596,303.764033,3.700831,7.355646,6.187178,65.483731,11.606573,1.348686,98.259711,137.085137,157.096425,0.997462,2.431767,7,3.43,5.35,4.333333,5.788989,3.428571,4.597184,4.333333,0.539,0.177,0.355
882,parrot,Animals,Person/Thing,Noun,0.855315,0.90288,3.77253,0.656082,3.053055,122.1492,1.91504,4.8e-5,52.210027,5.58,5,5.187882012,10,3.294073,105.657055,3.858314,4.08647,6.925872,56.934941,22.478553,4.214645,134.506627,158.730159,222.101842,0.997455,2.431459,6.79,4.65,4.25,3.9,4.808658,2.789474,3.052261,3.9,0.588,0.333,0.292
887,bitter,Sense perception,Property,Adjective,1,0.989205,22.531878,0.580908,27.072354,166.18135,1.26112,1.27e-4,505.784634,8.81,2.93,5.244103595,0,11.15671,502.971605,5.03943,3.846089,15.358877,26.330273,6.097124,26.425824,538.463218,257.936508,135.427952,0.997305,2.424324,3.63,4.64,4.58,4.25,4.534774,3.619048,3.707514,4.25,0.218,0.627,0.411
889,flame,The physical world,Person/Thing,Noun,0.972422,0.916348,15.682278,0.754177,16.610937,102.59958,0.53583,1.72e-4,314.7434,6.25,4.67,5.207092455,8,9.0587,356.59256,5.944953,262.615786,11.090319,4.958298,11.97387,11.105589,257.658799,27.056277,158.902131,0.997555,2.436234,5.9,6.6,4.64,4.65,4.957166,2.2,2.685577,4.65,0.448,0.574,0.615
892,time,Time,Person/Thing,Noun,0.976504,0.717737,1741.176977,0.36777,2764.592364,3087.22046,0.60667,0.001728,51191.337882,5.16,3.07,3.661951342,3,1958.620253,9144.8382130000009,1060.563791,1296.973431,2237.745794,3140.654437,2837.14597,1632.985244,9346.682097,7431.457431,8049.837486,0.997691,2.442826,5.6,3.41,4.36,2.333333,2.771244,2.857143,3.030205,2.857143,0.604,0.288,0.609
897,swallow,Food and drink,Action/Process,Verb,1,0.978437,11.824682,0.675465,15.45338,104.63472,0.42041,7.5e-5,187.184812,5.17,3.89,5.897158212,1,12.744924,524.983491,7.20481,5.023954,7.674481,11.113427,18.144453,8.629485,251.544861,64.935065,288.912965,0.99403,2.293471,5.57,3.78,5.72,4.1,4.53738,4.8,4.815512,4.8,0.466,0.608,0.436
906,tree,Agriculture and vegetation,Person/Thing,Noun,1,0.975256,85.609625,0.471916,135.853733,2297.67193,0.98158,0.001902,2388.905369,3.57,5,5.637037923,9,65.018718,1786.264583,40.118587,52.571233,89.451331,573.965755,139.94001,67.550221,1541.148984,1746.031746,1440.953413,0.995169,2.334583,7.59,2.67,5.62,4.75,5.170487,2.95,3.445303,4.75,0.67,0.118,0.442
908,drum,Speech and language,Person/Thing,Noun,0.863095,0.858272,17.37991,0.808076,29.922837,283.74978,1.59819,1.69e-4,517.650549,4.63,4.96,6.470984863,9,8.49008,298.261061,2.480344,4.687421,21.501437,334.599637,22.037797,10.3891,360.722318,523.088023,299.747201,1,2.575829,6.05,4.67,5.65,4.6,5.317158,4.421053,4.941124,4.6,0.615,0.679,0.339
913,crow,Animals,Person/Thing,Noun,0.964583,0.719523,3.995925,0.632537,10.186498,311.63977,4.26908,8.5e-5,182.141798,5.74,4.93,4.909983747,13,4.470527,146.379045,1.614192,4.014356,4.417288,15.558798,6.390961,3.592985,121.842042,64.935065,72.228241,1,2.575829,4.32,3.55,5.4,4.166667,4.78682,2,2.055616,4.166667,0.224,0.439,0.363
921,valley,The physical world,Person/Thing,Noun,0.900058,0.825744,39.622333,1.810361,37.229913,119.57745,1.15564,7e-5,711.95491,7.94,4.72,4.244919437,5,25.019265,661.457187,0.078741,15.648776,29.765881,46.505417,7.786688,49.479931,644.365351,153.318903,122.78801,0.984,2.036701,6.22,2.7,5.12,4.078947,4.083461,2,2.032821,4.078947,0.729,0.306,0.386
923,love,Emotions and values,Action/Process,Verb,1,0.981971,877.443055,0.706761,2603.952451,246.08516,1.15025,0.002182,42690.89291,5.17,2.07,6.63538846,1,1114.98474,8120.1849,124.332187,50.576074,751.623201,1372.764684,855.139978,247.188924,6322.248182,4893.578644,5662.694113,0.997647,2.4407,8,5.36,5.92,4.388889,5.201644,3.666667,5.329819,4.388889,1,0.519,0.673
924,vegetables,Food and drink,Person/Thing,Noun,0.882188,0.671975,46.922817,0.292332,43.683291,175.05689,1.65076,5.9e-4,1310.293681,4.17,4.89,6.849642652,6,5.725412,263.042043,11.456829,0.384609,15.254766,51.463715,14.030731,10.32588,401.117977,248.917749,238.353196,0.992771,2.252143,6.79,3.75,5.17,4.176471,5.595797,3,3.622065,4.176471,0.551,0.12,0.289
930,village,Social and political relations,Person/Thing,Noun,1,0.936056,125.564238,0.964512,43.278146,1726.89634,1.24263,7.1e-5,785.820231,7.84,4.89,5.025115068,7,33.587776,852.960599,50.512412,145.983127,83.169957,35.39199,27.473787,119.49572,1413.193004,182.178932,368.36403,0.997549,2.435945,5.95,3.4,5.6,4.375,4.558908,2.65,3.179504,4.375,0.684,0.367,0.336
937,bird,Animals,Person/Thing,Noun,1,0.974006,54.98238,0.446944,90.535394,733.98399,1.14798,0.001684,1648.768911,3.52,5,5.497980712,9,45.469966,1317.411402,39.213065,23.14865,71.137679,364.17845,114.96384,41.682838,1235.670459,1168.831169,1068.97797,0.995204,2.335901,6.75,3.83,5.88,4.12,4.980493,3.375,3.493844,4.12,0.729,0.357,0.364
942,honey,Food and drink,Person/Thing,Noun,0.972422,0.984829,25.285642,0.590577,43.017696,182.35553,2.59315,2.18e-4,810.442005,5.44,4.88,6.270436665,9,300.505691,4607.087827,6.692993,25.336113,39.552332,135.583808,62.220047,15.594186,647.42232,431.096681,599.494402,0.99759,2.437943,7.27,4.38,6.39,4.507004,5.604269,4,4.131571,4.507004,0.92,0.431,0.51
945,spear,Warfare and hunting,Person/Thing,Noun,0.951122,0.834119,11.098973,1.38549,11.47428,277.92105,1.66073,9.1e-5,214.773064,7.22,5,4.805165777,9,4.568565,119.964781,7.16544,14.494949,2.627568,0.341952,5.509449,3.592985,72.712186,3.607504,79.451065,0.992405,2.240816,4.43,4.7,5,3.789474,4.371134,2.7,3.015879,3.789474,0.51,0.601,0.5
946,blood,The body,Person/Thing,Noun,1,1,93.665791,0.642129,95.353723,357.42104,1.08178,9.75e-4,1704.242065,4.89,4.86,5.695234611,6,186.134707,3881.79617,164.214551,230.50094000000001,94.651932,28.211007,126.93771,107.167883,1769.111514,48.701299,1132.177681,1,2.575829,3.48,5.76,3.94,4.157895,4.787072,3.142857,4.217689,4.157895,0.219,0.684,0.585
951,weapons,Warfare and hunting,Person/Thing,Noun,0.940913,0.708188,47.493947,0.47209,32.729912,127.17416,0.68475,3e-4,606.051617,6.95,4.76,5.866098599,8,46.666028,1357.032798,173.191036,210.621466,19.538197,0.85487899999999994,39.447656,20.894102,553.966417,9.018759,498.374865,0.997312,2.424664,3.95,6.27,4.88,3.9375,5.095802,3.9,4.112144,3.9375,0.054,0.84,0.831
952,weather,The physical world,Person/Thing,Noun,0.750273,0.617217,133.475315,0.817156,163.620622,112.66855,0.60228,3.65e-4,3155.4434890000002,5.94,3.83,5.208689466,7,34.254433,1135.813339,24.330998,19.038142,132.692173,103.953285,76.471155,61.375767,2275.03985,436.507937,931.744312,0.997333,2.425674,6.05,4.21,4.37,4,4.710753,3.045455,3.32551,4,0.755,0.404,0.567
957,whale,Animals,Person/Thing,Noun,0.513898,0.432587,5.743261,0.612027,11.73473,106.85166,0.86504,1.46e-4,201.720558,5.47,4.96,5.180201043,13,11.274355,255.337882,5.984323,6.466238,13.936025,47.531272,29.236811,6.195528,214.206171,135.281385,261.827375,1,2.575829,5.81,4.2,5.57,4.647059,4.941954,2.47619,2.635753,4.647059,0.582,0.398,0.509
960,wind,The physical world,Person/Thing,Noun,1,1,93.673614,0.511907,73.389087,286.65947,1.63271,5.86e-4,1382.675764,3.89,3.93,5.883339833,8,59.391344,2001.98107,50.984858,38.388779,99.32702,204.487055,110.997037,80.720987,1993.143656,739.53824,1115.926327,0.994987,2.327761,5.67,3.7,4.5,3.6875,4.314669,3.526316,4.977507,3.6875,0.531,0.404,0.578
963,book,Speech and language,Person/Thing,Noun,1,0.919716,504.034895,0.304632,850.992184,192.55962,1.02324,0.001963,13814.298428,3.68,4.9,6.016503594,9,176.997578,3571.428571,119.647092,159.756935,161.882964,228.765618,163.74083099999999,261.5714,2698.648383,952.380952,1617.912604,0.997442,2.430838,7.05,3.13,6.41,4.5,4.895359,4.090909,4.648885,4.5,0.802,0.21,0.606
964,wool,Clothing and grooming,Person/Thing,Noun,0.828049,0.731078,14.835861,1.054586,8.971063,106.64543,0.85353,2.29e-4,163.156333,8.06,4.86,5.310065604,8,3.176427,145.27845,11.102494,0.504799,12.88004,75.229351,11.092358,18.797316,270.323384,218.253968,169.736367,0.995327,2.340609,5.38,2.58,6.05,4.085714,4.944196,2.444444,3.067562,4.085714,0.583,0.132,0.345
965,world,The physical world,Person/Thing,Noun,0.892038,0.915112,879.768409,0.395088,897.381264,433.68881,0.97088,0.001127,16683.180065,5.32,4.8,7.064036382,8,455.229064,6818.181818,471.698522,575.543228,762.059107,375.633829,753.178438,621.997296,6985.173701,1657.647908,5982.304081,0.995536,2.348696,6.46,4.55,5.12,4.235294,5.931228,3.5625,5.239569,4.235294,0.622,0.394,0.75
974,tobacco,Agriculture and vegetation,Person/Thing,Noun,0.986424,0.911763,10.850711,0.825002,7.770098,194.82441,1.57531,6.1e-5,137.941264,7.39,4.88,6.024017758,6,6.999904,236.627779,5.196912,7.571988,6.658158,0.170976,1.322268,15.762772,145.861083,1.803752,14.445648,0.98568,2.07106,3.37,5,4.13,3.764706,5.343862,3.588235,4.041248,3.764706,0.327,0.546,0.387
977,arrow,Warfare and hunting,Person/Thing,Noun,0.945153,0.932069,8.689915,0.481957,9.477494,313.30004,1.38076,2.12e-4,175.912192,6.07,4.97,4.949437432,10,7.862637,217.917676,9.960748,6.898923,6.068194,16.584652,17.556778,10.968613,145.642728,82.972583,191.404839,0.995305,2.339767,5.24,3.91,5.53,4.111111,4.328256,3.190476,3.424543,4.111111,0.439,0.39,0.454
978,wave,The physical world,Person/Thing,Noun,0.959583,0.799177,57.511859,0.515361,58.63024,121.92951,1.22457,4.07e-4,889.053693,4.26,4.55,5.708306501,6,21.274219,749.504733,9.33082,14.97571,35.715091,158.665541,41.798355,37.057265,925.824836,669.191919,675.334056,1,2.575829,6.32,4.19,5.48,4.425,4.614562,4.315789,4.443584,4.425,0.622,0.491,0.49
979,farmer,Agriculture and vegetation,Person/Thing,Noun,0.730431,0.712611,21.000738,0.851892,37.866569,149.21777,0.93562,1.13e-4,705.725304,4.74,4.54,4.808002225,5,11.862583,352.190183,74.410334,13.172856,22.592125,102.585479,13.075759,23.98133,517.937856,312.049062,178.764897,0.992718,2.250496,6.14,3.67,6.1,3.842105,4.258921,2.45,3.236305,3.842105,0.677,0.432,0.464
984,work,Basic actions and technology,Person/Thing,Noun,1,0.969083,1063.119024,0.633507,1832.773792,1542.36133,0.90369,0.002132,24650.252151,5.86,3.48,6.307229861,6,798.028294,8442.659036,378.035991,236.967178,971.084603,756.05498,937.267501,962.572215,7886.761142,3066.378066,6578.187071,0.995215,2.336337,5.05,4.33,6.12,3.5625,4.301093,3.833333,5.554189,3.833333,0.719,0.596,0.75
987,remain,Spatial relations,Action/Process,Verb,1,0.971102,204.845018,1.101548,123.511286,115.15171,0.53085,2.5e-5,870.958173,8.17,1.96,2.480484211,1,33.234839,1327.316751,384.571502,20.384273,46.032013,1.880734,33.864748,94.797901,1547.262921,18.037518,622.968581,0.997669,2.441772,5.68,3.2,6.58,3.35,3.403255,1.761905,2.344571,3.35,0.709,0.365,0.731
1001,blacksmith,Basic actions and technology,Person/Thing,Noun,0.897584,0.624284,13.391542,0.940186,52.263679,118.05299,0.81085,2.8e-5,979.827944,9.84,4.38,4.331129426,7,2.1176179999999998,56.13031,1.732304,2.451882,2.295404,5.129274,0.293837,2.929178,48.038081,25.252525,7.222824,0.994872,2.323471,5.58,3.24,6,3.2,3.407681,2.842105,3.467046,3.2,0.48,0.531,0.702
1005,twins,Kinship,Person/Thing,Noun,1,0.885017,15.216073,0.634327,38.836023,121.70016,1.17179,1.53e-4,730.940374,6.06,4.17,4.122795884,6,15.11744,522.782302,3.661461,11.105583,12.091769,36.588821,24.608873,12.159251,254.383475,97.402597,279.884435,1,2.575829,5.81,3.95,4.09,4.333333,4.593433,3.894737,4.139236,4.333333,0.76,0.473,0.602
1008,bull,Animals,Person/Thing,Noun,0.845526,0.867157,12.657708,1.056245,49.03699,264.73285,1.97289,1.46e-4,933.254227,4.53,4.85,5.207771829,17,27.529035,732.995818,26.260155,11.802687,19.062261,10.600499,22.845849,19.250391,405.048366,41.486291,267.244493,1,2.575829,3.95,4.9,6.89,4.631579,4.988751,2.157895,2.575369,4.631579,0.521,0.64,0.644
1011,bridge,Motion,Person/Thing,Noun,1,0.905173,40.160306,0.516485,45.737954,187.55344,1.17139,1.8e-4,828.834174,5.58,4.97,4.722555939,6,45.724864,1152.322254,42.638302,40.3599,50.890535,62.919094,43.561378,68.709249,962.726816,212.842713,361.141206,0.990172,2.177283,5.44,3.48,4.78,4.294118,4.328093,2.421053,2.894458,4.294118,0.625,0.324,0.519
1021,towel,Clothing and grooming,Person/Thing,Noun,0.983959,0.743119,10.097477,0.407479,19.172031,102.70239,0.68083,1.11e-4,351.527737,3.22,4.86,6.48426142,6,14.176277,578.912613,14.330879,14.134378,7.337359,16.926604,11.826951,9.272219,242.59231,113.636364,220.296136,0.997442,2.430838,6.14,2.9,5.86,4.347826,5.347999,3.904762,4.927986,4.347826,0.63,0.208,0.286
1025,whistle,Speech and language,Action/Process,Verb,1,0.95621,7.579588,0.816384,10.909971,183.19479,2.64656,5.1e-5,163.156333,5.42,4.42,6.084539672,3,15.470377,521.681708,4.527613,1.201903,17.57,78.990819,19.466721,7.997289,453.304802,389.61039,278.078729,0.994859,2.322985,5.7,3.94,5.78,4.875,5.087581,4.285714,4.539976,4.875,0.653,0.551,0.463
1033,grind,Food and drink,Action/Process,Verb,1,0.989927,27.329913,0.89679,68.310307,177.21835,1.06461,1.15e-4,983.091071,7.58,3.97,5.20122247,4,3.745047,183.799252,0.118112,0.697104,4.293347,5.30025,3.30567,3.466545,163.98454,32.467532,66.811123,0.986945,2.098641,5.2,3.43,4.58,3.470588,4.472075,3.055556,3.456805,3.470588,0.48,0.276,0.397
1035,good,Emotions and values,Property,Adjective,1,0.994336,2755.866601,0.63792,3039.512051,2232.42907,0.61569,0.001709,41846.929694,3.55,1.64,5.133806684,0,2610.12114,9153.642967,2137.623841,2456.978006,2250.878675,2583.957238,2906.344652,851.316126,9090.333428,6673.881674,7925.24377,0.992611,2.247148,7.89,3.66,6.41,3,4.431497,3.25,3.641294,3.25,0.938,0.368,0.534
1038,teacher,Cognition,Person/Thing,Noun,1,0.926056,135.454119,0.771564,148.615795,216.02837,1.27553,6.15e-4,2743.399585,4.55,4.52,5.064921354,7,55.744335,1437.376183,52.717162,75.912188,47.311093,60.183481,99.390464,92.205894,1073.214403,263.347763,1014.806789,0.995146,2.333696,7.37,2.9,5.95,4.05,4.681748,2.777778,3.011602,4.05,0.76,0.404,0.885
1039,show,Sense perception,Action/Process,Verb,1,0.958675,324.215358,0.606697,490.340965,341.06775,1.34523,3.76e-4,8411.450608,4.55,3.39,4.828480626,4,488.365865,7298.040942,184.569124,23.77364,592.972641,1316.171695,997.944902,281.812232,6852.413914,3807.720058,6054.532322,0.99511,2.332353,5.91,4.1,5.83,4.466667,4.993588,2.142857,2.737215,4.466667,0.673,0.771,0.719
1044,pillow,The house,Person/Thing,Noun,0.934276,0.856539,16.972163,0.642997,24.78618,93.99606,0.41122,2.08e-4,451.201424,3.47,5,6.935973787,7,11.411609,499.669822,11.102494,11.850763,5.344374,20.004168,10.284305,7.596897,167.696574,124.458874,180.570603,0.993348,2.270608,7,2.9,6.34,4.882353,6.085098,4.5,4.767377,4.882353,0.663,0.128,0.195
1046,shut,Spatial relations,Action/Process,Verb,1,0.984561,28.461215,1.511865,78.10613,115.86773,0.76218,6.8e-5,1407.890834,4.89,3.38,4.82901673,0,219.447977,5703.279771,38.701248,43.292543,269.117475,178.669709,461.10417,225.283307,5093.565081,1295.093795,4053.81004,0.997549,2.435945,5.23,3.81,5.94,3.611111,4.124607,3.25,3.488133,3.611111,0.292,0.26,0.263
1062,law,Law,Person/Thing,Noun,0.849292,0.735753,261.995098,0.673928,172.533807,524.0816,1.77033,7.92e-4,3011.865915,8.33,2.57,3.834284729,4,116.331741,2771.2965,297.36574,81.729398,111.810446,3.077564,34.305504,284.846776,2134.63764,27.056277,539.906103,0.995134,2.33325,4.55,3.55,4.83,2.181818,2.745176,3.088235,3.292208,3.088235,0.74,0.59,0.815
1069,glue,Basic actions and technology,Person/Thing,Noun,0.97348,0.818346,9.62897,0.887686,19.056275,88.40518,0.39272,1.99e-4,304.064076,4.67,4.65,5.158058037,7,5.90188,243.231345,5.078801,7.908521,14.005432,200.725587,30.632538,7.459921,260.279058,409.451659,364.752618,0.994565,2.312305,4.85,3.75,5.43,3.666667,4.656799,3.15,3.309454,3.666667,0.45,0.345,0.349
1071,hook,Warfare and hunting,Person/Thing,Noun,0.952719,0.875631,11.17309,1.381935,48.964643,114.31323,0.48817,8.8e-5,634.529813,6.26,4.79,4.609018378,7,38.019088000000004,1415.364297,15.748219,6.490276,16.176894,13.165136,21.817419,15.309698,486.713103,97.402597,397.255327,0.997585,2.437662,4,4,5.68,3.789474,4.097833,2.952381,3.075768,3.789474,0.418,0.444,0.395
1082,merchant,Possession,Person/Thing,Noun,0.817481,0.779288,11.174752,0.939412,8.117365,134.61835,1.4589,2.4e-5,162.26639,9.8,4.31,4.433205842,6,2.882313,118.864187,1.929157,3.2211,6.053321,1.367806,2.717995,19.40844,178.832675,7.215007,45.142651,0.99763,2.439885,5.21,3.68,5.18,2.857143,3.2612390000000002,3,3.743049,3,0.675,0.5,0.62
1085,follow,Motion,Action/Process,Verb,0.977786,0.978585,425.046433,0.880278,1217.199676,312.79581,1.04118,2.02e-4,14682.883417,5.11,3.26,4.962190801,1,123.214,3777.239709,71.96936,179.828713,92.03428,225.346102,124.293174,100.666794,2721.575649,1410.533911,2042.253521,0.989924,2.170756,4.82,3.76,4.81,3.8,3.972184,3.5,3.904217,3.8,0.667,0.509,0.6
1095,let go or set free,Possession,Action/Process,Verb,1,0.871509,59.462613,1.105013,183.675289,112.40096,1.04519,9.8e-5,2129.041827,8.53,3.24,4.821759587,0,36.313228,1293.198327,28.307423,8.221016,40.162126,7.010008,66.113391,69.963106,1131.078455,43.290043,1061.755146,1,2.575829,6.64,4.55,6.37,3,3.606767,3.75,4.024501,3.75,0.74,0.606,0.741
1098,weigh,Possession,Action/Process,Verb,0.918973,0.868949,19.740623,0.596325,24.540199,105.00692,0.71713,3e-5,183.328389,6.62,3.79,3.324168416,2,7.137157,312.568787,2.795309,45.960767,10.515229,12.139282,27.033031,6.996311,349.586217,66.738817,451.426508,0.992718,2.250496,4.32,4.14,5,2.571429,2.818206,1.75,2.430026,2.571429,0.333,0.396,0.375
1100,cook,Food and drink,Action/Process,Verb,0.972422,0.973407,38.111344,1.794333,110.401958,499.21134,0.87784,2.62e-4,1455.651142,4.22,4.32,7.028219476,2,45.587611,1507.81422,25.19715,21.153491,107.720364,309.637171,84.037465,41.198154,1094.831539,456.349206,675.334056,0.995413,2.343914,7.12,4.33,6.25,4.25,5.996458,4.272727,5.085816,4.272727,0.847,0.5,0.412
1102,climb,Motion,Action/Process,Verb,1,0.963209,33.118279,1.134344,38.864962,362.24731,1.54027,1.82e-4,378.226046,5.3,4.11,6.247828786,2,19.764435,797.930883,6.45677,5.624906,28.347986,131.82234,46.058995,23.633621,759.001681,784.632035,695.196822,0.997585,2.437662,5.62,3.95,5.61,2.736842,3.363866,4.25,5.90424,4.25,0.615,0.66,0.604
1103,sacrifice,Religion and belief,Person/Thing,Noun,0.766489,0.688065,29.399953,0.936158,30.545024,152.85508,1.95633,5.4e-5,460.397508,9.61,2.8,4.018056654,10,17.921323,713.18512,73.898516,2.572072,10.807732,0.170976,9.035497,12.117104,352.424831,1.803752,171.542073,0.997613,2.43906,4.76,4.95,5.6,2.647059,3.021006,2.9,3.341189,2.9,0.208,0.833,0.534
1109,wound,The body,Person/Thing,Noun,1,0.948637,56.901172,0.719315,50.266894,218.83191,1.31293,4.07e-4,835.063779,5.84,4.24,5.684605989,9,26.548656,1032.357473,17.834858,37.908018,12.661902,3.24854,10.284305,22.780156,376.662227,27.056277,184.182015,0.997382,2.427978,3.24,4.65,3.64,3.5,4.423381,3.238095,4.355146,3.5,0.15,0.717,0.31
1113,wrap,Motion,Action/Process,Verb,1,0.995108,16.180534,1.082842,62.334421,128.23936,1.11339,8.8e-5,689.706319,7,4.11,5.292514435,1,17.823285,811.138015,1.220487,1.73074,12.498299,42.401998,19.613639,6.806652,429.504116,239.89899,366.558324,0.997636,2.440158,5.57,3.85,5.31,3.35,3.956183,3.611111,4.419598,3.611111,0.594,0.441,0.275
1121,secret,Cognition,Property,Adjective,0.942668,0.825137,84.082134,0.380135,103.456619,112.12859,0.79362,5.09e-4,1983.981015,5.39,2.19,4.311476404,0,109.527913,3134.492626,21.299466,130.646846,85.470318,86.68473,178.285777,60.754106,2000.786078,479.79798,2145.178765,0.997573,2.437094,5.33,4.14,5.41,2.058824,2.404429,3.35,4.046227,3.35,0.479,0.58,0.509
1125,bald,The body,Property,Adjective,1,0.95268,11.310807,1.359795,6.916401,144.99115,2.28259,8.6e-5,135.271433,7.26,4.69,5.316503354,0,9.744965,368.699098,1.811045,9.398881,5.22539,2.735613,10.87198,6.711822,164.202895,10.822511,176.959191,0.995633,2.352528,2.85,3.71,4.5,4.176471,4.47031,3.9,3.935182,4.176471,0.306,0.184,0.268
1127,send,Motion,Action/Process,Verb,0.976504,0.940317,269.746599,0.602737,384.077271,252.28756,0.98222,1.22e-4,3743.399585,5.68,2.7,3.421607169,2,179.801461,4678.626458,86.41835,34.614804,88.568865,134.045026,112.319305,84.851339,2457.366203,842.352092,1832.791622,0.993521,2.276278,6.18,3.43,5.94,2.470588,2.658704,2.5,2.770459,2.5,0.663,0.48,0.537
1133,match,The physical world,Person/Thing,Noun,1,0.89343,103.138463,0.819195,84.414813,131.42139,0.88298,1.22e-4,1484.129338,5.72,4.14,3.544789322,8,49.450304,1714.725952,2.480344,0.480761,132.811157,81.897407,78.895313,101.088258,2038.561478,429.292929,1267.605634,0.997579,2.437378,5.61,3.05,6.06,2.875,3.290234,1.823529,2.074155,2.875,0.599,0.573,0.5
1135,kick,Motion,Action/Process,Verb,0.976504,0.968805,21.807534,1.29711,127.852124,107.68844,0.54088,7.9e-5,1618.21418,4.06,4.33,5.909194699,2,73.430368,2381.68611,37.598872,9.230614,80.904299,39.495409,72.65127,24.497624,1605.563683,220.05772,1193.571687,0.997579,2.437378,4.55,5.1,5.1,3.631579,4.621769,4.75,4.756556,4.75,0.271,0.791,0.526
1145,swamp,The physical world,Person/Thing,Noun,0.957358,0.878556,5.594522,0.997481,7.799037,114.03883,1.10547,8.7e-5,108.57312400000001,7.95,4.96,5.048288068,5,8.999877,225.621836,5.669359,6.922961,3.227446,7.864887,18.585209,3.276886,75.5508,34.271284,158.902131,0.985222,2.06144,4.42,3.33,4.12,4.25,4.813989,1.842105,2.38228,4.25,0.245,0.425,0.235
1149,orphan,Kinship,Person/Thing,Noun,0.942575,0.920228,8.317869,1.24765,7.900324,126.1059,1.0129,2.5e-5,128.448532,6.94,4.04,3.615204975,6,5.764627,210.213515,2.87405,3.990318,2.11197,6.49708,2.571076,1.759614,63.759635,36.075036,45.142651,0.997525,2.434777,2.9,3.24,3.48,2.933333,3.103063,2.142857,2.589815,2.933333,0.133,0.388,0.14
1150,thunder,The physical world,Person/Thing,Noun,1,0.987397,8.790012,0.798092,28.736342,105.15677,0.86208,8.2e-5,558.587956,4.89,4.34,4.428124593,7,13.333151,386.308607,7.126069,4.110508,8.586693,44.282732,9.035497,8.42929,253.510055,120.851371,155.290719,1,2.575829,5.74,5.75,3.9,3.705882,3.71055,3.285714,3.293972,3.705882,0.296,0.916,0.526
1155,cave,The physical world,Person/Thing,Noun,1,0.920841,76.477126,2.894599,18.159169,253.64297,1.41233,1.89e-4,272.916049,6.74,4.96,4.500787893,4,13.999808,402.817521,20.787649,13.461313,15.58693,61.722263,34.011667,13.444717,298.709522,221.861472,303.358613,1,2.575829,5.15,4.39,4.45,3.941176,4.220933,2.263158,2.518349,3.941176,0.459,0.333,0.38
1159,fart,The body,Action/Process,Verb,1,0.851152,15.996438,1.182777,11.662382,121.28827,1.17172,7.6e-5,183.031741,5.78,4.18,6.079942052,2,6.450892,223.420647,1.220487,8.461396,2.454049,0.170976,5.876746,1.106344,76.86093,1.803752,111.953774,0.99511,2.332353,4.05,4.74,3.69,4.388889,5.485716,3.473684,3.907615,4.388889,0.194,0.439,0.264
1161,thread,Clothing and grooming,Person/Thing,Noun,1,0.97819,38.184252,0.596214,41.093258,147.98083,1.08938,2.74e-4,681.993474,6.61,4.93,5.816545223,7,5.1764,232.225402,6.023694,9.326767,5.493104,17.09758,7.860148,10.062465,174.028867,72.150072,130.010834,0.997573,2.437094,5.5,3.87,5.5,4.555556,5.60328,2.666667,2.752858,4.555556,0.646,0.184,0.209
1171,mirror,Clothing and grooming,Person/Thing,Noun,1,0.939118,35.681372,0.55386,41.889079,126.62501,1.28713,2.21e-4,738.356571,4.89,4.97,5.780473142,8,24.195747,959.718248,26.61449,28.244718,28.124891,50.779812,39.521116,41.2403,671.878071,180.37518,427.952329,1,2.575829,5.9,4.55,5.5,4.833333,4.91221,4.111111,4.2099780000000004,4.833333,0.677,0.31,0.438
1198,many,Quantity,Other,Function word,1,1,2311.045287,0.383079,2203.987716,1966.84308,0.63366,6.5e-4,41774.84426,4.580539,2.37,4.543065263,0,359.446061,6931.543033,959.578338,215.260811,742.040015,297.326913,458.092338,944.723193,7458.78551,1893.939394,5000,0.994723,2.318014,5.35,3.39,6.25,3.619048,4.053314,2.857143,3.006393,3.619048,0.622,0.462,0.609
1199,wife,Kinship,Person/Thing,Noun,1,1,87.863864,1.029128,142.726726,1389.76636,0.7131,2.88e-4,2725.600712,5.67,4.13,5.470194584,6,348.936401,5296.059872,3.307126,321.845561,139.727114,15.558798,35.113556,180.249826,2684.236959,79.365079,509.209101,0.997416,2.429581,6.7,4.21,5.5,3.529412,4.497888,2.904762,4.173377,3.529412,0.886,0.63,0.583
1201,feather,The body,Person/Thing,Noun,1,0.98592900000000006,2.530258,1.216817,8.030549,204.88988,1.31767,3.06e-4,254.52388,4.67,4.9,4.843053509,6,6.646968,255.337882,12.401722,10.985393,7.530708,71.296908,13.516515,5.394745,213.769461,337.301587,231.130372,1,2.575829,6.3,3.29,5.97,4.030303,4.77595,1.578947,1.669903,4.030303,0.677,0.208,0.144
1202,big,Spatial relations,Property,Adjective,1,0.995953,910.953491,0.421874,972.144949,1793.3455,0.67209,0.001643,14829.42747,2.89,3.66,5.084075034,0,682.833792,7962.799912,113.269063,251.582317,876.958184,2385.283361,1195.109725,269.558152,8048.562133,5690.836941,6852.654388,0.997481,2.432683,5.64,4.33,5.61,3.888889,4.306569,3.1,3.447313,3.888889,0.802,0.588,0.812
1205,tongue,The body,Person/Thing,Noun,1,1,22.45948,0.996912,27.665602,211.30828,1.35866,2.14e-4,529.813112,4.47,4.93,5.85644797,6,31.176044,1230.464451,30.590915,39.903177,23.043274,139.858203,61.191616,25.993822,574.928489,418.470418,702.419646,0.997455,2.431459,6.29,4.25,6.32,3.363636,4.293917,4.944444,4.955529,4.944444,0.542,0.432,0.482
1208,cat,Animals,Person/Thing,Noun,1,1,139.121299,1.311154,127.910001,316.49077,1.95604,0.001194,2339.958469,3.68,4.86,6.349945313,13,66.352033,1526.524323,43.346972,54.013517,10.579679,17.09758,25.416926,4.151425,217.044785,54.112554,202.239075,1,2.575829,6.95,4.5,5.48,4.789474,5.901788,2.842105,3.695671,4.789474,0.667,0.26,0.37
1210,heavy,Sense perception,Property,Adjective,1,0.994,67.2796,0.561428,63.289406,172.15264,0.89825,5.21e-4,1225.15574,4.05,3.37,5.484958139,0,47.313078,1858.903808,195.592877,19.615055,79.565727,92.668883,74.634672,99.939767,2164.552263,645.743146,1236.908631,0.99723,2.420838,4.78,3.65,3.61,3.3125,3.704556,4.210526,4.851264,4.210526,0.25,0.454,0.6
1216,mother,Kinship,Person/Thing,Noun,1,0.92276,267.837702,0.62371,315.984006,2190.31732,0.71879,6.43e-4,5730.940374,2.63,4.6,5.761231245,9,479.934608,6116.002641,567.172098,616.912726,194.321032,48.557127,119.3714,276.638755,3039.500404,247.113997,1404.839292,0.995012,2.328693,7.53,4.73,6.11,4.136364,4.973346,3.4,4.085932,4.136364,0.931,0.408,0.725
1217,father,Kinship,Person/Thing,Noun,1,0.986984,189.061304,0.684797,150.713866,2342.12614,0.55295,3.46e-4,2636.606348,4.11,4.52,5.65556169,9,554.502215,5994.937266,651.306956,760.347819,180.598187,41.376143,83.596709,252.773329,2685.110378,124.458874,929.938606,1,2.575829,6.88,3.68,5.19,3.833333,4.801531,3,4.125156,3.833333,0.812,0.333,0.824
1218,rope,Basic actions and technology,Person/Thing,Noun,1,0.981524,21.796062,0.731449,23.46946,314.43227,0.88702,4.59e-4,419.163453,5.44,4.93,5.16614002,6,22.725179,720.88928,17.480523,23.533259,20.058753,63.432021,75.516184,16.658384,433.21615,351.731602,644.637053,0.992958,2.258032,5.05,4.58,5.62,4.1,4.768018,2.9,3.08928,4.1,0.385,0.28,0.345
1219,worm,Animals,Person/Thing,Noun,1,0.943511,7.740146,0.737489,11.257238,168.11678,1.21649,2.27e-4,213.289825,3.89,4.9,4.498787739,8,10.137116,299.361655,6.929216,10.120023,9.508821,103.098406,27.10649,7.15436,204.161845,346.320346,279.884435,0.990991,2.199564,4.86,3.5,5.22,3.9,4.218651,2,2.518371,3.9,0.13,0.418,0.219
1220,tail,The body,Person/Thing,Noun,1,1,26.915233,0.759174,21.950167,343.61198,1.65412,2.08e-4,401.067932,3.7,4.96,4.891548431,6,23.921241,904.688532,34.764193,30.648524,27.995991,152.852364,74.634672,28.311877,744.371902,759.379509,949.801372,0.997567,2.436809,5.3,3.27,5.32,4.277778,4.589074,2.2,2.732272,4.277778,0.48,0.272,0.293
1221,nose,The body,Person/Thing,Noun,1,1,55.339095,0.372273,46.953389,230.0492,1.51582,6.12e-4,904.776031,2.95,4.89,5.997966819,8,69.763751,2339.863526,70.670132,53.893327,52.24398,382.130909,115.478056,45.707824,1350.306789,1623.376623,1626.941134,0.992443,2.241987,5.5,3.1,4.61,4.238095,5.125962,4.210526,4.328409,4.238095,0.582,0.27,0.245
1222,penis,The body,Person/Thing,Noun,1,0.954823,8.300775,0.589957,11.329585,107.4375,0.90042,4.44e-4,219.222783,8.53,5,6.148920819,7,13.431189,380.805635,17.2443,36.15324,4.561061,0.170976,0.073459,5.637088,108.522392,1.803752,1.805706,0.997245,2.421548,5.3,5.9,6.21,4.352941,5.439975,3.222222,4.150495,4.352941,0.354,0.81,0.556
1223,heart,The body,Person/Thing,Noun,1,1,354.927462,1.140387,357.352184,334.82636,1.06572,6.4e-4,6758.528627,5.17,4.52,4.810590877,7,244.192736,5044.023773,173.584741,252.832296,199.125019,56.080062,195.32834,144.699296,3879.511758,275.974026,2462.983026,1,2.575829,6.95,5.07,5.43,3.611111,4.088621,3.428571,3.50277,3.611111,0.827,0.5,0.693
1224,liver,The body,Person/Thing,Noun,1,0.987133,12.204428,0.680415,9.260453,127.15125,1.20712,3.6e-5,167.309404,8.56,4.68,4.719444205,7,14.31353,472.154964,13.425356,19.206409,13.489834,2.05171,10.357765,17.459167,255.256895,12.626263,137.233658,0.997214,2.420122,4.19,3.27,4.67,2.705882,3.858949,3.555556,3.625422,3.555556,0.439,0.29,0.385
1225,day,Time,Person/Thing,Noun,0.960791,1,14.935569,1.762794,4.601287,105.05936,0.66715,1.2e-5,93.147434,5.1,4.31,5.860286697,5,801.832163,8505.392912,642.369842,961.017529,4.714749,8.035863,5.803287,5.700307,169.006703,50.505051,117.370892,0.994962,2.326821,6.36,3.62,5.59,4.947368,5.023028,4.05,4.208232,4.947368,0.719,0.269,0.389
1226,year,Time,Person/Thing,Noun,1,0.968362,1424.495341,0.430567,1560.502017,1307.62396,0.93294,2.84e-4,29881.340848,5.24,3.25,2.669849123,5,277.937373,5483.160907,211.104872,322.951312,829.96934,110.792317,466.246323,777.380717,6812.236609,542.929293,3815.456844,0.993023,2.260118,5.75,3.33,5.81,1.055556,1.211063,2.368421,2.584059,2.368421,0.542,0.284,0.415
1227,board,The house,Person/Thing,Noun,0.984362,0.882109,4.171926,1.675918,4.500001,128.26386,1.01703,2.8e-5,78.018392,7.84,5,4.796353954,7,64.175592,1852.300242,15.590737,13.24497,125.453967,57.78982,90.208049,145.710811,2462.388366,441.919192,1245.937161,0.997613,2.43906,5.33,3.52,5.37,4.294118,4.866344,1.727273,2.278712,4.294118,0.592,0.255,0.385
1228,earth,The physical world,Person/Thing,Noun,1,0.969954,234.933484,0.466847,251.985597,1164.31767,0.68752,9.51e-4,4586.472857,4.89,4.87,6.084235652,3,99.508442,2575.390711,130.080287,206.823453,22.210384,44.795659,9.402793,44.190552,488.459943,241.702742,182.376309,0.997835,2.449998,6.83,5.04,5.69,4.333333,4.919658,3.7,4.734931,4.333333,0.75,0.225,0.614
1229,old,Time,Property,Adjective,1,0.989419,390.871194,0.670294,638.826534,2355.04423,0.97261,0.002018,10369.029961,3.72,2.72,5.2881376,0,608.95245,7605.106758,155.789254,342.614444,3.341473,1.880734,3.599507,3.182057,109.832522,16.233766,66.811123,0.997449,2.431149,3.19,4.48,4.22,3.35,3.960677,3.772727,4.4097,3.772727,0.333,0.5,0.369
1231,new,Time,Property,Adjective,1,0.988985,1467.618671,0.300601,1826.609803,359.44126,1.06023,6.47e-4,33177.395432,4.72,2.81,5.558039527,0,723.794016,7967.202289,80.394657,585.326717,951.159707,767.339382,816.794212,1319.257613,7816.014149,3234.126984,6005.778259,0.997305,2.424324,7.68,5.14,5.22,3.9375,5.094191,3,3.405631,3.9375,0.917,0.49,0.582
1233,night,Time,Person/Thing,Noun,1,1,602.707456,0.486237,944.522756,984.85883,0.77339,6.59e-4,18160.189855,3.61,4.52,5.728764833,5,866.046971,8124.587277,479.454519,885.634179,447.073222,659.111702,387.718306,384.902447,5612.594711,2402.597403,3569.880823,0.995,2.328228,6.68,3.57,5.22,4.75,4.898578,3.95,4.130376,4.75,0.598,0.396,0.404
1234,smooth,Sense perception,Property,Adjective,1,0.955641,19.822876,0.737445,41.180075,124.08493,1.09162,4.3e-4,743.399585,5.61,3.81,5.733024216,0,18.293867,782.522562,12.716687,1.153827,22.830094,51.121764,24.90271,33.379988,690.874948,360.750361,471.289274,0.995249,2.337635,6.42,2.76,6.26,4.666667,5.161459,3.555556,3.706633,4.666667,0.823,0.127,0.281
1243,wide,Spatial relations,Property,Adjective,1,0.972951,45.160945,0.292468,71.667221,132.11139,0.60189,2.54e-4,1399.288045,5.84,3.06,4.399465516,0,23.823203,1081.884217,10.669418,5.384525,16.633,4.274395,6.611339,54.843067,537.153089,25.252525,120.982304,0.98731,2.106892,4.58,3.05,6.2,3.705882,3.836356,1.571429,2.030304,3.705882,0.571,0.312,0.472
1245,butter,Food and drink,Person/Thing,Noun,0.867523,0.554344,40.918372,0.956029,77.541821,124.94195,0.74779,3.22e-4,1338.178582,5.78,4.9,6.766638915,5,20.4507,740.699978,10.551307,14.807444,47.965506,64.799828,35.77469,22.453521,582.570911,232.683983,427.952329,1,2.575829,6.36,3.37,5.67,4.611111,5.775524,4.444444,4.893404,4.611111,0.65,0.292,0.202
1246,small,Spatial relations,Property,Adjective,1,0.995953,629.566204,0.553667,325.910053,1309.54564,0.76929,0.001547,5396.321566,3.22,3.22,4.527132436,0,124.978682,3889.50033,71.615025,230.669207,269.667777,724.937384,205.833023,468.384026,4836.779702,2359.307359,2766.34164,0.994792,2.320525,5.76,3.43,4.53,3.833333,4.164358,2.333333,2.739763,3.833333,0.542,0.205,0.12
1247,ear,The body,Person/Thing,Noun,1,0.988289,69.627181,0.341458,63.651142,290.66981,1.16497,4.33e-4,1208.543459,3.63,5,5.396707067,7,32.01917,1218.357913,29.724763,15.696852,25.442788,87.026681,40.843384,30.313834,744.590257,530.30303,675.334056,0.989071,2.148938,5.86,3.5,6.74,3.833333,4.781606,3.619048,3.630468,3.833333,0.469,0.216,0.231
1248,eye,The body,Person/Thing,Noun,1,1,386.023971,0.506737,315.043491,552.09109,1.10215,0.001269,6028.774844,3.75,4.9,6.105827573,7,111.802391,3540.61193,91.260928,64.854681,134.471978,147.552114,182.987173,100.898599,3264.187611,882.034632,2448.537378,0.994859,2.322985,6.18,3.95,5.72,4.611111,4.681712,5,5.000219,5,0.531,0.265,0.425
1252,house,The house,Person/Thing,Noun,1,1,427.675241,0.949728,502.71235,2695.96849,0.62481,0.001553,9269.652922,3.16,5,5.849844282,7,514.012573,6648.690293,404.178034,1378.294182,670.718902,640.646316,314.920117,536.598053,5385.942311,1922.799423,2901.769592,0.994595,2.313363,7.19,3.95,6.41,4.875,4.982366,3.428571,4.245157,4.875,0.587,0.135,0.533
1257,wing,The body,Person/Thing,Noun,1,0.989965,20.504598,0.504941,38.90837,147.98212,0.90386,2.41e-4,1083.654702,4.79,4.86,4.50424909,6,20.254625,640.545895,19.685273,15.023786,28.541335,26.159297,29.236811,30.735298,752.014324,133.477633,377.39256,1,2.575829,6.15,4.32,6.5,4.1,4.411416,1.578947,1.768871,4.1,0.562,0.255,0.389
1258,fingernail,The body,Person/Thing,Noun,1,1,16.674092,1.092832,3.038586,90.48835,0.4401,3.2e-5,61.406111,4,4.93,5.803259614,8,1.352923,56.13031,0.511817,3.725899,0.599879,0.85487899999999994,1.763024,0.705953,22.490556,9.018759,28.891296,0.984733,2.05139,5.57,3.5,4.73,3.75,4.489945,4.631579,4.71658,4.631579,0.418,0.415,0.153
1261,sing,Speech and language,Action/Process,Verb,1,0.987536,59.349445,1.108933,18.202577,349.41001,2.06543,2.22e-4,1244.141204,3.47,4.34,6.064407459,4,97.606507,1922.738279,50.551782,37.595523,87.438515,441.972438,118.416429,22.695863,1315.588357,1661.255411,1090.646443,0.997442,2.430838,7.5,4.1,6.67,4.875,5.133074,4.083333,4.444291,4.875,0.858,0.606,0.42
1262,brother,Kinship,Person/Thing,Noun,0.830116,0.834258,152.470756,0.589493,171.000045,1667.1301,1.04122,3.46e-4,3330.169089,3.63,4.43,5.082499671,7,283.956898,4177.856042,344.925361,391.748235,41.252814,78.13594,40.255709,37.910731,976.701531,326.479076,592.271578,0.992405,2.240816,6.18,4.48,5.46,3.842105,4.598553,3.105263,3.24107,3.842105,0.823,0.361,0.546
1263,sister,Kinship,Person/Thing,Noun,0.836737,0.817176,112.911164,0.441897,177.713873,763.10009,1.00018,2.6e-4,2947.196678,3.68,4,5.270912852,7,180.546549,3353.510896,221.183732,215.308887,80.353997,69.58715,110.997037,78.634737,1644.649213,515.873016,1435.536295,0.995025,2.329157,7,3.86,5.59,4.210526,5.134476,1.96,2.22935,4.210526,0.916,0.324,0.562
1267,narrow,Spatial relations,Property,Adjective,0.974618,0.989205,18.718378,0.559556,19.432481,107.24591,0.76431,9.1e-5,295.461287,7.57,3.04,4.493029662,0,7.039119,341.184239,1.41734,3.197062,17.589831,7.180984,7.56631,52.946477,594.362076,32.467532,162.513543,0.997619,2.439336,4.95,4.53,5.19,4.052632,4.181136,1.833333,2.601578,4.052632,0.26,0.368,0.356
1273,candle,The house,Person/Thing,Noun,0.974634,0.869262,18.370337,0.494384,23.18007,161.13287,2.25399,2.3e-4,425.096411,5.37,4.86,6.032885779,9,8.039106,321.373542,6.771734,10.576746,6.102898,7.693911,4.848315,8.4609,176.649125,45.093795,88.479596,0.995122,2.332802,6.14,3.81,6.08,4.647059,5.50331,3.368421,3.753818,4.647059,0.602,0.221,0.344
1274,salt,Food and drink,Person/Thing,Noun,1,0.994987,59.59041,0.842324,67.659182,227.41108,1.10735,3.45e-4,1196.974192,5.05,4.89,5.715969578,8,19.529144,674.664319,11.889905,111.897161,49.304079,30.604668,34.378963,31.557154,708.343341,86.580087,395.449621,0.989924,2.170756,6.05,4.53,6.04,4.5,5.163581,3.473684,3.661286,4.5,0.323,0.312,0.306
1275,answer,Speech and language,Action/Process,Verb,1,0.975182,274.546834,0.619398,300.284645,257.371,0.90944,3.38e-4,4616.73094,5.43,2.96,5.893838049,2,176.213275,4782.082324,36.929573,19.68717,361.573158,280.229333,290.164326,151.959022,3593.466821,1120.12987,2345.612134,0.997636,2.440158,6.1,4,5.95,3.823529,4.06961,3.1,3.50186,3.823529,0.537,0.373,0.661
1276,autumn,Time,Person/Thing,Noun,0.761802,0.630691,57.648057,0.787219,13.644698,99.29355,0.58021,1e-4,259.566894,6,3.27,4.849100295,6,3.80387,154.083205,7.480404,12.115181,25.913768,27.014176,6.53788,41.292984,635.4128,110.02886,119.176598,1,2.575829,7.12,3.21,5.17,3.904762,4.092287,3.15,3.569701,3.904762,0.765,0.204,0.45
1277,hand,The body,Person/Thing,Noun,1,1,349.512954,0.518302,371.184985,880.94665,0.68135,9.37e-4,7056.659745,2.74,4.72,5.97988817,7,279.662839,6122.606207,229.018471,255.981282,272.999335,297.83984,352.163994,372.500854,5061.466908,1800.1443,3986.998917,0.993103,2.262684,5.9,3.98,5.88,4.25,5.02065,4.421053,4.435797,4.421053,0.542,0.314,0.434
1287,cold,Sense perception,Property,Adjective,1,0.988985,183.876437,0.477639,163.215477,237.99456,0.92486,0.001894,3105.013349,3.95,3.85,6.617555999,0,130.174689,3863.086066,75.040262,82.546692,0.356953,0.170976,0.367297,2.539324,14.629779,1.803752,9.02853,0.99162,2.217453,4.32,3.55,5.17,4.105263,4.931197,3.631579,5.538418,4.105263,0.398,0.538,0.348
1289,baby,Kinship,Person/Thing,Noun,0.953007,0.990499,91.023977,0.902936,352.418099,329.59705,1.63139,0.001681,6456.541086,3.84,5,6.634214336,7,509.385185,5600.924499,1.377969,232.448023,194.90108,327.760605,256.519956,95.57761,2379.850209,959.59596,2083.78476,0.99284,2.254311,6.67,4.97,4.94,4.380952,6.344127,2.611111,3.32175,4.380952,0.837,0.365,0.455
1290,elephant,Animals,Person/Thing,Noun,0.761512,0.581304,15.280277,0.84444,15.959811,175.17762,1.73951,2.76e-4,285.671907,4.8,5,5.241977205,12,11.392001,346.687211,7.126069,10.192137,21.803855,169.437016,57.445191,9.651537,419.241435,654.761905,529.071867,0.997449,2.431149,6.17,4.23,4.23,4.35,5.128716,2.047619,2.090538,4.35,0.531,0.51,0.615
1292,bad,Emotions and values,Property,Adjective,1,1,404.533147,0.788144,671.295996,640.87697,0.77819,0.001794,9361.910412,2.79,1.68,4.915414491,0,545.188617,7940.788026,189.647924,224.68373,364.364329,226.713908,517.153633,162.990855,5881.607966,1204.906205,5305.164319,1,2.575829,3.24,4.86,3.56,2.7,3.925588,3.263158,3.876842,3.263158,0.125,0.625,0.373
1297,leg,The body,Person/Thing,Noun,0.951122,0.982157,106.350177,0.708955,91.765297,635.79036,1.48444,6.34e-4,1749.62919,3,4.83,5.604098647,8,56.528638,1748.844376,50.630523,51.537597,75.138523,71.980811,95.276742,56.455169,1424.329105,386.002886,1359.696641,0.997382,2.427978,6.22,2.75,5.5,3.823529,4.456883,4.4,4.439034,4.4,0.51,0.373,0.313
1300,country,Social and political relations,Person/Thing,Noun,0.845755,0.902274,754.349613,0.725307,635.122353,317.20167,1.00343,0.00118,11172.05577,6.39,4.17,4.010839509,7,161.86053,3630.860665,225.790086,166.367401,444.500189,41.034192,151.399665,336.181151,5083.3024,268.759019,1971.830986,0.997506,2.433887,6.14,3.71,6.35,2.882353,3.135753,3,3.229672,3,0.698,0.394,0.693
1301,foot,The body,Person/Thing,Noun,1,1,114.45974,0.607489,148.760489,573.51628,0.94613,6.59e-4,2779.590626,3.44,4.9,5.689749252,8,64.940288,2261.72133,58.465262,103.435764,119.316366,246.376125,186.145924,148.57677,2783.37009,1349.206349,2369.086313,0.997653,2.44097,4.68,2.77,5.97,4.105263,4.502204,4.526316,4.529627,4.526316,0.49,0.29,0.254
1303,finger,The body,Person/Thing,Noun,1,0.996179,95.159483,0.825568,87.135071,186.42756,1.04695,5.27e-4,1698.012459,3.43,5,6.135020297,7,36.685772,1417.565485,83.426189,45.816539,33.900582,100.020842,59.72243,34.054331,984.562308,487.012987,821.596244,0.997506,2.433887,5.8,4.15,5.32,4.105263,5.085096,4.588235,4.632618,4.588235,0.321,0.264,0.291
1304,child,Kinship,Person/Thing,Noun,1,1,675.665308,0.373187,1022.990622,4924.11303,0.91946,0.002994,17500.148324,4.28,4.78,5.437756674,5,301.113526,4964.780982,303.979992,268.889719,154.27789,92.668883,313.59785,45.90802,2551.913881,322.871573,2670.63922,0.997549,2.435945,6.48,5.69,5.13,4.266667,5.357725,2.333333,3.084395,4.266667,0.837,0.5,0.417
1305,chimney,The house,Person/Thing,Noun,0.722784,0.607811,2.957316,1.045432,2.430869,94.86645,0.56661,4.4e-5,43.607238,6.58,5,4.926455487,9,4.196021,154.083205,0.078741,8.437358,7.981857,9.232693,5.656368,7.112213,196.301068,64.935065,93.896714,0.989556,2.161213,4.89,2.45,5.19,4.294118,4.661073,2.52381,2.635235,4.294118,0.583,0.286,0.225
1306,queen,Social and political relations,Person/Thing,Noun,0.733659,0.608839,30.209533,0.459671,56.590047,96.4547,0.52804,3.95e-4,1063.482646,4.42,4.45,4.338439067,7,54.705134,1308.606648,34.842934,61.729733,121.274647,83.607165,110.923578,84.914558,1782.212809,261.544012,1128.566269,0.997494,2.433288,6.52,5.05,6.04,3.888889,4.046217,2.318182,2.488704,3.888889,0.875,0.692,0.86
1307,language,Speech and language,Person/Thing,Noun,0.976504,0.972231,220.508718,0.860119,88.654364,1065.15085,2.09952,6.11e-4,1586.472857,6.79,2.35,6.161194603,3,35.117166,1297.600704,34.331117,14.086302,65.937078,14.532943,27.10649,197.867042,1584.601611,99.206349,429.758035,0.995575,2.350245,6.38,3.7,7.37,4.75,5.191797,3.894737,4.545825,4.75,0.677,0.337,0.704
1309,ask,Speech and language,Action/Process,Verb,1,0.998875,363.809199,0.726901,609.540353,585.64953,0.67572,2.49e-4,5175.318896,2.89,2.52,5.090093978,4,483.15025,7720.669161,201.734682,52.643347,0.416445,0.170976,0.146919,2.044103,16.594973,1.803752,3.611412,0.997506,2.433887,5.95,3.48,6.29,3.588235,3.785529,2.8,3.252948,3.588235,0.531,0.44,0.459
1312,fox,Animals,Person/Thing,Noun,0.784124,0.799267,8.392645,1.073896,39.805477,285.4083,1.64973,1.28e-4,800.05933,5.017476,4.97,4.5154785650000004,13,21.627155,451.243672,4.842577,8.317168,28.590912,52.48957,26.959572,24.53977,456.580125,142.496392,270.855905,0.99511,2.332353,5.52,4.36,5.5,4.058824,4.186741,2.6,2.653336,4.058824,0.323,0.555,0.491
1313,moon,The physical world,Person/Thing,Noun,1,0.989965,42.510661,0.618486,62.536994,219.2928,1.30545,4.29e-4,1108.573124,4.83,4.9,5.246605218,7,49.979708,1285.494167,29.291687,66.032546,54.564172,295.104228,71.402462,31.378031,1018.625674,871.212121,763.813651,0.995157,2.33414,7,3.43,6.11,4.777778,4.778123,3.272727,3.281495,4.777778,0.673,0.233,0.547
1316,tent,The house,Person/Thing,Noun,0.80957,0.674887,14.815766,0.550512,16.625406,228.41558,2.18902,2.12e-4,303.767428,5.16,4.96,5.505573542,7,17.509564,490.865067,12.24424,0.600951,16.340497,54.883231,37.611173,12.243543,344.564054,144.300144,395.449621,0.995283,2.338919,6.23,3.38,5.91,4.8125,5.245076,2.263158,2.826656,4.8125,0.51,0.275,0.333
1322,breakfast,Food and drink,Person/Thing,Noun,0.889818,0.687993,66.337725,0.561301,97.393916,110.61804,0.54078,3.26e-4,1865.618511,3.47,4.43,7.002864876,7,66.312818,2164.869029,39.724882,42.691591,43.67216,95.404495,68.757926,46.961681,1128.894906,438.311688,1023.83532,1,2.575829,7.39,5,6.83,4.625,6.041077,4.421053,4.972577,4.625,0.885,0.33,0.429
1323,clock,Time,Person/Thing,Noun,0.986038,0.809932,35.266598,1.379523,42.742776,98.32331,0.56971,2.97e-4,804.2124,4.42,5,5.064729917,10,58.646256,1804.974686,265.200004,51.561635,77.394265,152.16846,71.990136,30.882811,1247.024914,651.154401,875.767425,0.994334,2.30408,5.65,3.35,5.24,4.315789,4.654651,2.941176,3.074831,4.315789,0.677,0.173,0.407
1324,slip,Motion,Action/Process,Verb,1,0.947028,13.872923,0.931127,35.073964,104.48801,0.53282,7.7e-5,411.15396,6.17,4.1,5.516784253,2,25.901606,1149.020471,0.511817,0.408647,21.471691,24.962467,28.722595,24.697819,734.327576,128.066378,590.465872,0.997512,2.434185,4.33,4.7,3.81,3.888889,4.756614,3.55,3.921005,3.888889,0.316,0.714,0.321
1325,friend,Social and political relations,Person/Thing,Noun,1,0.973546,537.503611,0.481724,885.921454,829.63096,0.95452,0.00153,16975.971522,3.57,3.07,4.933733037,4,419.307987,6800.572309,427.131063,707.295825,192.739533,358.194297,300.815927,177.689429,3569.666135,1924.603175,3280.967858,0.997389,2.428302,6.79,4.29,6.31,3.736842,4.591158,2.222222,2.856987,3.736842,0.906,0.413,0.573
1332,neighbour,Social and political relations,Person/Thing,Noun,0.936486,0.885818,92.419483,0.352822,64.967863,209.80652,1.04153,8.4e-5,1224.562444,5.06,4.64,5.347002421,4,16.960552,686.770856,11.53557,23.14865,17.218005,8.54879,11.459654,18.72356,531.039151,45.093795,225.713254,0.969543,1.809943,5.6,3.72,5.12,4.375,4.965703,2.666667,3.121933,4.375,0.657,0.448,0.434
1333,neck,The body,Person/Thing,Noun,1,0.993932,41.070112,0.437673,40.065927,311.9236,0.95265,1.69e-4,778.404034,3,5,5.578241937,6,59.528597,2159.366058,57.126663,56.465399,44.837213,42.572974,72.063596,59.37381,1220.822325,248.917749,1009.389671,1,2.575829,5.44,3.65,5.17,3.933333,4.797864,3.9,3.981845,3.933333,0.541,0.245,0.345
1336,eat,Food and drink,Action/Process,Verb,1,1,396.021262,0.994275,402.902035,2109.38636,0.78608,6.39e-4,4395.431623,2.78,4.44,6.71596393,1,251.898513,5321.373542,222.522331,196.751506,160.435323,542.164256,424.080671,79.551423,2767.866891,2379.148629,3593.355002,0.994832,2.322007,7.1,4.38,7.26,4.526316,5.340882,4.85,5.320006,4.85,0.731,0.5,0.464
1337,pig,Animals,Person/Thing,Noun,1,0.975599,26.965717,0.298092,31.008047,587.22664,1.33399,5.35e-4,565.114209,3.84,5,4.927050121,14,39.156327,1163.328197,61.8905,40.047405,2.96469,5.30025,8.374363,1.538345,89.962225,19.84127,124.593716,0.994792,2.320525,4.83,3.68,5.04,3.75,4.549476,1.894737,2.333104,3.75,0.343,0.368,0.324
1338,peace,Warfare and hunting,Person/Thing,Noun,0.884618,0.754163,86.544744,0.628187,103.369802,154.29994,0.93241,4.74e-4,1940.967072,6.32,1.62,3.814522384,5,69.626498,2055.910192,63.229098,156.511797,55.327654,27.698079,40.549546,93.575654,1306.854161,209.235209,671.722644,0.995134,2.33325,7.75,4.65,7.17,2.352941,3.044808,2.736842,3.010171,2.736842,0.939,0.156,0.613
1342,summer,Time,Person/Thing,Noun,0.919692,0.900086,165.054814,0.5698,272.893962,156.24357,1.26046,5.59e-4,5229.30881,4.33,3.64,5.288410754,6,78.685198,1793.968743,33.504335,70.888234,100.194613,61.722263,66.407228,119.55894,2249.71068,304.834055,864.933189,0.992042,2.229872,7.5,5.48,6.61,3.904762,4.445958,2.842105,3.915331,3.904762,0.812,0.373,0.55
1343,sun,The physical world,Person/Thing,Noun,1,1,211.727033,0.513622,140.614185,503.85608,1.07585,9.7e-4,2692.969445,3.4,4.83,5.928948427,7,69.685321,2154.96368,64.370844,88.219674,102.594128,314.082541,111.290874,121.45553,2104.067952,1309.52381,1359.696641,0.990338,2.181717,6.92,4.64,4.98,4.7,4.924607,3.529412,4.46452,4.7,0.877,0.4,0.681
1346,throat,The body,Person/Thing,Noun,1,0.996077,35.350536,0.478413,24.728302,136.07758,0.66046,1.14e-4,487.985761,5.09,4.97,5.914023937,8,36.038722,1364.736958,13.425356,24.614972,14.575565,22.739781,22.184716,34.033258,501.779593,147.907648,438.786566,0.99536,2.34186,4.76,4.2,5.84,3.388889,4.514871,4.85,4.860344,4.85,0.35,0.538,0.346
1350,monkey,Animals,Person/Thing,Noun,0.895966,0.864103,15.907169,0.629048,24.655955,363.60494,2.09295,3.15e-4,452.981311,4.21,4.9,4.625741619,12,33.528953,861.765353,16.732482,33.148482,24.039766,135.241856,79.629906,6.132308,482.56436,544.733045,762.007945,0.997512,2.434185,5.82,5.15,5.74,3.809524,4.352702,2.35,2.546484,3.809524,0.548,0.449,0.283
1352,knife,Food and drink,Person/Thing,Noun,1,0.962593,19.892029,0.686446,23.46946,300.82189,0.88429,5.18e-4,443.488579,4.15,4.9,5.614572835,11,46.822889,1382.346467,50.945488,41.561803,30.697924,26.330273,13.810353,28.417243,722.318056,111.832612,267.244493,0.995575,2.350245,4.33,4.86,5.29,4.5,4.998928,3.631579,3.734209,4.5,0.344,0.717,0.573
1353,hour,Time,Person/Thing,Noun,0.896278,0.782371,875.237228,0.339171,535.225221,182.12267,0.86492,1.15e-4,10346.781371,5.85,3.1,3.519906969,4,162.311504,4780.98173,144.174943,482.251524,148.893855,19.491241,128.406896,119.453573,3425.333537,164.141414,2013.362225,0.99763,2.439885,5.05,3.38,6.25,1.95,2.372553,3.05,3.116033,3.05,0.552,0.265,0.336
1355,laugh,Emotions and values,Action/Process,Verb,1,1,110.515004,0.604312,160.842486,158.12648,0.70896,4.2e-4,1982.794423,3.79,4.21,6.306735481,1,62.881492,2127.448822,52.047863,16.826641,59.288836,160.033347,96.892847,40.12342,1653.820119,1112.914863,1635.969664,1,2.575829,7.56,6.62,7.39,4.294118,5.317023,4.105263,4.649832,4.294118,0.98,0.639,0.587
1357,daughter,Kinship,Person/Thing,Noun,0.976504,0.982188,98.774207,0.622725,132.236369,719.5141,1.20187,1.03e-4,2504.598042,4.95,4.79,4.666814704,6,171.370204,3295.179397,212.246618,294.610441,93.516625,8.719766,37.905011,99.507766,1914.535887,50.505051,559.76887,0.995327,2.340609,6.73,5,5.06,3.736842,4.286015,1.888889,2.839968,3.736842,0.908,0.415,0.455
1358,enemy,Social and political relations,Person/Thing,Noun,0.975107,0.92228,52.550304,0.805639,53.218663,148.99267,1.1284,2.84e-4,1001.483239,7.26,2.96,4.631961965,6,48.528748,1353.731015,55.866806,54.35005,23.747264,1.025855,37.97847,35.866628,604.406402,7.215007,570.603106,0.995238,2.337204,2.22,5.3,2.5,3.75,4.473361,1.666667,2.144538,3.75,0.135,0.794,0.591
1360,duck,Animals,Person/Thing,Noun,0.938826,0.940747,15.398672,0.847514,33.091649,204.93494,2.32315,2.78e-4,570.750519,3.5,4.86,5.535858678,13,24.783975,774.818402,10.433195,14.927634,33.811344,124.128429,54.727196,14.445695,532.78599,387.806638,539.906103,0.992167,2.233604,6.11,4,5.3,4.421053,5.237007,2.666667,2.963218,4.421053,0.594,0.337,0.236
1361,tool,Basic actions and technology,Person/Thing,Noun,0.842442,0.6994,75.418097,0.466891,101.995204,146.85155,1.1328,8.12e-4,1959.062593,5.37,4.6,6.257104327,7,10.764559,407.219899,9.291449,5.913362,11.789351,13.336112,11.826951,23.212157,401.554687,73.953824,232.936078,0.992308,2.237851,5.07,3.91,5.98,3.935484,5.002766,3.9,4.140426,3.935484,0.49,0.35,0.594
1363,voice,Speech and language,Person/Thing,Noun,1,0.935819,181.777109,0.638776,174.284612,203.33503,0.85123,2.5e-4,3293.384752,4.83,4.13,6.221213531,3,86.175291,2638.124587,95.0405,112.810607,77.02244,91.814004,107.985205,266.555217,1730.244339,422.077922,1296.49693,0.997416,2.429581,6.5,3.25,6.22,4.75,4.863687,4.736842,5.009714,4.75,0.594,0.343,0.528
1368,bread,Food and drink,Person/Thing,Noun,0.972422,0.849291,64.59726,0.450699,70.856932,312.24116,1.58622,7.55e-4,1193.414417,3.58,4.92,6.827404578,6,28.352553,993.836672,24.48848,48.268421,49.056195,93.010834,47.160885,39.733565,810.096731,275.974026,539.906103,0.995012,2.328693,6.52,3.85,6.05,4.421053,5.858502,4.619048,4.893384,4.619048,0.66,0.314,0.342
1369,gold,Basic actions and technology,Person/Thing,Noun,0.953018,0.844131,64.94407,0.512768,76.948573,306.2646,2.6123,6.4e-4,1400.771284,7.1,4.81,5.074246622,7,78.959704,1688.311688,52.638421,71.537261,126.331476,102.927431,172.996705,82.111819,1738.105116,369.76912,1200.794511,0.992248,2.236045,7.28,6.35,5.8,4.176471,4.465388,2.75,3.465321,4.176471,0.939,0.686,0.692
1370,month,Time,Person/Thing,Noun,1,0.985062,397.083338,0.492834,450.984041,495.50101,1.67176,2.04e-4,8600.711955,5.79,4.2,2.906013718,5,95.194776,3187.321153,77.638718,104.253058,120.07489,5.984153,52.009201,158.175624,2729.873136,48.701299,924.521488,0.994792,2.320525,5.78,3.64,5.05,1.315789,1.524352,2.631579,2.758879,2.631579,0.688,0.255,0.411
1371,knee,The body,Person/Thing,Noun,1,0.999149,16.94902,0.576623,22.500006,170.03486,0.80042,2.06e-4,783.743696,4.42,5,5.926559892,8,14.705681,587.717367,37.480761,14.422835,18.055853,22.226854,19.613639,21.631665,525.143568,86.580087,296.135789,0.997743,2.445391,4.7,4.25,5.38,4.25,5.079431,4.222222,4.256395,4.25,0.52,0.245,0.396
1372,medicine,The body,Person/Thing,Noun,1,0.984689,91.366936,0.430982,108.926074,250.74101,1.3006,0.001712,1989.024028,4.89,4.79,6.444158925,5,34.215218,1101.694915,1.496081,14.062264,20.242187,20.688072,19.172883,29.376075,529.073957,86.580087,317.804261,0.992611,2.247148,5.9,4,5.35,3.9,5.478894,4,4.689683,4,0.708,0.318,0.679
1374,ring,Clothing and grooming,Person/Thing,Noun,1,0.877118,36.639243,0.578942,77.816741,214.86923,1.54876,5e-4,1317.41323,4.53,4.81,5.451932283,8,92.763436,2284.83381,48.898219,59.758613,83.125338,92.668883,112.760061,73.640383,1756.010219,506.854257,1058.143734,0.997674,2.442037,7.09,4.43,5.44,4.111111,4.711953,3.571429,3.858238,4.111111,0.677,0.427,0.464
1375,window,The house,Person/Thing,Noun,0.975107,0.862116,108.239533,0.528891,116.725111,178.04382,0.86486,4.77e-4,2199.050727,4.74,4.86,5.545691485,8,86.018431,2688.751926,83.977376,73.243963,68.376254,86.171802,46.132455,111.572187,1687.665131,548.340548,812.567714,0.997396,2.428624,6.47,3.27,5.39,4.705882,4.914461,3.3,3.729215,4.705882,0.542,0.276,0.385
1378,spoon,Food and drink,Person/Thing,Noun,1,0.961931,33.119254,1.115027,21.501613,169.87982,1.51271,2.29e-4,404.331059,2.5,4.96,6.035669499,7,7.627347,298.261061,10.07886,7.067189,19.686928,125.838187,20.788988,8.745388,400.026203,416.666667,312.387143,0.997555,2.436234,5.9,3.79,5.18,4.333333,5.365603,3.571429,4.02898,4.333333,0.479,0.236,0.259
1380,tooth,The body,Person/Thing,Noun,1,1,20.513847,1.278153,12.617367,97.76023,0.52852,1.69e-4,224.859092,3.61,4.89,5.303674494,9,13.588049,442.438917,10.275713,9.78349,12.225627,47.531272,36.362365,6.848798,285.826583,90.18759,310.581437,0.997429,2.430212,5.06,3.52,4.89,3.375,4.236431,4.111111,4.182279,4.111111,0.439,0.25,0.367
1381,shoe,Clothing and grooming,Person/Thing,Noun,1,0.92937,60.484817,0.42303,108.260479,248.16209,1.25031,8.32e-4,1925.244735,2.6,4.97,5.939249496,7,30.411348,983.931323,14.488361,17.139136,14.07484,45.479562,30.044863,12.275153,370.329934,167.748918,415.312387,0.994536,2.311239,5.78,2.4,5.44,4.388889,5.027501,4.2,4.352084,4.388889,0.517,0.225,0.288
1382,needle,Clothing and grooming,Person/Thing,Noun,1,0.988985,11.786581,0.599583,17.348879,113.548,0.66973,4.37e-4,574.013646,5.32,4.93,5.355887297,7,11.941013,476.557341,10.472565,11.249811,8.477624,7.522935,11.165817,13.170765,240.40876,30.663781,200.433369,0.994595,2.313363,3.97,4.36,5.12,3.6875,4.654152,3.5,3.752082,3.6875,0.25,0.472,0.36
1384,second,Quantity,Other,Function word,0.835146,0.777361,373.344378,0.585135,309.067605,442.25062,0.99203,1.49e-4,7539.89914,4.68,3.3,2.60369722,0,284.58434,6311.908431,9.960748,247.95257,406.831773,92.668883,375.009844,436.795262,5606.699129,741.341991,3898.519321,0.99458,2.312835,5.23,3.48,5.35,2,2.033004,1.666667,2.099052,2,0.49,0.21,0.25
1385,pepper,Food and drink,Person/Thing,Noun,0.837298,0.695061,33.266395,0.740664,55.909982,108.1542,0.75179,1.31e-4,1052.210027,5.47,4.89,6.495100529,8,8.823409,294.959278,2.952791,6.153743,24.07447,47.702248,16.381429,10.178367,358.320414,137.085137,218.49043,0.992248,2.236045,5.63,4.3,5.75,4.411765,5.758769,3.75,4.362491,4.411765,0.4,0.539,0.328
1386,lion,Animals,Person/Thing,Noun,0.870584,0.775695,24.318198,0.560668,28.77975,230.74464,2.19748,3.02e-4,549.68852,4.42,4.96,5.83708195,14,15.372339,362.095532,5.472506,17.619897,28.367817,129.599655,75.810021,13.012716,511.605564,441.919192,608.522932,0.997625,2.439611,5.84,5.29,4.86,4.823529,5.63132,2.714286,2.727887,4.823529,0.532,0.717,0.682
1387,arrive,Motion,Action/Process,Verb,1,0.985986,192.372912,1.102808,109.200993,287.83895,1.04898,5.6e-5,535.449422,6.26,3.22,4.642082517,0,18.705626,799.031477,14.921437,244.274748,29.314733,28.89491,27.033031,30.693152,1011.638317,283.189033,548.934633,0.992063,2.2305,6.41,5,6.84,3,3.092876,2.947368,4.130016,3,0.837,0.406,0.585
1388,shade,The physical world,Person/Thing,Noun,1,0.997928,50.018538,0.487946,81.173655,216.38251,1.59621,2.18e-4,1494.808662,5,4.54,5.008856865,8,21.195788,687.871451,29.134205,19.735246,31.129242,31.117595,16.675266,32.621352,796.558727,86.580087,249.187432,0.995381,2.342686,5.07,3.1,4.41,4.647059,4.648818,2.85,2.931697,4.647059,0.302,0.343,0.158
1390,wrong,Emotions and values,Property,Adjective,0.965274,0.884782,158.905686,0.560425,255.559553,242.60382,0.91488,8.18e-4,4933.550875,4.22,2.1,4.487885018,0,523.110488,7974.906449,153.033316,7.932559,383.163833,291.513736,436.862593,169.439262,5705.613905,1940.836941,4803.178043,0.990521,2.186654,3.24,5.29,3.39,2.777778,3.818154,2.894737,3.03308,2.894737,0.042,0.582,0.48
1394,bone,The body,Person/Thing,Noun,1,1,27.414597,0.688772,42.771715,293.17217,1.205,4.67e-4,806.288935,5.53,4.9,5.520898158,8,26.078074,942.108739,34.016152,17.091059,32.616544,26.501249,42.900245,25.635578,718.824377,97.402597,543.517515,0.994505,2.310163,5.24,4.75,6,3.555556,4.088809,3.380952,4.640359,3.555556,0.337,0.37,0.413
1396,sharp,Sense perception,Property,Adjective,1,0.99891,17.105881,1.132542,25.075569,194.92537,1.78487,5.83e-4,482.942747,6.11,3.86,5.5734188,0,23.803596,1003.742021,34.449228,2.331692,35.769626,67.022513,69.565979,51.956035,1099.635347,425.685426,1014.806789,1,2.575829,5.24,6,4.92,4.47619,5.257,2.428571,3.030954,4.47619,0.459,0.585,0.585
1398,dry,Sense perception,Property,Adjective,1,1,59.895296,0.801289,82.244395,343.39069,0.99996,3.9e-4,1430.73272,4.11,3.77,5.251324428,0,42.842551,1692.714066,14.645843,15.119939,91.974788,177.643854,71.549381,69.79452,2049.042514,806.277056,1141.206212,0.992611,2.247148,4.86,3.8,6.21,3.9,4.682343,2.421053,3.480309,3.9,0.363,0.169,0.311
1403,bite,The body,Action/Process,Verb,1,0.995953,20.084483,0.64983900000000006,43.466249,231.46189,0.93661,2.42e-4,795.312964,3.58,4.44,5.411996875,3,40.803363,1651.992076,10.708789,5.288373,27.877007,35.733942,106.148722,13.718669,820.796122,250.721501,1271.217046,0.997669,2.441772,3.52,5.1,6.58,3.125,3.668182,4.744801,4.7791689999999996,4.744801,0.219,0.796,0.51
1405,name,Speech and language,Person/Thing,Noun,1,0.983145,384.274884,0.60004,500.122318,1141.65778,0.68697,4.35e-4,7998.220113,3.68,3.5,4.475141663,5,641.873568,7739.379265,250.121084,505.255945,410.926813,332.205976,460.07574,277.176123,5121.95122,1911.976912,4570.241965,0.993994,2.292238,5.62,3.04,5.14,3.2,3.871924,2.714286,3.16072,3.2,0.573,0.3,0.415
1406,far,Spatial relations,Property,Adverb,1,0.84441600000000006,226.751273,0.927,437.180179,681.36517,0.64602,2.46e-4,6776.920795,4.878935,2.71,4.45360054,0,220.781292,5709.883337,35.630345,153.314735,407.441567,286.384462,366.047806,321.366674,6514.618861,2088.744589,4333.694475,0.995074,2.330994,4.74,2.95,3.56,3.75,3.901505,3,3.070462,3.75,0.229,0.324,0.269
1408,hear,Sense perception,Action/Process,Verb,1,1,300.07065,0.653749,667.968021,450.90959,0.64179,1.1e-4,6687.926431,3.8,3.66,5.860795535,1,555.364948,7979.308827,340.240266,98.435848,273.143108,549.34524,350.621348,145.889934,5235.495775,2858.946609,4319.248826,0.989899,2.17009,6.68,3.62,6.71,4.611111,4.613094,4.684211,4.689708,4.684211,0.76,0.429,0.444
1409,see,Sense perception,Action/Process,Verb,1,1,1328.258503,0.590885,2214.116336,2615.76553,0.57312,5.28e-4,33380.302581,3.06,3.21,6.211243849,1,2556.710106,9164.64891,1223.557855,1097.577738,2172.175583,3884.570135,2504.595615,1251.46505,9215.669149,7481.962482,8015.529072,0.997382,2.427978,6.27,3.9,6,5,5.000496,4.857143,4.857155,5,0.635,0.269,0.312
1413,play,Emotions and values,Action/Process,Verb,1,0.993932,388.338457,0.585732,825.236551,561.25412,1.32996,8.74e-4,8631.859982,4.1,3.24,6.281075402,1,354.544167,5881.576051,220.908138,175.982624,488.504512,1556.734643,650.482305,227.643508,5283.097146,4505.772006,4582.881907,1,2.575829,7.55,3.81,6.29,3.75,4.848344,3.4,5.115105,3.75,0.812,0.765,0.358
1414,squeeze,Basic actions and technology,Action/Process,Verb,1,0.963957,10.75423,0.945455,21.906758,131.52279,1.20502,1.1e-4,295.16464,5.42,4,5.795892355,2,15.097833,669.161347,0.196853,0.889408,22.626829,64.970803,22.258175,10.726271,711.83702,358.946609,391.838209,1,2.575829,4.85,3.91,6,4.15,4.923872,4.1,4.223169,4.15,0.458,0.676,0.532
1416,sit,Spatial relations,Action/Process,Verb,1,0.989205,310.455913,1.216054,261.665663,676.03287,1.2699,1.67e-4,2281.518837,3.47,4.8,5.616708394,2,311.368288,6144.618094,108.898933,49.470324,101.315048,89.93327,61.85275,95.661903,2796.25303,728.715729,1195.377393,0.995434,2.344725,5.82,3.19,6.06,3.194444,3.632795,4.210526,5.056035,4.210526,0.561,0.23,0.368
1417,kill,The body,Action/Process,Verb,1,0.992985,100.647048,0.705509,221.860187,777.87391,0.97118,4.15e-4,2175.912192,6.35,3.9,4.191456495,0,452.582041,6274.488224,286.53884,185.020934,81.836342,1.196831,91.677235,49.954079,1772.823547,10.822511,1240.520043,0.992366,2.239637,1.81,6.81,3.61,2.75,3.289772,2.888889,3.362946,2.888889,0.052,0.941,0.736
1420,count,Quantity,Action/Process,Verb,1,0.947465,44.977086,1.067038,123.236367,173.42033,0.82782,8.5e-5,1748.442599,2.61,3,4.831385076,1,89.979161,2923.178516,26.220784,63.099903,51.292106,148.91992,108.425961,44.432894,1521.060331,898.268398,1565.547129,0.991279,2.207668,5.89,2.3,5.17,3.058824,3.718114,3.421053,3.944547,3.421053,0.594,0.389,0.492
1421,suck,Food and drink,Action/Process,Verb,1,0.986265,33.581006,1.298757,157.225122,116.6875,0.71141,1.14e-4,2672.797389,5.58,3.46,5.656488575,2,34.901483,1290.997138,4.33076,5.120106,8.517286,14.361967,22.845849,4.625573,278.184161,95.598846,343.084146,0.997494,2.433288,3.71,5.6,5.47,2.56,4.062685,4.809524,4.847786,4.809524,0.344,0.706,0.377
1424,yellow,Sense perception,Property,Adjective,1,0.991859,48.810984,0.372927,55.027346,142.52512,1.1326,9.8e-4,992.287155,3.2,4.3,5.084855983,0,33.823066,1122.606207,4.370131,16.874717,69.442155,381.27603,170.719466,48.025879,1264.493307,1314.935065,1208.017335,0.997743,2.445391,6.09,3.83,6.35,4.588235,4.589714,3.263158,3.264458,4.588235,0.671,0.275,0.387
1426,expensive,Possession,Property,Adjective,1,0.947256,69.46608,0.65396,43.234738,121.34211,1.14875,4.66e-4,855.235835,6.33,3.13,4.598187721,0,27.960402,1219.458508,30.394062,4.663383,61.192583,3.24854,32.469021,61.849914,1684.826517,34.271284,588.660166,0.997403,2.428944,3.36,6.1,6.21,3.777778,3.950497,3.058824,3.288663,3.777778,0.323,0.54,0.53
1427,beautiful,Emotions and values,Property,Adjective,1,0.99703,538.771854,1.090526,341.913273,406.15995,1.36373,5.85e-4,6703.352121,5.72,2.16,5.239430664,0,279.741269,5474.356152,462.564555,98.940648,264.809256,373.240167,207.155291,91.362965,3902.657379,2095.959596,2751.895991,0.997368,2.427327,7.61,5.71,6.17,4.571429,4.919585,2.333333,2.914851,4.571429,0.875,0.614,0.648
1429,full,Quantity,Property,Adjective,1,1,99.03045,1.358721,305.681752,476.4707,1.15039,4.84e-4,5830.317413,4.24,3.59,5.518963631,0,166.919284,4762.271627,128.938541,66.72965,249.708178,179.182637,234.261781,292.917821,5262.353429,1394.300144,3521.126761,0.997468,2.432074,6,3.48,6.06,4.210526,4.42896,3.333333,4.330748,4.210526,0.602,0.255,0.704
1430,star,The physical world,Person/Thing,Noun,1,0.996077,111.15031,0.407443,178.307121,135.59567,1.12601,8.8e-4,3148.917235,3.89,4.69,4.945059227,6,81.371435,2005.282853,20.984501,61.080706,109.738138,252.360278,200.250114,69.942032,2174.596589,858.585859,1962.802456,0.990719,2.19205,7.47,5.5,5.82,4.444444,4.458198,3.1,3.185202,4.444444,0.833,0.418,0.56
1432,cut,Basic actions and technology,Action/Process,Verb,1,1,90.178971,1.092549,285.193001,1282.19823,0.80859,6.16e-4,4276.179175,4.43,4.55,5.567174243,2,229.781169,5438.03654,21.102613,33.533091,107.903798,7.351959,14.177649,43.221184,1483.066576,50.505051,250.993138,0.989691,2.164678,3.9,5.07,4.55,3.45,4.41723,4.210526,4.420108,4.210526,0.49,0.49,0.393
1435,hunt,Warfare and hunting,Action/Process,Verb,1,0.959093,11.072088,0.87996,30.168818,176.83296,0.94784,1.25e-4,529.813112,6.06,3.81,5.767881097,2,25.881999,784.723751,33.661818,14.518987,48.778565,68.561295,84.698599,28.290804,1049.413717,339.105339,843.264717,0.994709,2.317506,3.84,5.1,5.3,2.470588,2.804578,4,5.537796,4,0.327,0.806,0.588
1439,swim,Motion,Action/Process,Verb,1,0.97985,13.757402,0.770136,21.05306,126.82808,1.46939,1.76e-4,401.067932,4.17,4.43,6.630066582,1,31.823094,930.002201,27.008195,24.374591,26.003006,103.440358,76.618074,15.415064,557.460096,523.088023,767.425063,0.995294,2.339344,6.71,6.05,6.47,3.3,4.441561,4.157895,5.885055,4.157895,0.688,0.461,0.529
1440,spit,The body,Action/Process,Verb,1,0.997928,9.608738,1.424152,10.779746,124.77392999999999,0.84834,9.2e-5,215.959656,5.06,4.71,5.308366693,2,19.372284,817.74158,3.346496,2.788415,7.183671,3.932443,16.014132,5.015427,245.649278,27.056277,274.467317,0.997543,2.435655,3,3.57,4.36,3.210526,3.865635,4.47619,4.511387,4.47619,0.149,0.545,0.436
1441,fly,Motion,Action/Process,Verb,1,1,61.202109,0.52713,119.864983,263.31156,0.93671,5.61e-4,1450.31148,3.05,4.64,4.1829666659999996,1,85.018444,2331.058772,87.796319,58.773052,80.076368,342.464524,121.354801,40.165566,1679.804354,1471.861472,1561.935717,0.99455,2.311773,6.06,4.9,5.28,3.575758,3.851357,2,2.523159,3.575758,0.76,0.775,0.676
1442,stand,Spatial relations,Action/Process,Verb,1,0.98219,255.198078,1.37704,274.615828,544.74518,1.39228,1.67e-4,3385.642243,4.39,4.16,5.469561888,2,226.21259,5412.72287,223.742818,32.451379,90.031379,54.54128,76.98537,107.188957,2571.784178,458.152958,1437.342001,0.99270099999999994,2.249943,5.27,3.1,5.89,4,4.160471,4.4,4.508006,4.4,0.6,0.324,0.509
1443,walk,Motion,Action/Process,Verb,0.976504,0.98219,105.213984,1.001321,403.480813,587.46421,1.43552,5.17e-4,4129.041827,3.45,4.07,5.626412129,1,215.879398,5336.781862,1224.542119,31.369666,155.393367,187.047523,164.695802,110.023305,3379.042295,990.25974,2287.829541,0.992556,2.245447,6.77,3.24,5.83,3.117647,3.707087,4.947368,5.028741,4.947368,0.643,0.412,0.45
1446,come,Motion,Action/Process,Verb,1,1,1400.303189,0.736347,2104.582545,4997.27573,0.64241,1.63e-4,24652.921982,3.32,3.22,4.642082517,0,3140.957012,9174.554259,771.8202,286.557692,1799.006423,3472.860413,2439.877952,732.568505,9080.507457,7126.623377,7977.609245,0.990521,2.186654,5.64,3.57,5.94,2.464286,2.605064,1.428571,2.051449,2.464286,0.529,0.269,0.558
1447,give,Possession,Action/Process,Verb,1,1,789.55238,0.705455,1014.294478,1769.17412,0.75081,4.73e-4,12877.484426,4.28,2.83,4.867369032,1,1167.827154,8902.707462,434.060279,190.717954,167.618994,123.102575,123.264744,241.783642,3953.970784,923.520924,2156.013001,1,2.575829,7.73,4.57,5.72,3.555556,3.823237,3.333333,3.902419,3.555556,0.75,0.346,0.5
1448,hold,Possession,Action/Process,Verb,1,0.904088,212.654737,1.093251,324.824844,398.72331,0.84306,3.9e-4,3470.483536,4.67,3.68,6.148465778,0,436.739121,7106.53753,275.357605,7.908521,210.711106,397.176779,337.47213,143.308464,4607.507042,2550.505051,4066.449982,1,2.575829,6.05,4.86,5.67,4.352941,5.052708,4.578947,4.694205,4.578947,0.448,0.29,0.364
1449,rub,Basic actions and technology,Action/Process,Verb,1,0.970852,21.129911,0.797184,50.209016,164.64378,0.84498,1.36e-4,583.803026,4.83,4.33,6.118337971,1,15.470377,649.350649,3.858314,0.937484,11.893462,31.459547,22.992768,7.554751,403.519881,155.122655,417.118093,0.990698,2.191459,6.63,4.35,6.78,4.777778,5.25584,4.090909,4.37687,4.777778,0.521,0.565,0.4
1452,push,Motion,Action/Process,Verb,1,0.974796,70.261129,0.867351,121.167234,121.73955,0.52566,3.65e-4,1222.485909,4.26,4.21,6.068973958,1,70.567662,2315.650451,12.834798,4.975878,82.857623,150.116751,191.728833,38.142536,2118.042667,800.865801,1592.632719,1,2.575829,5.39,4.4,4.06,3.944444,4.429685,4.421053,5.150308,4.421053,0.417,0.608,0.524
1455,pull,Basic actions and technology,Action/Process,Verb,1,1,94.2347,0.934132,169.278179,330.80544,0.86937,2.69e-4,1637.79294,4.79,3.97,5.647797106,1,146.468584,4050.187101,102.757127,26.345712,87.056774,146.013332,171.086763,47.277779,2364.565365,809.88456,2327.555074,0.997214,2.420122,5.59,4.1,6,4.388889,4.79356,4,4.121359,4.388889,0.45,0.685,0.473
1457,sew,Clothing and grooming,Action/Process,Verb,1,0.991199,27.739178,1.084004,67.630243,142.08932,0.94434,1.7e-4,579.353308,6.05,4.32,5.754785327,3,5.509729,233.325996,4.015796,3.052833,2.275573,4.616347,2.864914,2.275908,77.079285,14.430014,54.171181,0.9925,2.243727,5.67,4.35,5.77,3.941176,4.690622,4.388889,4.437518,4.388889,0.51,0.34,0.34
1458,say,Speech and language,Action/Process,Verb,1,0.980488,1567.177456,0.558744,2224.1292,5890.24175,1.66045,1.84e-4,23320.379709,3.42,2.58,5.112080487,2,1639.781479,9060.09245,1306.74782,1050.030459,1131.043989,1039.532853,607.802438,2207.789054,7841.561674,3174.603175,5673.52835,0.992228,2.235438,5.91,4.43,6.88,3.9,3.962761,4.05,4.147935,4.05,0.571,0.31,0.482
1463,drunk,The body,Property,Adjective,1,0.967033,25.996143,0.636158,59.151141,233.07765,0.84913,5.29e-4,1173.242361,9.26,3.48,6.127984519,0,76.56758,2219.898745,42.087115,14.879558,28.546293,3.24854,4.481019,24.255281,700.482564,30.663781,93.896714,0.995614,2.351772,4.06,5.05,2.94,3.1,3.535529,3.684211,4.470632,3.684211,0.194,0.8,0.25
1467,circle,Spatial relations,Person/Thing,Noun,0.975107,0.856026,41.434201,0.829934,61.741174,136.71962,0.88706,5.24e-4,1122.515574,3.67,4.44,5.025446459,4,21.529117,759.410081,20.354573,21.65829,23.598533,131.993316,33.570911,37.54195,672.31478,553.751804,422.535211,0.997361,2.427,5.76,3.33,5.38,4.526316,4.588583,2.428571,3.117732,4.526316,0.48,0.29,0.343
1468,look for,Possession,Action/Process,Verb,1,0.995356,216.252693,1.148903,117.680095,232.74338,1.08881,2.44e-4,1557.401365,8.72,3,5.95084258,0,48.391495,1705.921197,185.947093,169.372158,64.390284,48.386151,63.615774,66.032949,1553.813569,337.301587,908.270134,0.99284,2.254311,5.56,3.85,5,4.263158,4.441409,4.4,4.974842,4.4,0.635,0.58,0.462
1469,week,Time,Person/Thing,Noun,0.972422,0.753933,659.187178,0.44404,1067.744653,258.11188,1.25407,8.8e-5,20140.314447,5.11,3.48,3.278832703,5,238.526147,5530.486463,191.222746,347.494169,457.176964,94.720592,323.955614,339.500184,5602.550385,434.704185,3215.962441,0.995475,2.346331,5.27,3.33,5.28,1.894737,1.974901,2.684211,3.020135,2.684211,0.51,0.231,0.351
1472,key,The house,Person/Thing,Noun,1,0.829148,68.708741,0.688376,118.475915,91.09709,0.4387,2.99e-4,2275.289232,3.58,4.89,5.537070313,7,86.881164,2383.887299,120.395132,78.027537,118.404154,39.495409,105.781425,132.950974,2877.481058,119.047619,1220.657277,0.994624,2.314411,6.22,3.9,6.75,4.294118,5.060612,3.411765,3.424523,4.294118,0.615,0.275,0.519
1474,sea,The physical world,Person/Thing,Noun,0.959658,0.846713,113.172424,0.549277,62.001624,608.2714,1.97557,9.67e-4,1156.63008,4.74,4.79,5.701552139,4,59.861926,1490.204711,45.394241,67.138297,160.01392,340.412814,184.529819,137.460644,2301.024085,1332.972583,1449.981943,1,2.575829,6.56,2.8,5.22,4,5.302195,2.894737,3.310534,4,0.833,0.353,0.589
1476,chair,The house,Person/Thing,Noun,1,0.952121,29.999105,0.67391,61.639888,143.02032,1.50217,4.76e-4,1130.821715,3.43,4.58,6.048896535,9,49.254228,1710.323575,30.472803,55.479838,45.218954,52.660546,41.137221,84.271825,1020.372513,279.58153,590.465872,0.997653,2.44097,5.89,2.86,5.28,4.35,5.131069,3.157895,4.418002,4.35,0.562,0.082,0.276
1477,keep,Possession,Action/Process,Verb,0.934669,0.808473,191.498745,1.168471,841.051667,511.0261,0.84153,2.47e-4,12894.096707,4.42,2.37,4.05259182,1,702.872733,8331.499009,79.371022,23.917868,527.784172,693.819789,805.261098,293.065334,7063.344761,3591.269841,6422.896352,0.997602,2.438504,6.32,3.43,5.71,1.9,2.085587,2.666667,3.47218,2.666667,0.714,0.296,0.547
1480,body,The body,Person/Thing,Noun,0.976504,0.995675,220.987913,0.625325,237.545078,422.92083,1.14231,7.2e-4,4342.331652,4.28,4.79,7.33434858,5,195.546343,4360.5547,134.292935,217.688655,149.746575,138.490397,204.510755,268.968102,3017.009848,627.705628,2042.253521,1,2.575829,5.95,4.62,5.76,4.315789,5.632561,3.95,5.99849,4.315789,0.694,0.461,0.571
1481,hammer,Basic actions and technology,Person/Thing,Noun,1,0.844838,10.002652,1.296817,14.93248,105.48756,0.77676,2.55e-4,237.318303,5.42,4.77,6.423217185,9,12.490025,435.835351,14.724585,11.970953,45.541203,17.09758,13.443056,12.085494,650.042579,82.972583,218.49043,0.99763,2.439885,5.17,4.56,5.59,4.210526,5.458168,4.421053,4.678425,4.421053,0.312,0.509,0.563
1482,shoulder,The body,Person/Thing,Noun,1,1,36.479805,0.547235,46.302263,193.23083,0.86697,1.2e-4,902.402848,4.5,4.93,5.362371123,5,26.215327,1075.280652,22.480582,21.874633,28.952822,9.574645,21.817419,50.459836,793.065048,68.542569,359.3355,0.995062,2.330537,5.1,2.96,4.81,4.052632,4.70066,2.952381,3.692079,4.052632,0.562,0.286,0.406
1483,nine,Quantity,Number,Function word,0.896278,0.777564,28.607094,0.544065,29.344059,165.76421,0.80911,4.3e-5,4582.023139,3.2271,4.04,4.015111744,0,67.489272,2168.170812,39.094953,65.1191,116.89702,155.417001,121.575179,143.898514,2845.16453,826.118326,1775.009029,0.997382,2.427978,5.1,3.83,5.21,3.545455,3.637804,2.212121,2.550278,3.545455,0.552,0.255,0.327
1487,pour,Basic actions and technology,Action/Process,Verb,1,0.980118,16.180624,1.050774,62.073971,269.44371,2.18376,4.2e-5,571.640463,5,4.14,5.12713572,1,15.137048,665.859564,1.259857,25.913027,17.693942,71.296908,20.788988,13.402571,497.412494,396.825397,366.558324,0.993492,2.275348,5.16,3.28,5.35,3.636364,4.268403,3.75,3.848782,3.75,0.448,0.57,0.375
1489,cloud,The physical world,Person/Thing,Noun,1,0.992179,45.612712,0.298342,52.900335,136.76251,0.93019,3.93e-4,978.344705,3.63,4.54,5.222664614,7,11.764545,428.131191,7.007957,9.615223,17.009783,102.243527,12.781922,17.290581,446.754154,395.021645,218.49043,0.997625,2.439611,6.2,2.81,4.79,4.9,4.900644,2.909091,2.9146,4.9,0.74,0.133,0.342
1493,one,Quantity,Number,Function word,1,0.897777,2067.528462,1.382185,3199.71788,9207.70076,0.53343,4.77e-4,72619.994067,3.2271,3.97,3.688233785,0,3072.212855,9186.660797,183.702972,926.018116,3668.704336,4005.621,4622.795192,3070.400428,9459.789943,7440.47619,8441.675695,1,2.575829,6.09,2.67,5.56,3,3.336567,2.15,2.352924,3,0.542,0.292,0.37
1495,happy,Emotions and values,Property,Adjective,1,1,557.154987,0.763107,1177.524424,591.07611,1.39391,0.002015,22781.073865,2.72,2.56,6.247808591,0,333.211126,6088.487783,116.891154,296.701752,364.661789,600.296027,388.746737,123.615535,5486.167216,2494.588745,4194.65511,1,2.575829,8.47,6.05,7.21,4.5,5.606901,3.526316,4.073995,4.5,1,0.735,0.772
1498,two,Quantity,Number,Function word,1,0.886916,972.5832,0.294661,834.786392,3705.60065,1.14628,3.69e-4,35755.562148,4.239515,4.18,4.501236733,0,1066.357955,8768.434955,591.739319,1312.646245,1495.115815,1710.954813,1610.962952,1644.9232260000001,8757.342184,5046.897547,7407.006139,0.997706,2.443606,6.3,3.33,5.05,3.764706,4.180838,1.904762,2.626629,3.764706,0.52,0.2,0.404
1500,four,Quantity,Number,Function word,1,0.843976,146.125261,0.368088,166.427696,587.83302,0.68497,1.18e-4,14639.572827,4.93222,3.37,3.561435536,0,255.800421,5429.231785,146.340323,248.938131,471.271634,584.395278,458.533094,486.011778,6309.583597,2263.708514,4259.660527,0.992443,2.241987,5.26,3.39,5.65,3.166667,3.31033,1.894737,2.072124,3.166667,0.552,0.28,0.383
1506,measure,Spatial relations,Action/Process,Verb,0.975107,0.942025,78.017335,0.784281,61.336029,113.67116,0.57436,2.71e-4,847.819638,7.53,3.59,4.18431646,1,10.548875,490.865067,7.992221,4.615307,30.23686,15.900749,21.082826,68.235101,888.049436,79.365079,352.112676,0.99455,2.311773,5.14,4.36,5.41,3.238095,3.428654,2.9,3.206076,3.238095,0.51,0.375,0.365
1507,fruit,Food and drink,Person/Thing,Noun,0.944845,0.93765,71.021707,0.549959,71.609344,1126.36202,2.39999,0.001073,1282.705429,3.63,4.81,7.039247917,8,21.7448,788.025534,3.779572,13.725731,53.136361,188.928257,79.556447,43.474062000000004,1037.622552,640.33189,877.573131,0.990783,2.193813,7,4.09,6.12,4.631579,6.267179,3.65,4.682119,4.631579,0.896,0.291,0.312
1508,king,Social and political relations,Person/Thing,Noun,0.802977,0.733947,84.331917,0.631224,98.016103,484.00675,2.21535,6.83e-4,2259.566894,5.42,4.1,4.246177145,6,129.272741,1858.903808,110.473754,114.300967,124.184803,183.11508,158.304841,172.684539,1903.181431,512.265512,1244.131455,0.995283,2.338919,6,4.45,5.53,3.666667,3.878587,2.210526,2.630961,3.666667,0.677,0.69,0.892
1509,mosquito,Animals,Person/Thing,Noun,0.986424,0.938419,14.477295,0.874449,6.149519,155.23693,1.5494,8.1e-5,119.845743,6.1,4.88,5.656929777,11,1.843112,83.645168,1.535451,1.971121,1.928536,4.787322,5.068693,2.560397,48.474791,10.822511,83.062477,0.994987,2.327761,3.12,5.17,3.88,4.5,5.289867,2.368421,3.207596,4.5,0.229,0.4,0.198
1510,chin,The body,Person/Thing,Noun,1,0.914378,4.508873,0.924872,9.737945,94.14857,0.50652,4.9e-5,188.668051,4.22,4.89,5.292773066,6,12.705708,512.876954,5.7481,3.245138,8.542074,16.926604,12.928841,16.985019,283.424678,119.047619,220.296136,0.995074,2.330994,5.07,3.84,5.48,4.166667,4.504517,3.6,3.8455530000000002,4.166667,0.571,0.31,0.269
1511,rooster,Animals,Person/Thing,Noun,0.845025,0.950037,7.640821,0.841623,4.78939,169.07358,1.2021,5.4e-5,84.841293,6.41,4.75,5.413837284,13,3.8823,113.361215,9.291449,6.105667,1.353445,4.445371,5.362531,0.305562,27.949429,27.056277,25.279884,0.99022,2.178561,5.53,4.57,5.09,4.294118,5.088509,2.941176,2.99708,4.294118,0.459,0.385,0.275
1514,hen,Animals,Person/Thing,Noun,0.808211,0.950018,5.188423,1.313927,3.530548,166.17631,1.43474,7.5e-5,123.702166,6.39,4.9,5.033577118,13,3.215642,118.864187,0.866152,14.639177,9.037842,28.723934,4.848315,4.709866,194.335874,75.757576,63.199711,0.985294,2.062947,6.14,3.39,5.39,4.222222,4.849748,2,2.37927,4.222222,0.385,0.276,0.241
1515,ten,Quantity,Number,Function word,0.896278,0.90828,85.622999,0.675541,83.445359,353.51463,0.76461,1.07e-4,9142.390982,3.578781,3.39,3.578713113,0,145.017623,3603.345807,101.615381,145.814861,243.164047,233.210989,361.346409,213.629814,4250.933467,1091.269841,3248.46515,1,2.575829,5.16,3.1,4.8,3.3,3.411237,1.75,1.830971,3.3,0.562,0.26,0.406
1518,stupid,Cognition,Property,Adjective,0.950039,0.957296,160.96605,0.686538,125.623827,119.32118,0.68203,8.78e-4,2424.206467,4.4,1.84,4.75131026,0,184.428848,4707.241911,87.284502,134.68524,60.741435,5.984153,159.259812,34.739211,1483.503286,52.308802,2083.78476,0.997573,2.437094,2.84,4.34,4.03,3.117647,3.859888,3.52381,3.677959,3.52381,0.133,0.51,0.2
1521,seem,Cognition,Action/Process,Verb,0.839297,0.831384,664.382991,0.372886,622.114311,145.04523,0.71915,7.2e-5,3989.617324,6.67,3.13,4.731617548,1,139.841223,4517.939687,32.598813,63.027789,135.00245,63.944949,132.594078,179.038116,3655.479617,602.453102,2302.27519,0.992574,2.246016,5.45,3.24,4.53,2.058824,2.251873,2.157895,2.464517,2.157895,0.471,0.302,0.298
1523,forget,Cognition,Action/Process,Verb,1,0.992985,248.161448,0.647255,300.631912,162.33562,0.64045,1.19e-4,3409.374073,4.78,2.04,4.951801163,0,277.074639,6231.565045,282.089968,35.504212,109.638984,202.435345,180.416097,64.884458,2997.357906,1500.721501,2928.855182,0.997555,2.436234,3.73,4.43,3.5,3.888889,3.956965,3.9,3.903161,3.9,0.312,0.382,0.209
1524,wine,Food and drink,Person/Thing,Noun,0.804863,0.678729,99.749053,0.470438,137.445374,239.42888,1.37711,4.59e-4,2442.598635,7.9,4.79,6.4358559,7,60.371723,1671.802773,47.559621,198.458209,69.442155,1.196831,6.097124,66.443877,1031.508614,10.822511,101.119538,0.997403,2.428944,5.85,4.24,5.67,4.304348,5.571962,4.222222,4.540108,4.304348,0.792,0.417,0.457
1528,forgive,Emotions and values,Action/Process,Verb,0.950499,0.824038,64.717659,1.943339,39.168821,109.90613,0.65823,5.2e-5,561.257787,5.44,1.92,3.853112235,2,76.822478,2432.313449,31.063361,9.422919,18.839165,10.429524,16.969104,14.582671,563.137323,72.150072,334.055616,0.992126,2.23237,7.06,3.62,6.44,2.470588,3.327608,2.190476,2.7305450000000002,2.470588,0.781,0.408,0.562
1530,bowl,Food and drink,Person/Thing,Noun,0.975109,0.900393,14.233734,1.959891,104.006458,165.22163,1.19574,1.58e-4,1884.603975,4.26,4.87,5.87603902,8,21.470294,751.705921,7.441033,0.408647,49.00166,170.804822,44.957106,25.677724,793.283403,530.30303,689.779704,0.997792,2.447857,5.67,3.21,5.58,4.526316,5.520366,2.904762,3.260341,4.526316,0.625,0.377,0.358
1536,understand,Cognition,Action/Process,Verb,1,0.955012,306.21864,0.559174,282.588498,335.50767,1.01984,2.57e-4,3679.026995,6.17,2.28,4.894416416,0,482.463985,7497.248514,188.939254,80.190962,209.298168,69.074222,145.155622,163.3491,4190.667511,562.770563,2410.617551,0.992147,2.232988,6.68,3.52,6.71,2.6,3.701512,3.947368,4.052072,3.947368,0.76,0.374,0.643
1539,basket,Basic actions and technology,Person/Thing,Noun,1,0.93907,13.364608,0.603858,25.654348,660.41203,1.80658,1.22e-4,468.407001,5.67,5,6.032310344,7,13.195898,472.154964,8.267815,3.725899,14.535903,61.03836,35.627772,14.2455,370.111579,348.124098,357.529794,0.99505,2.330079,5.66,2.48,5.3,4.625,5.674021,3.190476,3.327291,4.625,0.458,0.227,0.336
1540,eyelash,The body,Person/Thing,Noun,1,0.949595,10.117613,0.530899,11.561096,93.22601,0.48486,7.3e-5,197.567487,5.8,5,5.20113371,8,0.882341,38.520801,1.41734,0.793256,0.609794,0.341952,2.350698,0.295025,16.376619,3.607504,27.08559,0.995215,2.336337,5.45,2.61,5.05,3.875,4.173946,4,4.081299,4,0.48,0.25,0.278
1547,soup,Food and drink,Person/Thing,Noun,0.975883,0.98524,42.336091,0.600243,60.178472,172.43206,1.06269,3.81e-4,1063.185998,5.37,4.72,6.449559448,7,25.215341,840.854061,20.984501,25.840913,25.968302,66.851537,34.819719,14.266573,427.975632,160.533911,409.895269,0.997596,2.438224,7.05,4.24,6.64,4.238095,5.097817,3.5,3.692376,4.238095,0.602,0.245,0.269
1548,ugly,Emotions and values,Property,Adjective,1,0.981257,55.863953,0.790386,57.139886,127.38012,0.63042,4.52e-4,1043.31059,4.17,3.23,4.998788483,0,42.175893,1578.252256,16.53563,34.759032,16.856095,12.481233,33.938207,14.393012,547.852479,48.701299,590.465872,0.98977,2.166726,2.47,4.43,3.86,3.875,3.949087,3.8,3.985825,3.875,0.167,0.63,0.254
1558,similar,Sense perception,Property,Adjective,0.951122,0.981805,116.799425,0.648811,79.914812,119.49152,0.57991,1.87e-4,1596.855532,7.33,2.46,4.394448363,0,13.646872,633.942329,43.740678,33.364825,63.884601,3.590492,26.07806,194.221374,2004.934821,37.878788,534.488985,0.992611,2.247148,5.86,3.43,5.8,3.5,4.036572,2.473684,2.672627,3.5,0.562,0.25,0.423
1559,money,Possession,Person/Thing,Noun,1,0.990165,341.677116,0.424528,342.694624,766.2463,1.01262,0.004067,6219.816078,5.11,4.54,5.334421579,6,640.775544,6216.156725,640.361944,721.742698,689.087088,52.831522,294.792263,393.732128,5723.300653,227.272727,2540.628386,0.997462,2.431767,7.1,6.86,6.32,4.333333,5.106696,2.15,2.650605,4.333333,0.844,0.608,0.827
1560,face,The body,Person/Thing,Noun,1,1,224.636135,0.863637,338.064397,417.30919,1.20892,8.15e-4,6067.042421,3.75,4.87,6.481296331,6,289.172513,6175.434735,194.018055,240.020011,276.663057,214.232675,492.985516,368.560161,5178.723497,1163.419913,4561.213434,0.98873200000000006,2.140556,6.36,4.59,5.96,4.95,5.32807,4.6,4.946171,4.95,0.571,0.173,0.453
1562,mind,Cognition,Person/Thing,Noun,0.962412,0.851802,148.861884,0.724053,379.591739,206.43863,0.75292,5.82e-4,7241.768021,5.37,2.5,5.10037139,4,484.620818,7562.183579,51.654157,116.464392,295.021328,264.157608,352.310913,300.040571,5407.122737,1964.285714,4366.197183,1,2.575829,6.7,5.05,6.09,3.55,3.71435,4.333333,4.334487,4.333333,0.65,0.388,0.627
1564,lazy,The body,Property,Adjective,1,0.979493,66.404663,1.553757,42.684899,161.03185,1.7165,4.31e-4,826.757639,6.39,2.67,4.822849938,0,11.607684,490.865067,12.441093,2.860529,11.809182,25.133442,20.201314,8.713778,370.111579,106.421356,375.586854,0.99511,2.332353,3.05,3.05,5.79,2.941176,3.573462,2.75,4.052376,2.941176,0.392,0.264,0.096
1567,door,The house,Person/Thing,Noun,1,0.981971,194.133207,0.386001,223.495235,638.61768,0.96376,7.77e-4,4125.185405,3.05,4.96,5.952426098,9,292.074434,5818.842175,248.113186,328.888712,181.674003,256.292722,222.43483,267.271707,3354.149835,1414.141414,2376.309137,0.992248,2.236045,5.43,3.19,6.1,4.647059,5.012693,4.157895,4.395937,4.647059,0.549,0.189,0.421
1569,cheese,Food and drink,Person/Thing,Noun,0.71203,0.576525,34.669399,0.572327,104.7444,109.73495,0.70076,6.82e-4,1889.053693,4.33,4.7,6.09975714,5,39.058289,1244.772177,21.141984,46.994404,64.097781,276.467866,110.262444,27.289826,878.441819,698.051948,1114.120621,0.997416,2.429581,6.81,3.8,7.11,3.9375,5.136771,4.05,4.504734,4.05,0.74,0.28,0.281
1571,sell,Possession,Action/Process,Verb,0.977282,0.96886,145.054255,0.518034,211.803914,274.10959,1.06294,1.33e-4,1718.184515,7.05,3.35,4.095281817,2,92.273247,2687.651332,79.21354,50.576074,165.576432,27.527104,86.094326,81.237281,2280.935432,149.7114,799.927772,1,2.575829,5.33,4.19,5.88,2.368421,2.449163,2.947368,3.779583,2.947368,0.618,0.608,0.605
1583,brain,The body,Person/Thing,Noun,1,0.99186,94.088045,0.562745,100.186521,108.05398,0.65913,6.84e-4,1862.652032,5.76,4.69,4.486854942,7,77.038161,2195.68567,53.583314,92.786905,68.6638,144.987477,117.534917,50.238567,1314.059873,452.741703,1395.810762,0.992958,2.258032,6.22,3.35,6.28,2.388889,2.64889,4.117647,4.155203,4.117647,0.667,0.441,0.823
1585,sleep,The body,Action/Process,Verb,1,1,447.839964,0.492167,355.254112,667.15802,0.91802,9.35e-4,5223.672501,2.79,4.44,4.901510777,3,227.957664,5130.970724,152.364016,172.68941,87.830171000000007,468.644663,134.871317,80.141473,1890.080136,1444.805195,1598.049837,0.997722,2.444377,7.22,3.6,5.3,3.52381,3.800395,3.35,3.976292,3.52381,0.719,0.09,0.339
1592,chest,The body,Person/Thing,Noun,1,0.999235,36.427763,0.815261,30.747596,181.21058,1.19914,1.36e-4,597.448828,5.05,4.93,5.628241387,5,40.999439,1296.50011,28.77987,38.941654,30.271564,54.54128,27.10649,40.039127,724.71996,245.310245,427.952329,0.997613,2.43906,5.18,4.95,6.58,4.0625,4.66902,4.093023,4.245146,4.093023,0.52,0.429,0.481
1593,deep,Spatial relations,Property,Adjective,1,0.988985,83.031179,0.463391,137.184923,171.67535,0.87788,2.71e-4,2132.304954,5.47,3.38,4.481386329,0,76.410719,2701.959058,59.173932,6.634504,94.423879,121.221841,102.989971,112.752288,2504.967574,891.053391,1536.655832,0.994911,2.324918,5.44,3.9,4.94,3.705882,3.98403,2.35,2.991173,3.705882,0.49,0.473,0.657
1594,flour,Food and drink,Person/Thing,Noun,1,0.914785,42.58384,1.556657,39.154351,179.42746,1.12873,1.3e-4,646.989024,6.89,4.97,5.600357739,6,3.176427,122.16597,2.834679,4.08647,24.674349,82.923262,14.765324,11.04237,312.684237,247.113997,189.599133,0.994681,2.316483,5.25,3.26,5.86,3.625,4.878887,3.375,3.904288,3.625,0.53,0.235,0.239
1596,lock,The house,Person/Thing,Noun,0.913877,0.723243,16.163282,1.084005,52.133454,122.29578,1.01467,1.73e-4,522.990211,5.74,4.65,5.373711473,9,56.587461,2054.809597,34.685452,3.052833,26.404577,17.439531,39.374197,27.15285,785.640981,63.131313,653.665583,0.997549,2.435945,4.56,3,4.11,4.4,4.972381,3.105263,3.18257,4.4,0.271,0.585,0.6
1599,word,Speech and language,Person/Thing,Noun,0.936162,0.969913,439.385791,0.518104,553.485676,503.60667,0.93296,0.001371,10327.499258,4.42,3.56,6.526977669,5,235.565403,5665.859564,183.742342,173.578818,195.173752,194.228507,181.22415,204.199546,3851.12562,817.099567,2500.902853,0.995062,2.330537,5.77,4,6.22,4.470588,5.453621,4.1,4.874996,4.470588,0.552,0.255,0.482
1600,skirt,Clothing and grooming,Person/Thing,Noun,1,0.83853,16.999117,0.711986,25.538592,137.45279,1.1801,1.66e-4,458.024325,5.67,4.82,4.688376611,8,9.980256,424.829408,25.118409,9.735414,6.410274,5.30025,7.272473,15.731162,205.253619,39.68254,128.205128,1,2.575829,6.14,4.88,5.86,4.176471,4.291172,1.947368,2.885953,4.176471,0.602,0.463,0.226
1601,weak,The body,Property,Adjective,0.976504,0.97506,50.584826,0.638519,41.773323,122.93921,0.51583,4.27e-4,694.749333,5.58,2.79,5.545660336,0,31.52898,1300.902487,32.953148,36.345544,21.481606,4.787322,19.980936,37.657852,732.580737,34.271284,386.421091,0.995327,2.340609,2.95,4.9,5.32,3.555556,3.931404,3,4.788363,3.555556,0.18,0.241,0.045
1605,skull,The body,Person/Thing,Noun,1,0.885123,7.735938,0.703117,8.551449,89.64468,0.40784,4.5e-5,163.452981,6.33,4.83,4.973368299,9,14.725289,554.699538,24.724703,2.47592,10.96142,4.445371,24.755792,11.980128,243.029019,27.056277,269.050199,0.994924,2.325397,3.63,4.98,4.19,3.333333,3.746233,4.1,4.129856,4.1,0.276,0.558,0.574
1607,hate,Emotions and values,Action/Process,Verb,0.978399,0.942878,267.200441,0.399134,387.448655,108.65576,0.72459,4.57e-4,6789.083358,5.53,2.36,4.985993884,1,214.604906,5231.124807,34.449228,5.841248,65.2083,12.139282,112.245845,32.642425,1713.867721,110.02886,1807.511737,0.997449,2.431149,1.96,6.26,4.47,3.578947,4.449551,2.952381,3.29758,3.578947,0.031,0.802,0.43
1608,listen,Sense perception,Action/Process,Verb,1,0.983137,254.273269,0.59971699999999994,324.65121,420.63942,0.67448,1.74e-4,2818.451498,5.4,3.47,5.89401386,1,544.796465,7666.74004,25.866449,88.628321,177.916085,405.383618,298.832526,60.985912,3397.820818,2388.167388,3548.212351,0.997403,2.428944,6.91,3.76,5.56,4.55,4.579644,4.772049,4.772543,4.772049,0.771,0.36,0.445
1616,cloth,Clothing and grooming,Person/Thing,Noun,1,0.959365,37.805842,0.654806,70.741176,224.81734,1.05428,6.08e-4,1197.27084,5.3,4.9,6.120570593,5,6.117563,260.840854,26.102673,8.894082,10.148361,15.558798,9.843549,20.736053,307.880429,117.243867,191.404839,1,2.575829,6.2,2.58,5.4,4.5,5.637862,2.952381,3.4970850000000002,4.5,0.51,0.19,0.287
1618,grandson,Kinship,Person/Thing,Noun,0.918828,0.954387,9.784458,0.873192,5.845661,113.26307,0.64588,6e-6,115.396025,5.89,4.3,4.700088229,7,7.999891,271.846797,15.157661,15.456471,7.515835,1.196831,3.379129,6.237674,236.915082,10.822511,65.005417,0.994987,2.327761,6.22,3.36,5.39,3.888889,4.403602,2.3,2.641709,3.888889,0.778,0.333,0.5
1619,granddaughter,Kinship,Person/Thing,Noun,0.918828,0.947499,3.633634,0.607899,3.906753,101.81389,0.66405,9e-6,78.611688,4.68,4.37,4.609355667,7,6.490107,224.521241,4.370131,8.581587,5.215474,0.85487899999999994,1.983402,2.760592,167.041509,5.411255,43.336945,0.974555,1.877996,6.86,4.6,5.33,3.555556,4.214472,2.5,2.846939,3.555556,0.823,0.445,0.389
1620,son,Kinship,Person/Thing,Noun,0.976504,0.982188,157.425726,0.714366,181.128665,1017.65752,0.88045,1.41e-4,3371.699792,3.78,4.14,5.255053966,6,410.778692,5663.658376,339.649708,680.084743,146.28116,19.833193,94.248311,138.071767,2717.645261,117.243867,1148.429036,0.997312,2.424664,6.91,4.43,5,4.2,5.15874,1.761905,1.986064,4.2,0.792,0.365,0.528
1622,shirt,Clothing and grooming,Person/Thing,Noun,1,0.899748,67.467008,1.301959,94.080411,204.40452,0.91901,3.58e-4,1800.652625,3.53,4.94,6.232880417,8,46.391522,1541.932644,28.386164,46.2973,29.632024,25.817346,48.262775,29.544661,832.587287,133.477633,675.334056,0.997462,2.431767,5.56,2.3,5.67,4.8,5.702582,3.333333,3.841628,4.8,0.698,0.186,0.231
1623,speak,Speech and language,Action/Process,Verb,1,0.996294,541.820841,0.662033,951.916648,1757.16044,1.11394,0.001012,10045.683773,3.56,4.07,6.198962567,3,187.193516,4721.549637,309.255645,802.246155,123.084199,44.453708,101.373866,99.37079,3001.943359,339.105339,1686.529433,0.995536,2.348696,5.91,4.19,5.89,4.555556,4.685115,4.5,4.745843,4.555556,0.765,0.472,0.5
1624,empty,Quantity,Property,Adjective,0.951122,0.983365,70.237891,0.572119,50.845672,172.92385,1.13597,5.02e-4,948.383269,4.79,3.43,4.478760162,0,47.254255,1942.548976,36.850832,31.2014,47.697792,58.473723,44.295972,60.764643,1256.414176,494.227994,841.45901,1,2.575829,3.78,2.25,3.61,4.058824,4.395773,1.421053,1.698733,4.058824,0.188,0.183,0.081
1626,explain,Cognition,Action/Process,Verb,0.974303,0.868248,148.179021,0.721036,124.799068,140.23999,0.75285,1.43e-4,1270.839513,6.5,1.97,5.274387941,4,111.194557,3727.712965,109.883196,38.941654,67.022809,30.604668,63.468855,83.618555,2034.19438,274.170274,1218.851571,0.997375,2.427654,5.41,4,6.22,4.222222,4.409674,3.5,3.93611,4.222222,0.719,0.517,0.736
1627,chain,Basic actions and technology,Person/Thing,Noun,0.968952,0.806208,25.162358,0.790705,37.967856,142.28083,1.94269,2e-4,667.16108,5.22,4.55,4.695312105,9,21.235003,814.439797,18.386045,32.619645,30.692966,9.061717,15.132621,39.34371,744.590257,48.701299,250.993138,0.992366,2.239637,4.79,4.05,4.2,4.05,4.646058,1.333333,1.477214,4.05,0.378,0.5,0.547
1631,fast,Time,Property,Adverb,1,0.983882,171.725325,0.385179,297.188181,301.82741,0.95684,0.001593,4959.655888,3.738636,3.32,4.948501881,0,137.468707,4192.163768,349.846679,1.706702,123.203183,319.553767,238.66934,80.036107,2938.838789,1852.453102,3076.923077,0.9975,2.433588,6.08,5.16,6.18,3.421053,3.863923,3.157895,3.989332,3.421053,0.704,0.755,0.75
1633,flat,Spatial relations,Property,Adjective,1,0.922096,19.456119,0.83674,45.680076,198.64306,1.94642,2.67e-4,876.001187,5.68,4.07,5.250949346,0,26.234935,1005.943209,6.968587,13.461313,98.390019,70.613005,56.049463,90.467353,1866.71616,400.4329,872.156013,0.997537,2.435363,4.43,3.04,4,4,4.835635,2.35,3.165124,4,0.408,0.236,0.303
1635,obey,Social and political relations,Action/Process,Verb,0.958267,0.963592,9.106885,0.737365,9.59325,105.42828,0.52604,6.4e-5,129.635123,5.44,2.67,3.356678269,2,8.960662,375.302663,8.819002,4.398965,3.277023,1.025855,7.345932,7.797093,115.291395,10.822511,130.010834,0.995413,2.343914,5.13,4.1,4.43,2.529412,2.861923,2.052632,2.431742,2.529412,0.677,0.433,0.533
1639,beer,Food and drink,Person/Thing,Noun,0.895966,0.685495,105.059818,0.724879,296.016155,155.0817,1.56023,6.85e-4,4703.055473,6.11,4.88,6.645826735,8,75.50877,1987.673344,81.969479,79.638087,29.760923,6.668056,4.113722,34.949943,703.757888,14.430014,59.588299,0.995434,2.344725,5.67,4.3,5.33,4.526316,5.842176,4,4.54888,4.526316,0.592,0.654,0.5
1642,niece,Kinship,Person/Thing,Noun,0.81321,0.833856,7.958729,1.029791,15.091644,110.49027,0.71216,2.4e-5,300.207654,7,4.28,4.851181841,6,9.548889,303.764033,9.133967,10.576746,5.027083,1.538782,2.938373,5.036501,146.297792,10.822511,50.559769,0.991189,2.205131,6.52,3.95,5.36,3.75,4.666009,2.1,2.325789,3.75,0.771,0.32,0.4
1644,relatives,Kinship,Person/Thing,Noun,0.976504,0.976042,29.166894,0.675283,23.614154,386.87301,1.50665,1.25e-4,464.847226,6.47,2.97,4.917827018,4,10.078293,466.651992,10.07886,10.047908,17.297328,2.05171,7.860148,27.943096,471.646614,19.84127,151.679307,1,2.575829,5.9,3.86,4.81,3.095238,3.467714,4,4.258706,4,0.5,0.378,0.386
1651,tear,Emotions and values,Person/Thing,Noun,1,0.987133,60.001013,0.55581,101.734753,164.63182,0.58168,3.34e-4,1537.822605,4.89,4.56,4.737695056,6,27.019238,1160.026414,2.755938,2.331692,26.865641,17.952459,24.315036,45.328506,838.48287,95.598846,436.98086,0.99511,2.332353,3.14,4.8,5.68,3.333333,3.807184,3.142857,3.712239,3.333333,0.404,0.62,0.327
1654,lightning,The physical world,Person/Thing,Noun,1,0.993815,15.762959,0.526705,14.064312,181.20917,2.38575,1.22e-4,272.026105,4.76,4.59,5.070492228,8,14.156669,397.31455,12.322981,3.437442,9.999631,28.381983,27.620705,8.808608,250.889796,126.262626,362.946912,0.984576,2.048206,5.34,6.75,4,4.105263,4.207745,3.761905,3.822744,4.105263,0.429,0.683,0.595
1657,true,Emotions and values,Property,Adjective,1,0.96463,219.300738,0.86618,329.628704,306.73436,1.09157,3.26e-4,6426.283002,4.644481,1.7,4.688289467,0,253.369081,5847.457627,291.223935,141.99281,212.624768,129.257703,327.995877,192.187808,3970.784112,851.370851,3259.299386,1,2.575829,7.51,4.98,7,3,3.93978,3,3.473159,3,0.896,0.436,0.777
1663,bed,The house,Person/Thing,Noun,0.976504,0.981971,149.78384,0.719791,228.44379,286.3559,0.95997,7.16e-4,4362.503708,2.89,5,6.740063507,9,187.134694,4527.845036,162.167282,178.194125,130.302574,364.349426,127.158088,167.500525,2648.863463,1614.357864,1536.655832,0.995444,2.345129,7.16,3,6.73,4.421053,5.430322,3.714286,5.266349,4.421053,0.604,0.173,0.327
1664,raft,Motion,Person/Thing,Noun,0.735932,0.643128,2.636199,1.612487,1.996785,98.63014,0.6714,1.4e-5,39.454168,7.35,5,4.847083944,6,4.725426,145.27845,5.905582,5.264335,3.990928,1.538782,7.492851,3.276886,122.060397,12.626263,74.033947,0.997312,2.424664,5.7,4.55,5.76,3.529412,3.840261,3.333333,3.853981,3.529412,0.51,0.229,0.228
1667,hole,Spatial relations,Person/Thing,Noun,1,0.967614,41.083689,0.66175,58.138279,551.22984,0.73786,5.34e-4,1083.95135,5.05,4.81,4.487245633,6,58.234497,1932.643628,52.205345,32.835988,57.692465,179.011661,77.132289,48.268221,1421.9272,779.220779,1063.560852,0.997319,2.425002,5.28,2.95,3.72,3.888889,4.03652,2.166667,2.907682,3.888889,0.531,0.31,0.33
1669,ancestors,Kinship,Person/Thing,Noun,0.977786,0.919348,8.448525,0.663881,9.188105,230.65443,1.16184,5.3e-5,176.802136,8.61,3.36,3.503862207,5,1.705859,62.733876,0.236223,3.629747,2.399515,0.170976,1.542646,3.729961,69.873573,1.803752,32.502709,0.990099,2.175349,6.37,3.73,4.81,2.15,2.455865,2.210526,2.276833,2.210526,0.592,0.388,0.594
1672,write,Speech and language,Action/Process,Verb,1,0.989205,635.868995,0.453351,716.397294,229.36661,0.99624,2.91e-4,4025.808365,4.89,4.22,5.870910323,3,126.821794,3239.049087,84.489194,66.633497,78.177578,55.567134,84.62514,114.669951,1887.459877,335.497835,1206.211629,0.994778,2.320027,6.45,3.81,5.28,3.651163,4.369235,4.727273,4.917947,4.727273,0.612,0.387,0.534
1673,arm,The body,Person/Thing,Noun,0.976504,1,56.663143,0.728469,112.615785,237.74912,1.46548,4.63e-4,1840.996737,3.26,4.96,6.289342158,8,65.430477,2141.756549,68.701604,55.744257,56.686057,147.894065,73.165486,117.420007,1498.133065,791.847042,1103.286385,0.993135,2.263698,5.44,3.44,6.02,3.939394,5.108298,4.842105,4.869708,4.842105,0.552,0.285,0.469
1682,guilty,Law,Property,Adjective,0.859664,0.687698,30.752761,1.172925,34.422839,105.1894,0.83792,1.39e-4,667.16108,8.05,2.36,4.332524012,0,62.312873,1693.81466,45.079276,61.489353,37.504812,1.196831,22.845849,44.612016,978.44837,10.822511,406.283857,0.997442,2.430838,3.09,4.65,4.5,3,3.532117,3.15,3.339968,3.15,0.135,0.77,0.352
1690,fence,Agriculture and vegetation,Person/Thing,Noun,0.974006,0.918633,14.449773,0.846888,22.051453,267.87898,1.56665,2.61e-4,384.455651,6.28,4.82,5.253337614,8,16.078211,608.628659,11.378088,2.836491,20.202526,23.936612,18.658668,18.122973000000002,490.861847,106.421356,263.633081,0.995338,2.341027,5.05,2.7,5.2,4.5,4.578038,2.666667,3.153434,4.5,0.5,0.198,0.398
1702,holy,Religion and belief,Property,Adjective,0.851159,0.6367,53.892919,0.689812,101.02575,193.91905,1.27207,2.54e-4,1900.029665,5.55,1.77,3.623620291,0,14.039024,548.095972,6.220546,15.937233,23.623322,1.196831,9.402793,31.894325,519.029631,7.215007,162.513543,0.997468,2.432074,6.06,3.37,4.78,2.529412,2.985768,2.652174,2.757296,2.652174,0.812,0.112,0.69
1703,six,Quantity,Number,Function word,0.896278,0.799054,113.320007,2.196519,87.786197,289.048,1.34996,6.1e-5,7752.002373,5.25193,3.43,3.13162716,0,199.546289,4789.786485,100.473636,195.71787,294.902343,310.834001,263.64551,320.102281,5151.210778,1185.064935,3071.505959,0.994872,2.323471,4.85,3.18,5.58,2.888889,2.935949,1.7,1.754938,2.888889,0.5,0.154,0.271
1704,seven,Quantity,Number,Function word,0.896278,0.777101,56.118714,0.639425,49.442135,350.51662,1.08197,8.2e-5,6252.743993,5.3585,3.72,3.136364425,0,104.469158,3060.752807,58.504633,107.474158,164.198198,195.425337,154.411497,182.82076,3704.172762,1002.886003,2204.767064,0.997596,2.438224,4.9,3.8,5.64,2.235294,2.283042,2.3,2.666147,2.3,0.672,0.265,0.373
1705,eight,Quantity,Number,Function word,0.896278,0.783632,37.600126,0.471322,36.318337,273.42087,0.97611,7.2e-5,5642.539306,5.3585,4.04,4.385617803,0,98.253557,2952.894563,60.47316,96.128195,166.225887,225.859029,156.909114,182.388759,3697.40376,1008.297258,2168.652943,1,2.575829,5.37,3.48,5.26,3.526316,3.753656,2.705882,3.156931,3.526316,0.54,0.199,0.315
1706,eleven,Quantity,Number,Function word,0.896278,0.812625,11.434742,0.775402,8.681674,125.13418,0.5355,3.2e-5,3528.62652,5.78478,3.93,3.981299354,0,12.999822,517.279331,11.378088,17.523744,5.146067,4.787322,5.950205,39.923224,174.683931,45.093795,124.593716,1,2.575829,5,3.05,5.2,3.25,3.263672,2.857143,3.048952,3.25,0.449,0.25,0.43
1707,twelve,Quantity,Number,Function word,0.896278,0.795674,14.168474,0.539114,15.800647,194.84928,0.9426,8.3e-5,4035.894393,4.484626,3.61,3.161994518,0,18.842879,715.386309,18.03171,29.278355,4.610638,3.24854,4.995234,69.299299,160.054152,30.663781,106.536656,0.994302,2.302943,5.32,3.42,5.86,2.736842,2.788624,1.941176,2.149306,2.736842,0.49,0.298,0.412
1709,fifteen,Quantity,Number,Function word,0.896278,0.783239,9.700672,0.6614,10.823154,168.66857,1.02407,1.7e-5,3525.066746,6.10449,3.37,3.630916073,0,17.568387,681.267885,2.952791,24.206325,1.829382,1.025855,2.056861,56.476242,63.54128,5.411255,41.531239,0.994949,2.326348,4.94,3.65,4.76,3.411765,3.549068,1.272727,1.468178,3.411765,0.49,0.29,0.443
1725,correct,Emotions and values,Property,Adjective,1,0.962313,468.886656,0.922874,1312.842788,1444.62046,0.90355,9.15e-4,25105.606645,4.346085,3.47,4.084930677,0,44.960169,1656.394453,426.264911,169.756767,232.232373,61.551287,128.186519,71.543597,1876.323777,279.58153,1229.685807,0.995134,2.33325,6.94,3.48,7.06,2.705882,3.084944,2.8,3.280115,2.8,0.857,0.306,0.723
1726,wet,Sense perception,Property,Adjective,1,0.99703,39.800385,0.681991,50.845672,184.43193,1.04754,9.87e-4,967.368733,2.47,4.46,6.234871368,0,39.234757,1547.435615,16.496259,7.355646,56.834787,133.190147,76.838452,41.89357,1488.525449,728.715729,1162.874684,0.992424,2.241403,5.64,5,6.11,4.5,5.120703,3.238095,4.763658,4.5,0.385,0.417,0.185
1728,rotten,Food and drink,Property,Adjective,1,0.981958,17.592446,1.058924,6.221867,132.87287,0.89555,1.11e-4,118.659152,6.95,3.87,5.698156003,0,17.489957,716.486903,6.968587,4.663383,10.842435,13.165136,30.41216,8.513583,351.333057,97.402597,507.403395,0.987685,2.115537,2.43,4.9,3.37,4.333333,5.579199,2.05,2.247124,4.333333,0.104,0.59,0.327
1730,cheek,The body,Person/Thing,Noun,1,0.982916,15.537456,0.918308,18.014474,111.27189,0.96001,1.06e-4,347.374666,5.06,4.83,5.045288126,6,7.176372,309.267004,4.803207,6.009515,8.50737,8.035863,10.87198,20.251369,284.953163,70.34632,222.101842,0.992424,2.241403,5.9,3.47,5.38,3.947368,4.464309,3.157895,3.404307,3.947368,0.67,0.314,0.421
1732,sky,The physical world,Person/Thing,Noun,1,1,101.106385,0.569823,69.540211,185.07108,0.88909,5.5e-4,1341.145061,4.17,4.45,5.495206516,6,44.822916,1358.133392,116.930524,144.949491,61.460298,390.337747,74.340835,52.567159,1392.667642,1563.852814,902.853016,0.993088,2.262174,7.32,2.74,5.61,4.736842,4.739511,3.894737,3.903457,4.736842,0.958,0.234,0.401
1743,join,Spatial relations,Action/Process,Verb,0.977167,0.932422,112.282301,0.692339,317.488829,131.61009,0.65012,2.25e-4,3506.377929,5.83,2.86,4.518049525,1,83.449838,2980.409421,2.559086,8.821967,125.801005,377.172611,163.74083099999999,78.771713,3296.285783,2267.316017,2538.82268,0.993421,2.272998,5.83,3.9,4.94,2,2.31099,1.789474,2.435246,2,0.729,0.479,0.684
1745,hip,The body,Person/Thing,Noun,1,0.915694,9.528613,0.957027,38.38747,106.54791,0.74827,1.33e-4,731.53367,6.17,4.21,4.115342738,5,15.431161,556.900726,6.45677,6.322009,23.454761,147.894065,29.897944,11.66403,458.10861,337.301587,377.39256,0.994723,2.318014,5.86,3.8,5.36,3.28125,3.659617,2.176471,2.745065,3.28125,0.448,0.415,0.345
1747,custom,Social and political relations,Person/Thing,Noun,0.956764,0.865791,15.788816,1.036339,29.271712,156.95506,0.98359,3.5e-5,550.578463,8.36,2.68,4.069629235,7,6.215601,290.556901,3.346496,13.052666,3.62406,0.341952,3.599507,15.55204,139.09208,3.607504,70.422535,0.997512,2.434185,5.29,4,5.56,3.705882,3.751963,2.25,2.443171,3.705882,0.552,0.382,0.688
1750,choose,Emotions and values,Action/Process,Verb,0.991453,0.9332,264.864604,0.562121,265.311967,150.4068,1.03012,2.37e-4,2459.804212,4.74,2.62,4.918558695,1,48.077773,1789.566366,29.094834,13.269008,82.218083,151.655533,124.880849,71.891306,2187.042819,934.343434,1756.951968,0.997409,2.429263,6,3.6,6.83,3.277778,3.84366,3.238095,3.962264,3.277778,0.615,0.542,0.648
1754,bracelet,Clothing and grooming,Person/Thing,Noun,0.972747,0.803963,9.372786,0.433596,13.630229,162.59227,2.19346,4.2e-5,252.150697,5.68,4.96,5.36331242,8,7.823422,213.515298,5.354394,3.918203,6.202052,7.522935,4.701397,2.065176,99.133131,34.271284,61.394005,1,2.575829,6.48,3.96,5,3.894737,4.466483,4,4.024277,4,0.776,0.34,0.322
1756,widow,Kinship,Person/Thing,Noun,0.942575,0.972121,5.710754,0.528516,8.247591,102.12451,0.64544,1.7e-5,142.094334,9,4.33,3.638811586,6,12.117481,417.125248,0.314964,11.826725,6.008702,2.222685,3.158751,16.616238,188.877001,5.411255,30.697003,0.990698,2.191459,2.28,3.5,4.12,2.864865,3.303925,2.111111,2.296779,2.864865,0.25,0.45,0.265
1766,finish,Time,Action/Process,Verb,1,0.99703,201.645567,0.672201,302.310369,353.54418,0.80605,6.16e-4,4526.253337,6.32,2.89,4.690274681,2,98.939822,3439.357253,45.906058,110.79141,114.200045,236.117577,110.335903,47.541195,2385.964146,1118.326118,1865.29433,0.994778,2.320027,6.41,3.81,6.44,3.0625,3.378162,1.833333,2.71986,3.0625,0.471,0.429,0.545
1767,scrape,Basic actions and technology,Action/Process,Verb,0.991224,0.964192,4.411995,0.853217,10.374601,127.22236,0.78774,3.5e-5,96.113913,6.21,4.15,5.596439992,2,4.137198,214.615893,5.669359,0.552875,4.03059,9.061717,7.052095,3.79318,148.481342,50.505051,140.84507,0.995316,2.340189,3.74,4.5,4.41,3.473684,4.708703,3.95,4.138493,3.95,0.365,0.615,0.384
1768,foam,The physical world,Person/Thing,Noun,1,0.960607,8.301514,0.686105,12.458203,96.06846,0.62589,9.7e-5,231.681993,6.15,4.85,4.809464425,9,3.529363,155.183799,2.440974,6.105667,6.940745,14.190991,28.649136,7.249189,156.560473,59.52381,269.050199,1,2.575829,5.25,2.9,5.1,4.052632,4.30091,2.166667,2.871589,4.052632,0.698,0.23,0.204
1773,grave,The body,Person/Thing,Noun,1,0.956107,28.766889,0.860945,19.562706,257.12454,2.30639,2.1e-4,367.546722,7.06,4.73,4.604076072,6,26.293758,970.724191,29.48854,0.817294,15.765407,0.341952,9.77009,22.948742,479.725746,3.607504,151.679307,1,2.575829,2.4,4.54,3.73,3.526316,3.718017,2.571429,2.942986,3.526316,0.153,0.385,0.386
1775,table,The house,Person/Thing,Noun,0.984362,0.929017,85.264604,0.690653,138.255663,256.68872,1.01345,5.03e-4,2548.20528,4.39,4.9,5.523788681,8,105.645613,3180.717587,88.071913,32.06677,126.445503,88.736439,82.274442,212.850105,2458.676333,548.340548,1179.126038,0.994937,2.325873,5.49,3,5.84,4.736842,5.209239,2.45,3.006813,4.736842,0.551,0.17,0.284
1776,shame,Emotions and values,Person/Thing,Noun,0.975132,0.960131,82.940999,1.305185,43.842455,112.22743,0.81407,2.08e-4,824.087808,6.55,2.24,4.19091066,5,41.587666,1672.903368,4.370131,42.186792,52.868647,42.74395,58.106324,21.884544000000002,1678.930934,402.236652,1198.988805,0.992126,2.23237,2.62,5.4,5.21,3.222222,3.409217,3.052632,3.239088,3.222222,0.06,0.67,0.155
1782,guest,Social and political relations,Person/Thing,Noun,0.940926,0.853735,109.614755,0.199257,83.271726,198.7618,2.13126,7e-5,1622.36725,6.21,3.83,4.151406577,6,39.960237,1521.021352,28.0712,9.90368,37.564304,45.821514,54.800655,25.171967,1072.996048,218.253968,720.476706,0.994937,2.325873,6.14,4.15,6.95,3.228571,3.633198,2.421053,2.867874,3.228571,0.719,0.49,0.558
1783,pain,Emotions and values,Person/Thing,Noun,1,0.988985,92.915944,0.669842,124.104534,198.81406,1.7766,0.001521,2231.385346,4.26,3.5,7.297144413,8,97.959444,2827.42681,54.882542,123.507543,70.230425,3.4195159999999998,58.326702,77.328198,1434.155076,28.860029,886.601661,0.997537,2.435363,2,6.27,3.47,4.272727,4.85007,4.15,6.49879,4.272727,0.012,0.765,0.395
1789,age,Time,Person/Thing,Noun,0.807544,0.828781,122.477309,0.617465,184.73156,214.89062,0.90662,3.47e-4,3221.299318,4.38,2.86,5.623638431,4,79.214602,2751.485802,138.702437,113.195216,151.818883,11.113427,89.106159,230.309271,3265.279385,81.168831,1338.028169,0.99763,2.439885,5.78,3.71,4.67,3.8125,4.436194,3.428571,4.490446,3.8125,0.561,0.226,0.498
1791,butterfly,Animals,Person/Thing,Noun,1,0.974039,15.637772,0.66005,27.665602,154.59403,1.89389,1.56e-4,505.487986,3.67,4.93,4.822465967,11,5.529336,205.811138,4.921318,6.730656,10.817647,83.607165,18.217912,6.806652,217.699849,277.777778,234.741784,0.992665,2.248831,7.23,3.2,5.51,4.5625,4.596508,2.35,2.468272,4.5625,0.892,0.327,0.314
1793,bat,Animals,Person/Thing,Noun,1,0.970717,4.864103,1.479631,28.79422,266.68275,2.30158,1.39e-4,417.383566,4.85,5,4.848313765,11,20.646776,618.534008,3.385867,4.759536,19.711716,54.883231,64.203448,11.516517,415.092692,151.515152,489.346334,0.993166,2.264706,4.81,4.57,4.29,4.052632,4.499627,2.608696,2.838202,4.052632,0.324,0.409,0.48
1803,wood,The physical world,Person/Thing,Noun,1,0.989546,50.386142,0.634763,70.567543,469.99644,0.83092,0.001383,1313.26016,4.58,4.85,5.449427806,6,27.019238,830.948712,21.61443,27.331272,60.17626,73.177642,48.409694,77.528393,1279.778151,378.787879,588.660166,0.997555,2.436234,5.82,3.5,6.37,4.263158,4.97019,2.75,3.392664,4.263158,0.494,0.182,0.373
1810,danger,Emotions and values,Person/Thing,Noun,0.923296,0.798502,48.559273,0.544184,28.099686,92.09943,0.44039,5.43e-4,553.84159,4.61,2.68,5.685353625,5,43.685677,1558.441558,76.496973,83.820709,56.373723,13.165136,70.374031,63.419869,1621.940302,95.598846,1090.646443,0.997691,2.442826,2.66,5.84,3.64,4.058824,5.290964,3.05,3.291261,4.058824,0.115,0.923,0.673
1812,try,Cognition,Action/Process,Verb,0.976504,0.913816,456.845563,0.619811,1120.456885,391.97238,1.13057,3.35e-4,10440.818748,3.44,2.22,5.249191097,1,476.758181,7763.59234,182.364373,68.604618,444.515062,950.96739,636.010818,225.43082,6673.362884,4020.562771,5886.601661,0.997487,2.432986,5.64,4,5.94,2.5,2.847762,3.578947,4.953456,3.578947,0.604,0.551,0.556
1819,look,Sense perception,Action/Process,Verb,1,1,608.41776,0.862861,1790.595325,2094.31698,0.6325,5.13e-4,20231.088698,4.05,2.96,5.538191811,0,1947.267467,9125.027515,16.771853,0.576913,1690.463086,4092.647682,2249.838683,572.844,8891.630456,7303.391053,7849.404117,0.995037,2.329619,5.95,3.76,5.88,4.222222,4.222225,4.55,4.556403,4.55,0.719,0.429,0.615
1820,bear,Animals,Person/Thing,Noun,0.711533,0.651271,88.730323,0.60188,184.803907,479.07162,2.40833,4.52e-4,1493.325423,3.58,4.88,5.142326837,12,57.430587,1651.992076,13.937174,27.571653,75.331873,433.936576,172.262112,61.112351,1495.076097,725.108225,1112.314915,0.990741,2.19264,5.33,4.5,3.59,4.315789,4.919243,2.285714,2.568289,4.315789,0.448,0.57,0.475
1828,ask,Speech and language,Action/Process,Verb,1,0.96194,124.072959,0.983353,67.659182,100.62681,0.60624,5.4e-5,1031.148027,8.74,2.59,4.560690076,5,25.587885,1002.641426,81.221438,71.945908,256.108536,384.353594,242.195388,204.431351,4980.893945,2038.239538,3353.1961,0.994805,2.321021,5.85,4.45,5.67,3.611111,3.949097,2.85,3.216395,3.611111,0.625,0.471,0.618
1829,jump,Motion,Action/Process,Verb,1,1,42.922149,0.799444,77.064329,284.03557,1.24626,5.05e-4,2127.855236,2.84,4.52,6.112340096,1,69.842181,2172.57319,30.590915,26.586092,69.501647,326.563775,177.330806,26.573336,1438.740529,1446.608947,1412.062116,1,2.575829,6.44,5.14,5.72,3.944444,4.490661,4.85,5.165183,4.85,0.625,0.865,0.611
1831,meet,Social and political relations,Action/Process,Verb,1,0.974636,67.825255,1.019437,249.684953,292.38006,0.85053,1.29e-4,4945.713438,4.74,3,5.268124408,3,352.289296,6589.258199,192.010157,8.389282,254.165127,348.277701,352.017075,148.671599,5102.735987,2094.155844,4384.254243,0.997567,2.436809,6.09,3.71,5.89,3.058824,3.263936,3.315789,4.81217,3.315789,0.76,0.51,0.58
1833,dinner,Food and drink,Person/Thing,Noun,0.659193,0.596791,91.998351,0.780418,197.001659,139.47614,1.02913,4.26e-4,3819.044794,3.99,4.5,6.928284564,7,202.683501,4357.252917,2.440974,121.175851,10.197938,20.688072,12.561544,15.994577,295.215844,133.477633,247.381726,0.995283,2.338919,6.4,3.85,6.05,4.823529,6.221945,4,4.509409,4.823529,0.823,0.392,0.379
1838,navel,The body,Person/Thing,Noun,1,0.988985,3.417012,0.676871,0.954984,118.61322,1.1461,2.2e-5,29.071492,3.78,5,5.025197129,5,1.254885,46.224961,0.905523,3.148986,0.594921,0.170976,0.367297,1.30654,23.363976,1.803752,7.222824,0.993289,2.268667,4.89,3.36,5.5,3.933333,4.389127,3.35,3.485525,3.933333,0.448,0.261,0.276
1839,cry,Emotions and values,Action/Process,Verb,1,0.998717,116.199419,0.666176,176.006477,725.11074,1.27315,5.45e-4,2758.528627,2.78,4.54,6.596507442,1,65.665768,2092.229804,38.425654,47.90785,36.637219,23.252709,44.295972,34.591698,1005.961089,156.926407,716.865294,1,2.575829,3.22,5.45,2.56,4.0625,5.656833,4.35,4.732958,4.35,0.133,0.627,0.255
1840,build,Basic actions and technology,Action/Process,Verb,1,0.948849,127.061459,0.422688,156.284607,324.6005,1.21656,2.74e-4,1757.342035,4.45,3.71,5.433883907,1,48.097381,1698.217037,45.079276,27.787995,116.351676,160.375299,85.72703,76.16917,2654.9774,761.183261,1410.25641,1,2.575829,6.33,3.38,6.5,3.529412,4.150899,3.947368,4.463523,3.947368,0.771,0.546,0.806
1843,thousand,Quantity,Number,Function word,0.896278,0.749201,141.521552,0.627451,65.474294,219.21536,1.78571,4.4e-5,1728.567191,6.6,3.08,3.362556127,0,69.312777,1984.371561,17.008076,132.233358,22.810263,11.968306,18.144453,109.306816,729.742123,72.150072,308.775731,0.997319,2.425002,6.44,3.5,6,2.411765,2.43968,2.833333,2.864271,2.833333,0.663,0.355,0.48
1844,boat,Motion,Person/Thing,Noun,0.951766,0.874041,28.464424,0.537407,44.754031,283.29498,1.88573,8.84e-4,804.509048,3.84,4.93,4.411237191,10,95.80261,1604.66652,66.339371,40.720471,76.87371,205.683885,81.760226,56.960926,1261.873048,712.481962,798.122066,0.995283,2.338919,6.36,4.05,5.59,3.631579,4.022577,2,2.747867,3.631579,0.516,0.42,0.554
1845,ball,Spatial relations,Person/Thing,Noun,0.948926,0.849665,107.867729,0.424794,140.295857,195.03878,1.67544,0.001035,2662.118066,2.9,5,5.474225174,6,104.978955,2279.330839,55.709324,40.504128,212.079424,420.429488,288.254383,79.804301,2081.140686,1269.84127,1942.939689,0.988636,2.138206,6.14,3.48,5.47,3.823529,4.425086,3.904762,4.261631,3.904762,0.74,0.427,0.317
1847,sick,The body,Property,Adjective,1,0.993932,200.793518,1.136027,230.194594,430.11161,0.95516,0.001307,4607.238208,4.05,3.45,6.188069058,0,165.448716,4257.098833,118.308493,12.932475,57.261147,25.817346,117.020701,47.667634,1496.822936,153.318903,1639.581076,0.997312,2.424664,2.29,4.67,2.84,3.894737,4.561983,3.882353,5.217253,3.894737,0.104,0.431,0.136
1850,cotton,Clothing and grooming,Person/Thing,Noun,0.782144,0.902324,9.384978,0.504696,17.406757,145.90022,0.99264,1.73e-4,312.963512,6,4.97,5.188990141,6,14.195884,380.805635,2.519715,8.773891,12.617283,31.630523,13.369597,25.719871,309.190558,113.636364,187.793427,1,2.575829,6.05,2.48,6.24,3.8,4.673828,3.045455,3.350687,3.8,0.639,0.071,0.24
1853,dove,Animals,Person/Thing,Noun,0.974398,0.902424,5.094071,0.673426,6.612542,129.91299,1.78866,3.7e-5,124.295461,6.63,4.88,4.364592518,13,5.588159,147.479639,5.551247,6.153743,2.880409,2.222685,1.763024,3.276886,73.803961,14.430014,28.891296,1,2.575829,6.9,3.27,6.14,4.588235,5.228805,1.842105,1.89767,4.588235,0.729,0.235,0.437
1856,soft,Sense perception,Property,Adjective,1,0.990583,39.62151,0.602676,58.847282,145.99938,0.71782,9.08e-4,1131.118363,3.95,3.88,5.310890445,0,32.038777,1333.920317,15.708848,25.840913,47.782072,113.185978,56.269841,64.768556,1273.445859,661.976912,884.795955,0.997409,2.429263,7.13,3.04,6.1,4.526316,4.658806,3.388889,3.651315,4.526316,0.76,0.179,0.232
1857,crocodile,Animals,Person/Thing,Noun,0.891885,0.80731,5.136405,0.575948,5.454985,151.54239,1.45024,9.6e-5,103.826758,4.78,4.96,5.306982033,12,2.274479,78.142197,2.440974,3.34129,8.869281,73.519593,33.423992,2.739519,147.171212,243.506494,263.633081,1,2.575829,3.15,6.48,3.47,3.421053,3.509304,2.25,2.304873,3.421053,0.344,0.708,0.61
1858,fisherman,Warfare and hunting,Person/Thing,Noun,0.872736,0.853908,9.681522,0.548554,11.546627,110.37537,0.72913,1.2e-5,216.256304,5.16,4.73,4.618931881,6,4.352882,160.686771,8.425297,4.639345,5.626961,18.636362,3.819885,3.866937,138.000306,37.878788,61.394005,0.997549,2.435945,5.42,4.06,5.47,3.894737,4.044953,2.761905,3.186685,3.894737,0.656,0.461,0.546
1862,donkey,Animals,Person/Thing,Noun,0.868389,0.769466,8.909405,1.055152,6.93087,172.72173,1.60377,9.9e-5,126.668644,6,5,5.584472353,15,5.372475,179.396874,12.008017,9.495033,9.751747,35.050039,23.580443,5.795137,212.896041,138.888889,229.324666,0.997636,2.440158,6.29,2.9,5.12,4.5,5.482727,1.809524,2.106468,4.5,0.406,0.367,0.245
1869,buy,Possession,Action/Process,Verb,1,0.97655,479.6646,0.511563,459.79594,415.46846,1.11155,3.28e-4,5846.336399,5.56,3.35,4.674218268,1,192.448346,4718.247854,107.442222,112.858683,232.916532,114.553785,145.522919,132.118581,3423.368343,591.630592,1805.706031,0.99187,2.224757,6.82,4.29,6.78,3.555556,3.846501,2.777778,3.562486,3.555556,0.771,0.769,0.612
1871,camel,Animals,Person/Thing,Noun,0.767255,0.511968,3.960985,0.978697,4.152734,279.97652,3.4967,8.3e-5,98.487096,5.11,4.93,4.639654878,13,5.039147,152.982611,3.149644,5.648944,6.246671,29.749789,19.613639,4.425377,126.864205,73.953824,187.793427,0.99734,2.426007,5.29,3.1,5.21,4.157895,4.302712,2.157895,2.724223,4.157895,0.54,0.282,0.314
1886,armpit,The body,Person/Thing,Noun,1,0.967061,4.944792,1.566771,1.953377,109.39975,1.08485,2.1e-5,39.454168,6,4.8,5.814848949,7,1.274492,52.828527,0.314964,0.096152,0.976662,0.683903,3.893344,0.895612,34.281722,7.215007,88.479596,0.995434,2.344725,4.1,3.57,5.24,3.578947,4.682879,4.4,4.545576,4.4,0.283,0.439,0.25
1887,cheap,Possession,Property,Adjective,0.974439,0.921021,96.804975,0.320069,74.517704,89.825,0.42677,3.63e-4,1068.822308,7.11,2.22,3.83878828,0,36.254406,1436.275589,11.653682,17.788163,44.54471,5.30025,20.348232,41.419423,1220.385615,52.308802,384.615385,0.993318,2.269641,5.24,4.47,5.89,2.8125,2.938009,3.105263,3.148422,3.105263,0.612,0.471,0.272
1890,believe,Cognition,Action/Process,Verb,1,0.953827,239.803169,0.922473,422.725191,216.57818,0.96548,7.7e-5,6760.90181,5.78,1.55,4.138480749,3,625.148307,8158.705701,297.32637,254.058237,363.531439,141.909913,398.810664,223.239204,5968.949931,1103.896104,4799.566631,1,2.575829,7.05,3.33,6.56,2.277778,2.827862,3.6,3.640942,3.6,0.781,0.37,0.682
1895,clothes,Clothing and grooming,Person/Thing,Noun,1,0.992179,55.416747,0.765522,31.745989,495.3149,0.7081,0.001261,2196.974192,3.11,4.76,7.377180434,7,101.155478,3071.75875,23.858551,166.75201,54.598875,121.050865,89.914211,77.191222,1383.278381,609.66811,1180.931744,0.991477,2.213329,6.77,3.14,5.47,4.052632,5.028545,4.368421,6.134864,4.368421,0.833,0.27,0.414
1897,help,Social and political relations,Action/Process,Verb,1,0.983172,361.332311,0.531123,788.252618,680.46894,1.11798,9.81e-4,12332.542272,3.65,2.56,5.4820127340000004,1,921.124648,8525.20361,505.832786,166.655858,558.254043,1858.164975,824.948196,400.148924,7134.965172,5582.611833,6345.250993,1,2.575829,6.95,4.29,6.89,3.153846,3.964432,3.380952,4.679039,3.380952,0.673,0.471,0.46
1899,mad,Cognition,Property,Adjective,1,0.961427,150.150042,0.672031,261.75248,115.90439,0.65849,9.95e-4,5138.237912,5.22,2.37,5.599587093,0,113.42982,3264.362756,247.798222,236.94314,53.503229,15.729773,88.151188,33.200865,1551.19331,119.047619,1513.181654,0.997669,2.441772,2.47,5.59,4.9,3.555556,4.762395,3.95,4.072915,3.95,0.219,0.873,0.277
1901,shovel,Agriculture and vegetation,Person/Thing,Noun,0.927306,0.820649,4.759289,0.966162,6.366561,102.22753,0.52632,1.25e-4,80.391575,6.28,4.97,6.064823618,9,6.862651,278.450363,3.425238,6.466238,3.544738,4.616347,6.905176,2.160006,112.671136,37.878788,120.982304,1,2.575829,4.8,3.5,6.42,4,4.731243,4.55,4.893336,4.55,0.427,0.308,0.267
1905,eagle,Animals,Person/Thing,Noun,0.950295,0.723318,8.828706,0.56421,21.733125,258.95345,3.30632,8.4e-5,420.94334,5.83,5,4.692151062,11,11.509646,308.16641,6.614252,4.495117,12.899871,21.371975,36.215446,13.571157,258.968928,64.935065,260.021668,0.994885,2.323956,6.47,4.57,5.09,4.136364,4.375021,2.636364,2.694468,4.136364,0.604,0.594,0.679
1906,sour,Sense perception,Property,Adjective,0.974618,0.993284,23.226082,0.524375,34.842453,156.7304,1.37606,3.32e-4,628.596856,4.89,4.25,5.684968884,0,5.843057,276.249175,69.174051,10.216175,10.292133,3.761468,8.080526,52.356426,248.924602,5.411255,115.565186,0.997199,2.419398,3.95,4.95,4.34,4.125,4.367722,4.611111,4.647905,4.611111,0.276,0.594,0.373
1909,shake,Motion,Action/Process,Verb,1,0.970704,20.889516,0.751581,63.390692,170.59,0.89696,2.51e-4,856.422427,5.26,4.07,5.729448226,1,39.646516,1427.470834,5.472506,2.620148,37.618838,146.868211,44.295972,16.563555,994.388279,577.200577,697.002528,0.997701,2.443347,4.59,5.2,6.37,2.888889,4.160917,4.05,4.877549,4.05,0.439,0.689,0.539
1913,press,Basic actions and technology,Action/Process,Verb,1,0.935384,59.665654,0.877303,112.456621,126.83426,1.29498,1e-4,1738.653219,6.4,3.9,5.480280439,1,60.214862,1853.400836,23.464846,5.793172,78.068509,84.63302,60.75086,138.198207,1819.114789,553.751804,933.550018,0.997555,2.436234,5.39,2.8,4.78,3.789474,4.236961,4.1,4.456882,4.1,0.552,0.52,0.491
1917,tie,Basic actions and technology,Action/Process,Verb,1,0.989205,25.044478,0.886865,74.228315,222.76561,0.84391,3.09e-4,889.350341,4.74,4.81,5.494638785,3,44.450372,1626.678406,7.007957,4.879726,3.024182,0.170976,0.734593,7.818166,115.07304,1.803752,16.251354,0.997297,2.423982,5.33,3.1,5.17,4.411765,5.096015,3.105263,3.225212,4.411765,0.663,0.464,0.431
1923,rough,Sense perception,Property,Adjective,0.963358,0.90859,9.6029890000000009,1.275151,35.233128,113.43617,1.30057,3.2e-4,686.73984,6.21,3.83,5.109546564,0,37.411253,1595.861765,1.023634,1.298055,28.729727,18.465386,23.286605,37.162632,900.932375,142.496392,469.483568,0.997658,2.441238,3.68,5.43,4.88,3.470588,3.838696,3.7,4.251222,3.7,0.406,0.794,0.632
1926,ointment,Clothing and grooming,Person/Thing,Noun,0.967385,0.743477,3.514987,0.557169,1.577171,98.83383,0.82089,4.5e-5,32.927915,7.9,4.5,5.371712157,7,1.647036,70.438037,1.41734,1.105751,0.91717,0.341952,0.440756,1.137954,31.224753,3.607504,10.834236,0.997361,2.427,4.81,2.86,5,3.842105,4.980034,2.857143,3.157972,3.842105,0.438,0.271,0.398
1927,bamboo,Agriculture and vegetation,Person/Thing,Noun,0.829307,0.829391,3.692152,1.203576,4.847268,469.24368,2.25516,2.3e-5,84.841293,9.28,4.86,5.199523806,7,1.588214,67.136254,2.755938,1.754778,4.442077,13.678063999999999,10.725061,3.066154,90.617289,37.878788,97.508126,0.997555,2.436234,6.33,3.2,5.6,4.088235,4.767398,2.612903,3.181915,4.088235,0.646,0.222,0.356
1929,study,Cognition,Action/Process,Verb,1,0.848512,204.713251,0.839301,175.963069,268.80105,1.83878,8.71e-4,2437.852269,6.58,3.7,5.14832351,1,49.058152,1562.843936,13.543468,35.960935,40.766962,3.590492,20.348232,233.79689,1062.296657,28.860029,364.752618,0.995037,2.329619,5.78,2.55,5.33,3.176471,3.360091,4.457143,4.618598,4.457143,0.653,0.361,0.768
1936,deer,Animals,Person/Thing,Noun,0.787689,0.940371,7.194009,0.616545,11.445341,322.00069,2.51484,3.29e-4,203.797093,5.17,4.86,4.533987308,14,8.725371,270.746203,4.960689,3.2211,3.896733,18.807338,5.656368,1.591028,61.576086,54.112554,63.199711,0.990148,2.176641,6.89,3.95,4.89,4.368421,4.509707,1.055556,1.142004,4.368421,0.583,0.375,0.292
1939,swear,Law,Action/Process,Verb,0.763774,0.571086,12.572131,1.223512,56.561108,122.50988,0.93488,1.04e-4,1038.860872,7.21,2.45,5.4517791,6,88.175264,2841.734537,9.567043,4.83165,18.016191,1.538782,19.319802,9.398658,527.545472,10.822511,352.112676,0.9925,2.243727,3.44,5.05,4.11,4.8125,4.827314,3.47619,3.672859,4.8125,0.601,0.577,0.658
1941,soldier,Warfare and hunting,Person/Thing,Noun,0.984621,0.875926,29.91866,0.38067,32.107725,151.85841,0.934,3.38e-4,598.338772,6.94,4.72,5.187642197,8,38.940644,914.593881,36.299644,54.374088,23.117639,15.387822,15.867214,19.102878,558.11516,50.505051,240.158902,0.995074,2.330994,5.45,5.9,5.84,3.947368,4.208576,2.95,4.022068,3.947368,0.392,0.708,0.768
1970,canoe,Motion,Person/Thing,Noun,0.745905,0.749377,2.378336,2.314124,2.691319,496.71009,2.2843,4.9e-5,45.980421,6.63,4.86,5.34909445,12,3.588186,84.745763,1.102375,2.235539,3.158039,5.129274,5.876746,4.225182,63.322925,18.037518,48.754063,0.985816,2.073938,5.76,3.7,6.15,4.222222,4.781333,3.2,3.523539,4.222222,0.542,0.3,0.418
2001,painting,Basic actions and technology,Action/Process,Verb,0.976504,0.841661,70.707644,0.718318,145.056308,98.15612,0.50802,4.13e-4,1218.332839,4.45,4.79,5.503702628,2,40.430819,1491.305305,14.212767,6.754694,73.69584,296.472034,128.553815,77.960394,1695.962618,681.818182,1209.823041,1,2.575829,6.18,3.6,6.37,4.0625,4.319603,4.055556,4.430451,4.0625,0.704,0.449,0.481
2003,flow,Motion,Action/Process,Verb,1,0.934047,32.085407,0.64573,43.582005,124.56324,0.60847,1.38e-4,804.509048,7.4,3.72,4.881928512,1,13.764517,533.788246,6.811105,1.778816,20.777616,10.771475,16.381429,55.264531,666.419198,64.935065,287.107259,1,2.575829,5.68,3.71,5.4,3.628571,4.047527,2.848485,3.685102,3.628571,0.696,0.316,0.464
2008,rescue,Possession,Action/Process,Verb,0.916977,0.897053,109.076801,0.467578,233.855367,130.12166,0.62801,2.4e-4,3026.698309,5.44,3.17,5.427081605,1,25.431024,844.155844,159.253862,77.4987,47.439993,89.93327,72.210514,24.44494,991.33131,512.265512,843.264717,0.986772,2.094781,7.04,5,5.94,3.6,4.161289,3.4,4.444364,3.6,0.806,0.926,0.85
2009,dog,Animals,Person/Thing,Noun,1,1,116.50145,0.466584,223.032213,2061.57824,2.24239,0.001951,3962.029071,2.8,4.85,6.856526698,8,192.860106,3356.812679,133.466154,166.199134,147.148754,267.064197,383.751503,85.135827,1908.421949,793.650794,2258.938245,0.997613,2.43906,7,5.43,5.73,4.588235,6.259776,3.631579,4.255255,4.588235,0.704,0.5,0.407
2017,mix,Food and drink,Action/Process,Verb,1,0.977278,54.790195,0.751651,171.810334,183.20479,0.95816,2.35e-4,2554.138238,5.11,3.82,5.602711387,4,16.372325,746.20295,4.29139,1.634588,50.543497,142.593816,61.558913,28.311877,1298.556674,575.396825,973.275551,1,2.575829,5.71,2.86,5.56,3.111111,3.394513,3.095238,3.358364,3.111111,0.542,0.49,0.472
2022,admit,Speech and language,Action/Process,Verb,0.885129,0.809365,97.973768,0.381911,117.260481,96.68027,0.62668,8.2e-5,1683.773361,7.11,2.57,4.959069076,3,59.214876,2339.863526,18.661639,23.89383,30.157537,8.890742,33.791289,39.607126,1097.015088,88.383838,709.64247,0.994764,2.319527,5.56,3.35,4.56,2.95,3.128505,2.857143,3.339587,2.95,0.538,0.423,0.667
2252,path,Motion,Person/Thing,Noun,1,0.981971,130.601607,1.415047,67.760468,217.5887,0.93705,2.16e-4,1270.542866,6.11,4.41,4.846430924,5,24.568291,958.617654,10.984383,303.216066,30.251733,29.407837,26.886112,65.8749,902.242505,193.001443,464.06645,1,2.575829,5.71,3.74,4.62,3.875,3.918396,3.555556,3.77205,3.875,0.59,0.245,0.421
2253,drip,Motion,Action/Process,Verb,1,0.951484,13.940129,1.588127,10.345662,124.38455,1.5212,6.8e-5,98.487096,5.89,4.14,5.552746236,2,10.156724,421.527625,0.118112,0.408647,9.1419530000000009,8.377814,5.582909,5.84782,262.899317,43.290043,108.342362,0.997423,2.429898,4,5.43,4.57,3.888889,4.302694,1.789474,2.010262,3.888889,0.378,0.833,0.52
