concepticon_id,concepticon_gloss,semantic_field,ontological_category,semantic_category,lex_wold,lex_ids,wl_mean,wl_cvar,en,do_mean,do_cvar,ins,cd,aoa_self,conc,sens
2,dust,The physical world,Person/Thing,Noun,1,0.981183,26.796235,0.843089,28.967853,124.20871,0.66838,2.65e-4,510.234352,5.06,4.4,4.974700195
3,brave,Emotions and values,Property,Adjective,1,0.920987,24.733398,0.372374,32.744382,121.82568,0.97256,3.43e-4,628.596856,6,2.26,5.032165295
7,gather,Spatial relations,Action/Process,Verb,1,0.953479,118.520154,0.657303,95.078803,400.63766,0.90934,1.98e-4,750.519134,5.61,3.34,4.949761459
8,curse,Religion and belief,Action/Process,Verb,0.950288,0.827182,22.334706,0.845801,25.755634,117.07703,0.85693,7.7e-5,317.709878,7.47,2.39,4.179341719
9,announce,Speech and language,Action/Process,Verb,0.949734,0.83327,65.251074,0.446344,85.210633,89.37532,0.41437,3.9e-5,531.592999,9.48,3.31,5.694058324
10,firewood,The physical world,Person/Thing,Noun,1,0.985767,5.454924,0.971374,0.969454,290.26215,1.35586,7e-6,19.57876,6.61,4.93,6.255208919
11,darkness,The physical world,Person/Thing,Noun,1,0.978983,34.298245,0.512287,26.565923,107.65574,0.63164,1.14e-4,498.368437,4.83,3.85,5.605586944
21,taste,Sense perception,Action/Process,Verb,0.918051,0.884699,273.395784,1.386053,140.064345,193.35714,1.43213,2.98e-4,2416.79027,4.26,4.07,6.238808255
23,rye,Agriculture and vegetation,Person/Thing,Noun,0.422412,0.36555,2.819741,1.880166,6.511256,107.39491,0.94456,2.6e-5,111.539602,9.26,4.74,5.00897613
24,pray,Religion and belief,Action/Process,Verb,0.9152,0.820591,82.875812,2.055755,104.353725,205.08146,0.8929,8e-5,1111.242955,5.79,3.21,5.10370751
27,air,The physical world,Person/Thing,Noun,0.816981,0.78810500000000006,109.966819,0.736558,142.828012,153.37768,0.97415,6.03e-4,2621.477306,3.94,4.11,5.735258255
31,pan,Food and drink,Person/Thing,Noun,0.975107,0.795684,30.024833,2.251019,57.602909,133.53022,1.37404,1.44e-4,948.976565,4.72,4.86,4.879053511
43,lead,Motion,Action/Process,Verb,0.975345,0.908666,119.99439,0.61739,316.982398,174.07757,0.73954,2.95e-4,4030.258084,6.76,4.1,4.700215568
49,refuse,Speech and language,Action/Process,Verb,0.948266,0.71162,62.954817,0.452424,80.102915,161.6955,1.55795,1.32e-4,864.431919,9.33,3.04,5.019088786
56,bad luck,Emotions and values,Person/Thing,Noun,0.683766,0.713066,10.013163,0.886536,3.096464,99.45396,0.62328,1.4e-5,62.296055,10.53,2.07,3.93269586
66,kneel,Motion,Action/Process,Verb,1,0.959633,3.308037,0.987244,1.504824,93.13464,0.46975,2.5e-5,35.597745,6.95,4.31,5.122746059
72,claw,Animals,Person/Thing,Noun,1,0.889973,6.73424,0.725935,6.482317,108.16825,0.65648,6.5e-5,113.912786,4.7,4.83,4.951772008
73,beak,The body,Person/Thing,Noun,1,0.953106,7.551464,0.867971,2.329583,107.70789,0.71715,7.5e-5,49.540196,5.42,4.96,3.723504932
82,anger,Emotions and values,Person/Thing,Noun,1,0.989945,31.074655,0.596563,32.831198,116.86858,0.8502,7.29e-4,581.429843,6,2.41,5.216823407
98,all,Quantity,Other,Function word,1,0.983814,3806.418263,0.360446,4608.276127,4839.44335,0.46021,3.35e-4,83620.587363,4.196887,2.28,4.626035418
112,turtle,Animals,Person/Thing,Noun,0.893771,0.895728,5.785972,0.620348,13.022511,283.19366,2.57542,9.4e-5,242.657965,4.17,5,4.572713912
113,shore,The physical world,Person/Thing,Noun,0.952671,0.948567,16.461215,0.968034,23.006437,211.51855,1.75859,4.8e-5,452.388015,6.925079,4.79,4.173430113
117,imitate,Cognition,Action/Process,Verb,1,0.877582,8.541662,0.798123,4.760451,93.47934,0.52901,1.9e-5,45.683773,9.2,2.66,5.121262668
119,dive,Motion,Action/Process,Verb,0.893648,0.849052,13.066534,0.724883,20.980713,96.23178,0.47322,8e-5,243.547909,7.21,4.03,5.086416471
122,cart,Motion,Person/Thing,Noun,0.868242,0.846593,20.476641,0.52412,29.720265,182.92919,1.6166,1.98e-4,548.20528,5.22,4.89,4.858567223
123,forehead,The body,Person/Thing,Noun,1,0.988985,15.76984,0.848405,8.580388,104.58437,0.49928,3.2e-5,168.199347,5.58,4.9,5.640401761
126,sweat,The body,Action/Process,Verb,1,0.992179,17.602167,0.557858,30.38586,106.96983,0.48167,3.16e-4,469.593592,7.26,4.71,5.520714808
127,extinguish,The physical world,Action/Process,Verb,1,0.943375,2.830909,1.111967,1.012862,95.74647,0.57003,1.1e-5,15.722338,8.95,3.47,3.838858181
129,choke,Food and drink,Action/Process,Verb,0.96523,0.907925,6.926838,0.940285,17.247593,91.47426,0.47887,1.19e-4,163.749629,6.11,4.34,5.97343478
133,weave,Clothing and grooming,Action/Process,Verb,0.928485,0.956403,3.822747,0.960932,14.223476,111.55583,0.53011,4.6e-5,196.084248,9.89,4.2,4.94601611
134,fault,Emotions and values,Person/Thing,Noun,0.896983,0.769765,11.513525,1.043223,37.59165,129.53429,1.2335,7e-5,730.05043,6.94,2.41,3.610441106
138,bathe,The body,Action/Process,Verb,1,0.98497,45.10601,2.235484,9.810292,137.26293,1.39495,2e-5,48.353604,5,4.19,7.041937436
141,burn,The physical world,Action/Process,Verb,1,0.990397,63.492588,0.650582,94.688128,295.36244,1.37653,2.45e-4,934.440819,4.72,4.11,5.537195036
148,itch,The body,Person/Thing,Noun,0.967957,0.956199,2.931351,0.793618,9.535372,100.76483,0.67406,1.43e-4,183.625037,5.05,3.36,6.301121152
154,udder,The body,Person/Thing,Noun,0.941263,0.7945,0.443904,0.565192,0.347267,92.39712,0.4601,9e-6,10.086028,7.29,5,4.390621071
155,chop,Basic actions and technology,Action/Process,Verb,0.991332,0.931584,12.141721,1.465112,41.990365,165.71886,1.33958,1.13e-4,322.456244,6.74,4.48,5.120846522
156,red,Sense perception,Property,Adjective,1,1,151.165777,0.409005,224.146361,361.50523,1.96516,0.002265,4387.718778,3.68,4.24,5.127137478
163,black,Sense perception,Property,Adjective,1,1,190.871544,0.304589,302.368246,475.46386,2.15589,0.001567,5376.742806,3.56,3.76,4.740742331
166,mainland,The physical world,Person/Thing,Noun,0.601678,0.582186,10.694476,3.020735,2.40193,92.5203,0.47818,1e-6,48.353604,11.63,4.31,4.600138391
174,proud,Emotions and values,Property,Adjective,0.972195,0.835085,67.772644,0.605256,122.180096,108.79195,0.85668,1.6e-4,2427.469594,5.44,2.07,4.630725515
175,blow,Motion,Action/Process,Verb,1,1,26.09955,0.858862,92.199381,152.62151,0.71512,1.61e-4,1064.965885,4,3.74,4.96812209
178,ripe,Food and drink,Property,Adjective,1,0.978437,4.456252,0.699441,6.3955,194.26919,1.13415,3.6e-5,123.405518,7.11,3.3,5.403859161
180,call by name,Speech and language,Action/Process,Verb,1,0.917082,225.199458,1.024781,902.503452,1138.47234,1.09203,1.8e-4,9980.124592,4.74,4,6.319518329
183,bake,Food and drink,Action/Process,Verb,0.913193,0.873001,47.51079,1.394681,112.934113,150.31505,1.13808,1e-4,743.102937,5.5,4.21,6.187315052
185,fireplace,The house,Person/Thing,Noun,0.947643,0.748127,6.771202,0.411286,7.075565,112.5833,0.81841,7.5e-5,136.754672,7.37,4.68,4.931168776
191,nut,Food and drink,Person/Thing,Noun,0.873752,0.640218,14.474245,0.786611,44.696153,166.51099,1.24204,4.12e-4,862.652032,5.21,4.52,5.694156022
192,corner,Spatial relations,Person/Thing,Noun,0.976504,0.91131,39.033411,0.798368,81.173655,135.61801,0.66021,1.15e-4,1595.965589,5.21,4.61,4.542383472
193,shallow,Spatial relations,Property,Adjective,0.941263,0.933707,6.421895,0.78137,8.79743,93.19313,0.44587,5.8e-5,171.165826,7,3.45,4.28255122
194,family,Kinship,Person/Thing,Noun,0.949236,0.868091,265.232502,0.473929,526.44226,1010.71718,1.5211,0.001126,9719.964402,3.38,4.23,5.783979839
195,mat,Basic actions and technology,Person/Thing,Noun,0.823681,0.797745,24.833057,2.292242,13.890679,186.76523,1.26181,6.8e-5,264.609908,4.62,4.83,5.709829743
199,famine,Agriculture and vegetation,Person/Thing,Noun,0.815286,0.813541,13.918429,3.000861,3.096464,124.08123,1.4651,4.1e-5,59.329576,10,3.55,3.789515791
204,again,Time,Other,Function word,0.98504,0.978433,1013.966094,1.013639,710.971247,2582.4957,0.79869,2.05e-4,13738.059923,5.78478,2,3.083185936
205,trough,The house,Person/Thing,Noun,0.885344,0.792589,1.068724,0.811901,1.446946,96.33175,0.62641,1.4e-5,28.478196,7,4.56,4.256112083
212,field,Agriculture and vegetation,Person/Thing,Noun,1,0.942861,81.70152,0.876019,114.554692,651.42906,1.3636,5.53e-4,2190.447938,6.1,4.26,5.163551851
213,fin,Animals,Person/Thing,Noun,0.868308,0.781036,22.453596,2.625202,5.295821,92.12616,0.45235,3.3e-5,95.817265,7.3,4.76,4.147179467
214,stretch,Basic actions and technology,Action/Process,Verb,1,0.93818,19.416424,0.851705,47.199369,99.51308,0.66881,1.63e-4,593.592406,5.47,3.62,5.339015604
221,fire,The physical world,Person/Thing,Noun,1,1,104.934837,0.555196,170.377858,896.58612,0.81104,0.001493,2602.195194,3.25,4.68,6.420173987
224,mortar,Food and drink,Person/Thing,Noun,0.923968,0.865276,1.332243,1.000596,2.66238,107.78102,0.63469,2.9e-5,49.540196,11.9,4.48,4.278054674
227,fish,Animals,Person/Thing,Noun,1,1,68.812629,0.69583,75.805486,1226.27478,1.7094,0.00117,1274.695936,4.05,5,6.783971456
228,carve,Basic actions and technology,Action/Process,Verb,0.950288,0.725765,6.592934,0.93983,11.73473,98.61779,0.83796,1.7e-5,52.803322,6.35,3.69,4.91346759
230,sweep,Basic actions and technology,Action/Process,Verb,1,0.988985,8.019691,0.931494,23.18007,119.4483,0.77731,7.5e-5,277.662415,4.2,3.72,5.165505658
234,paddle,Basic actions and technology,Person/Thing,Noun,0.797269,0.650669,1.821367,1.060313,5.946947,215.09579,1.8692,5.2e-5,83.358054,6.58,4.8,5.348989222
236,stepmother,Kinship,Person/Thing,Noun,0.960595,0.868059,1.499999,0.630089,1.041801,126.8541,1.83531,5e-6,20.468704,6.33,4.23,4.099674318
239,flower,Agriculture and vegetation,Person/Thing,Noun,1,0.988985,115.35385,0.428261,124.22029,332.90339,2.09255,0.001227,2203.797093,3.11,5,6.567422846
244,left,Spatial relations,Property,Adjective,1,0.988985,157.540281,0.960643,385.032255,1452.62832,0.74941,2.19e-4,7469.89024,5.57164,3.7,3.999995013
245,broom,Basic actions and technology,Person/Thing,Noun,0.974634,0.959851,5.842142,0.865953,4.601287,110.57778,1.00204,1.18e-4,88.697716,5.5,4.89,5.794184927
249,fog,The physical world,Person/Thing,Noun,1,0.958086,19.35873,0.704862,11.72026,92.71543,0.55337,1.32e-4,218.629487,6.21,4.66,4.941017721
256,food,Food and drink,Person/Thing,Noun,0.976504,0.983884,185.378711,0.622877,414.202681,1398.74315,0.80023,0.003691,7440.225452,3.25,4.8,7.185318072
257,worship,Religion and belief,Action/Process,Verb,0.858445,0.723285,22.578579,1.412715,30.12541,118.46056,1.15862,1e-4,459.210917,7,2.62,5.259894511
262,he or she or it,Kinship,Other,Function word,0.92253,0.959411,19063.573653,0.598664,17036.744014,63212.777,0.33837,2.16e-4,241537.822605,3.568124,3.93,4.740227751
268,dribble,The body,Action/Process,Verb,0.973104,0.814665,8.570188,1.151357,7.393893,90.76323,0.42008,3.1e-5,80.094927,6.11,4.61,4.752670293
270,jug,Food and drink,Person/Thing,Noun,0.861458,0.874869,6.801132,1.120737,18.159169,109.87899,0.67535,7.2e-5,364.876891,5.83,4.96,5.18484568
273,dough,Food and drink,Person/Thing,Noun,0.898859,0.70629,52.374499,1.058091,36.419624,97.43265,0.39178,6.6e-5,511.420943,6.63,4.79,6.131387306
275,peel,Food and drink,Action/Process,Verb,1,0.969058,4.211535,1.323341,21.05306,131.01099,0.81952,5e-5,220.706022,6.05,4.61,5.146180173
277,spindle,Clothing and grooming,Person/Thing,Noun,0.835049,0.773022,0.489586,0.696459,0.998393,103.60538,0.85649,7e-6,17.205577,10.72,4.92,4.6442828
281,post,The house,Person/Thing,Noun,1,0.936827,136.539999,1.021026,587.054816,137.9863,0.83301,1.63e-4,8471.966775,8.11,4.3,4.400732723
284,hoe,Agriculture and vegetation,Person/Thing,Noun,0.903592,0.764109,3.641429,2.744763,33.728305,164.868,1.43261,2.6e-5,654.405221,8.72,4.74,5.37791961
288,forge,Basic actions and technology,Action/Process,Verb,0.645515,0.52992,3.424448,0.733637,6.236336,89.50124,0.39115,2.5e-5,62.592702,9.8,4.04,4.311735181
296,crouch,Motion,Action/Process,Verb,1,0.881505,3.667328,0.822347,8.00161,94.63471,0.48538,3.6e-5,137.941264,8.21,4.32,5.332108715
300,rattle,Speech and language,Person/Thing,Noun,0.730617,0.703683,1.494581,1.33383,5.889069,89.91303,0.39782,3.2e-5,54.879858,4.5,4.07,5.386789543
302,clan,Social and political relations,Person/Thing,Noun,0.924005,0.76026,7.23204,0.968545,5.512863,669.18321,3.2311,1.7e-5,100.860279,11.05,3.46,3.789176437
307,hawk,Animals,Person/Thing,Noun,0.927325,0.879024,2.795223,1.445387,18.969458,112.67876,1.05199,2.7e-5,357.460694,6.74391,4.93,4.951050261
318,footprint,The body,Person/Thing,Noun,1,0.904076,6.931928,0.965778,5.266882,125.75772,1.25736,1.7e-5,102.936814,5.78,4.37,5.227881243
319,lick,The body,Action/Process,Verb,1,0.994828,7.144828,0.854992,16.842448,105.89475,0.5892,5.4e-5,217.146247,4.3,4.52,5.81228563
320,lame,The body,Property,Adjective,0.976033,0.968992,8.945745,1.3388,28.200972,98.82161,0.72204,1.02e-4,577.57342,9.21,2.52,3.021930112
321,chew,Food and drink,Action/Process,Verb,1,0.988167,6.385472,0.728295,16.393895,136.14563,1.04945,1.2e-4,169.682587,4.05,3.93,5.656562598
322,fig,Food and drink,Person/Thing,Noun,0.696146,0.4631,5.453718,1.216891,5.903539,102.94554,0.67319,2.6e-5,103.826758,8.06,4.97,5.439348228
323,fat,The body,Person/Thing,Noun,0.98504,0.967919,52.104321,0.665167,102.762085,215.73413,1.13287,0.001185,1803.619104,5.15,4.61,5.75207545
329,stocking,Clothing and grooming,Person/Thing,Noun,1,0.730777,32.1027,0.492411,39.819946,93.21774,0.39321,2.49e-4,719.667754,2.94,4.91,6.226233023
332,rag,Clothing and grooming,Person/Thing,Noun,0.968788,0.811886,7.858788,0.639931,9.59325,99.97781,0.46092,1.02e-4,161.079798,5.22,5,6.693024854
337,pitchfork,Agriculture and vegetation,Person/Thing,Noun,0.758403,0.614444,7.231581,0.956967,14.816724,102.81193,1.12364,1.86e-4,274.992584,3.63,5,6.247655603
342,hay,Agriculture and vegetation,Person/Thing,Noun,0.8754,0.678854,4.975554,1.415741,10.707398,177.98194,2.07263,1.47e-4,192.524473,5.32,4.87,4.668342343
345,sap,Agriculture and vegetation,Person/Thing,Noun,0.976033,0.855612,2.377659,0.762717,5.802252,106.59491,0.72818,2.8e-5,96.113913,7.53,4.37,4.159696984
352,untie,Basic actions and technology,Action/Process,Verb,1,0.966434,0.770665,0.276474,0.607717,98.49349,0.45853,1.4e-5,11.569267,4.84,3.89,4.798747461
363,dwell,The house,Action/Process,Verb,1,0.969579,362.322711,0.704155,763.061293,940.64281,1.06408,2.45e-4,9288.341738,6.1,3.57,6.229331569
365,splash,Motion,Action/Process,Verb,0.973707,0.872004,2.333187,1.354128,11.705791,89.07829,0.38476,4.8e-5,177.69208,3.67,4.19,4.869646746
367,ride,Motion,Action/Process,Verb,0.87839,0.884468,24.643521,1.423732,150.699396,239.19618,1.61788,2.05e-4,2161.376446,4.67,3.75,4.596801889
369,owe,Possession,Action/Process,Verb,0.925113,0.872165,13.943411,0.405945,18.11576,114.90873,1.61614,3.5e-5,320.676357,8.61,2.07,2.694300893
378,pinch,Sense perception,Action/Process,Verb,1,0.905363,5.465573,0.660946,12.501611,96.9887,0.57522,4.1e-5,201.42391,5.5,4,5.456328324
383,master,Social and political relations,Person/Thing,Noun,0.862054,0.849161,89.830595,1.20039,144.491999,139.68316,1.31285,1.08e-4,2550.281815,5.95,3.61,4.424039022
390,punishment,Law,Person/Thing,Noun,0.826629,0.782785,70.837001,0.999378,29.749204,95.68784,0.56162,2.01e-4,570.157223,5.47,2.86,5.292874353
391,bless,Religion and belief,Action/Process,Verb,0.872584,0.679946,35.231597,0.948278,131.455018,117.84247,1.16501,7e-6,819.63809,5.33,2.68,3.658289017
392,magic,Religion and belief,Person/Thing,Noun,0.92179,0.828947,33.755864,0.685255,70.176867,189.38555,1.18906,5.04e-4,1315.633343,5.52,2.96,5.372252452
410,yam,Agriculture and vegetation,Person/Thing,Noun,0.562752,0.480628,2.226898,1.483671,1.085209,287.08098,1.66635,4e-6,36.487689,8.34246,4.93,6.123790251
411,gourd,Agriculture and vegetation,Person/Thing,Noun,0.703003,0.868403,2.743016,1.211167,1.403537,151.06343,1.07283,8e-6,22.248591,10.65,4.86,5.178837237
420,forest,The physical world,Person/Thing,Noun,1,0.982371,56.202173,0.481234,32.180073,430.79421,1.17084,4.16e-4,592.405814,6.28,4.76,5.544539185
471,upper leg,The body,Person/Thing,Noun,1,0.981662,9.887659,0.675818,9.810292,106.98575,0.74517,3.1e-5,194.601009,6.42,4.9,5.993725451
476,cup,Food and drink,Person/Thing,Noun,0.976504,0.920173,59.79715,0.903993,146.517723,129.96443,0.68743,3.07e-4,2722.9308810000002,3.57,5,6.188637753
478,lip,The body,Person/Thing,Noun,1,0.999149,38.84217,0.666183,47.300655,102.21475,0.56805,2.62e-4,888.460398,3.79,4.96,5.160045192
479,grow,Spatial relations,Action/Process,Verb,1,0.993867,93.299608,0.604907,236.011316,359.40178,1.65178,2.49e-4,1795.312964,4.79,3.03,4.721708944
480,plate,Food and drink,Person/Thing,Noun,0.986424,0.913777,15.372003,0.95007,51.077184,151.30607,0.70592,2.05e-4,954.019579,3.84,4.77,5.487910083
481,dish,Food and drink,Person/Thing,Noun,0.936726,0.867156,41.377442,0.919568,71.276546,201.5809,1.336,2.04e-4,1252.743993,4.89,4.9,5.138836802
485,disappear,Motion,Action/Process,Verb,0.974618,0.927022,51.993598,0.218549,37.635058,112.40333,0.55251,1.45e-4,261.643429,5.37,2.86,3.991715126
488,manner,Cognition,Person/Thing,Noun,0.871651,0.72247,480.911306,0.800549,1378.10004,2167.125,0.76063,4.3e-4,26436.665678,5.39,2.34,4.604562167
489,kidney,The body,Person/Thing,Noun,1,0.909628,6.947336,0.730586,8.247591,96.47074,0.70278,3e-5,153.366953,9.33,4.96,3.857381793
492,three,Quantity,Number,Function word,1,0.874646,355.846832,0.363343,336.197837,1557.53774,1.01726,2.29e-4,27508.751112,3.685351,3.62,4.275143482
493,five,Quantity,Number,Function word,1,0.843272,111.39838,0.400384,140.020937,505.57201,0.89303,8.4e-5,12776.920795,4.50594,3.87,4.545895708
499,cure,The body,Action/Process,Verb,0.896278,0.977598,39.830482,0.589453,77.382657,156.21995,1.65951,1.57e-4,736.280036,7.47,3.03,4.390628721
501,lift,Motion,Action/Process,Verb,1,0.99703,72.791179,0.713941,164.300686,215.6452,0.84479,2.87e-4,1683.773361,4.74,3.89,6.027692281
503,frog,Animals,Person/Thing,Noun,1,0.970504,13.071298,0.470982,16.495181,405.86094,2.77231,2.42e-4,298.427766,4.32,5,5.281379517
504,learn,Cognition,Action/Process,Verb,1,0.977713,267.422346,0.457015,463.572469,217.90526,1.16041,3.11e-4,3894.986651,4.44,2.2,6.167039846
505,parents,Kinship,Person/Thing,Noun,0.907566,0.847011,136.484668,0.395183,205.032208,562.76872,1.16405,4.44e-4,3760.011866,4.22,4.56,5.669998916
506,maize,Agriculture and vegetation,Person/Thing,Noun,0.855125,0.929139,11.593948,0.84794,29.836021,280.98966,1.32438,3.36e-4,525.363394,4.61,4.96,6.619986555
509,certain,Cognition,Property,Adjective,0.931085,0.864967,436.902725,0.552118,796.080594,198.70876,0.73407,2.77e-4,15739.543162,4.85,1.73,3.897127952
522,wolf,Animals,Person/Thing,Noun,0.686812,0.678995,27.73588,0.721217,25.524122,213.11221,2.31105,1.81e-4,455.651142,4.5,4.79,5.019998021
525,blood vessel,The body,Person/Thing,Noun,1,0.897203,8.089717,0.709011,6.858523,89.09899,0.40038,8.7e-5,215.959656,8.53,4.63,4.739600212
526,howl,Speech and language,Action/Process,Verb,0.991224,0.827898,1.847206,1.103401,6.294214,90.08374,0.42817,4e-5,64.075942,5.55,3.83,5.428962118
539,nest,Animals,Person/Thing,Noun,1,0.966357,11.832251,0.485158,14.353702,146.17257,1.17531,7.4e-5,242.954613,5.11,4.86,5.20186608
568,rise,The physical world,Action/Process,Verb,1,0.9728,34.136649,1.085555,79.97269,173.31352,1.71079,1.14e-4,1102.04687,6.72,4.04,4.134193981
578,kiss,Emotions and values,Action/Process,Verb,1,0.96764,79.412562,1.463663,85.398736,97.25935,0.73154,2.41e-4,1260.16019,3.61,4.48,6.008290982
579,battle,Warfare and hunting,Person/Thing,Noun,1,0.837937,197.3432,0.325673,227.604561,383.71759,0.89579,0.001506,4095.223969,6.95,4,5.968651226
580,fur,The body,Person/Thing,Noun,0.936162,0.822169,6.594417,0.463107,9.839231,142.14099,1.11047,2.37e-4,180.658558,5.22,4.69,5.338922944
584,difficult,Cognition,Property,Adjective,1,0.955997,440.511957,0.426424,591.931023,587.26461,0.96778,0.00162,10299.31771,4.39,3.76,5.643973142
585,boot,Clothing and grooming,Person/Thing,Noun,0.908584,0.591468,19.161382,0.853561,44.811909,123.76587,0.7115,2.3e-4,816.671611,3.89,4.96,5.136675848
586,garden,Agriculture and vegetation,Person/Thing,Noun,0.766764,0.839836,52.910263,0.796388,93.631857,410.11313,1.6195600000000001,4.97e-4,1838.030258,5.33,4.73,5.1896073639999996
587,ant,Animals,Person/Thing,Noun,1,0.95001,8.00385,0.412656,10.692929,152.76915,0.88798,1.8e-4,194.007713,4.32,4.86,4.678938197
590,naked,The body,Property,Adjective,0.974618,0.981235,28.773759,0.550103,34.625411,95.8304,0.51936,3.08e-4,675.763868,4.68,4.5,6.109547028
593,potato,Food and drink,Person/Thing,Noun,0.937546,0.713859,43.643744,0.407664,62.696158,310.96346,1.50303,3.87e-4,1177.395432,4.84,4.85,7.027058498
597,physician,The body,Person/Thing,Noun,0.976504,0.887853,116.856128,0.252544,139.832834,201.91596,0.78252,8.85e-4,2512.904183,4.6,4.69,6.002125064
598,shell,Animals,Person/Thing,Noun,0.920112,0.86282,9.603585,0.72349,20.445343,192.94795,1.36948,2.75e-4,378.226046,5.22,4.8,5.12674677
602,hide,Spatial relations,Action/Process,Verb,1,1,84.827233,0.413375,96.091665,256.19881,0.88629,3.42e-4,790.863245,4.47,3.21,4.725939747
603,coat,Clothing and grooming,Person/Thing,Noun,0.908642,0.678458,9.733024,1.328852,37.967856,122.31447,1.07264,2.72e-4,708.988431,3.58,4.97,5.539998973
604,glass,Basic actions and technology,Person/Thing,Noun,0.975191,0.812479,69.677641,0.470282,113.975914,165.46276,1.22371,0.001146,2105.013349,4.47,4.82,5.274934199
605,grain,Agriculture and vegetation,Person/Thing,Noun,0.791824,0.803587,12.401581,0.640232,18.448558,152.50395,1.14939,1.68e-4,334.32216,7.44,4.8,4.93578302
606,grass,Agriculture and vegetation,Person/Thing,Noun,0.976504,0.995356,24.566199,0.574852,33.366568,376.77597,1.04059,6.28e-4,613.764462,3.94,4.93,6.077946691
610,port,Motion,Person/Thing,Noun,0.602267,0.65784,35.730621,0.841047,26.638271,99.49783,0.5068,8.6e-5,479.976268,8.28,4.57,4.448118205
615,horse,Animals,Person/Thing,Noun,1,0.951137,53.222855,0.423085,63.824776,1229.01538,1.81261,0.001331,1121.328982,4.15,5,6.312235776
617,ice,The physical world,Person/Thing,Noun,0.974618,0.835872,37.717019,0.862793,118.852121,127.84423,1.11021,7.13e-4,1949.569861,3.86,4.89,6.425136796
618,precipice,The physical world,Person/Thing,Noun,0.978399,0.844795,8.01,0.468264,13.080389,143.59304,1.10136,1.7e-4,252.150697,7.27676,4.71,4.783106111
619,animal,Animals,Person/Thing,Noun,1,0.921842,150.648337,0.269406,153.477532,499.10827,1.11947,0.001767,2870.364877,2.89,4.63,6.372430202
620,insect,Animals,Person/Thing,Noun,0.765371,0.6426,7.237036,0.360677,6.438908,107.7085,1.07949,3.4e-4,123.405518,4.75,4.89,6.167566103
621,iron,Basic actions and technology,Person/Thing,Noun,1,0.843549,25.441618,0.723929,33.974285,203.77261,1.31682,3.2e-4,604.865025,7.32,4.59,5.050763917
622,island,The physical world,Person/Thing,Noun,0.934582,0.795272,60.947439,0.620545,72.376225,259.39972,2.16569,3.49e-4,1306.437259,7.41,4.96,4.636611448
623,lagoon,The physical world,Person/Thing,Noun,0.521696,0.566066,2.284049,1.485926,1.707396,112.61404,1.2765,6e-6,30.851379,9.42,4.5,4.388477893
624,lake,The physical world,Person/Thing,Noun,0.954903,0.889431,28.857627,0.633846,47.662392,264.1734,1.52661,2.24e-4,1005.339662,4.61,4.88,5.326259085
626,land,The physical world,Person/Thing,Noun,1,0.974148,121.592513,0.841566,243.738006,1380.60695,0.62312,6.03e-4,3878.671018,4.89,4.77,5.879098362
628,leaf,Agriculture and vegetation,Person/Thing,Noun,1,0.995995,24.889503,0.944677,17.927657,806.28872,1.50482,4.83e-4,1610.501335,4.6,5,5.689509089
629,leather,Clothing and grooming,Person/Thing,Noun,0.953785,0.961565,10.241287,0.844079,18.694539,111.66516,1.14289,2.39e-4,347.078018,7.25,4.82,5.995319951
631,livestock,Animals,Person/Thing,Noun,0.791575,0.743275,9.265283,1.77595,2.749197,106.38377,0.74881,1.2e-5,51.616731,7.89,4.7,5.193232586
632,lizard,Animals,Person/Thing,Noun,0.976504,0.942617,2.381219,0.656159,4.25402,130.66575,1.06002,1.52e-4,82.171462,5.42,4.68,4.975863914
633,market,Possession,Person/Thing,Noun,0.817937,0.769853,117.018186,0.398526,166.34088,274.36916,1.3835,1.71e-4,3023.138535,7.16,4.7,6.085163937
634,meat,Food and drink,Person/Thing,Noun,1,0.98716,62.036174,0.431584,57.024131,641.9648,0.95234,7.12e-4,988.430733,4.42,4.9,6.426335491
635,milk,Food and drink,Person/Thing,Noun,1,0.98219,76.97936,0.474785,69.279761,397.21209,1.39388,6.64e-4,1210.916642,3.37,4.92,6.396153607
636,mill,Food and drink,Person/Thing,Noun,0.737109,0.762886,7.450562,0.741861,14.975888,220.04212,2.82678,4.4e-5,406.407594,8.17,4.72,4.837033515
640,mud,The physical world,Person/Thing,Noun,1,0.989205,11.378624,0.595737,12.197752,154.76367,1.67283,2.45e-4,229.30881,4.05,4.86,4.810800215
641,mushroom,Agriculture and vegetation,Person/Thing,Noun,1,0.895486,14.331814,0.720252,18.810294,136.59942,0.96531,1.01e-4,333.135568,6.44,4.83,5.59535837
645,ocean,The physical world,Person/Thing,Noun,0.722529,0.694864,21.520834,0.665663,35.102903,130.55583,1.19735,8.86e-4,658.261643,4.74,4.86,6.539262436
646,ash,The physical world,Person/Thing,Noun,1,1,13.637467,2.448982,9.390678,172.71606,1.14068,1.18e-4,276.179175,6.626683,4.96,4.930783751
648,paper,Speech and language,Person/Thing,Noun,1,0.968717,96.4874,0.789556,243.072411,169.94417,0.7733,0.001606,4339.068526,4,4.93,5.946199843
649,pasture,Animals,Person/Thing,Noun,0.867235,0.749424,4.350738,0.750347,4.934085,109.96529,1.05874,2.8e-5,96.707209,6.33,4.78,4.634147154
653,plant,Agriculture and vegetation,Person/Thing,Noun,0.76907,0.811081,60.49945,0.503872,98.045042,672.99474,3.6424,8.34e-4,1324.236132,3.95,4.76,6.020980021
655,poison,The body,Person/Thing,Noun,0.976504,0.916742,18.060457,0.733946,17.262062,160.46761,1.8197,2.44e-4,200.830614,5.58,4.27,4.223900373
657,price,Possession,Person/Thing,Noun,0.885229,0.862185,179.465264,0.514249,152.73959,131.85792,1.07779,1.8e-4,2660.338179,7.35,3.63,4.793106725
658,rain,The physical world,Person/Thing,Noun,1,1,184.983184,0.351983,169.78461,441.30809,1.44292,7.76e-4,2599.228716,3.6,4.97,6.463353079
660,reef,The physical world,Person/Thing,Noun,0.460214,0.335434,2.048917,1.086221,2.66238,190.21413,2.26489,3.8e-5,69.118956,9.72,4.7,4.955146224
661,religion,Religion and belief,Person/Thing,Noun,0.714107,0.587584,98.730463,1.4013,44.956603,160.13863,1.8124,0.001143,796.202907,7.06,1.71,3.717517985
663,bay,The physical world,Person/Thing,Noun,0.5534,0.480127,20.039608,0.642424,55.98233,126.336,0.99264,6.9e-5,1082.171462,8.67,4.81,4.983585455
665,bee,Animals,Person/Thing,Noun,1,0.964211,10.226056,0.670159,24.815119,160.99532,1.3893,4.61e-4,455.354494,5,4.88,5.163787213
667,road,Motion,Person/Thing,Noun,0.974618,0.977827,306.450338,0.835246,162.622229,669.06184,1.22125,7.53e-4,3052.210027,4.55,4.75,4.793477374
670,root,Agriculture and vegetation,Person/Thing,Noun,1,1,31.593782,0.4742,61.408376,189.77149,1.43271,1.27e-4,848.412934,5.94,4.34,4.170289026
671,sand,The physical world,Person/Thing,Noun,1,0.995995,29.214411,0.545031,29.459815,136.33306,1.04495,5.19e-4,510.234352,4.63,5,5.619874412
672,early,Time,Property,Function word,0.975191,0.872734,194.542703,0.801454,366.78627,280.6699,0.63794,8.6e-5,5374.369623,5.305215,2.25,3.88104855
673,school,Cognition,Person/Thing,Noun,1,0.863396,342.653055,0.373986,627.46801,880.07962,1.49945,0.001727,11371.99644,3.89,4.79,4.938618984
674,mouth,The body,Person/Thing,Noun,1,1,117.810544,0.467522,83.532176,430.16416,1.03457,4.16e-4,1644.319193,3.58,4.74,5.576554281
676,shit,The body,Action/Process,Verb,1,0.996179,0.741145,0.22947,0.491962,97.9929,0.4998,9e-6,5.043014,13.2,4.21,5.26740347
677,axe,Basic actions and technology,Person/Thing,Noun,1,0.989205,4.971216,0.704266,4.196143,228.38234,0.96584,1.23e-4,133.194898,6.11,5,5.494296383
678,beard,The body,Person/Thing,Noun,1,0.988985,12.807943,0.608972,17.233123,97.29898,0.53584,2.97e-4,333.728864,4.84,4.96,5.300888364
679,bright,Sense perception,Property,Adjective,0.9776,0.924647,47.17267,0.9766,73.881048,110.95387,0.64409,6.04e-4,1220.706022,6.58,3.92,5.505672612
680,break,Basic actions and technology,Action/Process,Verb,1,0.996179,91.343742,0.793213,344.286264,301.5968,0.93295,4.61e-4,4342.331652,5.3,3.71,4.491483396
681,destroy,Possession,Action/Process,Verb,0.975191,0.917772,72.096609,0.473731,99.173659,153.84291,0.96525,4.2e-4,964.105607,6.7,3.08,5.086815806
682,side,Spatial relations,Person/Thing,Noun,1,0.97701,218.44406,0.703945,312.091722,1305.66902,1.2162,1.54e-4,5754.968852,4.72,3.68,4.620009477
684,own,Possession,Action/Process,Verb,0.847363,0.848145,443.70103,0.888376,599.860286,631.73281,1.30458,1.44e-4,10534.559478,5.209302,1.96,3.661612478
686,easy,Cognition,Property,Adjective,0.973897,0.912364,256.34185,0.489589,303.554742,165.91746,1.0895,5.04e-4,4245.327796,5.43,2.07,3.565408714
690,bottom,The physical world,Person/Thing,Noun,1,0.938954,75.135209,1.04909,88.23475,190.69748,0.85012,1.8e-4,1692.672797,5.28,4.25,4.23678288
691,season,Time,Person/Thing,Noun,0.800673,0.701258,112.601499,0.479062,286.061168,236.40998,1.64946,7.9e-5,5181.548502,6.05,3.32,4.336283804
692,bring,Motion,Action/Process,Verb,0.991453,0.980394,178.725039,0.792825,470.054786,916.32253,0.75862,4.5e-5,4895.876594,4.42,2.55,4.687261268
694,get,Possession,Action/Process,Verb,0.952801,0.922762,678.14377,1.412882,3593.648852,2523.96256,0.69274,3.44e-4,54841.590033,3.17,3,4.551187848
695,go,Motion,Action/Process,Verb,1,1,2115.548894,0.99553,4838.861397,8076.96245,0.60738,0.001706,42955.20617,3.37,3.67,7.002287415
698,wise,Cognition,Property,Adjective,0.950039,0.858191,24.83646,0.988458,40.818339,118.98184,1.24463,2.25e-4,703.945417,6.79,1.97,4.520399213
700,carry,Motion,Action/Process,Verb,0.98504,0.978778,102.786314,1.174463,116.696172,520.48435,1.06435,2.03e-4,1304.657372,5.16,4.04,5.503883485
701,slow,Time,Property,Adverb,1,0.99703,115.782353,0.508014,152.623834,281.9161,1.13526,5.21e-4,2751.11243,4.15,3.28,5.690812025
702,catch,Motion,Action/Process,Verb,1,0.934794,54.081893,1.220605,79.42285,156.51195,0.74826,1.63e-4,1082.171462,5.37,3.52,5.341961388
703,soon,Time,Other,Function word,0.945541,0.899408,309.312008,0.669431,442.620695,232.67991,0.91933,1.33e-4,8491.248888,4.82565,1.79,3.343847785
704,clean,Sense perception,Property,Adjective,0.959658,0.947184,52.356663,0.802255,132.091674,278.88548,0.93004,0.001076,2050.726787,3.89,3.07,6.526684452
706,dark,Sense perception,Property,Adjective,0.934744,0.87588,71.97524,0.512799,152.855346,261.54687,0.86334,0.001029,2577.276772,3.74,4.29,5.339449095
707,remember,Cognition,Action/Process,Verb,1,0.994951,236.958522,0.86343,419.845769,375.92688,1.16158,1.8e-4,6987.540789,5.63,2.41,4.847185907
708,shine,Sense perception,Action/Process,Verb,1,0.968139,22.119539,0.793872,49.58683,109.96601,0.60171,2.27e-4,654.108573,5.79,3.85,5.19325432
709,teach,Cognition,Action/Process,Verb,1,0.976381,110.549016,0.8907,193.297478,247.4256,1.02083,1.76e-4,1463.957283,4.67,3.15,5.516679717
710,wheel,Motion,Person/Thing,Noun,0.974634,0.89419,29.431572,0.688194,36.868177,101.23175,0.55261,4.15e-4,670.720854,4.4,4.86,4.655456478
711,tall,Spatial relations,Property,Adjective,1,0.977106,11.843877,1.250054,42.786185,139.87478,0.90692,3.95e-4,691.486206,4.95,3.36,5.085787976
712,rich,Possession,Property,Adjective,0.824682,0.950536,93.06207,1.115604,87.366582,227.12907,1.89843,7.7e-4,1520.3203799999999,6.32,2.79,4.394311712
713,steal,Law,Action/Process,Verb,1,0.985592,41.71508,0.555032,58.094871,190.45361,0.69667,3.12e-4,606.051617,6.17,3.84,4.523479154
714,seed,Agriculture and vegetation,Person/Thing,Noun,1,0.960091,21.347515,0.779043,53.392297,313.26728,2.24463,2.4e-4,927.32127,4.72,4.71,5.040899137
715,shout,Speech and language,Action/Process,Verb,1,0.992527,48.093677,0.804095,100.316747,180.2833,1.00597,1.7e-4,1720.854346,4.72,4.17,5.557899232
717,sweet,Sense perception,Property,Adjective,1,1,117.803622,0.858874,243.506495,264.85875,1.20198,0.001134,4548.798576,4.53,4,5.246889105
718,pay,Possession,Action/Process,Verb,0.98504,0.94529,184.221081,0.508621,314.348957,285.60897,1.13782,2.67e-4,3475.52655,5.5,3.54,4.218444486
719,find,Possession,Action/Process,Verb,1,0.984561,601.559766,0.632236,1143.24628,739.1409,1.28713,2.8e-4,12885.197270999999,5.78,2.63,4.107739654
720,good luck,Emotions and values,Person/Thing,Noun,0.923137,0.739194,147.209267,0.690262,171.65117,104.78627,0.43066,1.56e-4,3439.928805,6.53,1.33,4.152173848
721,low,Spatial relations,Property,Adjective,0.991453,0.944941,95.474095,0.479094,173.300689,135.76142,0.737,1.99e-4,2148.917235,4.7,3.34,3.341986196
722,attack,Warfare and hunting,Person/Thing,Noun,0.861684,0.723683,72.55451,0.447358,98.3489,105.64348,0.48895,2.06e-4,1590.625927,6.58,3.71,6.146850232
723,place,Spatial relations,Person/Thing,Noun,0.974618,0.900346,684.672315,0.317408,732.125594,2621.6798,0.69102,7.16e-4,13226.935627,4.95,3.48,4.821954345
724,read,Speech and language,Action/Process,Verb,0.976504,0.956764,496.43981,0.496799,767.460008,172.80272,1.04121,2.55e-4,9129.931771,4.11,3.56,5.8153259
728,first,Quantity,Other,Function word,1,0.979097,909.791674,0.37476,1191.444042,1399.11656,0.69384,3.8e-4,22490.358944,4.388713,2.76,3.529953167
730,snake,Animals,Person/Thing,Noun,1,0.988389,14.992921,0.434054,20.445343,772.72164,1.46098,5e-4,354.494215,5.1,5,4.951397422
733,earn,Possession,Action/Process,Verb,0.897172,0.730736,59.586012,1.001365,59.614164,113.55073,0.57263,6.2e-5,510.827648,7.57,2.39,4.24982333
735,owl,Animals,Person/Thing,Noun,0.976504,0.923888,9.078329,1.477919,13.485534,135.30941,1.18518,1.14e-4,250.37081,6.21,4.93,5.815083801
736,yard,The house,Person/Thing,Noun,0.917689,0.845026,16.454003,1.242259,65.344069,260.08446,1.36102,1.19e-4,1236.725007,3.94,4.82,5.554379105
738,thing,Possession,Person/Thing,Noun,1,0.892105,614.841034,0.748635,1525.920014,2813.79181,0.92052,4.44e-4,28827.350934,4.58,3.17,5.03934787
740,ship,Motion,Person/Thing,Noun,0.866959,0.710295,39.229011,0.747433,53.594869,181.77046,2.50922,8.5e-4,841.293385,5.33,4.87,4.857786662
741,drive,Motion,Action/Process,Verb,0.872525,0.876565,128.83236,1.37788,295.784643,210.69432,1.0007,3.2e-4,3053.09997,5.26,3.86,7.032432316
742,end,Spatial relations,Person/Thing,Noun,1,0.928203,526.601019,0.499035,642.443898,573.32691,0.78053,7.49e-4,10063.185998,4.28,3.14,3.392155556
744,egg,Food and drink,Person/Thing,Noun,1,0.993066,75.678648,0.532917,105.482343,294.71046,1.31982,7.6e-4,1869.771581,3.89,4.97,5.917642527
748,sow seeds,Agriculture and vegetation,Action/Process,Verb,0.939063,0.905015,8.846453,1.168182,5.266882,131.66452,0.99866,4.5e-5,50.133492,9.67,4.04,3.914921372
749,enter,Motion,Action/Process,Verb,1,0.985674,198.930016,1.49215,115.755657,283.64834,1.36609,1.63e-4,1191.041234,5.67,3.12,4.757825478
752,store,Possession,Person/Thing,Noun,0.959658,0.779546,163.635359,0.564956,349.784658,205.71887,0.9768,8.51e-4,6422.42658,4.76,4.5,4.901024996
753,pupil,Cognition,Person/Thing,Noun,0.966439,0.87096,184.909604,0.445058,268.972739,135.97003,0.7514,4.08e-4,4902.996144,5.94,4.92,5.288395343
754,hurry,Time,Action/Process,Verb,0.951122,0.978543,31.08211,0.907938,89.464654,154.05535,0.94206,2.6e-4,1369.029961,4.44,2.9,5.599923705
755,deny,Speech and language,Action/Process,Verb,0.90334,0.769821,64.409526,0.513272,88.842467,153.68724,1.64155,2.15e-4,886.087214,7.8,3.04,5.019088786
757,button,Clothing and grooming,Person/Thing,Noun,0.983943,0.821905,36.567246,0.510087,68.107735,90.62595,0.39919,2.12e-4,1277.662415,4.78,4.96,5.826725073
758,heron,Animals,Person/Thing,Noun,0.774625,0.74683600000000006,0.893343,1.082585,1.475885,107.51813,1.20637,6e-6,28.774844,10.35,4.38,3.479851943
759,silver,Basic actions and technology,Person/Thing,Noun,0.952326,0.819211,33.353542,1.345695,39.97911,123.93805,0.90594,3.29e-4,728.567191,6.21,4.52,4.797850397
760,knot,Basic actions and technology,Person/Thing,Noun,1,0.89389,6.834864,1.003439,6.598072,97.54136,0.61605,1.15e-4,171.462474,6.05,4.87,5.805248782
761,cover,Spatial relations,Action/Process,Verb,1,0.967969,70.359728,0.821588,250.56759,225.34096,0.79685,2.79e-4,3235.241768,5.42,4.23,4.518061038
762,outside,Spatial relations,Other,Function word,1,0.880854,228.252016,0.521704,229.152793,431.38323,1.11083,2.94e-4,4359.240581,3.578781,4.25,6.636216419
763,skin,The body,Person/Thing,Noun,1,1,75.336345,0.557305,78.959828,425.12314,1.55446,6.6e-4,1428.359537,4.48,4.79,7.196450297
765,move,Motion,Action/Process,Verb,0.974618,0.952527,127.240621,0.940573,469.866683,625.04212,2.31482,4.96e-4,4795.312964,4.62,3.25,7.002287415
767,corpse,The body,Person/Thing,Noun,1,0.951274,12.082212,0.420214,4.210612,104.08766,0.46879,7.1e-5,82.171462,10,4.89,5.575718787
769,roof,The house,Person/Thing,Noun,1,0.962664,35.049346,1.047109,27.9984,205.6261,1.12047,1.6e-4,533.372886,5,4.79,4.368986953
770,earring,Clothing and grooming,Person/Thing,Noun,1,0.882559,6.235941,0.791397,9.217044,172.95954,2.869,7.6e-5,208.543459,7.17,4.96,5.83488982
772,belt,Clothing and grooming,Person/Thing,Noun,1,0.96446,14.212092,0.772498,26.811904,163.83977,1.75981,1.75e-4,507.267873,4.62,4.9,5.376374192
777,flute,Speech and language,Person/Thing,Noun,0.803498,0.904616,4.213656,1.131636,3.790998,109.80005,0.51365,1.01e-4,70.602195,8.47,5,6.054203466
779,part,Quantity,Person/Thing,Noun,0.953503,0.926228,680.926221,0.44834,773.652936,785.07557,0.81229,7.06e-4,14645.802433,4.89,4.14,5.302861251
781,fear,Emotions and values,Person/Thing,Noun,0.975346,0.985626,211.158256,0.465057,133.234762,172.39973,1.01913,7.88e-4,2324.236132,4.79,2.57,5.732314912
783,victory,Warfare and hunting,Person/Thing,Noun,0.938993,0.816055,80.903085,0.580742,45.245993,107.84822,0.8851,1.47e-4,894.096707,7.53,2.55,4.56352276
784,snow,The physical world,Person/Thing,Noun,0.750411,0.660601,154.301325,0.802787,109.649546,160.98443,1.19721,7.45e-4,1738.653219,4.11,4.85,5.860981552
788,soap,Clothing and grooming,Person/Thing,Noun,1,0.894943,11.162704,0.9328,19.663992,111.41526,0.5672,3.05e-4,342.035004,3.17,4.93,6.258148444
790,ready,Time,Property,Adjective,0.958511,0.883453,234.312401,0.593902,363.443825,378.97218,0.6802,1.64e-4,7188.668051,5.53,2.07,3.92161238
792,boil,Food and drink,Action/Process,Verb,1,0.983894,32.313339,0.755522,35.001617,199.97955,1.68229,5.8e-5,382.379116,6.6,4.2,4.598446925
794,pen,Speech and language,Person/Thing,Noun,0.946607,0.824617,16.231931,1.036193,45.245993,91.09337,0.4146,3.52e-4,797.686147,5.11,4.92,6.243717036
798,jaw,The body,Person/Thing,Noun,1,0.941048,5.57195,0.714045,10.40354,102.01912,0.71659,4.1e-5,201.127262,5.33,4.87,5.736616632
799,wrist,The body,Person/Thing,Noun,0.976163,0.893927,6.146999,0.46024,11.705791,95.14901,0.57088,5.5e-5,225.749036,5.94,4.93,6.590839994
801,rib,The body,Person/Thing,Noun,1,0.99027,5.348337,0.662475,14.281354,98.76304,0.52905,4.5e-5,260.753486,6.3,4.9,5.183550609
803,ankle,The body,Person/Thing,Noun,1,0.929423,5.278887,0.696049,14.498396,98.73653,0.63453,6.3e-5,279.145654,4.89,4.81,6.183931588
806,blanket,The house,Person/Thing,Noun,0.98504,0.933131,15.897505,0.731696,23.339234,139.25658,1.01719,2.77e-4,438.148917,3.61,5,5.725146319
809,trousers,Clothing and grooming,Person/Thing,Noun,1,0.936231,42.654644,0.427562,63.072364,208.55678,0.96411,5.58e-4,1176.20884,5.94,4.93,5.725453886
811,soul,Religion and belief,Person/Thing,Noun,1,0.969391,258.085095,0.664447,205.147964,356.43617,1.5394,3e-4,3808.958766,6.17,1.86,3.850361206
812,slave,Social and political relations,Person/Thing,Noun,0.749611,0.729197,18.421052,0.539172,19.287786,112.52059,0.73696,1.56e-4,340.255117,7.84,4.38,4.52345063
816,half,Quantity,Person/Thing,Noun,0.975883,0.939518,193.217519,0.404918,235.504885,332.66789,0.97828,1.06e-4,4420.350044,5.454413,3.27,3.588540678
820,lamb,Animals,Person/Thing,Noun,0.760012,0.720515,7.520632,0.726227,14.614152,98.02076,0.54168,1.15e-4,297.537823,4.15,4.97,5.557446919
827,roll,Motion,Action/Process,Verb,1,0.930983,25.628237,1.105693,122.599711,127.16255,0.67785,1.8e-4,1962.325719,4.47,4.16,4.765282666
832,bean,Food and drink,Person/Thing,Noun,0.841123,0.901408,18.778874,0.770035,50.585222,163.5256,1.48429,2.06e-4,883.714031,3.42,5,5.562288502
834,buttocks,The body,Person/Thing,Noun,1,0.967423,130.316241,0.842533,252.274986,111.1009,0.67104,2.66e-4,1238.504895,3.73,4.75,5.245418873
837,blue,Sense perception,Property,Adjective,1,0.9976,91.773145,0.473037,176.078824,123.23587,0.91244,0.001106,3293.978048,3.53,3.76,5.030265016
843,spider,Animals,Person/Thing,Noun,1,0.986095,8.746488,0.526656,17.160776,119.69013,1.47992,2.05e-4,304.657372,3.43,4.97,4.735519991
850,square,Spatial relations,Person/Thing,Noun,0.832601,0.693999,57.155879,1.184769,65.112557,121.12789,0.88176,3.56e-4,1176.802136,4.11,4.33,4.051926586
851,stable,Animals,Person/Thing,Noun,0.900048,0.732555,14.421358,1.359891,14.440518,92.78572,0.44852,3.2e-5,193.711065,7.75,4.37,4.285724244
852,priest,Religion and belief,Person/Thing,Noun,0.797104,0.752344,34.678509,0.900891,17.551452,129.57713,0.77741,2.76e-4,317.116583,7.1,4.77,5.078567189
854,kettle,Food and drink,Person/Thing,Noun,0.881094,0.779819,5.597906,0.874529,5.657558,99.00611,0.52632,3.7e-5,113.616138,8.06,4.75,4.868354971
855,seize,Possession,Action/Process,Verb,1,0.9873,18.444998,1.129759,22.572353,90.57512,0.41272,3.6e-5,287.155147,10.15,3.97,5.363260869
858,storm,The physical world,Person/Thing,Noun,0.953399,0.884158,31.762961,0.38933,58.760466,100.43324,0.66834,2.28e-4,1091.070899,4.94,4.7,5.535003243
859,stove,The house,Person/Thing,Noun,0.772466,0.706858,10.756344,0.953935,9.520903,183.33933,1.67407,9.7e-5,179.768615,4.32,4.96,4.742293076
860,cause,Cognition,Person/Thing,Noun,0.811274,0.774675,159.126321,0.790245,288.622262,144.64215,1.09583,1.14e-4,4629.190151,5.84,2.43,3.623467379
861,judge,Law,Person/Thing,Noun,0.754225,0.646541,55.849477,0.613822,100.446972,111.64658,0.94384,3.64e-4,1469.593592,8.85,3.75,4.791744662
862,sugar,Food and drink,Person/Thing,Noun,1,0.913342,76.36451,1.04097,96.033787,282.36541,2.83959,4.8e-4,1678.730347,3.95,4.87,6.017283032
863,edge,Spatial relations,Person/Thing,Noun,1,0.96219,37.716173,0.67742,70.191337,178.23479,0.86912,2.26e-4,1315.633343,6.17,4.24,4.920685563
864,pumpkin,Agriculture and vegetation,Person/Thing,Noun,0.841123,0.874669,10.87012,0.842456,24.004829,179.61422,1.55206,7.4e-5,413.230495,4.78,4.9,6.627921513
873,tax,Possession,Person/Thing,Noun,0.769058,0.570921,36.301631,0.589073,66.487156,110.20384,1.25504,2.28e-4,1620.884011,8.94,3.89,3.370045772
878,hell,Religion and belief,Person/Thing,Noun,0.873908,0.700744,53.523319,0.785278,190.707445,105.38974,0.49901,2.53e-4,3858.498962,5.11,2.41,3.335652292
879,cough,The body,Action/Process,Verb,1,1,16.194251,0.755144,25.610939,114.49431,1.03873,1.28e-4,291.901513,4.32,4.36,6.342003705
882,parrot,Animals,Person/Thing,Noun,0.855315,0.90288,3.77253,0.656082,3.053055,122.1492,1.91504,4.8e-5,52.210027,5.58,5,5.187882012
884,share,Possession,Action/Process,Verb,1,0.939052,103.550628,0.956311,387.347368,179.52792,1.41119,1.83e-4,4784.930288,4.84,2.96,4.822279281
887,bitter,Sense perception,Property,Adjective,1,0.989205,22.531878,0.580908,27.072354,166.18135,1.26112,1.27e-4,505.784634,8.81,2.93,5.244103595
889,flame,The physical world,Person/Thing,Noun,0.972422,0.916348,15.682278,0.754177,16.610937,102.59958,0.53583,1.72e-4,314.7434,6.25,4.67,5.207092455
890,mule,Animals,Person/Thing,Noun,0.736456,0.676992,1.663611,0.841766,2.257235,92.96971,0.52038,3.7e-5,52.210027,5.65,5,4.811481103
891,tide,The physical world,Person/Thing,Noun,0.437705,0.361161,4.954948,1.278218,11.416402,155.15742,1.50129,5.6e-5,217.442895,6.68,4.1,4.853509515
892,time,Time,Person/Thing,Noun,0.976504,0.717737,1741.176977,0.36777,2764.592364,3087.22046,0.60667,0.001728,51191.337882,5.16,3.07,3.661951342
897,swallow,Food and drink,Action/Process,Verb,1,0.978437,11.824682,0.675465,15.45338,104.63472,0.42041,7.5e-5,187.184812,5.17,3.89,5.897158212
906,tree,Agriculture and vegetation,Person/Thing,Noun,1,0.975256,85.609625,0.471916,135.853733,2297.67193,0.98158,0.001902,2388.905369,3.57,5,5.637037923
908,drum,Speech and language,Person/Thing,Noun,0.863095,0.858272,17.37991,0.808076,29.922837,283.74978,1.59819,1.69e-4,517.650549,4.63,4.96,6.470984863
911,temple,Religion and belief,Person/Thing,Noun,0.649034,0.815817,164.724204,0.661183,193.109375,685.13461,2.14816,0.001245,3241.471373,5.15,4.9,6.258654518
913,crow,Animals,Person/Thing,Noun,0.964583,0.719523,3.995925,0.632537,10.186498,311.63977,4.26908,8.5e-5,182.141798,5.74,4.93,4.909983747
917,ornament,Clothing and grooming,Person/Thing,Noun,0.926803,0.681298,9.755263,0.907173,8.189713,97.3114,0.58919,3.7e-5,145.654109,6.1,4.04,5.59506767
921,valley,The physical world,Person/Thing,Noun,0.900058,0.825744,39.622333,1.810361,37.229913,119.57745,1.15564,7e-5,711.95491,7.94,4.72,4.244919437
923,love,Emotions and values,Action/Process,Verb,1,0.981971,877.443055,0.706761,2603.952451,246.08516,1.15025,0.002182,42690.89291,5.17,2.07,6.63538846
924,vegetables,Food and drink,Person/Thing,Noun,0.882188,0.671975,46.922817,0.292332,43.683291,175.05689,1.65076,5.9e-4,1310.293681,4.17,4.89,6.849642652
925,cassava,Agriculture and vegetation,Person/Thing,Noun,0.594456,0.606241,1.563122,0.947802,1.143087,116.00256,1.07763,4e-6,20.172056,9.16,4.64,5.764903079
926,rice,Agriculture and vegetation,Person/Thing,Noun,0.937725,0.846112,53.587443,1.703684,47.966251,406.63585,1.82471,1.65e-4,831.207357,3.72,4.86,6.210567469
930,village,Social and political relations,Person/Thing,Noun,1,0.936056,125.564238,0.964512,43.278146,1726.89634,1.24263,7.1e-5,785.820231,7.84,4.89,5.025115068
932,barley,Agriculture and vegetation,Person/Thing,Noun,0.637837,0.417756,2.235652,0.780748,6.583603,103.65199,0.61359,2.3e-5,123.702166,9.8,4.59,5.473879478
933,wall,The house,Person/Thing,Noun,0.940093,0.919659,97.369024,0.46969,134.33444,184.08911,1.09321,4.55e-4,2504.598042,3.79,4.86,4.998556169
937,bird,Animals,Person/Thing,Noun,1,0.974006,54.98238,0.446944,90.535394,733.98399,1.14798,0.001684,1648.768911,3.52,5,5.497980712
938,mare,Animals,Person/Thing,Noun,0.708535,0.808028,2.887416,0.806276,2.344052,132.59728,1.60287,1.5e-5,43.013942,8.84,4.75,4.396856156
942,honey,Food and drink,Person/Thing,Noun,0.972422,0.984829,25.285642,0.590577,43.017696,182.35553,2.59315,2.18e-4,810.442005,5.44,4.88,6.270436665
943,waterfall,The physical world,Person/Thing,Noun,0.92447,0.715604,6.191975,0.946937,5.729905,112.7691,1.22543,4.8e-5,106.199941,5.47,4.9,4.988966174
945,spear,Warfare and hunting,Person/Thing,Noun,0.951122,0.834119,11.098973,1.38549,11.47428,277.92105,1.66073,9.1e-5,214.773064,7.22,5,4.805165777
946,blood,The body,Person/Thing,Noun,1,1,93.665791,0.642129,95.353723,357.42104,1.08178,9.75e-4,1704.242065,4.89,4.86,5.695234611
948,water,The physical world,Person/Thing,Noun,1,0.999149,296.240156,0.616174,291.921298,1806.90196,0.60841,0.003702,4876.297834,2.37,5,6.892788487
951,weapons,Warfare and hunting,Person/Thing,Noun,0.940913,0.708188,47.493947,0.47209,32.729912,127.17416,0.68475,3e-4,606.051617,6.95,4.76,5.866098599
952,weather,The physical world,Person/Thing,Noun,0.750273,0.617217,133.475315,0.817156,163.620622,112.66855,0.60228,3.65e-4,3155.4434890000002,5.94,3.83,5.208689466
956,flee,Motion,Action/Process,Verb,1,0.966264,21.854761,1.057095,10.056273,95.42478,0.48409,5e-5,80.391575,8.33,3.67,5.371352092
957,whale,Animals,Person/Thing,Noun,0.513898,0.432587,5.743261,0.612027,11.73473,106.85166,0.86504,1.46e-4,201.720558,5.47,4.96,5.180201043
960,wind,The physical world,Person/Thing,Noun,1,1,93.673614,0.511907,73.389087,286.65947,1.63271,5.86e-4,1382.675764,3.89,3.93,5.883339833
962,woman,Kinship,Person/Thing,Noun,1,1,491.497028,0.315834,480.111058,2750.06334,0.92933,0.001709,8488.282409,4.95,4.46,7.271076118
963,book,Speech and language,Person/Thing,Noun,1,0.919716,504.034895,0.304632,850.992184,192.55962,1.02324,0.001963,13814.298428,3.68,4.9,6.016503594
964,wool,Clothing and grooming,Person/Thing,Noun,0.828049,0.731078,14.835861,1.054586,8.971063,106.64543,0.85353,2.29e-4,163.156333,8.06,4.86,5.310065604
965,world,The physical world,Person/Thing,Noun,0.892038,0.915112,879.768409,0.395088,897.381264,433.68881,0.97088,0.001127,16683.180065,5.32,4.8,7.064036382
970,coconut,Agriculture and vegetation,Person/Thing,Noun,0.687253,0.56375,10.781971,1.028667,22.254025,710.96111,2.42127,4.6e-5,385.642243,6.5,4.79,6.273697189
974,tobacco,Agriculture and vegetation,Person/Thing,Noun,0.986424,0.911763,10.850711,0.825002,7.770098,194.82441,1.57531,6.1e-5,137.941264,7.39,4.88,6.024017758
977,arrow,Warfare and hunting,Person/Thing,Noun,0.945153,0.932069,8.689915,0.481957,9.477494,313.30004,1.38076,2.12e-4,175.912192,6.07,4.97,4.949437432
978,wave,The physical world,Person/Thing,Noun,0.959583,0.799177,57.511859,0.515361,58.63024,121.92951,1.22457,4.07e-4,889.053693,4.26,4.55,5.708306501
979,farmer,Agriculture and vegetation,Person/Thing,Noun,0.730431,0.712611,21.000738,0.851892,37.866569,149.21777,0.93562,1.13e-4,705.725304,4.74,4.54,4.808002225
984,work,Basic actions and technology,Person/Thing,Noun,1,0.969083,1063.119024,0.633507,1832.773792,1542.36133,0.90369,0.002132,24650.252151,5.86,3.48,6.307229861
987,remain,Spatial relations,Action/Process,Verb,1,0.971102,204.845018,1.101548,123.511286,115.15171,0.53085,2.5e-5,870.958173,8.17,1.96,2.480484211
989,clear,Cognition,Property,Adjective,0.891739,0.859791,200.915494,0.761809,140.411612,196.97922,0.67455,4.39e-4,2557.698012,5.8,3.55,4.568369689
996,deaf,The body,Property,Adjective,0.974618,0.997928,9.099646,0.470832,6.945339,113.62637,0.82814,8e-5,127.855236,6.83,3.27,2.907946069
998,put,Spatial relations,Action/Process,Verb,1,0.970643,594.527012,0.635527,1189.418318,3490.8235,0.59932,2.67e-4,19096.113913,3.72,3.86,5.27107505
1000,anxiety,Emotions and values,Person/Thing,Noun,0.98418,0.907803,54.802425,0.647687,130.500034,150.00142,0.73432,4.04e-4,2572.530406,6.61,2.55,5.398386066
1001,blacksmith,Basic actions and technology,Person/Thing,Noun,0.897584,0.624284,13.391542,0.940186,52.263679,118.05299,0.81085,2.8e-5,979.827944,9.84,4.38,4.331129426
1002,statue,Basic actions and technology,Person/Thing,Noun,0.568812,0.600666,10.535258,0.609635,10.577173,92.32349,0.47628,1.49e-4,198.160783,7.55,4.93,4.842405795
1005,twins,Kinship,Person/Thing,Noun,1,0.885017,15.216073,0.634327,38.836023,121.70016,1.17179,1.53e-4,730.940374,6.06,4.17,4.122795884
1006,brick,The house,Person/Thing,Noun,0.887799,0.704005,5.212767,0.646545,13.948557,108.65785,0.66618,1.78e-4,375.259567,6.43,4.83,4.722119573
1007,cow,Animals,Person/Thing,Noun,0.950871,0.947046,29.059922,0.80993,27.231518,827.71133,1.33872,6.92e-4,499.555028,3.94,4.96,4.965558625
1008,bull,Animals,Person/Thing,Noun,0.845526,0.867157,12.657708,1.056245,49.03699,264.73285,1.97289,1.46e-4,933.254227,4.53,4.85,5.207771829
1010,boundary,Social and political relations,Person/Thing,Noun,0.84308399999999994,0.794313,38.669423,0.683475,13.644698,97.01103,0.50696,8.7e-5,258.083655,8.35,3.04,4.32255374
1011,bridge,Motion,Person/Thing,Noun,1,0.905173,40.160306,0.516485,45.737954,187.55344,1.17139,1.8e-4,828.834174,5.58,4.97,4.722555939
1014,or,Cognition,Other,Function word,0.944854,0.7566,2036.682133,0.620637,3104.147116,2524.08582,0.70457,1.05e-4,51830.910709,4.143602,1.72,2.168675032
1021,towel,Clothing and grooming,Person/Thing,Noun,0.983959,0.743119,10.097477,0.407479,19.172031,102.70239,0.68083,1.11e-4,351.527737,3.22,4.86,6.48426142
1025,whistle,Speech and language,Action/Process,Verb,1,0.95621,7.579588,0.816384,10.909971,183.19479,2.64656,5.1e-5,163.156333,5.42,4.42,6.084539672
1033,grind,Food and drink,Action/Process,Verb,1,0.989927,27.329913,0.89679,68.310307,177.21835,1.06461,1.15e-4,983.091071,7.58,3.97,5.20122247
1035,good,Emotions and values,Property,Adjective,1,0.994336,2755.866601,0.63792,3039.512051,2232.42907,0.61569,0.001709,41846.929694,3.55,1.64,5.133806684
1038,teacher,Cognition,Person/Thing,Noun,1,0.926056,135.454119,0.771564,148.615795,216.02837,1.27553,6.15e-4,2743.399585,4.55,4.52,5.064921354
1039,show,Sense perception,Action/Process,Verb,1,0.958675,324.215358,0.606697,490.340965,341.06775,1.34523,3.76e-4,8411.450608,4.55,3.39,4.828480626
1044,pillow,The house,Person/Thing,Noun,0.934276,0.856539,16.972163,0.642997,24.78618,93.99606,0.41122,2.08e-4,451.201424,3.47,5,6.935973787
1046,shut,Spatial relations,Action/Process,Verb,1,0.984561,28.461215,1.511865,78.10613,115.86773,0.76218,6.8e-5,1407.890834,4.89,3.38,4.82901673
1062,law,Law,Person/Thing,Noun,0.849292,0.735753,261.995098,0.673928,172.533807,524.0816,1.77033,7.92e-4,3011.865915,8.33,2.57,3.834284729
1063,nephew,Kinship,Person/Thing,Noun,0.81321,0.850458,11.317073,0.800059,16.162384,127.82579,0.89832,2.5e-5,320.379709,6.37,4.48,3.887494674
1067,judgment,Law,Person/Thing,Noun,0.77735,0.554563,37.099843,0.402358,27.969461,90.95574,0.40346,8.6e-5,525.956689,8.939252,1.68,4.323381754
1068,court,Law,Person/Thing,Noun,0.730602,0.530253,70.045443,0.601453,102.805493,135.7241,0.8762,4.97e-4,1784.336992,8.39,4.31,4.756091907
1069,glue,Basic actions and technology,Person/Thing,Noun,0.97348,0.818346,9.62897,0.887686,19.056275,88.40518,0.39272,1.99e-4,304.064076,4.67,4.65,5.158058037
1071,hook,Warfare and hunting,Person/Thing,Noun,0.952719,0.875631,11.17309,1.381935,48.964643,114.31323,0.48817,8.8e-5,634.529813,6.26,4.79,4.609018378
1075,trap,Warfare and hunting,Person/Thing,Noun,0.976504,0.844388,17.435387,0.764497,28.866567,198.5904,1.97237,1.15e-4,307.62385,6.44,4.3,4.536970592
1077,wheat,Agriculture and vegetation,Person/Thing,Noun,0.785894,0.622939,8.557459,0.689286,17.971066,116.36243,0.94342,2.17e-4,314.7434,6.53,4.89,6.019550808
1079,feel,Sense perception,Action/Process,Verb,1,0.914345,440.011825,0.655067,1277.566251,343.20492,1.43054,1.73e-4,15884.603975,5.11,2.28,7.029573981
1081,bill,Possession,Person/Thing,Noun,0.70756,0.64405,32.875821,0.90257,128.517719,120.63184,1.7024,2.73e-4,2358.647286,6.4242,4.68,4.377626541
1082,merchant,Possession,Person/Thing,Noun,0.817481,0.779288,11.174752,0.939412,8.117365,134.61835,1.4589,2.4e-5,162.26639,9.8,4.31,4.433205842
1085,follow,Motion,Action/Process,Verb,0.977786,0.978585,425.046433,0.880278,1217.199676,312.79581,1.04118,2.02e-4,14682.883417,5.11,3.26,4.962190801
1095,let go or set free,Possession,Action/Process,Verb,1,0.871509,59.462613,1.105013,183.675289,112.40096,1.04519,9.8e-5,2129.041827,8.53,3.24,4.821759587
1098,weigh,Possession,Action/Process,Verb,0.918973,0.868949,19.740623,0.596325,24.540199,105.00692,0.71713,3e-5,183.328389,6.62,3.79,3.324168416
1100,cook,Food and drink,Action/Process,Verb,0.972422,0.973407,38.111344,1.794333,110.401958,499.21134,0.87784,2.62e-4,1455.651142,4.22,4.32,7.028219476
1102,climb,Motion,Action/Process,Verb,1,0.963209,33.118279,1.134344,38.864962,362.24731,1.54027,1.82e-4,378.226046,5.3,4.11,6.247828786
1103,sacrifice,Religion and belief,Person/Thing,Noun,0.766489,0.688065,29.399953,0.936158,30.545024,152.85508,1.95633,5.4e-5,460.397508,9.61,2.8,4.018056654
1109,wound,The body,Person/Thing,Noun,1,0.948637,56.901172,0.719315,50.266894,218.83191,1.31293,4.07e-4,835.063779,5.84,4.24,5.684605989
1113,wrap,Motion,Action/Process,Verb,1,0.995108,16.180534,1.082842,62.334421,128.23936,1.11339,8.8e-5,689.706319,7,4.11,5.292514435
1115,speech,Speech and language,Person/Thing,Noun,0.875879,0.779026,78.809217,0.836316,55.200979,166.4631,1.24047,3.49e-4,1035.597745,6.22,3.37,5.887319915
1119,divide,Spatial relations,Action/Process,Verb,0.975107,0.931075,51.080412,0.717416,53.5804,181.97372,0.67958,2.37e-4,840.700089,6.25,3.96,4.8609451
1121,secret,Cognition,Property,Adjective,0.942668,0.825137,84.082134,0.380135,103.456619,112.12859,0.79362,5.09e-4,1983.981015,5.39,2.19,4.311476404
1123,pregnant,The body,Property,Adjective,1,0.996803,23.413333,0.621762,37.996795,173.88485,0.84879,9.8e-5,705.725304,6.76,4.59,5.532345091
1124,pipe,Agriculture and vegetation,Person/Thing,Noun,0.910051,0.686534,9.387523,1.023809,17.768493,126.88912,0.85002,2.21e-4,295.461287,8.17,4.88,4.373074698
1125,bald,The body,Property,Adjective,1,0.95268,11.310807,1.359795,6.916401,144.99115,2.28259,8.6e-5,135.271433,7.26,4.69,5.316503354
1127,send,Motion,Action/Process,Verb,0.976504,0.940317,269.746599,0.602737,384.077271,252.28756,0.98222,1.22e-4,3743.399585,5.68,2.7,3.421607169
1133,match,The physical world,Person/Thing,Noun,1,0.89343,103.138463,0.819195,84.414813,131.42139,0.88298,1.22e-4,1484.129338,5.72,4.14,3.544789322
1135,kick,Motion,Action/Process,Verb,0.976504,0.968805,21.807534,1.29711,127.852124,107.68844,0.54088,7.9e-5,1618.21418,4.06,4.33,5.909194699
1136,rabbit,Animals,Person/Thing,Noun,0.899925,0.888736,15.478505,0.894908,12.168813,293.14224,2.94101,2.3e-4,295.757935,3.94,4.93,4.501536406
1141,pity,Emotions and values,Person/Thing,Noun,0.954663,0.905589,25.605837,0.676471,17.33441,157.87904,0.74953,4.5e-5,326.609315,8.72,1.87,4.343411099
1143,oven,Food and drink,Person/Thing,Noun,0.89551,0.728479,46.238952,0.93721,47.228308,144.40933,1.37378,1.67e-4,824.384456,5.67,4.97,5.104911909
1145,swamp,The physical world,Person/Thing,Noun,0.957358,0.878556,5.594522,0.997481,7.799037,114.03883,1.10547,8.7e-5,108.57312400000001,7.95,4.96,5.048288068
1149,orphan,Kinship,Person/Thing,Noun,0.942575,0.920228,8.317869,1.24765,7.900324,126.1059,1.0129,2.5e-5,128.448532,6.94,4.04,3.615204975
1150,thunder,The physical world,Person/Thing,Noun,1,0.987397,8.790012,0.798092,28.736342,105.15677,0.86208,8.2e-5,558.587956,4.89,4.34,4.428124593
1153,cattle,Animals,Person/Thing,Noun,0.795316,0.84273,6.298921,1.172068,7.20579,335.55047,1.3734,1.04e-4,119.252447,6.53,4.64,5.95029255
1155,cave,The physical world,Person/Thing,Noun,1,0.920841,76.477126,2.894599,18.159169,253.64297,1.41233,1.89e-4,272.916049,6.74,4.96,4.500787893
1156,open,Spatial relations,Action/Process,Verb,1,0.9839,346.023717,0.498621,488.112668,438.43412,0.7747,5.12e-4,6478.196381,5,3.21,4.725517756
1159,fart,The body,Action/Process,Verb,1,0.851152,15.996438,1.182777,11.662382,121.28827,1.17172,7.6e-5,183.031741,5.78,4.18,6.079942052
1161,thread,Clothing and grooming,Person/Thing,Noun,1,0.97819,38.184252,0.596214,41.093258,147.98083,1.08938,2.74e-4,681.993474,6.61,4.93,5.816545223
1162,intention,Cognition,Person/Thing,Noun,0.867958,0.729298,141.702146,0.586165,104.816748,129.70410999999999,0.71302,1.32e-4,2037.080985,8.37,1.7,3.694579019
1169,ox,Animals,Person/Thing,Noun,0.859148,0.734976,3.074128,0.660028,1.374598,262.88125,2.85776,5.3e-5,37.080985,4.72,4.86,3.704276712
1171,mirror,Clothing and grooming,Person/Thing,Noun,1,0.939118,35.681372,0.55386,41.889079,126.62501,1.28713,2.21e-4,738.356571,4.89,4.97,5.780473142
1172,shoot,Warfare and hunting,Action/Process,Verb,1,0.95251,52.272388,0.811685,139.297464,307.64637,1.26911,1.59e-4,1825.274399,5.53,3.97,5.869999895
1174,yesterday,Time,Other,Function word,1,0.991433,379.407678,0.408861,207.969508,219.64469,0.95218,6.8e-5,4202.907149,4.580539,3,2.967339632
1175,ghost,Religion and belief,Person/Thing,Noun,0.95755,0.862896,25.754137,1.049362,41.122197,108.69254,0.60534,4.62e-4,762.088401,5.06,3.19,4.07728782
1176,spade,Agriculture and vegetation,Person/Thing,Noun,0.894127,0.724508,1.683495,1.296601,3.805467,106.78749,1.08778,5.1e-5,70.602195,8.11,4.46,3.652093577
1185,vulture,Animals,Person/Thing,Noun,0.713519,0.778943,1.754596,0.907617,2.416399,123.37566,1.58561,2.4e-5,45.387125,8.89,4.73,4.236925805
1188,charcoal,The physical world,Person/Thing,Noun,1,0.947805,2.844053,1.34091,3.47267,128.00878,1.25307,2.2e-5,60.516167,8,4.85,4.838724035
1198,many,Quantity,Other,Function word,1,1,2311.045287,0.383079,2203.987716,1966.84308,0.63366,6.5e-4,41774.84426,4.580539,2.37,4.543065263
1199,wife,Kinship,Person/Thing,Noun,1,1,87.863864,1.029128,142.726726,1389.76636,0.7131,2.88e-4,2725.600712,5.67,4.13,5.470194584
1201,feather,The body,Person/Thing,Noun,1,0.98592900000000006,2.530258,1.216817,8.030549,204.88988,1.31767,3.06e-4,254.52388,4.67,4.9,4.843053509
1202,big,Spatial relations,Property,Adjective,1,0.995953,910.953491,0.421874,972.144949,1793.3455,0.67209,0.001643,14829.42747,2.89,3.66,5.084075034
1203,long,Spatial relations,Property,Adjective,1,1,477.684426,0.727843,808.596675,1180.48971,0.69381,7.36e-4,12427.469594,4.239515,3.18,4.432593944
1205,tongue,The body,Person/Thing,Noun,1,1,22.45948,0.996912,27.665602,211.30828,1.35866,2.14e-4,529.813112,4.47,4.93,5.85644797
1207,young,Time,Property,Adjective,0.976504,0.950332,228.45746,0.497686,277.611005,793.87834,0.74199,6.14e-4,4233.461881,4.61,3.16,4.996223094
1208,cat,Animals,Person/Thing,Noun,1,1,139.121299,1.311154,127.910001,316.49077,1.95604,0.001194,2339.958469,3.68,4.86,6.349945313
1210,heavy,Sense perception,Property,Adjective,1,0.994,67.2796,0.561428,63.289406,172.15264,0.89825,5.21e-4,1225.15574,4.05,3.37,5.484958139
1216,mother,Kinship,Person/Thing,Noun,1,0.92276,267.837702,0.62371,315.984006,2190.31732,0.71879,6.43e-4,5730.940374,2.63,4.6,5.761231245
1217,father,Kinship,Person/Thing,Noun,1,0.986984,189.061304,0.684797,150.713866,2342.12614,0.55295,3.46e-4,2636.606348,4.11,4.52,5.65556169
1218,rope,Basic actions and technology,Person/Thing,Noun,1,0.981524,21.796062,0.731449,23.46946,314.43227,0.88702,4.59e-4,419.163453,5.44,4.93,5.16614002
1219,worm,Animals,Person/Thing,Noun,1,0.943511,7.740146,0.737489,11.257238,168.11678,1.21649,2.27e-4,213.289825,3.89,4.9,4.498787739
1220,tail,The body,Person/Thing,Noun,1,1,26.915233,0.759174,21.950167,343.61198,1.65412,2.08e-4,401.067932,3.7,4.96,4.891548431
1221,nose,The body,Person/Thing,Noun,1,1,55.339095,0.372273,46.953389,230.0492,1.51582,6.12e-4,904.776031,2.95,4.89,5.997966819
1222,penis,The body,Person/Thing,Noun,1,0.954823,8.300775,0.589957,11.329585,107.4375,0.90042,4.44e-4,219.222783,8.53,5,6.148920819
1223,heart,The body,Person/Thing,Noun,1,1,354.927462,1.140387,357.352184,334.82636,1.06572,6.4e-4,6758.528627,5.17,4.52,4.810590877
1224,liver,The body,Person/Thing,Noun,1,0.987133,12.204428,0.680415,9.260453,127.15125,1.20712,3.6e-5,167.309404,8.56,4.68,4.719444205
1225,day,Time,Person/Thing,Noun,0.960791,1,14.935569,1.762794,4.601287,105.05936,0.66715,1.2e-5,93.147434,5.1,4.31,5.860286697
1226,year,Time,Person/Thing,Noun,1,0.968362,1424.495341,0.430567,1560.502017,1307.62396,0.93294,2.84e-4,29881.340848,5.24,3.25,2.669849123
1227,board,The house,Person/Thing,Noun,0.984362,0.882109,4.171926,1.675918,4.500001,128.26386,1.01703,2.8e-5,78.018392,7.84,5,4.796353954
1228,earth,The physical world,Person/Thing,Noun,1,0.969954,234.933484,0.466847,251.985597,1164.31767,0.68752,9.51e-4,4586.472857,4.89,4.87,6.084235652
1229,old,Time,Property,Adjective,1,0.989419,390.871194,0.670294,638.826534,2355.04423,0.97261,0.002018,10369.029961,3.72,2.72,5.2881376
1231,new,Time,Property,Adjective,1,0.988985,1467.618671,0.300601,1826.609803,359.44126,1.06023,6.47e-4,33177.395432,4.72,2.81,5.558039527
1232,warm,Sense perception,Property,Adjective,0.974279,0.923513,140.508264,0.636127,125.392316,164.00231,1.11136,0.001018,1982.794423,4.65,3.56,5.466511449
1233,night,Time,Person/Thing,Noun,1,1,602.707456,0.486237,944.522756,984.85883,0.77339,6.59e-4,18160.189855,3.61,4.52,5.728764833
1234,smooth,Sense perception,Property,Adjective,1,0.955641,19.822876,0.737445,41.180075,124.08493,1.09162,4.3e-4,743.399585,5.61,3.81,5.733024216
1235,who,Cognition,Other,Function word,1,0.963098,2101.754344,1.270664,2161.404103,3509.43645,0.44398,1.07e-4,38317.709878,3.813235,1.74,2.978842379
1241,some,Quantity,Other,Function word,0.958504,0.900349,702.90045,0.982719,2176.814075,2028.41856,0.77314,1.06e-4,39637.496292,4.846964,2.48,3.566791595
1242,few,Quantity,Other,Function word,0.974618,1,547.20145,0.830011,1581.092054,2169.23717,1.11388,5.51e-4,29529.516464,3.95,3.67,4.52619739
1243,wide,Spatial relations,Property,Adjective,1,0.972951,45.160945,0.292468,71.667221,132.11139,0.60189,2.54e-4,1399.288045,5.84,3.06,4.399465516
1244,thick,Spatial relations,Property,Adjective,1,0.987864,46.470834,0.962143,38.358531,130.56805,0.60087,2.18e-4,671.017502,5.61,4,5.339544162
1245,butter,Food and drink,Person/Thing,Noun,0.867523,0.554344,40.918372,0.956029,77.541821,124.94195,0.74779,3.22e-4,1338.178582,5.78,4.9,6.766638915
1246,small,Spatial relations,Property,Adjective,1,0.995953,629.566204,0.553667,325.910053,1309.54564,0.76929,0.001547,5396.321566,3.22,3.22,4.527132436
1247,ear,The body,Person/Thing,Noun,1,0.988289,69.627181,0.341458,63.651142,290.66981,1.16497,4.33e-4,1208.543459,3.63,5,5.396707067
1248,eye,The body,Person/Thing,Noun,1,1,386.023971,0.506737,315.043491,552.09109,1.10215,0.001269,6028.774844,3.75,4.9,6.105827573
1252,house,The house,Person/Thing,Noun,1,1,427.675241,0.949728,502.71235,2695.96849,0.62481,0.001553,9269.652922,3.16,5,5.849844282
1256,head,The body,Person/Thing,Noun,1,1,489.189821,1.140143,475.697874,1280.3826100000001,0.82078,6.58e-4,7745.179472,3.42,4.75,6.217219634
1257,wing,The body,Person/Thing,Noun,1,0.989965,20.504598,0.504941,38.90837,147.98212,0.90386,2.41e-4,1083.654702,4.79,4.86,4.50424909
1258,fingernail,The body,Person/Thing,Noun,1,1,16.674092,1.092832,3.038586,90.48835,0.4401,3.2e-5,61.406111,4,4.93,5.803259614
1261,sing,Speech and language,Action/Process,Verb,1,0.987536,59.349445,1.108933,18.202577,349.41001,2.06543,2.22e-4,1244.141204,3.47,4.34,6.064407459
1262,brother,Kinship,Person/Thing,Noun,0.830116,0.834258,152.470756,0.589493,171.000045,1667.1301,1.04122,3.46e-4,3330.169089,3.63,4.43,5.082499671
1263,sister,Kinship,Person/Thing,Noun,0.836737,0.817176,112.911164,0.441897,177.713873,763.10009,1.00018,2.6e-4,2947.196678,3.68,4,5.270912852
1264,change,Spatial relations,Action/Process,Verb,0.953785,0.961679,511.35429799999997,0.318122,602.725238,239.02651,1.01696,9.62e-4,7925.541382,4.26,3.07,5.233446794
1265,high,Spatial relations,Property,Adjective,1,0.992985,284.878616,0.539504,427.442234,510.09704,1.24279,6.96e-4,6340.551765,4.58,3.46,4.479713426
1267,narrow,Spatial relations,Property,Adjective,0.974618,0.989205,18.718378,0.559556,19.432481,107.24591,0.76431,9.1e-5,295.461287,7.57,3.04,4.493029662
1269,no,Cognition,Other,Function word,0.921348,0.977153,1644.434394,0.659948,2114.667757,4217.49315,1.16865,6.46e-4,38833.283892,2.715564,2.45,5.860412077
1270,why,Cognition,Other,Function word,1,0.958396,796.112507,0.60007,941.860375,1508.43676,0.66,1.99e-4,18059.329576,3.97309,1.86,2.865671085
1272,aunt,Kinship,Person/Thing,Noun,0.633923,0.76985,42.60056,0.291604,32.25242,219.76916,1.12236,8.9e-5,600.415307,3.8,4.48,4.123174466
1273,candle,The house,Person/Thing,Noun,0.974634,0.869262,18.370337,0.494384,23.18007,161.13287,2.25399,2.3e-4,425.096411,5.37,4.86,6.032885779
1274,salt,Food and drink,Person/Thing,Noun,1,0.994987,59.59041,0.842324,67.659182,227.41108,1.10735,3.45e-4,1196.974192,5.05,4.89,5.715969578
1275,answer,Speech and language,Action/Process,Verb,1,0.975182,274.546834,0.619398,300.284645,257.371,0.90944,3.38e-4,4616.73094,5.43,2.96,5.893838049
1276,autumn,Time,Person/Thing,Noun,0.761802,0.630691,57.648057,0.787219,13.644698,99.29355,0.58021,1e-4,259.566894,6,3.27,4.849100295
1277,hand,The body,Person/Thing,Noun,1,1,349.512954,0.518302,371.184985,880.94665,0.68135,9.37e-4,7056.659745,2.74,4.72,5.97988817
1280,fall,Motion,Action/Process,Verb,1,0.986259,213.377163,0.675804,335.286261,547.13269,0.88298,6.33e-4,4144.764165,4.71,4.04,5.601802351
1281,prison,Law,Person/Thing,Noun,0.950213,0.839857,34.919848,0.497623,55.389082,200.96005,1.67629,6.76e-4,1055.176505,5.74,4.83,5.352116003
1283,today,Time,Other,Function word,1,0.995356,1568.499958,0.488262,1478.778523,1017.54947,0.97504,1.11e-4,29315.633343,4.772365,2.57,3.759593526
1286,hot,Sense perception,Property,Adjective,1,1,59.96315,0.96887,262.172094,215.12029,0.85668,0.001391,4762.088401,3.37,4.31,6.384495322
1287,cold,Sense perception,Property,Adjective,1,0.988985,183.876437,0.477639,163.215477,237.99456,0.92486,0.001894,3105.013349,3.95,3.85,6.617555999
1289,baby,Kinship,Person/Thing,Noun,0.953007,0.990499,91.023977,0.902936,352.418099,329.59705,1.63139,0.001681,6456.541086,3.84,5,6.634214336
1290,elephant,Animals,Person/Thing,Noun,0.761512,0.581304,15.280277,0.84444,15.959811,175.17762,1.73951,2.76e-4,285.671907,4.8,5,5.241977205
1292,bad,Emotions and values,Property,Adjective,1,1,404.533147,0.788144,671.295996,640.87697,0.77819,0.001794,9361.910412,2.79,1.68,4.915414491
1293,mistake,Emotions and values,Person/Thing,Noun,0.976082,0.861718,136.501959,0.505268,111.67527,143.24311,0.61833,5.64e-4,2012.755859,5.78,2.68,4.750480561
1297,leg,The body,Person/Thing,Noun,0.951122,0.982157,106.350177,0.708955,91.765297,635.79036,1.48444,6.34e-4,1749.62919,3,4.83,5.604098647
1300,country,Social and political relations,Person/Thing,Noun,0.845755,0.902274,754.349613,0.725307,635.122353,317.20167,1.00343,0.00118,11172.05577,6.39,4.17,4.010839509
1301,foot,The body,Person/Thing,Noun,1,1,114.45974,0.607489,148.760489,573.51628,0.94613,6.59e-4,2779.590626,3.44,4.9,5.689749252
1302,fork,Food and drink,Person/Thing,Noun,0.944212,0.716174,4.424778,1.087411,13.557881,102.81193,1.12364,1.75e-4,249.480866,3.63,4.9,6.247655603
1303,finger,The body,Person/Thing,Noun,1,0.996179,95.159483,0.825568,87.135071,186.42756,1.04695,5.27e-4,1698.012459,3.43,5,6.135020297
1304,child,Kinship,Person/Thing,Noun,1,1,675.665308,0.373187,1022.990622,4924.11303,0.91946,0.002994,17500.148324,4.28,4.78,5.437756674
1305,chimney,The house,Person/Thing,Noun,0.722784,0.607811,2.957316,1.045432,2.430869,94.86645,0.56661,4.4e-5,43.607238,6.58,5,4.926455487
1306,queen,Social and political relations,Person/Thing,Noun,0.733659,0.608839,30.209533,0.459671,56.590047,96.4547,0.52804,3.95e-4,1063.482646,4.42,4.45,4.338439067
1307,language,Speech and language,Person/Thing,Noun,0.976504,0.972231,220.508718,0.860119,88.654364,1065.15085,2.09952,6.11e-4,1586.472857,6.79,2.35,6.161194603
1308,doubt,Cognition,Person/Thing,Noun,0.876995,0.764311,116.347024,0.695098,93.791021,92.52182,0.41589,1.2e-4,1872.441412,8.79,1.79,4.979060139
1309,ask,Speech and language,Action/Process,Verb,1,0.998875,363.809199,0.726901,609.540353,585.64953,0.67572,2.49e-4,5175.318896,2.89,2.52,5.090093978
1310,clever,Cognition,Property,Adjective,0.974618,0.889955,33.706313,2.373469,21.241163,125.56115,0.69111,2.96e-4,417.976861,7.5,1.79,4.510624442
1312,fox,Animals,Person/Thing,Noun,0.784124,0.799267,8.392645,1.073896,39.805477,285.4083,1.64973,1.28e-4,800.05933,5.017476,4.97,4.5154785650000004
1313,moon,The physical world,Person/Thing,Noun,1,0.989965,42.510661,0.618486,62.536994,219.2928,1.30545,4.29e-4,1108.573124,4.83,4.9,5.246605218
1316,tent,The house,Person/Thing,Noun,0.80957,0.674887,14.815766,0.550512,16.625406,228.41558,2.18902,2.12e-4,303.767428,5.16,4.96,5.505573542
1318,chicken,Animals,Person/Thing,Noun,0.936289,0.959845,63.762255,1.084517,113.180094,322.7467,1.36002,5.56e-4,2159.003263,3.26,4.8,6.401547033
1322,breakfast,Food and drink,Person/Thing,Noun,0.889818,0.687993,66.337725,0.561301,97.393916,110.61804,0.54078,3.26e-4,1865.618511,3.47,4.43,7.002864876
1323,clock,Time,Person/Thing,Noun,0.986038,0.809932,35.266598,1.379523,42.742776,98.32331,0.56971,2.97e-4,804.2124,4.42,5,5.064729917
1324,slip,Motion,Action/Process,Verb,1,0.947028,13.872923,0.931127,35.073964,104.48801,0.53282,7.7e-5,411.15396,6.17,4.1,5.516784253
1325,friend,Social and political relations,Person/Thing,Noun,1,0.973546,537.503611,0.481724,885.921454,829.63096,0.95452,0.00153,16975.971522,3.57,3.07,4.933733037
1327,uncle,Kinship,Person/Thing,Noun,0.62409,0.762886,38.276436,0.777575,33.294221,488.00027,1.15724,9.8e-5,618.21418,4.47,4.24,5.127973637
1329,tomorrow,Time,Other,Function word,1,0.992985,514.71876,0.599958,498.342574,424.21034,1.00803,8.7e-5,10009.492732,5.187988,2.04,2.2833486
1331,sheep,Animals,Person/Thing,Noun,0.923544,0.854118,16.730696,0.536616,15.482319,332.43793,1.83278,3.52e-4,267.873035,4.25,4.9,5.328437721
1332,neighbour,Social and political relations,Person/Thing,Noun,0.936486,0.885818,92.419483,0.352822,64.967863,209.80652,1.04153,8.4e-5,1224.562444,5.06,4.64,5.347002421
1333,neck,The body,Person/Thing,Noun,1,0.993932,41.070112,0.437673,40.065927,311.9236,0.95265,1.69e-4,778.404034,3,5,5.578241937
1335,white,Sense perception,Property,Adjective,1,0.997837,211.036126,0.669223,312.916481,682.97181,1.55707,0.001758,5614.357757,4.06,3.89,4.930268697
1336,eat,Food and drink,Action/Process,Verb,1,1,396.021262,0.994275,402.902035,2109.38636,0.78608,6.39e-4,4395.431623,2.78,4.44,6.71596393
1337,pig,Animals,Person/Thing,Noun,1,0.975599,26.965717,0.298092,31.008047,587.22664,1.33399,5.35e-4,565.114209,3.84,5,4.927050121
1338,peace,Warfare and hunting,Person/Thing,Noun,0.884618,0.754163,86.544744,0.628187,103.369802,154.29994,0.93241,4.74e-4,1940.967072,6.32,1.62,3.814522384
1342,summer,Time,Person/Thing,Noun,0.919692,0.900086,165.054814,0.5698,272.893962,156.24357,1.26046,5.59e-4,5229.30881,4.33,3.64,5.288410754
1343,sun,The physical world,Person/Thing,Noun,1,1,211.727033,0.513622,140.614185,503.85608,1.07585,9.7e-4,2692.969445,3.4,4.83,5.928948427
1344,ram,Animals,Person/Thing,Noun,0.68537,0.714446,6.794522,0.161888,6.627011,104.16575,0.76665,3.2e-5,201.720558,8.32,4.55,4.257507715
1346,throat,The body,Person/Thing,Noun,1,0.996077,35.350536,0.478413,24.728302,136.07758,0.66046,1.14e-4,487.985761,5.09,4.97,5.914023937
1348,boar,Animals,Person/Thing,Noun,0.843848,0.85131,2.3313990000000002,0.677248,1.114148,128.09262,1.27182,1.7e-5,21.951943,9.83,4.8,3.965276949
1350,monkey,Animals,Person/Thing,Noun,0.895966,0.864103,15.907169,0.629048,24.655955,363.60494,2.09295,3.15e-4,452.981311,4.21,4.9,4.625741619
1352,knife,Food and drink,Person/Thing,Noun,1,0.962593,19.892029,0.686446,23.46946,300.82189,0.88429,5.18e-4,443.488579,4.15,4.9,5.614572835
1353,hour,Time,Person/Thing,Noun,0.896278,0.782371,875.237228,0.339171,535.225221,182.12267,0.86492,1.15e-4,10346.781371,5.85,3.1,3.519906969
1355,laugh,Emotions and values,Action/Process,Verb,1,1,110.515004,0.604312,160.842486,158.12648,0.70896,4.2e-4,1982.794423,3.79,4.21,6.306735481
1357,daughter,Kinship,Person/Thing,Noun,0.976504,0.982188,98.774207,0.622725,132.236369,719.5141,1.20187,1.03e-4,2504.598042,4.95,4.79,4.666814704
1358,enemy,Social and political relations,Person/Thing,Noun,0.975107,0.92228,52.550304,0.805639,53.218663,148.99267,1.1284,2.84e-4,1001.483239,7.26,2.96,4.631961965
1360,duck,Animals,Person/Thing,Noun,0.938826,0.940747,15.398672,0.847514,33.091649,204.93494,2.32315,2.78e-4,570.750519,3.5,4.86,5.535858678
1361,tool,Basic actions and technology,Person/Thing,Noun,0.842442,0.6994,75.418097,0.466891,101.995204,146.85155,1.1328,8.12e-4,1959.062593,5.37,4.6,6.257104327
1363,voice,Speech and language,Person/Thing,Noun,1,0.935819,181.777109,0.638776,174.284612,203.33503,0.85123,2.5e-4,3293.384752,4.83,4.13,6.221213531
1364,healthy,The body,Property,Adjective,1,0.946429,203.959274,0.397387,234.766943,148.05972,0.66092,9.39e-4,4084.841293,7.56,3.31,6.904950122
1366,boy,Kinship,Person/Thing,Noun,0.976504,0.987723,130.882611,0.703935,342.998482,1688.5471,0.98225,6.15e-4,6474.043311,3.67,4.76,4.987752948
1368,bread,Food and drink,Person/Thing,Noun,0.972422,0.849291,64.59726,0.450699,70.856932,312.24116,1.58622,7.55e-4,1193.414417,3.58,4.92,6.827404578
1369,gold,Basic actions and technology,Person/Thing,Noun,0.953018,0.844131,64.94407,0.512768,76.948573,306.2646,2.6123,6.4e-4,1400.771284,7.1,4.81,5.074246622
1370,month,Time,Person/Thing,Noun,1,0.985062,397.083338,0.492834,450.984041,495.50101,1.67176,2.04e-4,8600.711955,5.79,4.2,2.906013718
1371,knee,The body,Person/Thing,Noun,1,0.999149,16.94902,0.576623,22.500006,170.03486,0.80042,2.06e-4,783.743696,4.42,5,5.926559892
1372,medicine,The body,Person/Thing,Noun,1,0.984689,91.366936,0.430982,108.926074,250.74101,1.3006,0.001712,1989.024028,4.89,4.79,6.444158925
1374,ring,Clothing and grooming,Person/Thing,Noun,1,0.877118,36.639243,0.578942,77.816741,214.86923,1.54876,5e-4,1317.41323,4.53,4.81,5.451932283
1375,window,The house,Person/Thing,Noun,0.975107,0.862116,108.239533,0.528891,116.725111,178.04382,0.86486,4.77e-4,2199.050727,4.74,4.86,5.545691485
1376,now,Time,Other,Function word,1,0.987615,2055.113819,0.436284,2085.945884,4919.21869,0.65046,5.55e-4,40650.845446,5.25193,1.48,3.541136364
1378,spoon,Food and drink,Person/Thing,Noun,1,0.961931,33.119254,1.115027,21.501613,169.87982,1.51271,2.29e-4,404.331059,2.5,4.96,6.035669499
1380,tooth,The body,Person/Thing,Noun,1,1,20.513847,1.278153,12.617367,97.76023,0.52852,1.69e-4,224.859092,3.61,4.89,5.303674494
1381,shoe,Clothing and grooming,Person/Thing,Noun,1,0.92937,60.484817,0.42303,108.260479,248.16209,1.25031,8.32e-4,1925.244735,2.6,4.97,5.939249496
1382,needle,Clothing and grooming,Person/Thing,Noun,1,0.988985,11.786581,0.599583,17.348879,113.548,0.66973,4.37e-4,574.013646,5.32,4.93,5.355887297
1384,second,Quantity,Other,Function word,0.835146,0.777361,373.344378,0.585135,309.067605,442.25062,0.99203,1.49e-4,7539.89914,4.68,3.3,2.60369722
1385,pepper,Food and drink,Person/Thing,Noun,0.837298,0.695061,33.266395,0.740664,55.909982,108.1542,0.75179,1.31e-4,1052.210027,5.47,4.89,6.495100529
1386,lion,Animals,Person/Thing,Noun,0.870584,0.775695,24.318198,0.560668,28.77975,230.74464,2.19748,3.02e-4,549.68852,4.42,4.96,5.83708195
1387,arrive,Motion,Action/Process,Verb,1,0.985986,192.372912,1.102808,109.200993,287.83895,1.04898,5.6e-5,535.449422,6.26,3.22,4.642082517
1388,shade,The physical world,Person/Thing,Noun,1,0.997928,50.018538,0.487946,81.173655,216.38251,1.59621,2.18e-4,1494.808662,5,4.54,5.008856865
1389,toe,The body,Person/Thing,Noun,1,0.989343,11.626711,0.821289,28.620586,92.84065,0.43898,2.06e-4,552.951646,3,4.93,5.893850863
1390,wrong,Emotions and values,Property,Adjective,0.965274,0.884782,158.905686,0.560425,255.559553,242.60382,0.91488,8.18e-4,4933.550875,4.22,2.1,4.487885018
1391,town,Social and political relations,Person/Thing,Noun,0.881319,0.889242,392.983716,0.528537,521.884381,404.01535,1.15234,7.35e-4,9663.008009,5.11,4.79,6.299401221
1394,bone,The body,Person/Thing,Noun,1,1,27.414597,0.688772,42.771715,293.17217,1.205,4.67e-4,806.288935,5.53,4.9,5.520898158
1396,sharp,Sense perception,Property,Adjective,1,0.99891,17.105881,1.132542,25.075569,194.92537,1.78487,5.83e-4,482.942747,6.11,3.86,5.5734188
1398,dry,Sense perception,Property,Adjective,1,1,59.895296,0.801289,82.244395,343.39069,0.99996,3.9e-4,1430.73272,4.11,3.77,5.251324428
1399,clay,Basic actions and technology,Person/Thing,Noun,0.963876,0.953422,7.51789,1.200209,15.887464,150.04697,1.49199,1.17e-4,289.824978,5.32,4.93,4.462702163
1401,drink,Food and drink,Action/Process,Verb,1,0.999178,162.987619,0.617608,290.213902,692.16097,0.89531,0.001125,4030.554732,3.47,4.76,6.971361462
1403,bite,The body,Action/Process,Verb,1,0.995953,20.084483,0.64983900000000006,43.466249,231.46189,0.93661,2.42e-4,795.312964,3.58,4.44,5.411996875
1404,straight,Spatial relations,Property,Adjective,0.991453,1,52.738892,1.058889,99.303885,512.37283,3.17902,2.51e-4,1962.919015,6.797195,2.76,5.276632906
1405,name,Speech and language,Person/Thing,Noun,1,0.983145,384.274884,0.60004,500.122318,1141.65778,0.68697,4.35e-4,7998.220113,3.68,3.5,4.475141663
1406,far,Spatial relations,Property,Adverb,1,0.84441600000000006,226.751273,0.927,437.180179,681.36517,0.64602,2.46e-4,6776.920795,4.878935,2.71,4.45360054
1408,hear,Sense perception,Action/Process,Verb,1,1,300.07065,0.653749,667.968021,450.90959,0.64179,1.1e-4,6687.926431,3.8,3.66,5.860795535
1409,see,Sense perception,Action/Process,Verb,1,1,1328.258503,0.590885,2214.116336,2615.76553,0.57312,5.28e-4,33380.302581,3.06,3.21,6.211243849
1410,know,Cognition,Action/Process,Verb,1,0.98424,999.934764,0.684847,2597.296501,3657.10898,0.69695,2.11e-4,40787.006823,4.5,1.68,4.697729482
1413,play,Emotions and values,Action/Process,Verb,1,0.993932,388.338457,0.585732,825.236551,561.25412,1.32996,8.74e-4,8631.859982,4.1,3.24,6.281075402
1414,squeeze,Basic actions and technology,Action/Process,Verb,1,0.963957,10.75423,0.945455,21.906758,131.52279,1.20502,1.1e-4,295.16464,5.42,4,5.795892355
1415,think,Cognition,Action/Process,Verb,0.9519,0.972636,643.283097,1.11136,1825.727167,977.27484,1.03703,5.19e-4,29412.043904,4.75,2.41,5.366714848
1416,sit,Spatial relations,Action/Process,Verb,1,0.989205,310.455913,1.216054,261.665663,676.03287,1.2699,1.67e-4,2281.518837,3.47,4.8,5.616708394
1417,kill,The body,Action/Process,Verb,1,0.992985,100.647048,0.705509,221.860187,777.87391,0.97118,4.15e-4,2175.912192,6.35,3.9,4.191456495
1420,count,Quantity,Action/Process,Verb,1,0.947465,44.977086,1.067038,123.236367,173.42033,0.82782,8.5e-5,1748.442599,2.61,3,4.831385076
1421,suck,Food and drink,Action/Process,Verb,1,0.986265,33.581006,1.298757,157.225122,116.6875,0.71141,1.14e-4,2672.797389,5.58,3.46,5.656488575
1423,fight,Warfare and hunting,Action/Process,Verb,1,0.966737,159.670556,0.807173,211.181727,279.80045,0.77629,8.64e-4,2639.276179,5.47,4.2,6.80181474
1424,yellow,Sense perception,Property,Adjective,1,0.991859,48.810984,0.372927,55.027346,142.52512,1.1326,9.8e-4,992.287155,3.2,4.3,5.084855983
1425,green,Sense perception,Property,Adjective,1,0.980505,119.076556,0.41743,191.966288,184.54869,1.29096,0.002399,3495.10531,3.79,4.07,4.987373888
1426,expensive,Possession,Property,Adjective,1,0.947256,69.46608,0.65396,43.234738,121.34211,1.14875,4.66e-4,855.235835,6.33,3.13,4.598187721
1427,beautiful,Emotions and values,Property,Adjective,1,0.99703,538.771854,1.090526,341.913273,406.15995,1.36373,5.85e-4,6703.352121,5.72,2.16,5.239430664
1429,full,Quantity,Property,Adjective,1,1,99.03045,1.358721,305.681752,476.4707,1.15039,4.84e-4,5830.317413,4.24,3.59,5.518963631
1430,star,The physical world,Person/Thing,Noun,1,0.996077,111.15031,0.407443,178.307121,135.59567,1.12601,8.8e-4,3148.917235,3.89,4.69,4.945059227
1432,cut,Basic actions and technology,Action/Process,Verb,1,1,90.178971,1.092549,285.193001,1282.19823,0.80859,6.16e-4,4276.179175,4.43,4.55,5.567174243
1435,hunt,Warfare and hunting,Action/Process,Verb,1,0.959093,11.072088,0.87996,30.168818,176.83296,0.94784,1.25e-4,529.813112,6.06,3.81,5.767881097
1439,swim,Motion,Action/Process,Verb,1,0.97985,13.757402,0.770136,21.05306,126.82808,1.46939,1.76e-4,401.067932,4.17,4.43,6.630066582
1440,spit,The body,Action/Process,Verb,1,0.997928,9.608738,1.424152,10.779746,124.77392999999999,0.84834,9.2e-5,215.959656,5.06,4.71,5.308366693
1441,fly,Motion,Action/Process,Verb,1,1,61.202109,0.52713,119.864983,263.31156,0.93671,5.61e-4,1450.31148,3.05,4.64,4.1829666659999996
1442,stand,Spatial relations,Action/Process,Verb,1,0.98219,255.198078,1.37704,274.615828,544.74518,1.39228,1.67e-4,3385.642243,4.39,4.16,5.469561888
1443,walk,Motion,Action/Process,Verb,0.976504,0.98219,105.213984,1.001321,403.480813,587.46421,1.43552,5.17e-4,4129.041827,3.45,4.07,5.626412129
1446,come,Motion,Action/Process,Verb,1,1,1400.303189,0.736347,2104.582545,4997.27573,0.64241,1.63e-4,24652.921982,3.32,3.22,4.642082517
1447,give,Possession,Action/Process,Verb,1,1,789.55238,0.705455,1014.294478,1769.17412,0.75081,4.73e-4,12877.484426,4.28,2.83,4.867369032
1448,hold,Possession,Action/Process,Verb,1,0.904088,212.654737,1.093251,324.824844,398.72331,0.84306,3.9e-4,3470.483536,4.67,3.68,6.148465778
1449,rub,Basic actions and technology,Action/Process,Verb,1,0.970852,21.129911,0.797184,50.209016,164.64378,0.84498,1.36e-4,583.803026,4.83,4.33,6.118337971
1450,room,The house,Person/Thing,Noun,0.983959,0.833837,164.688962,0.627693,349.480799,316.491,1.21283,4.82e-4,6402.551172,4.22,4.79,4.734011009
1452,push,Motion,Action/Process,Verb,1,0.974796,70.261129,0.867351,121.167234,121.73955,0.52566,3.65e-4,1222.485909,4.26,4.21,6.068973958
1453,wash,Basic actions and technology,Action/Process,Verb,1,0.988985,56.130587,0.773532,70.249215,325.23038,1.36585,2.14e-4,764.164936,4,4.35,5.487299686
1455,pull,Basic actions and technology,Action/Process,Verb,1,1,94.2347,0.934132,169.278179,330.80544,0.86937,2.69e-4,1637.79294,4.79,3.97,5.647797106
1457,sew,Clothing and grooming,Action/Process,Verb,1,0.991199,27.739178,1.084004,67.630243,142.08932,0.94434,1.7e-4,579.353308,6.05,4.32,5.754785327
1458,say,Speech and language,Action/Process,Verb,1,0.980488,1567.177456,0.558744,2224.1292,5890.24175,1.66045,1.84e-4,23320.379709,3.42,2.58,5.112080487
1463,drunk,The body,Property,Adjective,1,0.967033,25.996143,0.636158,59.151141,233.07765,0.84913,5.29e-4,1173.242361,9.26,3.48,6.127984519
1464,ladder,The house,Person/Thing,Noun,1,0.903027,5.747354,0.708656,8.609327,271.39629,2.00509,1.09e-4,161.673094,4.39937,5,5.92474433
1467,circle,Spatial relations,Person/Thing,Noun,0.975107,0.856026,41.434201,0.829934,61.741174,136.71962,0.88706,5.24e-4,1122.515574,3.67,4.44,5.025446459
1468,look for,Possession,Action/Process,Verb,1,0.995356,216.252693,1.148903,117.680095,232.74338,1.08881,2.44e-4,1557.401365,8.72,3,5.95084258
1469,week,Time,Person/Thing,Noun,0.972422,0.753933,659.187178,0.44404,1067.744653,258.11188,1.25407,8.8e-5,20140.314447,5.11,3.48,3.278832703
1470,fold,Basic actions and technology,Action/Process,Verb,1,0.967526,13.254291,1.031439,26.92766,105.03277,0.73693,7.3e-5,358.943934,4.95,4.13,5.437897507
1472,key,The house,Person/Thing,Noun,1,0.829148,68.708741,0.688376,118.475915,91.09709,0.4387,2.99e-4,2275.289232,3.58,4.89,5.537070313
1474,sea,The physical world,Person/Thing,Noun,0.959658,0.846713,113.172424,0.549277,62.001624,608.2714,1.97557,9.67e-4,1156.63008,4.74,4.79,5.701552139
1475,comb,Clothing and grooming,Person/Thing,Noun,1,0.974892,2.431126,1.095799,5.483924,116.41577,1.00878,3.5e-5,71.492139,5.5,5,6.382479447
1476,chair,The house,Person/Thing,Noun,1,0.952121,29.999105,0.67391,61.639888,143.02032,1.50217,4.76e-4,1130.821715,3.43,4.58,6.048896535
1477,keep,Possession,Action/Process,Verb,0.934669,0.808473,191.498745,1.168471,841.051667,511.0261,0.84153,2.47e-4,12894.096707,4.42,2.37,4.05259182
1480,body,The body,Person/Thing,Noun,0.976504,0.995675,220.987913,0.625325,237.545078,422.92083,1.14231,7.2e-4,4342.331652,4.28,4.79,7.33434858
1481,hammer,Basic actions and technology,Person/Thing,Noun,1,0.844838,10.002652,1.296817,14.93248,105.48756,0.77676,2.55e-4,237.318303,5.42,4.77,6.423217185
1482,shoulder,The body,Person/Thing,Noun,1,1,36.479805,0.547235,46.302263,193.23083,0.86697,1.2e-4,902.402848,4.5,4.93,5.362371123
1483,nine,Quantity,Number,Function word,0.896278,0.777564,28.607094,0.544065,29.344059,165.76421,0.80911,4.3e-5,4582.023139,3.2271,4.04,4.015111744
1484,oil,Food and drink,Person/Thing,Noun,0.974618,0.859393,70.95949,0.785537,100.200991,196.10237,1.65334,4.95e-4,1772.471077,7.33,4.93,4.16726034
1485,below or under,Spatial relations,Other,Function word,1,0.895824,704.542083,0.666631,357.511348,555.19615,0.66274,3.55e-4,7320.676357,5.667553,3.45,4.389164973
1487,pour,Basic actions and technology,Action/Process,Verb,1,0.980118,16.180624,1.050774,62.073971,269.44371,2.18376,4.2e-5,571.640463,5,4.14,5.12713572
1489,cloud,The physical world,Person/Thing,Noun,1,0.992179,45.612712,0.298342,52.900335,136.76251,0.93019,3.93e-4,978.344705,3.63,4.54,5.222664614
1493,one,Quantity,Number,Function word,1,0.897777,2067.528462,1.382185,3199.71788,9207.70076,0.53343,4.77e-4,72619.994067,3.2271,3.97,3.688233785
1495,happy,Emotions and values,Property,Adjective,1,1,557.154987,0.763107,1177.524424,591.07611,1.39391,0.002015,22781.073865,2.72,2.56,6.247808591
1498,two,Quantity,Number,Function word,1,0.886916,972.5832,0.294661,834.786392,3705.60065,1.14628,3.69e-4,35755.562148,4.239515,4.18,4.501236733
1500,four,Quantity,Number,Function word,1,0.843976,146.125261,0.368088,166.427696,587.83302,0.68497,1.18e-4,14639.572827,4.93222,3.37,3.561435536
1501,bore,Basic actions and technology,Action/Process,Verb,0.975883,0.951091,4.881603,1.203346,16.336017,98.57926,0.62668,5e-5,201.720558,7.14,4.4,5.764286698
1502,goat,Animals,Person/Thing,Noun,0.919463,0.832451,19.544885,0.922024,20.329587,428.33279,1.48295,1.37e-4,369.623257,5.21,5,5.68661577
1506,measure,Spatial relations,Action/Process,Verb,0.975107,0.942025,78.017335,0.784281,61.336029,113.67116,0.57436,2.71e-4,847.819638,7.53,3.59,4.18431646
1507,fruit,Food and drink,Person/Thing,Noun,0.944845,0.93765,71.021707,0.549959,71.609344,1126.36202,2.39999,0.001073,1282.705429,3.63,4.81,7.039247917
1508,king,Social and political relations,Person/Thing,Noun,0.802977,0.733947,84.331917,0.631224,98.016103,484.00675,2.21535,6.83e-4,2259.566894,5.42,4.1,4.246177145
1509,mosquito,Animals,Person/Thing,Noun,0.986424,0.938419,14.477295,0.874449,6.149519,155.23693,1.5494,8.1e-5,119.845743,6.1,4.88,5.656929777
1510,chin,The body,Person/Thing,Noun,1,0.914378,4.508873,0.924872,9.737945,94.14857,0.50652,4.9e-5,188.668051,4.22,4.89,5.292773066
1511,rooster,Animals,Person/Thing,Noun,0.845025,0.950037,7.640821,0.841623,4.78939,169.07358,1.2021,5.4e-5,84.841293,6.41,4.75,5.413837284
1513,think,Cognition,Action/Process,Verb,0.967616,0.863405,202.255466,0.994361,431.82648,164.48849,0.89504,2.16e-4,6235.835064,5.44,2.28,4.530933706
1514,hen,Animals,Person/Thing,Noun,0.808211,0.950018,5.188423,1.313927,3.530548,166.17631,1.43474,7.5e-5,123.702166,6.39,4.9,5.033577118
1515,ten,Quantity,Number,Function word,0.896278,0.90828,85.622999,0.675541,83.445359,353.51463,0.76461,1.07e-4,9142.390982,3.578781,3.39,3.578713113
1518,stupid,Cognition,Property,Adjective,0.950039,0.957296,160.96605,0.686538,125.623827,119.32118,0.68203,8.78e-4,2424.206467,4.4,1.84,4.75131026
1519,run,Motion,Action/Process,Verb,1,1,132.083593,1.246481,558.275066,653.05769,1.43378,6.53e-4,6851.972708,4.47,4.31,6.172681246
1521,seem,Cognition,Action/Process,Verb,0.839297,0.831384,664.382991,0.372886,622.114311,145.04523,0.71915,7.2e-5,3989.617324,6.67,3.13,4.731617548
1523,forget,Cognition,Action/Process,Verb,1,0.992985,248.161448,0.647255,300.631912,162.33562,0.64045,1.19e-4,3409.374073,4.78,2.04,4.951801163
1524,wine,Food and drink,Person/Thing,Noun,0.804863,0.678729,99.749053,0.470438,137.445374,239.42888,1.37711,4.59e-4,2442.598635,7.9,4.79,6.4358559
1526,meal,Food and drink,Person/Thing,Noun,0.923293,0.820979,36.242876,0.955059,83.488768,192.00832,1.54989,2.07e-4,1584.396322,4.74,4.62,7.451283505
1528,forgive,Emotions and values,Action/Process,Verb,0.950499,0.824038,64.717659,1.943339,39.168821,109.90613,0.65823,5.2e-5,561.257787,5.44,1.92,3.853112235
1529,last,Quantity,Other,Function word,1,0.963884,580.802173,0.467813,1092.834692,336.72309,0.75185,1.74e-4,20911.005636,4.346085,3.04,3.599788106
1530,bowl,Food and drink,Person/Thing,Noun,0.975109,0.900393,14.233734,1.959891,104.006458,165.22163,1.19574,1.58e-4,1884.603975,4.26,4.87,5.87603902
1535,sword,Warfare and hunting,Person/Thing,Noun,0.737339,0.777952,16.830603,0.821786,15.236338,137.52812,0.90763,2.92e-4,278.849006,5.45,4.93,6.179977268
1536,understand,Cognition,Action/Process,Verb,1,0.955012,306.21864,0.559174,282.588498,335.50767,1.01984,2.57e-4,3679.026995,6.17,2.28,4.894416416
1537,springtime,Time,Person/Thing,Noun,0.890934,0.68152,109.621145,0.821809,161.710653,197.59594,1.14721,3e-4,3368.733314,5.5,3.89,4.978689378
1539,basket,Basic actions and technology,Person/Thing,Noun,1,0.93907,13.364608,0.603858,25.654348,660.41203,1.80658,1.22e-4,468.407001,5.67,5,6.032310344
1540,eyelash,The body,Person/Thing,Noun,1,0.949595,10.117613,0.530899,11.561096,93.22601,0.48486,7.3e-5,197.567487,5.8,5,5.20113371
1544,sometimes,Time,Other,Function word,0.947793,0.866836,267.865498,0.786928,268.900392,335.22412,0.91651,1.09e-4,5092.25749,6.370915,1.77,2.244049034
1545,host,Social and political relations,Person/Thing,Noun,0.823763,0.731448,24.510879,0.955922,71.406771,95.37435,0.58419,4.6e-5,1066.449125,8.05,3.63,4.486260655
1546,twice,Quantity,Other,Function word,0.947892,0.902382,26.090284,0.700774,61.553071,163.0599,0.80524,4.1e-5,1227.825571,5.89135,2.93,2.483273901
1547,soup,Food and drink,Person/Thing,Noun,0.975883,0.98524,42.336091,0.600243,60.178472,172.43206,1.06269,3.81e-4,1063.185998,5.37,4.72,6.449559448
1548,ugly,Emotions and values,Property,Adjective,1,0.981257,55.863953,0.790386,57.139886,127.38012,0.63042,4.52e-4,1043.31059,4.17,3.23,4.998788483
1554,man,Kinship,Person/Thing,Noun,1,1,881.488693,1.79619,685.403717,3594.70021,0.83834,0.001543,12825.867695,3.11,4.79,6.038932364
1558,similar,Sense perception,Property,Adjective,0.951122,0.981805,116.799425,0.648811,79.914812,119.49152,0.57991,1.87e-4,1596.855532,7.33,2.46,4.394448363
1559,money,Possession,Person/Thing,Noun,1,0.990165,341.677116,0.424528,342.694624,766.2463,1.01262,0.004067,6219.816078,5.11,4.54,5.334421579
1560,face,The body,Person/Thing,Noun,1,1,224.636135,0.863637,338.064397,417.30919,1.20892,8.15e-4,6067.042421,3.75,4.87,6.481296331
1561,army,Warfare and hunting,Person/Thing,Noun,0.90861,0.706301,52.826401,0.622868,41.758853,168.7513,1.06928,6.06e-4,762.088401,7.15,4.7,4.984906432
1562,mind,Cognition,Person/Thing,Noun,0.962412,0.851802,148.861884,0.724053,379.591739,206.43863,0.75292,5.82e-4,7241.768021,5.37,2.5,5.10037139
1564,lazy,The body,Property,Adjective,1,0.979493,66.404663,1.553757,42.684899,161.03185,1.7165,4.31e-4,826.757639,6.39,2.67,4.822849938
1565,heaven,Religion and belief,Person/Thing,Noun,0.922987,0.843754,36.441649,1.164798,63.622203,121.22567,0.8903,2.16e-4,1204.093741,4.22,1.81,2.303020674
1567,door,The house,Person/Thing,Noun,1,0.981971,194.133207,0.386001,223.495235,638.61768,0.96376,7.77e-4,4125.185405,3.05,4.96,5.952426098
1569,cheese,Food and drink,Person/Thing,Noun,0.71203,0.576525,34.669399,0.572327,104.7444,109.73495,0.70076,6.82e-4,1889.053693,4.33,4.7,6.09975714
1571,sell,Possession,Action/Process,Verb,0.977282,0.96886,145.054255,0.518034,211.803914,274.10959,1.06294,1.33e-4,1718.184515,7.05,3.35,4.095281817
1572,surprised,Emotions and values,Property,Adjective,0.989885,0.853146,5.860797,0.994397,1.765274,164.80681,0.98862,1.13e-4,1940.373776,6.63,2.5,5.111968789
1574,float,Motion,Action/Process,Verb,0.98504,0.940381,8.602652,0.726779,25.943737,97.53118,0.55534,1.35e-4,219.51943,5.39,4.07,4.558909278
1583,brain,The body,Person/Thing,Noun,1,0.99186,94.088045,0.562745,100.186521,108.05398,0.65913,6.84e-4,1862.652032,5.76,4.69,4.486854942
1585,sleep,The body,Action/Process,Verb,1,1,447.839964,0.492167,355.254112,667.15802,0.91802,9.35e-4,5223.672501,2.79,4.44,4.901510777
1586,smell,Sense perception,Action/Process,Verb,1,0.926627,78.126482,0.557579,103.16723,175.2661,1.10473,9.03e-4,1703.352121,4.22,3.7,6.150537556
1592,chest,The body,Person/Thing,Noun,1,0.999235,36.427763,0.815261,30.747596,181.21058,1.19914,1.36e-4,597.448828,5.05,4.93,5.628241387
1593,deep,Spatial relations,Property,Adjective,1,0.988985,83.031179,0.463391,137.184923,171.67535,0.87788,2.71e-4,2132.304954,5.47,3.38,4.481386329
1594,flour,Food and drink,Person/Thing,Noun,1,0.914785,42.58384,1.556657,39.154351,179.42746,1.12873,1.3e-4,646.989024,6.89,4.97,5.600357739
1596,lock,The house,Person/Thing,Noun,0.913877,0.723243,16.163282,1.084005,52.133454,122.29578,1.01467,1.73e-4,522.990211,5.74,4.65,5.373711473
1599,word,Speech and language,Person/Thing,Noun,0.936162,0.969913,439.385791,0.518104,553.485676,503.60667,0.93296,0.001371,10327.499258,4.42,3.56,6.526977669
1600,skirt,Clothing and grooming,Person/Thing,Noun,1,0.83853,16.999117,0.711986,25.538592,137.45279,1.1801,1.66e-4,458.024325,5.67,4.82,4.688376611
1601,weak,The body,Property,Adjective,0.976504,0.97506,50.584826,0.638519,41.773323,122.93921,0.51583,4.27e-4,694.749333,5.58,2.79,5.545660336
1605,skull,The body,Person/Thing,Noun,1,0.885123,7.735938,0.703117,8.551449,89.64468,0.40784,4.5e-5,163.452981,6.33,4.83,4.973368299
1606,inside,Spatial relations,Other,Function word,1,0.896646,3818.38839,1.205919,14235.63074,16568.83689,0.31972,4.55e-4,204979.234648,3.685351,3.67,4.084388143
1607,hate,Emotions and values,Action/Process,Verb,0.978399,0.942878,267.200441,0.399134,387.448655,108.65576,0.72459,4.57e-4,6789.083358,5.53,2.36,4.985993884
1608,listen,Sense perception,Action/Process,Verb,1,0.983137,254.273269,0.59971699999999994,324.65121,420.63942,0.67448,1.74e-4,2818.451498,5.4,3.47,5.89401386
1609,idea,Cognition,Person/Thing,Noun,0.983516,0.764906,671.935096,0.394857,1105.886142,931.31281,0.87009,0.001149,21479.382972,5.89135,1.97,4.908073425
1613,color,Sense perception,Person/Thing,Noun,0.910469,0.728498,188.419983,0.229818,252.014535,170.92445,1.24895,0.001108,4522.990211,3.5,4.08,5.741450584
1616,cloth,Clothing and grooming,Person/Thing,Noun,1,0.959365,37.805842,0.654806,70.741176,224.81734,1.05428,6.08e-4,1197.27084,5.3,4.9,6.120570593
1618,grandson,Kinship,Person/Thing,Noun,0.918828,0.954387,9.784458,0.873192,5.845661,113.26307,0.64588,6e-6,115.396025,5.89,4.3,4.700088229
1619,granddaughter,Kinship,Person/Thing,Noun,0.918828,0.947499,3.633634,0.607899,3.906753,101.81389,0.66405,9e-6,78.611688,4.68,4.37,4.609355667
1620,son,Kinship,Person/Thing,Noun,0.976504,0.982188,157.425726,0.714366,181.128665,1017.65752,0.88045,1.41e-4,3371.699792,3.78,4.14,5.255053966
1622,shirt,Clothing and grooming,Person/Thing,Noun,1,0.899748,67.467008,1.301959,94.080411,204.40452,0.91901,3.58e-4,1800.652625,3.53,4.94,6.232880417
1623,speak,Speech and language,Action/Process,Verb,1,0.996294,541.820841,0.662033,951.916648,1757.16044,1.11394,0.001012,10045.683773,3.56,4.07,6.198962567
1624,empty,Quantity,Property,Adjective,0.951122,0.983365,70.237891,0.572119,50.845672,172.92385,1.13597,5.02e-4,948.383269,4.79,3.43,4.478760162
1626,explain,Cognition,Action/Process,Verb,0.974303,0.868248,148.179021,0.721036,124.799068,140.23999,0.75285,1.43e-4,1270.839513,6.5,1.97,5.274387941
1627,chain,Basic actions and technology,Person/Thing,Noun,0.968952,0.806208,25.162358,0.790705,37.967856,142.28083,1.94269,2e-4,667.16108,5.22,4.55,4.695312105
1629,evening,Time,Person/Thing,Noun,0.973831,0.938199,410.227002,0.717463,122.107749,404.91346,0.85724,1.03e-4,2418.570157,5.84,3.26,3.947348017
1631,fast,Time,Property,Adverb,1,0.983882,171.725325,0.385179,297.188181,301.82741,0.95684,0.001593,4959.655888,3.738636,3.32,4.948501881
1632,floor,The house,Person/Thing,Noun,0.969017,0.928071,58.491889,0.520219,109.186524,185.95889,0.91935,2.87e-4,2043.607238,4.44,4.8,5.572636556
1633,flat,Spatial relations,Property,Adjective,1,0.922096,19.456119,0.83674,45.680076,198.64306,1.94642,2.67e-4,876.001187,5.68,4.07,5.250949346
1634,hundred,Quantity,Number,Function word,0.896278,0.806499,67.626084,0.491324,58.789404,255.70804,1.2864,6.1e-5,4022.248591,5.47,3.2,2.885820207
1635,obey,Social and political relations,Action/Process,Verb,0.958267,0.963592,9.106885,0.737365,9.59325,105.42828,0.52604,6.4e-5,129.635123,5.44,2.67,3.356678269
1639,beer,Food and drink,Person/Thing,Noun,0.895966,0.685495,105.059818,0.724879,296.016155,155.0817,1.56023,6.85e-4,4703.055473,6.11,4.88,6.645826735
1640,sibling,Kinship,Person/Thing,Noun,0.632032,0.707548,11.261751,0.52922,14.585213,215.95395,1.21669,1.08e-4,285.968555,7.58,4.37,4.659098161
1642,niece,Kinship,Person/Thing,Noun,0.81321,0.833856,7.958729,1.029791,15.091644,110.49027,0.71216,2.4e-5,300.207654,7,4.28,4.851181841
1643,cousin,Kinship,Person/Thing,Noun,0.885972,0.825861,26.472572,0.667334,54.260464,166.04443,1.28951,7.1e-5,1062.296055,4.95,3.7,4.285770314
1644,relatives,Kinship,Person/Thing,Noun,0.976504,0.976042,29.166894,0.675283,23.614154,386.87301,1.50665,1.25e-4,464.847226,6.47,2.97,4.917827018
1645,short,Spatial relations,Property,Adjective,0.974618,0.978951,148.913907,0.62544,213.873046,308.91717,0.95907,5.54e-4,4094.037378,4.32,3.61,4.675845528
1646,girl,Kinship,Person/Thing,Noun,0.976504,0.983945,334.850834,0.600053,625.688267,1683.22435,1.10274,0.001264,11890.833581,4,4.85,5.822242796
1647,foal,Animals,Person/Thing,Noun,0.786638,0.778429,4.421165,1.101102,14.469457,136.53976,1.55826,9e-6,271.432809,8.44,4.96,4.557218314
1651,tear,Emotions and values,Person/Thing,Noun,1,0.987133,60.001013,0.55581,101.734753,164.63182,0.58168,3.34e-4,1537.822605,4.89,4.56,4.737695056
1653,blind,The body,Property,Adjective,0.974618,0.996077,31.05747,0.663456,36.766891,130.48632,1.16556,1.54e-4,617.027588,7,4.03,4.050871311
1654,lightning,The physical world,Person/Thing,Noun,1,0.993815,15.762959,0.526705,14.064312,181.20917,2.38575,1.22e-4,272.026105,4.76,4.59,5.070492228
1656,never,Time,Other,Function word,0.840886,0.857235,632.030817,0.507694,938.633686,526.98095,1.39376,2.01e-4,17787.896767,5.070761,1.59,2.8533477
1657,true,Emotions and values,Property,Adjective,1,0.96463,219.300738,0.86618,329.628704,306.73436,1.09157,3.26e-4,6426.283002,4.644481,1.7,4.688289467
1663,bed,The house,Person/Thing,Noun,0.976504,0.981971,149.78384,0.719791,228.44379,286.3559,0.95997,7.16e-4,4362.503708,2.89,5,6.740063507
1664,raft,Motion,Person/Thing,Noun,0.735932,0.643128,2.636199,1.612487,1.996785,98.63014,0.6714,1.4e-5,39.454168,7.35,5,4.847083944
1666,mute,The body,Property,Adjective,0.942575,0.943938,8.057365,1.032082,7.336015,112.38688,1.32412,3.5e-5,86.917829,9.84,3.24,3.817965175
1667,hole,Spatial relations,Person/Thing,Noun,1,0.967614,41.083689,0.66175,58.138279,551.22984,0.73786,5.34e-4,1083.95135,5.05,4.81,4.487245633
1668,grief,Emotions and values,Person/Thing,Noun,0.975837,0.976113,57.234563,0.561556,38.373,96.95522,0.47895,5.47e-4,727.380599,5,2.7,5.805739104
1669,ancestors,Kinship,Person/Thing,Noun,0.977786,0.919348,8.448525,0.663881,9.188105,230.65443,1.16184,5.3e-5,176.802136,8.61,3.36,3.503862207
1671,tower,Warfare and hunting,Person/Thing,Noun,0.647164,0.524112,25.735342,0.799719,28.172033,110.54355,1.2251,1.26e-4,502.521507,6.33,4.76,4.389537542
1672,write,Speech and language,Action/Process,Verb,1,0.989205,635.868995,0.453351,716.397294,229.36661,0.99624,2.91e-4,4025.808365,4.89,4.22,5.870910323
1673,arm,The body,Person/Thing,Noun,0.976504,1,56.663143,0.728469,112.615785,237.74912,1.46548,4.63e-4,1840.996737,3.26,4.96,6.289342158
1674,poor,Possession,Property,Adjective,0.951122,0.961504,84.495715,0.988667,103.890702,502.53853,1.24502,6.97e-4,1998.220113,6.11,2.7,3.318005406
1675,promise,Speech and language,Action/Process,Verb,0.932429,0.817418,114.862409,0.583152,121.138295,100.29775,0.56306,1.59e-4,1660.634826,5.67,2.09,4.731763042
1676,always,Time,Other,Function word,0.974618,0.932218,988.073396,0.474299,809.132045,535.0849,1.10775,1.86e-4,15499.851676,6.264345,1.71,2.329387582
1682,guilty,Law,Property,Adjective,0.859664,0.687698,30.752761,1.172925,34.422839,105.1894,0.83792,1.39e-4,667.16108,8.05,2.36,4.332524012
1686,behind,Spatial relations,Other,Function word,1,0.896646,190.70685,0.548857,189.24603,501.93094,0.80582,1.54e-4,3739.83981,4.900249,3.48,4.451901639
1687,praise,Emotions and values,Person/Thing,Noun,0.921994,0.817741,33.120565,0.914308,36.998402,104.86617,0.61074,1.15e-4,567.78404,7.95,2.61,4.888686098
1689,smoke,Agriculture and vegetation,Action/Process,Verb,0.986424,0.891941,67.25119,0.553801,91.562725,281.95505000000003,0.94318,4.63e-4,944.230199,4,4.96,6.291229834
1690,fence,Agriculture and vegetation,Person/Thing,Noun,0.974006,0.918633,14.449773,0.846888,22.051453,267.87898,1.56665,2.61e-4,384.455651,6.28,4.82,5.253337614
1702,holy,Religion and belief,Property,Adjective,0.851159,0.6367,53.892919,0.689812,101.02575,193.91905,1.27207,2.54e-4,1900.029665,5.55,1.77,3.623620291
1703,six,Quantity,Number,Function word,0.896278,0.799054,113.320007,2.196519,87.786197,289.048,1.34996,6.1e-5,7752.002373,5.25193,3.43,3.13162716
1704,seven,Quantity,Number,Function word,0.896278,0.777101,56.118714,0.639425,49.442135,350.51662,1.08197,8.2e-5,6252.743993,5.3585,3.72,3.136364425
1705,eight,Quantity,Number,Function word,0.896278,0.783632,37.600126,0.471322,36.318337,273.42087,0.97611,7.2e-5,5642.539306,5.3585,4.04,4.385617803
1706,eleven,Quantity,Number,Function word,0.896278,0.812625,11.434742,0.775402,8.681674,125.13418,0.5355,3.2e-5,3528.62652,5.78478,3.93,3.981299354
1707,twelve,Quantity,Number,Function word,0.896278,0.795674,14.168474,0.539114,15.800647,194.84928,0.9426,8.3e-5,4035.894393,4.484626,3.61,3.161994518
1709,fifteen,Quantity,Number,Function word,0.896278,0.783239,9.700672,0.6614,10.823154,168.66857,1.02407,1.7e-5,3525.066746,6.10449,3.37,3.630916073
1711,tell,Speech and language,Action/Process,Verb,1,0.898293,252.860277,1.66138,999.07260900000006,1789.3684,0.56755,2.87e-4,11306.140611,4.26,2.9,5.200900522
1712,oath,Law,Person/Thing,Noun,0.780321,0.495495,23.220889,2.430578,3.790998,90.95498,0.45524,4.3e-5,71.195491,11.39,2.79,5.150344617
1725,correct,Emotions and values,Property,Adjective,1,0.962313,468.886656,0.922874,1312.842788,1444.62046,0.90355,9.15e-4,25105.606645,4.346085,3.47,4.084930677
1726,wet,Sense perception,Property,Adjective,1,0.99703,39.800385,0.681991,50.845672,184.43193,1.04754,9.87e-4,967.368733,2.47,4.46,6.234871368
1728,rotten,Food and drink,Property,Adjective,1,0.981958,17.592446,1.058924,6.221867,132.87287,0.89555,1.11e-4,118.659152,6.95,3.87,5.698156003
1730,cheek,The body,Person/Thing,Noun,1,0.982916,15.537456,0.918308,18.014474,111.27189,0.96001,1.06e-4,347.374666,5.06,4.83,5.045288126
1732,sky,The physical world,Person/Thing,Noun,1,1,101.106385,0.569823,69.540211,185.07108,0.88909,5.5e-4,1341.145061,4.17,4.45,5.495206516
1733,rainbow,The physical world,Person/Thing,Noun,1,0.950748,9.1596,0.851419,20.25724,158.46152,2.12778,1.49e-4,392.465144,4.26,4.57,5.637019814
1743,join,Spatial relations,Action/Process,Verb,0.977167,0.932422,112.282301,0.692339,317.488829,131.61009,0.65012,2.25e-4,3506.377929,5.83,2.86,4.518049525
1745,hip,The body,Person/Thing,Noun,1,0.915694,9.528613,0.957027,38.38747,106.54791,0.74827,1.33e-4,731.53367,6.17,4.21,4.115342738
1747,custom,Social and political relations,Person/Thing,Noun,0.956764,0.865791,15.788816,1.036339,29.271712,156.95506,0.98359,3.5e-5,550.578463,8.36,2.68,4.069629235
1750,choose,Emotions and values,Action/Process,Verb,0.991453,0.9332,264.864604,0.562121,265.311967,150.4068,1.03012,2.37e-4,2459.804212,4.74,2.62,4.918558695
1752,leave,Motion,Action/Process,Verb,1,0.965031,411.579097,0.862964,442.041916,772.80471,0.93202,5.63e-4,5255.117176,5.58,3.93,4.466588184
1753,top,Spatial relations,Person/Thing,Noun,1,0.983092,142.184968,0.630556,385.755728,774.58714,1.04822,6.56e-4,6957.282705,3.89,4.21,4.529456399
1754,bracelet,Clothing and grooming,Person/Thing,Noun,0.972747,0.803963,9.372786,0.433596,13.630229,162.59227,2.19346,4.2e-5,252.150697,5.68,4.96,5.36331242
1756,widow,Kinship,Person/Thing,Noun,0.942575,0.972121,5.710754,0.528516,8.247591,102.12451,0.64544,1.7e-5,142.094334,9,4.33,3.638811586
1766,finish,Time,Action/Process,Verb,1,0.99703,201.645567,0.672201,302.310369,353.54418,0.80605,6.16e-4,4526.253337,6.32,2.89,4.690274681
1767,scrape,Basic actions and technology,Action/Process,Verb,0.991224,0.964192,4.411995,0.853217,10.374601,127.22236,0.78774,3.5e-5,96.113913,6.21,4.15,5.596439992
1768,foam,The physical world,Person/Thing,Noun,1,0.960607,8.301514,0.686105,12.458203,96.06846,0.62589,9.7e-5,231.681993,6.15,4.85,4.809464425
1773,grave,The body,Person/Thing,Noun,1,0.956107,28.766889,0.860945,19.562706,257.12454,2.30639,2.1e-4,367.546722,7.06,4.73,4.604076072
1774,stingy,Possession,Property,Adjective,0.984164,0.963066,1.779906,0.584417,1.099679,91.37536,0.42084,2.8e-5,25.808365,7.78,2,4.297770912
1775,table,The house,Person/Thing,Noun,0.984362,0.929017,85.264604,0.690653,138.255663,256.68872,1.01345,5.03e-4,2548.20528,4.39,4.9,5.523788681
1776,shame,Emotions and values,Person/Thing,Noun,0.975132,0.960131,82.940999,1.305185,43.842455,112.22743,0.81407,2.08e-4,824.087808,6.55,2.24,4.19091066
1779,dare,Emotions and values,Action/Process,Verb,0.827715,0.713365,38.062402,1.556906,30.530555,116.52782,0.78678,1.4e-5,546.722041,6.63,2.28,3.968019492
1782,guest,Social and political relations,Person/Thing,Noun,0.940926,0.853735,109.614755,0.199257,83.271726,198.7618,2.13126,7e-5,1622.36725,6.21,3.83,4.151406577
1783,pain,Emotions and values,Person/Thing,Noun,1,0.988985,92.915944,0.669842,124.104534,198.81406,1.7766,0.001521,2231.385346,4.26,3.5,7.297144413
1784,want,Emotions and values,Action/Process,Verb,1,0.935954,1448.48037,0.728822,1783.809149,1841.70918,0.64283,3.92e-4,26549.985168,4.16,1.93,4.774483755
1789,age,Time,Person/Thing,Noun,0.807544,0.828781,122.477309,0.617465,184.73156,214.89062,0.90662,3.47e-4,3221.299318,4.38,2.86,5.623638431
1791,butterfly,Animals,Person/Thing,Noun,1,0.974039,15.637772,0.66005,27.665602,154.59403,1.89389,1.56e-4,505.487986,3.67,4.93,4.822465967
1793,bat,Animals,Person/Thing,Noun,1,0.970717,4.864103,1.479631,28.79422,266.68275,2.30158,1.39e-4,417.383566,4.85,5,4.848313765
1801,child,Kinship,Person/Thing,Noun,0.974618,0.829008,691.730637,0.41814,1023.424705,4939.97401,0.91472,0.003001,17489.765648,4.28,4.78,5.437756674
1803,wood,The physical world,Person/Thing,Noun,1,0.989546,50.386142,0.634763,70.567543,469.99644,0.83092,0.001383,1313.26016,4.58,4.85,5.449427806
1807,afternoon,Time,Person/Thing,Noun,0.971923,0.9158,151.473309,0.75753,112.774949,264.43515,0.90822,6.1e-5,2263.423317,4.65,3.7,4.0442324
1810,danger,Emotions and values,Person/Thing,Noun,0.923296,0.798502,48.559273,0.544184,28.099686,92.09943,0.44039,5.43e-4,553.84159,4.61,2.68,5.685353625
1811,sound or noise,Sense perception,Person/Thing,Noun,1,0.948083,206.355605,0.610436,435.111047,413.96854,0.90516,0.001325,7921.981608,3.72,3.7,5.710899647
1812,try,Cognition,Action/Process,Verb,0.976504,0.913816,456.845563,0.619811,1120.456885,391.97238,1.13057,3.35e-4,10440.818748,3.44,2.22,5.249191097
1817,west,Spatial relations,Person/Thing,Noun,0.936162,0.908431,53.737404,0.56107,104.469481,269.66366,2.3016200000000002,1.03e-4,2005.63631,5.89,3.44,3.421280985
1819,look,Sense perception,Action/Process,Verb,1,1,608.41776,0.862861,1790.595325,2094.31698,0.6325,5.13e-4,20231.088698,4.05,2.96,5.538191811
1820,bear,Animals,Person/Thing,Noun,0.711533,0.651271,88.730323,0.60188,184.803907,479.07162,2.40833,4.52e-4,1493.325423,3.58,4.88,5.142326837
1823,borrow,Possession,Action/Process,Verb,1,0.893252,30.03198,0.862004,23.99036,94.28518,0.45876,6.3e-5,258.083655,6.95,3.1,3.47310818
1828,ask,Speech and language,Action/Process,Verb,1,0.96194,124.072959,0.983353,67.659182,100.62681,0.60624,5.4e-5,1031.148027,8.74,2.59,4.560690076
1829,jump,Motion,Action/Process,Verb,1,1,42.922149,0.799444,77.064329,284.03557,1.24626,5.05e-4,2127.855236,2.84,4.52,6.112340096
1831,meet,Social and political relations,Action/Process,Verb,1,0.974636,67.825255,1.019437,249.684953,292.38006,0.85053,1.29e-4,4945.713438,4.74,3,5.268124408
1833,dinner,Food and drink,Person/Thing,Noun,0.659193,0.596791,91.998351,0.780418,197.001659,139.47614,1.02913,4.26e-4,3819.044794,3.99,4.5,6.928284564
1838,navel,The body,Person/Thing,Noun,1,0.988985,3.417012,0.676871,0.954984,118.61322,1.1461,2.2e-5,29.071492,3.78,5,5.025197129
1839,cry,Emotions and values,Action/Process,Verb,1,0.998717,116.199419,0.666176,176.006477,725.11074,1.27315,5.45e-4,2758.528627,2.78,4.54,6.596507442
1840,build,Basic actions and technology,Action/Process,Verb,1,0.948849,127.061459,0.422688,156.284607,324.6005,1.21656,2.74e-4,1757.342035,4.45,3.71,5.433883907
1843,thousand,Quantity,Number,Function word,0.896278,0.749201,141.521552,0.627451,65.474294,219.21536,1.78571,4.4e-5,1728.567191,6.6,3.08,3.362556127
1844,boat,Motion,Person/Thing,Noun,0.951766,0.874041,28.464424,0.537407,44.754031,283.29498,1.88573,8.84e-4,804.509048,3.84,4.93,4.411237191
1845,ball,Spatial relations,Person/Thing,Noun,0.948926,0.849665,107.867729,0.424794,140.295857,195.03878,1.67544,0.001035,2662.118066,2.9,5,5.474225174
1847,sick,The body,Property,Adjective,1,0.993932,200.793518,1.136027,230.194594,430.11161,0.95516,0.001307,4607.238208,4.05,3.45,6.188069058
1848,quarrel,Social and political relations,Person/Thing,Noun,0.976504,0.949527,9.248687,0.798443,3.848876,111.67331,0.58036,4.6e-5,72.382082,8.32,3.32,5.477882275
1850,cotton,Clothing and grooming,Person/Thing,Noun,0.782144,0.902324,9.384978,0.504696,17.406757,145.90022,0.99264,1.73e-4,312.963512,6,4.97,5.188990141
1851,pocket,Clothing and grooming,Person/Thing,Noun,1,0.793345,29.839997,0.459588,39.950171,176.54442,0.98369,7.8e-5,767.428063,4.74,4.68,5.075625432
1852,often,Time,Other,Function word,0.951122,0.866704,256.852427,0.47904,260.088493,353.85758,3.96806,1.79e-4,5059.922872,6.53077,2.5,2.8852404210000002
1853,dove,Animals,Person/Thing,Noun,0.974398,0.902424,5.094071,0.673426,6.612542,129.91299,1.78866,3.7e-5,124.295461,6.63,4.88,4.364592518
1856,soft,Sense perception,Property,Adjective,1,0.990583,39.62151,0.602676,58.847282,145.99938,0.71782,9.08e-4,1131.118363,3.95,3.88,5.310890445
1857,crocodile,Animals,Person/Thing,Noun,0.891885,0.80731,5.136405,0.575948,5.454985,151.54239,1.45024,9.6e-5,103.826758,4.78,4.96,5.306982033
1858,fisherman,Warfare and hunting,Person/Thing,Noun,0.872736,0.853908,9.681522,0.548554,11.546627,110.37537,0.72913,1.2e-5,216.256304,5.16,4.73,4.618931881
1859,third,Quantity,Other,Function word,0.819784,0.740217,110.610798,0.446249,98.508064,274.08956,0.82238,4.9e-5,3017.798873,4.580539,3.44,3.291298673
1860,bead,Clothing and grooming,Person/Thing,Noun,0.969504,0.793851,5.840277,0.851572,19.533767,133.20178,1.23268,4.4e-5,290.121626,5.63,4.9,4.628287026
1862,donkey,Animals,Person/Thing,Noun,0.868389,0.769466,8.909405,1.055152,6.93087,172.72173,1.60377,9.9e-5,126.668644,6,5,5.584472353
1867,coin,Possession,Person/Thing,Noun,0.975837,0.855673,14.742031,0.794427,13.500004,114.4059,0.78295,2.28e-4,241.174726,4.17,4.89,5.599384193
1869,buy,Possession,Action/Process,Verb,1,0.97655,479.6646,0.511563,459.79594,415.46846,1.11155,3.28e-4,5846.336399,5.56,3.35,4.674218268
1871,camel,Animals,Person/Thing,Noun,0.767255,0.511968,3.960985,0.978697,4.152734,279.97652,3.4967,8.3e-5,98.487096,5.11,4.93,4.639654878
1875,regret,Emotions and values,Action/Process,Verb,1,0.829191,182.768756,0.642128,325.172111,219.67308,1.19575,3.64e-4,6406.407594,3.44,2.19,4.81924652
1879,dance,Motion,Action/Process,Verb,1,0.983343,70.113804,0.546292,146.011292,834.84809,1.5757,7.58e-4,2525.660042,4.63,4.32,6.799276728
1881,enough,Quantity,Other,Function word,0.974061,0.982501,451.888425,1.046878,416.069241,400.29254,1.21064,1.43e-4,7989.617324,6.95705,1.33,4.013809267
1882,before,Time,Other,Function word,0.824682,0.869925,827.229272,0.649511,806.151337,1157.90151,0.70019,2.76e-4,17351.231089,5.454413,1.96,2.406304041
1883,in front of,Spatial relations,Other,Function word,1,0.842434,155.27788,1.116727,180.578825,479.24344,0.84634,1.18e-4,3499.555028,5.187988,3.77,4.004278341
1886,armpit,The body,Person/Thing,Noun,1,0.967061,4.944792,1.566771,1.953377,109.39975,1.08485,2.1e-5,39.454168,6,4.8,5.814848949
1887,cheap,Possession,Property,Adjective,0.974439,0.921021,96.804975,0.320069,74.517704,89.825,0.42677,3.63e-4,1068.822308,7.11,2.22,3.83878828
1888,pair,Quantity,Person/Thing,Noun,1,0.89319,103.571274,0.977373,76.065936,126.12586,0.86992,1.08e-4,1271.432809,5.94,3.88,4.105645921
1890,believe,Cognition,Action/Process,Verb,1,0.953827,239.803169,0.922473,422.725191,216.57818,0.96548,7.7e-5,6760.90181,5.78,1.55,4.138480749
1892,touch,Sense perception,Action/Process,Verb,1,0.974511,54.027022,0.776126,147.602933,190.47268,0.71585,3.12e-4,2231.681993,5.16,3.86,6.482949612
1895,clothes,Clothing and grooming,Person/Thing,Noun,1,0.992179,55.416747,0.765522,31.745989,495.3149,0.7081,0.001261,2196.974192,3.11,4.76,7.377180434
1897,help,Social and political relations,Action/Process,Verb,1,0.983172,361.332311,0.531123,788.252618,680.46894,1.11798,9.81e-4,12332.542272,3.65,2.56,5.4820127340000004
1899,mad,Cognition,Property,Adjective,1,0.961427,150.150042,0.672031,261.75248,115.90439,0.65849,9.95e-4,5138.237912,5.22,2.37,5.599587093
1901,shovel,Agriculture and vegetation,Person/Thing,Noun,0.927306,0.820649,4.759289,0.966162,6.366561,102.22753,0.52632,1.25e-4,80.391575,6.28,4.97,6.064823618
1905,eagle,Animals,Person/Thing,Noun,0.950295,0.723318,8.828706,0.56421,21.733125,258.95345,3.30632,8.4e-5,420.94334,5.83,5,4.692151062
1906,sour,Sense perception,Property,Adjective,0.974618,0.993284,23.226082,0.524375,34.842453,156.7304,1.37606,3.32e-4,628.596856,4.89,4.25,5.684968884
1909,shake,Motion,Action/Process,Verb,1,0.970704,20.889516,0.751581,63.390692,170.59,0.89696,2.51e-4,856.422427,5.26,4.07,5.729448226
1913,press,Basic actions and technology,Action/Process,Verb,1,0.935384,59.665654,0.877303,112.456621,126.83426,1.29498,1e-4,1738.653219,6.4,3.9,5.480280439
1914,debt,Possession,Person/Thing,Noun,0.953334,0.847856,41.423552,0.684189,36.26046,108.56934,1.24483,1.49e-4,632.15663,10.44,2.72,3.057874817
1917,tie,Basic actions and technology,Action/Process,Verb,1,0.989205,25.044478,0.886865,74.228315,222.76561,0.84391,3.09e-4,889.350341,4.74,4.81,5.494638785
1920,dream,The body,Action/Process,Verb,1,0.981384,235.229256,0.49046,268.278205,164.37757,1.50886,4e-4,4563.63097,4.88,2.6,5.437404422
1923,rough,Sense perception,Property,Adjective,0.963358,0.90859,9.6029890000000009,1.275151,35.233128,113.43617,1.30057,3.2e-4,686.73984,6.21,3.83,5.109546564
1926,ointment,Clothing and grooming,Person/Thing,Noun,0.967385,0.743477,3.514987,0.557169,1.577171,98.83383,0.82089,4.5e-5,32.927915,7.9,4.5,5.371712157
1927,bamboo,Agriculture and vegetation,Person/Thing,Noun,0.829307,0.829391,3.692152,1.203576,4.847268,469.24368,2.25516,2.3e-5,84.841293,9.28,4.86,5.199523806
1928,cease,Time,Action/Process,Verb,1,0.962826,705.177324,0.287351,657.492134,576.86926,0.77067,7.95e-4,10255.413824,4.28,3.14,3.983314986
1929,study,Cognition,Action/Process,Verb,1,0.848512,204.713251,0.839301,175.963069,268.80105,1.83878,8.71e-4,2437.852269,6.58,3.7,5.14832351
1932,guess,Cognition,Action/Process,Verb,0.927415,0.802472,35.825987,1.850878,285.496859,123.03163,0.9119,1.98e-4,5231.681993,5.44,2.28,4.530933706
1934,beggar,Possession,Person/Thing,Noun,0.924078,0.827693,4.615248,0.92047,2.025724,98.65076,0.62038,2.3e-5,39.454168,7.63,4.59,5.188278394
1936,deer,Animals,Person/Thing,Noun,0.787689,0.940371,7.194009,0.616545,11.445341,322.00069,2.51484,3.29e-4,203.797093,5.17,4.86,4.533987308
1939,swear,Law,Action/Process,Verb,0.763774,0.571086,12.572131,1.223512,56.561108,122.50988,0.93488,1.04e-4,1038.860872,7.21,2.45,5.4517791
1940,guard,Warfare and hunting,Person/Thing,Noun,0.881302,0.731353,27.86371,1.065068,34.770106,172.13294,1.69087,1.36e-4,671.017502,6.25,4.04,4.295679913
1941,soldier,Warfare and hunting,Person/Thing,Noun,0.984621,0.875926,29.91866,0.38067,32.107725,151.85841,0.934,3.38e-4,598.338772,6.94,4.72,5.187642197
1942,near,Spatial relations,Property,Adverb,1,0.992985,341.211338,0.520194,484.032281,757.13277,0.54313,7.17e-4,6638.682883,4.5,3.2,5.265111518
1948,saw,Basic actions and technology,Person/Thing,Noun,0.967887,0.879418,138.243032,1.25183,331.422916,1599.89577,0.89046,1.28e-4,6520.32038,5.3585,4.46,5.496460669
1961,necklace,Clothing and grooming,Person/Thing,Noun,1,0.931937,7.60988,0.819344,15.135052,104.76141,0.71392,1.08e-4,281.815485,5,4.96,4.551108029
1963,immediately,Time,Other,Function word,1,0.936103,116.883708,0.896092,82.779764,202.59073,0.84138,3.4e-5,1676.060516,6.765224,2.44,3.827518409
1970,canoe,Motion,Person/Thing,Noun,0.745905,0.749377,2.378336,2.314124,2.691319,496.71009,2.2843,4.9e-5,45.980421,6.63,4.86,5.34909445
1973,demon,Religion and belief,Person/Thing,Noun,0.89805,0.909862,27.39587,1.36277,14.483927,167.70292,3.15211,5.8e-5,270.542866,7.16,3.32,3.060150218
1979,chisel,Basic actions and technology,Person/Thing,Noun,0.839444,0.597179,1.991985,2.811652,1.461415,89.92111,0.39594,1.4e-5,16.908929,10.53,4.63,5.489197079
1992,more,Quantity,Other,Function word,0.900826,0.942311,2994.623133,0.803648,2256.063292,971.27907,0.61985,3.89e-4,40553.544942,3.781264,2.37,3.988733348
1997,preserve,Possession,Action/Process,Verb,0.975182,0.91102,27.820283,0.192678,23.035376,90.96987,0.40688,3.7e-5,276.772471,8.72,2.57,3.104057296
1998,command,Social and political relations,Action/Process,Verb,0.970531,0.880345,107.153165,0.892761,280.447019,395.50991,0.96102,3.65e-4,4404.331059,6.26,2.79,4.25842965
2001,painting,Basic actions and technology,Action/Process,Verb,0.976504,0.841661,70.707644,0.718318,145.056308,98.15612,0.50802,4.13e-4,1218.332839,4.45,4.79,5.503702628
2003,flow,Motion,Action/Process,Verb,1,0.934047,32.085407,0.64573,43.582005,124.56324,0.60847,1.38e-4,804.509048,7.4,3.72,4.881928512
2004,bend,Basic actions and technology,Action/Process,Verb,1,0.992985,7.099945,0.921238,12.819939,111.87943,0.46336,1.76e-4,250.074162,5.56,3.88,5.515390776
2007,bolt,The physical world,Person/Thing,Noun,0.942261,0.87673,21.656702,0.342088,14.903541,181.20917,2.38575,1.22e-4,288.935034,4.76,4.59,5.070492228
2008,rescue,Possession,Action/Process,Verb,0.916977,0.897053,109.076801,0.467578,233.855367,130.12166,0.62801,2.4e-4,3026.698309,5.44,3.17,5.427081605
2009,dog,Animals,Person/Thing,Noun,1,1,116.50145,0.466584,223.032213,2061.57824,2.24239,0.001951,3962.029071,2.8,4.85,6.856526698
2012,collar,Clothing and grooming,Person/Thing,Noun,0.92744,0.754537,4.549127,0.918719,9.130227,91.08782,0.36751,7.1e-5,164.639573,6.56,4.64,4.753405874
2013,bait,Warfare and hunting,Person/Thing,Noun,0.897065,0.668071,2.723251,0.998646,5.570741,114.43822,1.64506,2.7e-5,90.774251,7.11,4.45,4.242598057
2017,mix,Food and drink,Action/Process,Verb,1,0.977278,54.790195,0.751651,171.810334,183.20479,0.95816,2.35e-4,2554.138238,5.11,3.82,5.602711387
2018,greedy,Emotions and values,Property,Adjective,0.894177,0.787793,4.476734,1.06354,6.077172,108.1865,0.89687,8.8e-5,119.845743,7.53,2.64,4.250146542
2022,admit,Speech and language,Action/Process,Verb,0.885129,0.809365,97.973768,0.381911,117.260481,96.68027,0.62668,8.2e-5,1683.773361,7.11,2.57,4.959069076
2023,crowd,Quantity,Person/Thing,Noun,0.938856,0.890027,25.415646,1.004577,66.950178,103.60787,0.62322,2.38e-4,1297.83447,7.14,4.52,5.910068153
2118,mountain or hill,The physical world,Person/Thing,Noun,1,1,100.023656,0.576726,117.853729,1006.65258,1.34341,0.001107,2665.084545,3.47,4.96,5.885427712
2125,stone or rock,The physical world,Person/Thing,Noun,1,0.979501,124.145134,0.612961,282.414865,1020.3654,0.88863,0.001356,5034.114506,3.22,4.91,5.300768947
2130,headgear,Clothing and grooming,Person/Thing,Noun,1,0.970489,56.359068,0.665698,109.418035,403.11113,1.84185,7.88e-4,2030.554732,3.33,4.88,5.848846123
2131,torch or lamp,Basic actions and technology,Person/Thing,Noun,1,0.929616,16.377877,0.498825,19.1865,106.31159,0.5083,1.44e-4,350.341145,4,4.97,5.429426203
2132,sickle or scythe,Agriculture and vegetation,Person/Thing,Noun,0.847379,0.701651,1.710684,0.563707,0.954984,110.31105,0.58073,2.8e-5,18.095521,11.35,4.88,4.92345784
2133,strike or beat,Basic actions and technology,Action/Process,Verb,1,0.989205,179.66344,0.81616,579.530698,1203.81569,0.95285,7.87e-4,9588.549392,4.75,4.11,5.481863098
2135,trade or barter,Possession,Action/Process,Verb,0.967957,0.877489,44.284822,0.587385,78.62703,111.96818,0.6182,2.19e-4,1289.52833,6.42,3.08,4.741808493
2137,magician,Religion and belief,Person/Thing,Noun,0.925571,0.903041,27.277008,0.453452,29.372998,195.97658,1.73781,4.41e-4,549.985168,4.78,4.47,4.023377739
2139,muroid,Animals,Person/Thing,Noun,1,0.988985,33.908733,0.413693,35.493578,298.31808,1.95735,6.36e-4,748.145951,4.94,4.85,4.713626718
2146,roast or fry,Food and drink,Action/Process,Verb,1,0.987195,22.949625,0.716262,78.36658,165.53081,1.03782,2.09e-4,964.402255,5.79,4.4,5.833560158
2249,thin,Spatial relations,Property,Adjective,1,0.983351,31.08648,0.562845,36.376215,117.21088,0.61373,3.47e-4,629.486799,6.47,3.83,4.892316574
2252,path,Motion,Person/Thing,Noun,1,0.981971,130.601607,1.415047,67.760468,217.5887,0.93705,2.16e-4,1270.542866,6.11,4.41,4.846430924
2253,drip,Motion,Action/Process,Verb,1,0.951484,13.940129,1.588127,10.345662,124.38455,1.5212,6.8e-5,98.487096,5.89,4.14,5.552746236
2259,flesh,The body,Person/Thing,Noun,1,1,15.157735,0.439926,20.77814,105.72445,0.55092,6.8e-5,365.766835,8.3,4.59,7.081742318
2260,female,Kinship,Property,Adjective,0.949379,0.983031,46.628122,0.868626,71.580405,178.11607,0.87392,4.55e-4,1368.140018,5.89,4.57,6.199675438
2261,male,Kinship,Property,Adjective,0.949379,0.987675,44.41746,0.987576,42.39551,161.67613,0.74665,4.34e-4,929.397805,5.63,4.45,6.113873065
2262,female,Animals,Property,Adjective,0.984936,0.911927,46.628122,0.868626,71.580405,178.11607,0.87392,4.55e-4,1368.140018,5.89,4.57,6.199675438
2263,male,Animals,Property,Adjective,0.984936,0.919715,44.41746,0.987576,42.39551,161.67613,0.74665,4.34e-4,929.397805,5.63,4.45,6.113873065
2648,hair,The body,Person/Thing,Noun,1,1,144.546609,0.687516,217.562758,271.64286,0.98681,0.00156,3868.881637,3.17,4.97,6.080595884
2866,drop,Basic actions and technology,Action/Process,Verb,0.975976,0.896043,30.715798,1.077531,143.92769,156.78131,0.73893,1.91e-4,1972.115099,3.26,4.21,4.926784064
3189,stab to death,The body,Action/Process,Verb,1,0.936769,6.372387,0.838176,10.244376,101.69946,0.49932,7.2e-5,122.515574,6.4,4.07,4.783556697
3199,twist,Motion,Action/Process,Verb,1,0.964285,7.13982,1.094133,29.647918,92.34224,0.42254,1.64e-4,544.645506,6.46,3.9,5.791681418
3206,elf or fairy,Religion and belief,Person/Thing,Noun,0.62964,0.504122,26.318631,1.608821,29.416406,155.13206,1.51038,2.62e-4,617.027588,4.32,4.3,3.501224664
3210,knife,Food and drink,Person/Thing,Noun,0.912415,0.973292,19.892029,0.686446,23.46946,300.82189,0.88429,5.18e-4,443.488579,4.15,4.9,5.614572835
3223,branch or twig,Agriculture and vegetation,Person/Thing,Noun,1,0.988985,22.747694,0.598687,29.980715,536.57865,2.81275,1.18e-4,553.248294,5.11,4.9,5.184047448
3294,braid,Basic actions and technology,Action/Process,Verb,0.976504,0.939734,3.822747,0.960932,14.223476,111.55583,0.53011,4.6e-5,196.084248,9.89,4.2,4.94601611
3311,flowing body of water,The physical world,Person/Thing,Noun,1,0.985346,67.876728,0.490041,105.250831,1090.81197,1.72024,6.82e-4,2123.10887,4.9,4.89,5.618722672
3456,crawl or creep,Motion,Action/Process,Verb,1,0.975488,12.860769,1.575437,43.249207,139.50238,1.13551,1.21e-4,494.808662,3.89,4.27,5.390011359
