original_word	lemmatized_word
1	1
10	10
100	100
1000	1000
10th	10th
11	11
12	12
120	120
125	125
12th	12th
13	13
13th	13th
14	14
14th	14th
15	15
150	150
15th	15th
16	16
17	17
18	18
19	19
19th	19th
1st	1st
2	2
20	20
200	200
20th	20th
21	21
21st	21st
22nd	22nd
23	23
24	24
25	25
25th	25th
26	26
26s	26
27th	27th
28	28
28th	28th
29	29
29th	29th
2nd	2nd
3	3
30	30
300	300
30th	30th
31	31
34	34
35	35
36	36
37	37
38	38
3rd	3rd
4	4
40	40
400	400
40th	40th
42	42
43	43
46	46
4th	4th
5	5
50	50
500	500
53	53
54	54
55	55
56	56
57	57
59	59
5th	5th
6	6
60	60
61	61
62	62
63	63
64	64
65	65
66	66
68	68
69	69
6th	6th
7	7
70	70
70s	70
71	71
72	72
73	73
75	75
77	77
78	78
79	79
7th	7th
8	8
80	80
82	82
83	83
84	84
85	85
87	87
88	88
89	89
8th	8th
9	9
90	90
91	91
92	92
94	94
96	96
99	99
a	a
aa	aa
aaa	aaa
aah	aah
aardvark	aardvark
aas	aa
aback	aback
abandon	abandon
abandoned	abandoned
abbreviated	abbreviated
abdomen	abdomen
abel	abel
abet	abet
abilities	ability
ability	ability
abject	abject
abkhaz	abkhaz
abkhazia	abkhazia
ablaze	ablaze
able	able
ablutions	ablution
abnormal	abnormal
aboard	aboard
aboriginal	aboriginal
aborts	abort
about	about
above	above
abraham	abraham
abreast	abreast
abroad	abroad
abruptly	abruptly
absence	absence
absent	absent
absolute	absolute
absolutely	absolutely
absolutions	absolution
absorbed	absorbed
abuja	abuja
abundance	abundance
abundant	abundant
abundantly	abundantly
ac	ac
acacia	acacia
academician	academician
academics	academic
acc	acc
accent	accent
accept	accept
acceptance	acceptance
accepted	accepted
accepts	accepts
access	access
accessible	accessible
accessories	accessory
accident	accident
accidental	accidental
accidentally	accidentally
accompanied	accompanied
accompanies	accompanies
accompany	accompany
accompanying	accompanying
accomplish	accomplish
accomplished	accomplished
accordance	accordance
according	according
accordingly	accordingly
accountant	accountant
accumulate	accumulate
accumulated	accumulated
accumulates	accumulates
accurate	accurate
accused	accused
accustom	accustom
accustomed	accustomed
ache	ache
ached	ached
aches	ache
achieve	achieve
achieved	achieved
achievements	achievement
aching	aching
acidity	acidity
acknowledge	acknowledge
acorn	acorn
acorns	acorn
acoustic	acoustic
acquaintance	acquaintance
acquaintances	acquaintance
acquainted	acquainted
acquire	acquire
acquired	acquired
acre	acre
acres	acre
acrid	acrid
across	across
act	act
acted	acted
acting	acting
action	action
actions	action
active	active
actively	actively
activities	activity
activity	activity
actor	actor
actors	actor
acts	act
actual	actual
actually	actually
ad	ad
adam	adam
adams	adam
adapted	adapted
add	add
added	added
adder	adder
addiction	addiction
adding	adding
addition	addition
additional	additional
address	address
addressed	addressed
addressee	addressee
addressing	addressing
adds	add
adhesive	adhesive
adjacent	adjacent
adjust	adjust
administered	administered
administration	administration
administrator	administrator
admire	admire
admired	admired
admires	admires
admit	admit
admitted	admitted
adobe	adobe
adobo	adobo
adolescence	adolescence
adolescent	adolescent
adopted	adopted
adopting	adopting
adoption	adoption
adoptive	adoptive
adorn	adorn
adorned	adorned
adornment	adornment
adornments	adornment
adrift	adrift
adult	adult
adulthood	adulthood
adults	adult
advance	advance
advanced	advanced
advancing	advancing
advantage	advantage
advantaged	advantaged
advantages	advantage
adventure	adventure
adversity	adversity
advertise	advertise
advice	advice
advices	advice
advise	advise
advised	advised
advises	advises
advising	advising
adz	adz
aeroplane	aeroplane
afar	afar
affair	affair
affairs	affair
affect	affect
affected	affected
affection	affection
affectionate	affectionate
affects	affect
affirmation	affirmation
affirmative	affirmative
afford	afford
afghans	afghan
afire	afire
afloat	afloat
afraid	afraid
africa	africa
african	african
africans	african
afrikaans	afrikaans
aft	aft
after	after
afternoon	afternoon
afternoons	afternoon
afterthought	afterthought
afterward	afterward
afterwards	afterwards
ag	ag
again	again
agaric	agaric
age	age
aged	aged
ageing	ageing
agency	agency
agent	agent
agents	agent
ages	age
aggressive	aggressive
aggressively	aggressively
agha	agha
aghas	agha
agile	agile
agitated	agitated
agitators	agitator
ago	ago
agony	agony
agouti	agouti
agoutis	agouti
agree	agree
agreeable	agreeable
agreed	agreed
agreeing	agreeing
agreement	agreement
agreements	agreement
agrees	agrees
agricultural	agricultural
agriculture	agriculture
agronomist	agronomist
agua	agua
aguas	agua
ahead	ahead
ai	ai
aid	aid
aide	aide
aids	aid
ailment	ailment
ailments	ailment
aim	aim
aimed	aimed
aiming	aiming
aimlessly	aimlessly
air	air
aire	aire
aires	aire
airfield	airfield
airplane	airplane
airplanes	airplane
airport	airport
airstrip	airstrip
al	al
ala	ala
alarm	alarm
alas	ala
albert	albert
albino	albino
album	album
alcohol	alcohol
alder	alder
ale	ale
alert	alert
alexander	alexander
alfred	alfred
ali	ali
aliens	alien
alight	alight
alighted	alighted
alights	alights
align	align
alike	alike
alive	alive
all	all
allah	allah
aller	aller
alley	alley
alligator	alligator
alligators	alligator
allot	allot
allotment	allotment
allow	allow
allowances	allowance
allowed	allowed
allowing	allowing
allows	allows
almighty	almighty
almond	almond
almonds	almond
almost	almost
alms	alms
alone	alone
along	along
alongside	alongside
aloud	aloud
alpha	alpha
alphabet	alphabet
already	already
alright	alright
als	al
also	also
alt	alt
altar	altar
alterations	alteration
altered	altered
alternate	alternate
alternates	alternate
alternating	alternating
alternative	alternative
alternatives	alternative
alto	alto
altogether	altogether
always	always
am	am
amarillo	amarillo
amarillos	amarillo
amazed	amazed
amazing	amazing
amazonas	amazona
amber	amber
ambos	ambo
ambulance	ambulance
ambush	ambush
amd	amd
amen	amen
america	america
american	american
americans	american
amiable	amiable
amigo	amigo
amigos	amigo
amiss	amiss
ammo	ammo
ammonia	ammonia
amor	amor
amos	amos
amount	amount
amounts	amount
amulets	amulet
amuse	amuse
amused	amused
amusement	amusement
amusing	amusing
an	an
ana	ana
anaconda	anaconda
anal	anal
analyse	analyse
analyses	analysis
analysis	analysis
ancestor	ancestor
ancestors	ancestor
ancestral	ancestral
ancestress	ancestress
anchor	anchor
anchored	anchored
ancient	ancient
ancients	ancient
anderson	anderson
andrew	andrew
ane	ane
anew	anew
ang	ang
angel	angel
angels	angel
anger	anger
angina	angina
angle	angle
angled	angled
anglican	anglican
angling	angling
angrily	angrily
angry	angry
animal	animal
animals	animal
animate	animate
animator	animator
animist	animist
aniseed	aniseed
ankle	ankle
ankles	ankle
anklet	anklet
anna	anna
anniversaries	anniversary
anniversary	anniversary
announce	announce
announced	announced
announcement	announcement
announcer	announcer
announcers	announcer
announces	announces
announcing	announcing
annoy	annoy
annoyed	annoyed
annoying	annoying
annual	annual
annually	annually
ano	ano
anointing	anointing
another	another
ans	an
anser	anser
answer	answer
answered	answered
answering	answering
answers	answer
ant	ant
ante	ante
anteater	anteater
antechamber	antechamber
antelope	antelope
antelopes	antelope
anterior	anterior
antes	ante
anthill	anthill
anthills	anthill
anticipates	anticipates
antigua	antigua
antilope	antilope
antique	antique
antler	antler
antlers	antler
ants	ant
anvil	anvil
anxiety	anxiety
anxious	anxious
anxiously	anxiously
any	any
anyhow	anyhow
anymore	anymore
anyway	anyway
anyways	anyways
anywhere	anywhere
apaches	apache
apart	apart
apartment	apartment
aperture	aperture
apertures	aperture
apia	apia
apologised	apologised
apologising	apologising
apologize	apologize
apologized	apologized
apology	apology
apostle	apostle
apostles	apostle
apparently	apparently
appeal	appeal
appealed	appealed
appeals	appeal
appear	appear
appearance	appearance
appeared	appeared
appearing	appearing
appears	appears
appendix	appendix
appetite	appetite
appetizing	appetizing
applaud	applaud
apple	apple
apples	apple
application	application
applied	applied
apply	apply
applying	applying
appoint	appoint
appointed	appointed
appointment	appointment
appointments	appointment
appraise	appraise
appreciated	appreciated
appreciates	appreciates
appreciating	appreciating
apprentice	apprentice
apprenticed	apprenticed
apprentices	apprentice
apprenticeship	apprenticeship
approach	approach
approached	approached
approaches	approach
approaching	approaching
appropriate	appropriate
appropriately	appropriately
approval	approval
approve	approve
approved	approved
approximate	approximate
approximately	approximately
apricot	apricot
apricots	apricot
april	april
apron	apron
apt	apt
aptly	aptly
ar	ar
ara	ara
arab	arab
arabia	arabia
arabic	arabic
arable	arable
arabs	arab
arapaho	arapaho
arapahoe	arapahoe
arapahos	arapaho
arch	arch
archangel	archangel
archers	archer
arches	arch
architects	architect
archives	archive
arctic	arctic
are	are
area	area
areas	area
arena	arena
ares	are
aretes	arete
argue	argue
argued	argued
argueing	argueing
arguing	arguing
argument	argument
arguments	argument
aright	aright
arisen	arisen
arises	arises
arising	arising
arithmetic	arithmetic
arm	arm
armadillo	armadillo
armed	armed
armenia	armenia
armenian	armenian
armenians	armenian
armful	armful
armfuls	armful
armies	army
armpit	armpit
armpits	armpit
arms	arm
army	army
aroma	aroma
arose	arose
around	around
arp	arp
arrange	arrange
arranged	arranged
arrangement	arrangement
arrangements	arrangement
arranges	arranges
arranging	arranging
arrest	arrest
arrested	arrested
arrests	arrest
arrival	arrival
arrive	arrive
arrived	arrived
arrives	arrives
arriving	arriving
arrogance	arrogance
arrogant	arrogant
arrow	arrow
arrowroot	arrowroot
arrows	arrow
artesian	artesian
arthritis	arthritis
article	article
articles	article
artificial	artificial
artillery	artillery
artist	artist
artists	artist
arums	arum
as	a
ascend	ascend
ascended	ascended
ascends	ascends
ascension	ascension
ascent	ascent
ascents	ascent
ases	as
ash	ash
ashamed	ashamed
ashes	ash
ashore	ashore
aside	aside
ask	ask
asked	asked
askes	askes
askew	askew
asking	asking
asks	asks
asl	asl
aslant	aslant
asleep	asleep
aspects	aspect
aspen	aspen
asphalt	asphalt
ass	as
assemble	assemble
assembled	assembled
assembles	assembles
assembly	assembly
asses	ass
asshole	asshole
assholes	asshole
assign	assign
assigned	assigned
assignment	assignment
assist	assist
assistance	assistance
assistant	assistant
assistants	assistant
assisted	assisted
associated	associated
association	association
associations	association
assume	assume
assumed	assumed
assumes	assumes
assure	assure
assured	assured
asthma	asthma
astonished	astonished
astonishing	astonishing
astonishment	astonishment
astray	astray
astrologer	astrologer
astrology	astrology
asur	asur
at	at
ate	ate
athletic	athletic
athwart	athwart
atlas	atlas
atmosphere	atmosphere
atop	atop
attach	attach
attache	attache
attached	attached
attaches	attache
attachment	attachment
attack	attack
attacked	attacked
attacks	attack
attain	attain
attempt	attempt
attend	attend
attendance	attendance
attendant	attendant
attended	attended
attending	attending
attention	attention
attentively	attentively
attic	attic
attitude	attitude
attitudes	attitude
attract	attract
attracted	attracted
attracting	attracting
attraction	attraction
au	au
aubergine	aubergine
aubergines	aubergine
auction	auction
auctioneer	auctioneer
audible	audible
audibly	audibly
audience	audience
audiences	audience
audio	audio
aug	aug
augment	augment
augmented	augmented
august	august
aunt	aunt
auntie	auntie
aunties	aunty
aunts	aunt
aunty	aunty
aura	aura
auras	aura
australia	australia
australian	australian
authentic	authentic
authorities	authority
authority	authority
authorized	authorized
autobus	autobus
automatic	automatic
automatically	automatically
autonomous	autonomous
autonomy	autonomy
autumn	autumn
autumnal	autumnal
av	av
avail	avail
available	available
avalanche	avalanche
avenge	avenge
avenged	avenged
avenging	avenging
avenue	avenue
average	average
aves	aves
avocado	avocado
avocados	avocado
avoid	avoid
avoidance	avoidance
avoided	avoided
avoiding	avoiding
avons	avon
await	await
awaiting	awaiting
awake	awake
awarded	awarded
aware	aware
awareness	awareness
away	away
awe	awe
awful	awful
awhile	awhile
awoke	awoke
ax	ax
axe	axe
axes	ax
azerbaijan	azerbaijan
azerbaijani	azerbaijani
b	b
ba	ba
baa	baa
baas	baa
baba	baba
babe	babe
babies	baby
baboon	baboon
baboons	baboon
babu	babu
baby	baby
babytalk	babytalk
bachelor	bachelor
bachelors	bachelor
back	back
backbone	backbone
backdoors	backdoor
backed	backed
backgammon	backgammon
background	background
backpack	backpack
backpacks	backpack
backs	back
backside	backside
backward	backward
backwards	backwards
backwoods	backwoods
backyard	backyard
bad	bad
badly	badly
badness	badness
bag	bag
bagasse	bagasse
bags	bag
bahai	bahai
bai	bai
bailed	bailed
bailiff	bailiff
baisses	bai
bait	bait
bake	bake
baked	baked
bakehouse	bakehouse
baker	baker
bakeries	bakery
bakers	baker
bakery	bakery
baking	baking
balancing	balancing
balcony	balcony
bald	bald
bale	bale
bales	bale
ball	ball
ballads	ballad
balloon	balloon
balloons	balloon
ballot	ballot
ballots	ballot
balls	ball
bam	bam
bamboo	bamboo
bamboos	bamboo
banana	banana
bananas	banana
band	band
bandage	bandage
bandaged	bandaged
banded	banded
bandicoot	bandicoot
banding	banding
bandit	bandit
bandits	bandit
bandy	bandy
bang	bang
banged	banged
banging	banging
bangkok	bangkok
bangla	bangla
bangladesh	bangladesh
bangle	bangle
bangs	bang
banished	banished
banjo	banjo
bank	bank
bankrupt	bankrupt
banks	bank
banned	banned
banners	banner
bantu	bantu
banyan	banyan
baobab	baobab
baptised	baptised
baptising	baptising
baptism	baptism
baptismal	baptismal
baptisms	baptism
baptize	baptize
baptized	baptized
baptizes	baptizes
baptizing	baptizing
bar	bar
barbasco	barbasco
barbed	barbed
barber	barber
bare	bare
bareback	bareback
bared	bared
barefoot	barefoot
bareheaded	bareheaded
barely	barely
bares	bares
barge	barge
barges	barge
bari	bari
baring	baring
bark	bark
barked	barked
barking	barking
barks	bark
barley	barley
barn	barn
barometer	barometer
barometers	barometer
barracks	barrack
barracuda	barracuda
barrage	barrage
barrages	barrage
barramundis	barramundi
barred	barred
barrel	barrel
barrels	barrel
barren	barren
barrier	barrier
barriers	barrier
bars	bar
barter	barter
bartered	bartered
bartering	bartering
bas	ba
base	base
baseball	baseball
based	based
bashed	bashed
bashing	bashing
basic	basic
basically	basically
basin	basin
basins	basin
basis	basis
bask	bask
basked	basked
basket	basket
basketball	basketball
baskets	basket
basra	basra
bass	bass
bast	bast
bastard	bastard
baster	baster
bat	bat
bath	bath
bathe	bathe
bathed	bathed
bathes	bathe
bathing	bathing
bathroom	bathroom
bathtub	bathtub
bats	bat
battalion	battalion
battered	battered
batteries	battery
battery	battery
battle	battle
battlefront	battlefront
battles	battle
battleship	battleship
baulk	baulk
bawl	bawl
bawled	bawled
bay	bay
bazaar	bazaar
bazar	bazar
be	be
beach	beach
beached	beached
bead	bead
beadle	beadle
beads	bead
beak	beak
beaks	beak
beam	beam
beams	beam
bean	bean
beans	bean
bear	bear
beard	beard
beared	beared
bearing	bearing
bearings	bearing
bears	bear
beast	beast
beasts	beast
beat	beat
beated	beated
beaten	beaten
beaters	beater
beating	beating
beats	beat
beautiful	beautiful
beautifully	beautifully
beauty	beauty
became	became
beck	beck
beckoning	beckoning
become	become
becomes	becomes
becoming	becoming
bed	bed
bedbugs	bedbug
bedding	bedding
bedew	bedew
bedroom	bedroom
beds	bed
bee	bee
beef	beef
beehive	beehive
been	been
beer	beer
beers	beer
bees	bee
beeswax	beeswax
beet	beet
beetle	beetle
befall	befall
befallen	befallen
befell	befell
before	before
beforehand	beforehand
befriended	befriended
beg	beg
began	began
begat	begat
beggar	beggar
begged	begged
begging	begging
begin	begin
begining	begining
beginning	beginning
begins	begin
begs	begs
begun	begun
behalf	behalf
behave	behave
behaved	behaved
behaves	behaves
behaving	behaving
behaviour	behaviour
beheaded	beheaded
behind	behind
behold	behold
behooves	behooves
being	being
beings	being
belches	belch
belching	belching
belfry	belfry
belief	belief
beliefs	belief
believe	believe
believed	believed
believes	belief
believings	believing
bell	bell
bellies	belly
bellow	bellow
bellowing	bellowing
bellows	bellow
bells	bell
belly	belly
belong	belong
belonged	belonged
belonging	belonging
belongings	belonging
belongs	belongs
beloved	beloved
below	below
belt	belt
belted	belted
belting	belting
belts	belt
beltway	beltway
ben	ben
bench	bench
bend	bend
bending	bending
bends	bend
beneath	beneath
benedictions	benediction
beneficial	beneficial
benefit	benefit
benefited	benefited
benefits	benefit
benevolence	benevolence
benevolent	benevolent
bent	bent
bereaved	bereaved
berg	berg
bering	bering
berries	berry
berry	berry
besides	besides
best	best
bestowed	bestowed
bet	bet
betel	betel
bethlehem	bethlehem
betray	betray
betrayed	betrayed
betraying	betraying
betrays	betrays
betroth	betroth
betrothal	betrothal
betrothed	betrothed
betrothes	betrothes
better	better
betting	betting
between	between
bevel	bevel
bevelled	bevelled
beverage	beverage
beverages	beverage
beware	beware
bewitched	bewitched
bewitching	bewitching
beyond	beyond
bi	bi
bible	bible
biblical	biblical
bicycle	bicycle
bicycles	bicycle
biddy	biddy
big	big
bigger	bigger
biggest	biggest
bighorn	bighorn
bike	bike
bikes	bike
bile	bile
bill	bill
billabong	billabong
billed	billed
bills	bill
billy	billy
biltong	biltong
bin	bin
bind	bind
binder	binder
binding	binding
binds	bind
binoculars	binoculars
binturong	binturong
biological	biological
birch	birch
birchbark	birchbark
birches	birch
bird	bird
birdcage	birdcage
birds	bird
birth	birth
birthday	birthday
birthing	birthing
births	birth
bis	bi
biscuit	biscuit
biscuits	biscuit
bishop	bishop
bit	bit
bitch	bitch
bitches	bitch
bite	bite
bites	bite
biting	biting
bits	bit
bitten	bitten
bitter	bitter
bitterness	bitterness
bizarre	bizarre
black	black
blackberries	blackberry
blackbirds	blackbird
blackboard	blackboard
blacken	blacken
blackened	blackened
blackflies	blackfly
blackish	blackish
blackout	blackout
blacks	black
blacksmith	blacksmith
blacksmiths	blacksmith
bladder	bladder
blade	blade
blades	blade
blah	blah
blame	blame
blamed	blamed
blames	blame
blaming	blaming
bland	bland
blank	blank
blanket	blanket
blanketed	blanketed
blankets	blanket
blanquillo	blanquillo
blasphemy	blasphemy
blast	blast
blasted	blasted
blazes	blaze
bleating	bleating
bled	bled
bleed	bleed
bleeding	bleeding
bless	bless
blessed	blessed
blesses	blesses
blessing	blessing
blessings	blessing
blew	blew
blind	blind
blindfold	blindfold
blindly	blindly
blinked	blinked
blinking	blinking
bliss	bliss
blitz	blitz
blizzard	blizzard
bloated	bloated
block	block
blockade	blockade
blocked	blocked
blocking	blocking
blocks	block
bloemfontein	bloemfontein
bloke	bloke
blokes	bloke
blonde	blonde
blood	blood
bloodshed	bloodshed
bloody	bloody
bloom	bloom
bloomers	bloomer
blooming	blooming
blooms	bloom
blossom	blossom
blossoming	blossoming
blossoms	blossom
blouses	blouse
blow	blow
blowed	blowed
blower	blower
blowfly	blowfly
blowgun	blowgun
blowing	blowing
blown	blown
blowpipe	blowpipe
blows	blow
blue	blue
blueberries	blueberry
blunt	blunt
blurred	blurred
bluster	bluster
boa	boa
boar	boar
board	board
boarded	boarded
boarding	boarding
boards	board
boars	boar
boas	boa
boast	boast
boasted	boasted
boasting	boasting
boasts	boast
boat	boat
boatman	boatman
boats	boat
bob	bob
bobbing	bobbing
bobby	bobby
bodies	body
bods	bod
body	body
boer	boer
boers	boer
bog	bog
boil	boil
boiled	boiled
boiling	boiling
boils	boil
bold	bold
bolivia	bolivia
bolsheviks	bolshevik
bolt	bolt
bolted	bolted
bolts	bolt
bomb	bomb
bombed	bombed
bombing	bombing
bombs	bomb
bond	bond
bone	bone
bones	bone
boney	boney
bonito	bonito
bonitos	bonito
bonnet	bonnet
bonnets	bonnet
bony	bony
boogers	booger
book	book
booked	booked
books	book
boom	boom
boomerang	boomerang
boomerangs	boomerang
boot	boot
boots	boot
booty	booty
boozed	boozed
border	border
bordered	bordered
borderland	borderland
bore	bore
bored	bored
boredom	boredom
boring	boring
born	born
borne	borne
borough	borough
borrow	borrow
borrowed	borrowed
borrowing	borrowing
bosom	bosom
bosoms	bosom
boss	bos
bosses	boss
bot	bot
bota	bota
botched	botched
botflies	botfly
both	both
bother	bother
bothered	bothered
bothering	bothering
bothers	bother
botswana	botswana
bottle	bottle
bottles	bottle
bottom	bottom
bottoms	bottom
bougainville	bougainville
bough	bough
bought	bought
bouillon	bouillon
boulder	boulder
bounce	bounce
bounced	bounced
bounces	bounce
bouncing	bouncing
bound	bound
boundaries	boundary
boundary	boundary
bounding	bounding
bounds	bound
bouquet	bouquet
bout	bout
bow	bow
bowed	bowed
bowels	bowel
bowerbird	bowerbird
bowie	bowie
bowl	bowl
bowler	bowler
bowling	bowling
bowls	bowl
bows	bow
bowstring	bowstring
box	box
boxed	boxed
boxer	boxer
boxes	box
boxing	boxing
boy	boy
boyfriend	boyfriend
boys	boy
bracelet	bracelet
bracelets	bracelet
brag	brag
bragged	bragged
bragging	bragging
braid	braid
braided	braided
braiding	braiding
braids	braid
brain	brain
braise	braise
braised	braised
brake	brake
brakes	brake
bran	bran
branch	branch
branches	branch
branching	branching
brand	brand
branded	branded
brandy	brandy
brass	brass
brave	brave
braved	braved
bravely	bravely
bravery	bravery
bravos	bravo
brayed	brayed
braying	braying
brazil	brazil
brazilian	brazilian
brazos	brazos
bread	bread
breadfruit	breadfruit
breads	bread
breadth	breadth
break	break
breaker	breaker
breakfast	breakfast
breaking	breaking
breaks	break
breakwaters	breakwater
bream	bream
breast	breast
breastfeed	breastfeed
breastfeeding	breastfeeding
breastfeeds	breastfeeds
breasts	breast
breath	breath
breathe	breathe
breathed	breathed
breathes	breathes
breathing	breathing
bred	bred
breed	breed
breeded	breeded
breeders	breeder
breeding	breeding
breeds	breed
brew	brew
breweries	brewery
brewery	brewery
brewing	brewing
bribed	bribed
brick	brick
bricks	brick
bridal	bridal
bride	bride
bridegroom	bridegroom
brides	bride
bridesmaid	bridesmaid
bridge	bridge
bridges	bridge
bridging	bridging
bridle	bridle
brief	brief
brigade	brigade
brigades	brigade
brigadier	brigadier
bright	bright
brightly	brightly
brilliantly	brilliantly
brim	brim
brimstone	brimstone
bring	bring
bringing	bringing
brings	brings
brink	brink
brioche	brioche
bristles	bristle
bristol	bristol
british	british
brittle	brittle
broad	broad
broadcast	broadcast
broadcasted	broadcasted
broadcasting	broadcasting
brocket	brocket
brockets	brocket
broil	broil
broke	broke
broken	broken
brood	brood
brook	brook
brooks	brook
broom	broom
brooming	brooming
broomsticks	broomstick
broth	broth
brother	brother
brotherhood	brotherhood
brothers	brother
brought	brought
brow	brow
browbeaten	browbeaten
brown	brown
brownie	brownie
browsing	browsing
bruce	bruce
bruise	bruise
bruises	bruise
brunch	brunch
brush	brush
brushed	brushed
brushes	brush
brushing	brushing
brushwood	brushwood
brutes	brute
bubble	bubble
bubbles	bubble
bubbling	bubbling
buck	buck
bucket	bucket
buckets	bucket
buckle	buckle
buckles	buckle
bucks	buck
buckskin	buckskin
buckwheat	buckwheat
bud	bud
buddha	buddha
buddy	buddy
buds	bud
buffalo	buffalo
bug	bug
buganda	buganda
bugger	bugger
buggered	buggered
buggers	bugger
bugs	bug
build	build
builder	builder
builders	builder
building	building
buildings	building
builds	build
built	built
bulb	bulb
bulbs	bulb
bulgur	bulgur
bull	bull
bulldozers	bulldozer
bullet	bullet
bullets	bullet
bullock	bullock
bullocks	bullock
bulls	bull
bully	bully
bump	bump
bumped	bumped
bumper	bumper
bumping	bumping
bumps	bump
buna	buna
bunch	bunch
bunches	bunch
bundle	bundle
bundled	bundled
bunny	bunny
buns	bun
bunt	bunt
buoy	buoy
bura	bura
burbots	burbot
burden	burden
burdening	burdening
burial	burial
burials	burial
buried	buried
buries	buries
buring	buring
burma	burma
burmese	burmese
burn	burn
burned	burned
burning	burning
burns	burn
burnt	burnt
burrow	burrow
burry	burry
burst	burst
bursted	bursted
burt	burt
burundi	burundi
bury	bury
burying	burying
bus	bus
buses	bus
bush	bush
bushbuck	bushbuck
bushel	bushel
bushes	bush
bushman	bushman
bushmen	bushman
bushy	bushy
busier	busier
business	business
businessman	businessman
busmen	busman
bust	bust
busts	bust
busy	busy
but	but
butcher	butcher
butchered	butchered
butt	butt
butter	butter
buttered	buttered
butterflies	butterfly
butterfly	butterfly
buttermilk	buttermilk
buttocks	buttock
button	button
buttons	button
butts	butt
buy	buy
buyer	buyer
buyers	buyer
buying	buying
buyings	buying
buys	buy
buzz	buzz
buzzard	buzzard
buzzed	buzzed
buzzing	buzzing
by	by
bye	bye
c	c
ca	ca
cabaret	cabaret
cabbage	cabbage
cabbages	cabbage
cabin	cabin
cabins	cabin
cable	cable
cache	cache
cacique	cacique
caciques	cacique
cackling	cackling
cactus	cactus
cage	cage
caiman	caiman
caimans	caiman
caimito	caimito
caimitos	caimito
cake	cake
cakes	cake
calabash	calabash
calabashes	calabash
calabashs	calabash
calabass	calaba
calamity	calamity
calculated	calculated
calculating	calculating
calculation	calculation
calculations	calculation
caledonia	caledonia
calf	calf
call	call
called	called
calles	calles
calling	calling
calls	call
calm	calm
calmed	calmed
calmer	calmer
calmly	calmly
calve	calve
calved	calved
calves	calf
calving	calving
cam	cam
cambia	cambium
came	came
camel	camel
camels	camel
camera	camera
camp	camp
campana	campana
campanas	campana
camped	camped
campfire	campfire
campground	campground
camping	camping
camps	camp
campsite	campsite
campus	campus
can	can
canal	canal
cananga	cananga
canasta	canasta
cancer	cancer
candela	candela
candidate	candidate
candidates	candidate
candies	candy
candle	candle
candlenut	candlenut
candles	candle
candy	candy
cane	cane
caned	caned
canes	cane
caning	caning
canned	canned
canning	canning
cannons	cannon
canoe	canoe
canoes	canoe
cans	can
cant	cant
canteen	canteen
canterbury	canterbury
canto	canto
cantor	cantor
cantos	canto
canvas	canvas
canyon	canyon
caoutchouc	caoutchouc
cap	cap
capable	capable
cape	cape
capercaillie	capercaillie
capers	caper
capital	capital
caps	cap
captain	captain
captive	captive
captives	captive
captivity	captivity
capture	capture
captured	captured
capuchin	capuchin
car	car
caramelized	caramelized
carapace	carapace
caravan	caravan
caravans	caravan
carbine	carbine
carcass	carcass
carcasses	carcass
card	card
cardboard	cardboard
cardiff	cardiff
cards	card
care	care
cared	cared
carefree	carefree
careful	careful
carefully	carefully
careless	careless
carelessly	carelessly
cares	care
caress	caress
caressed	caressed
caressing	caressing
caretaker	caretaker
cargo	cargo
caring	caring
carlos	carlos
carnival	carnival
carnivals	carnival
carp	carp
carpenter	carpenter
carpenters	carpenter
carpentry	carpentry
carpet	carpet
carpets	carpet
carps	carp
carriage	carriage
carried	carried
carrier	carrier
carries	carry
carrion	carrion
carrizo	carrizo
carrot	carrot
carry	carry
carrying	carrying
carrys	carry
cars	car
cart	cart
carter	carter
cartoon	cartoon
cartridge	cartridge
cartridges	cartridge
carts	cart
carve	carve
carved	carved
carving	carving
casaba	casaba
case	case
cases	case
cash	cash
cashier	cashier
caspar	caspar
caspian	caspian
cass	ca
cassava	cassava
cassavas	cassava
cassette	cassette
cassowaries	cassowary
cassowary	cassowary
cast	cast
caste	caste
casted	casted
castes	caste
casting	casting
castle	castle
castles	castle
castrated	castrated
casts	cast
casual	casual
casually	casually
casualties	casualty
cat	cat
catch	catch
catched	catched
catches	catch
catching	catching
catechists	catechist
categories	category
category	category
catering	catering
caterpillar	caterpillar
caterpillars	caterpillar
catfish	catfish
cathedral	cathedral
catholic	catholic
catholics	catholic
cats	cat
cattle	cattle
cattles	cattle
caucasus	caucasus
caught	caught
cauldron	cauldron
cauldrons	cauldron
caulk	caulk
caulking	caulking
causa	causa
cause	cause
caused	caused
causes	cause
causing	causing
cautiously	cautiously
cavalry	cavalry
cave	cave
caves	cave
cavity	cavity
caw	caw
cazique	cazique
ce	ce
ceaselessly	ceaselessly
cecropia	cecropia
cedar	cedar
cedars	cedar
ceibo	ceibo
ceiling	ceiling
celebrate	celebrate
celebrated	celebrated
celebrates	celebrates
celebrating	celebrating
celebration	celebration
celebrations	celebration
celery	celery
cell	cell
cellar	cellar
cellars	cellar
celluloid	celluloid
cement	cement
cemented	cemented
cemeteries	cemetery
cemetery	cemetery
censed	censed
census	census
cent	cent
center	center
centimeter	centimeter
centipede	centipede
central	central
centre	centre
centuries	century
century	century
ceremonial	ceremonial
ceremonially	ceremonially
ceremonies	ceremony
ceremony	ceremony
certain	certain
certainly	certainly
certificate	certificate
certificates	certificate
ces	ce
cesspool	cesspool
cest	cest
cf	cf
chachalaca	chachalaca
chafes	chafe
chaff	chaff
chaffinch	chaffinch
chain	chain
chained	chained
chaining	chaining
chains	chain
chainsaw	chainsaw
chair	chair
chairman	chairman
chairmen	chairman
chairperson	chairperson
chairs	chair
chalet	chalet
chalets	chalet
challenge	challenge
challenging	challenging
chamber	chamber
chambers	chamber
champaign	champaign
champion	champion
champs	champ
chance	chance
chandlers	chandler
chang	chang
change	change
changed	changed
changer	changer
changes	change
changing	changing
channel	channel
chanting	chanting
chaos	chaos
chap	chap
chapatti	chapatti
chapattis	chapatti
chapel	chapel
chaps	chap
chapter	chapter
character	character
characterised	characterised
characters	character
charcoal	charcoal
charge	charge
charged	charged
charger	charger
charing	charing
charitable	charitable
charitably	charitably
charity	charity
charles	charles
charm	charm
charms	charm
charter	charter
chase	chase
chased	chased
chases	chase
chasing	chasing
chat	chat
chats	chat
chatted	chatted
chatter	chatter
chatterbox	chatterbox
chattering	chattering
chatting	chatting
cheap	cheap
cheaper	cheaper
cheat	cheat
cheated	cheated
cheating	cheating
check	check
checked	checked
checking	checking
checkpoint	checkpoint
cheek	cheek
cheeks	cheek
cheeky	cheeky
cheered	cheered
cheerful	cheerful
cheerfully	cheerfully
cheese	cheese
chef	chef
chemicals	chemical
chemist	chemist
cheque	cheque
cheques	cheque
cherish	cherish
cherished	cherished
cherries	cherry
cherry	cherry
chest	chest
chestnut	chestnut
chestnuts	chestnut
chests	chest
chew	chew
chewed	chewed
chewing	chewing
chews	chew
chi	chi
chicha	chicha
chick	chick
chicken	chicken
chickens	chicken
chicks	chick
chico	chico
chicos	chico
chide	chide
chided	chided
chief	chief
chiefly	chiefly
chiefs	chief
child	child
childhood	childhood
childishness	childishness
childless	childless
children	child
childs	child
chile	chile
chili	chili
chill	chill
chilli	chilli
chilly	chilly
chimney	chimney
chimpanzee	chimpanzee
chin	chin
china	china
chinese	chinese
chip	chip
chipmunks	chipmunk
chips	chip
chisel	chisel
chit	chit
chocolate	chocolate
choice	choice
choices	choice
choir	choir
choirmaster	choirmaster
chokecherries	chokecherry
choked	choked
cholera	cholera
choose	choose
choosing	choosing
chop	chop
chopped	chopped
chopping	chopping
chops	chop
chores	chore
chortling	chortling
chorus	chorus
chose	chose
chosen	chosen
christ	christ
christian	christian
christianity	christianity
christianized	christianized
christians	christian
christmas	christmas
christmass	christmas
chuck	chuck
chucked	chucked
chum	chum
chums	chum
chunk	chunk
church	church
churches	church
churn	churn
churned	churned
churning	churning
chutney	chutney
cicadas	cicada
cigar	cigar
cigarette	cigarette
cigarettes	cigarette
cigars	cigar
cinder	cinder
cinders	cinder
cinema	cinema
circle	circle
circled	circled
circles	circle
circling	circling
circular	circular
circulating	circulating
circumcision	circumcision
circumstance	circumstance
circumstances	circumstance
citation	citation
cite	cite
cities	city
citizen	citizen
citizens	citizen
citrus	citrus
city	city
civil	civil
civilised	civilised
civilization	civilization
civilized	civilized
clack	clack
claim	claim
claimed	claimed
clam	clam
clamped	clamped
clan	clan
clans	clan
clap	clap
clapped	clapped
clappers	clapper
clapping	clapping
claps	clap
clarify	clarify
clarions	clarion
claro	claro
clash	clash
class	class
classes	class
classificatory	classificatory
classmates	classmate
classroom	classroom
classrooms	classroom
clattered	clattered
claw	claw
claws	claw
clay	clay
clayey	clayey
clean	clean
cleaned	cleaned
cleaner	cleaner
cleaning	cleaning
cleanliness	cleanliness
cleanly	cleanly
cleanness	cleanness
cleans	clean
cleanse	cleanse
cleansed	cleansed
cleansing	cleansing
clear	clear
cleared	cleared
clearer	clearer
clearing	clearing
clearly	clearly
clears	clear
cleaved	cleaved
clergyman	clergyman
clergymen	clergyman
clerk	clerk
clever	clever
cleverer	cleverer
cleverly	cleverly
cleverness	cleverness
clew	clew
client	client
clientele	clientele
cliff	cliff
cliffs	cliff
climate	climate
climb	climb
climbed	climbed
climber	climber
climbes	climbes
climbing	climbing
climbs	climb
clinging	clinging
clings	cling
clinic	clinic
clock	clock
clocks	clock
clockwise	clockwise
clod	clod
close	close
closed	closed
closely	closely
closeness	closeness
closer	closer
closes	close
closest	closest
closing	closing
clot	clot
cloth	cloth
clothe	clothe
clothed	clothed
clothes	clothes
clothesline	clothesline
clothing	clothing
cloths	cloth
clots	clot
clotting	clotting
cloud	cloud
cloudberries	cloudberry
cloudless	cloudless
clouds	cloud
cloudy	cloudy
cloves	clove
club	club
clubbed	clubbed
clubs	club
clue	clue
clung	clung
cluster	cluster
clustered	clustered
clusters	cluster
co	co
coal	coal
coaled	coaled
coals	coal
coarse	coarse
coast	coast
coastal	coastal
coat	coat
coati	coati
coatis	coati
coats	coat
coaxing	coaxing
cob	cob
cobbled	cobbled
cobra	cobra
cobs	cob
cobweb	cobweb
coca	coca
cock	cock
cockatoo	cockatoo
cockerel	cockerel
cockneys	cockney
cockroaches	cockroach
cocks	cock
cocoa	cocoa
coconut	coconut
coconuts	coconut
coddle	coddle
coddled	coddled
coddling	coddling
code	code
coercion	coercion
coffee	coffee
coffin	coffin
coffins	coffin
cog	cog
coges	coges
coil	coil
coiled	coiled
coiling	coiling
coils	coil
coin	coin
coincided	coincided
coincidence	coincidence
coins	coin
cola	cola
colas	cola
cold	cold
colder	colder
colds	cold
cole	cole
collapse	collapse
collapsed	collapsed
collapses	collapse
collar	collar
colleague	colleague
colleagues	colleague
collect	collect
collected	collected
collecting	collecting
collections	collection
collective	collective
collectively	collectively
collectives	collective
collector	collector
collectors	collector
collects	collect
college	college
colleges	college
collided	collided
collides	collides
colloquially	colloquially
colon	colon
colonial	colonial
colonist	colonist
colonization	colonization
colonized	colonized
colonizers	colonizer
colony	colony
color	color
colorado	colorado
colored	colored
colorful	colorful
colors	color
colostrum	colostrum
colour	colour
coloured	coloured
colourful	colourful
colouring	colouring
colours	colour
colt	colt
column	column
coma	coma
comas	coma
comb	comb
combatant	combatant
combed	combed
combination	combination
combs	comb
come	come
comer	comer
comers	comer
comes	come
comestible	comestible
comestibles	comestible
comfort	comfort
comfortable	comfortable
comforts	comfort
comical	comical
coming	coming
comings	coming
command	command
commandant	commandant
commanded	commanded
commandeered	commandeered
commander	commander
commanders	commander
commandment	commandment
commands	command
commemoration	commemoration
commencement	commencement
comment	comment
commerce	commerce
commercial	commercial
commissariat	commissariat
commission	commission
commissioners	commissioner
commissions	commission
commit	commit
commited	commited
committed	committed
committee	committee
committees	committee
committing	committing
common	common
commonly	commonly
commotion	commotion
communal	communal
communicate	communicate
communicated	communicated
communicating	communicating
communication	communication
communist	communist
communists	communist
communities	community
community	community
companies	company
companion	companion
companions	companion
company	company
compare	compare
compared	compared
comparison	comparison
compensate	compensate
compensation	compensation
compete	compete
competed	competed
competent	competent
competing	competing
competition	competition
competitions	competition
competitors	competitor
complain	complain
complained	complained
complaining	complaining
complains	complains
complaint	complaint
complaints	complaint
complete	complete
completed	completed
completely	completely
completing	completing
completion	completion
complied	complied
compliment	compliment
composed	composed
composer	composer
compositions	composition
compound	compound
compress	compress
compressed	compressed
compression	compression
compulsory	compulsory
computer	computer
comrade	comrade
comrades	comrade
con	con
conakry	conakry
concealed	concealed
conceived	conceived
concentrated	concentrated
concentrating	concentrating
concentration	concentration
concern	concern
concerned	concerned
concerning	concerning
concerns	concern
concert	concert
concertina	concertina
concession	concession
conch	conch
conciliation	conciliation
concise	concise
concluded	concluded
concludes	concludes
conclusion	conclusion
concrete	concrete
condemn	condemn
condiment	condiment
condiments	condiment
condition	condition
conditions	condition
condor	condor
conduct	conduct
conducted	conducted
conductor	conductor
cone	cone
cones	cone
conference	conference
conferences	conference
confess	confess
confessed	confessed
confident	confident
confidential	confidential
confidentially	confidentially
confidently	confidently
configuration	configuration
confine	confine
confined	confined
confirm	confirm
confirmation	confirmation
conflict	conflict
confluence	confluence
confluences	confluence
confounded	confounded
confront	confront
confrontation	confrontation
confuse	confuse
confused	confused
confuses	confuses
confusing	confusing
confusion	confusion
congestion	congestion
congratulations	congratulation
congregation	congregation
congregations	congregation
conical	conical
conjunction	conjunction
conjuring	conjuring
connected	connected
connecting	connecting
connection	connection
conquer	conquer
cons	con
conscience	conscience
conscientious	conscientious
consciousness	consciousness
consecutive	consecutive
consent	consent
consented	consented
consequence	consequence
consequences	consequence
consequently	consequently
conservative	conservative
consider	consider
consideration	consideration
considered	considered
considering	considering
considers	considers
consisted	consisted
consistently	consistently
consists	consists
constant	constant
constantly	constantly
constitution	constitution
constrained	constrained
constructed	constructed
construction	construction
constructions	construction
consultant	consultant
consultants	consultant
consultation	consultation
consulted	consulted
consumable	consumable
consume	consume
consumed	consumed
consumes	consumes
consuming	consuming
consummate	consummate
consumption	consumption
contact	contact
contacts	contact
contain	contain
container	container
containers	container
containing	containing
contains	contains
contaminated	contaminated
content	content
contented	contented
contentment	contentment
contents	content
contest	contest
contested	contested
contesting	contesting
contests	contest
continent	continent
continually	continually
continuation	continuation
continue	continue
continued	continued
continues	continues
continuing	continuing
continuous	continuous
continuously	continuously
contra	contra
contract	contract
contracted	contracted
contrary	contrary
contrast	contrast
contribute	contribute
contribution	contribution
contrive	contrive
control	control
controlled	controlled
controls	control
convened	convened
convent	convent
convention	convention
conventionally	conventionally
conversation	conversation
conversations	conversation
converse	converse
conversing	conversing
conversion	conversion
convert	convert
converted	converted
convey	convey
conveyed	conveyed
convicted	convicted
convince	convince
convinced	convinced
convulsing	convulsing
convulsion	convulsion
cooed	cooed
cook	cook
cooked	cooked
cooker	cooker
cooking	cooking
cooks	cook
cool	cool
cooled	cooled
cooler	cooler
cooling	cooling
cools	cool
coop	coop
cooper	cooper
cooperating	cooperating
cooperation	cooperation
cooperative	cooperative
copal	copal
cope	cope
copeck	copeck
copecks	copeck
copies	copy
coping	coping
copper	copper
coppers	copper
copra	copra
cops	cop
copulate	copulate
copulated	copulated
copy	copy
copying	copying
coquettishly	coquettishly
coral	coral
cord	cord
cords	cord
cordyline	cordyline
coriander	coriander
cork	cork
corm	corm
corn	corn
corner	corner
corners	corner
cornfield	cornfield
corns	corn
cornstalks	cornstalk
corona	corona
corporation	corporation
corpse	corpse
corpses	corps
corral	corral
correct	correct
corrected	corrected
correction	correction
corrections	correction
correctly	correctly
corrects	corrects
corregidor	corregidor
corregidors	corregidor
correspondence	correspondence
corridor	corridor
corrie	corrie
corruption	corruption
cos	co
cosmetics	cosmetic
cossacks	cossack
cost	cost
costa	costa
costs	cost
costume	costume
costumes	costume
cot	cot
cots	cot
cottage	cottage
cottages	cottage
cotton	cotton
cough	cough
coughed	coughed
coughing	coughing
coughs	cough
council	council
councilmen	councilman
counsel	counsel
counseling	counseling
counsellor	counsellor
count	count
counted	counted
counter	counter
counterbalanced	counterbalanced
counterespionage	counterespionage
counting	counting
countries	country
country	country
countryman	countryman
countrymen	countryman
countryside	countryside
counts	count
county	county
coupe	coupe
coupes	coupe
couple	couple
coupled	coupled
couples	couple
courage	courage
courageous	courageous
course	course
courses	course
court	court
courthouse	courthouse
courtyard	courtyard
cousin	cousin
cousins	cousin
couth	couth
cove	cove
cover	cover
covered	covered
covering	covering
coverings	covering
covers	cover
coveted	coveted
covetousness	covetousness
cow	cow
coward	coward
cowards	coward
cowberries	cowberry
cowboy	cowboy
cowboys	cowboy
cowes	cowes
cows	cow
cowshed	cowshed
coyote	coyote
cr	cr
crab	crab
crabs	crab
crack	crack
cracked	cracked
cracking	cracking
crackle	crackle
crackling	crackling
cracks	crack
cradle	cradle
cradles	cradle
craft	craft
craftsman	craftsman
craftsmen	craftsman
cramp	cramp
cranberries	cranberry
cranberry	cranberry
crane	crane
craned	craned
cranes	crane
craning	craning
crap	crap
crashed	crashed
crashes	crash
crashing	crashing
craving	craving
crawl	crawl
crawled	crawled
crawling	crawling
crawls	crawl
crazy	crazy
creaking	creaking
cream	cream
creased	creased
create	create
created	created
creates	creates
creation	creation
creator	creator
creature	creature
creatures	creature
credit	credit
cree	cree
creed	creed
creek	creek
creeks	creek
creep	creep
creeped	creeped
creeper	creeper
creepers	creeper
creeping	creeping
creeps	creep
cremated	cremated
cremation	cremation
creped	creped
crept	crept
crest	crest
crew	crew
crews	crew
crib	crib
cricked	cricked
cricket	cricket
cried	cried
crier	crier
cries	cry
crime	crime
crimea	crimea
criminals	criminal
crippled	crippled
crisp	crisp
crisps	crisp
crispy	crispy
critical	critical
criticise	criticise
criticising	criticising
criticizing	criticizing
critter	critter
cro	cro
crockery	crockery
crocodile	crocodile
crocodiles	crocodile
crook	crook
crooked	crooked
crop	crop
cropped	cropped
crops	crop
cross	cross
crossbar	crossbar
crossbeam	crossbeam
crossbeams	crossbeam
crossed	crossed
crosses	cross
crossing	crossing
crossroad	crossroad
crossroads	crossroad
crosstalk	crosstalk
crosswise	crosswise
crotch	crotch
crouch	crouch
crouched	crouched
crouches	crouch
crouching	crouching
croup	croup
crow	crow
crowbar	crowbar
crowd	crowd
crowded	crowded
crowed	crowed
crowing	crowing
crown	crown
crowned	crowned
crowning	crowning
crowns	crown
crows	crow
crs	cr
crucial	crucial
crucified	crucified
cruel	cruel
crumbs	crumb
crunch	crunch
crunches	crunch
crunching	crunching
crush	crush
crushed	crushed
crushing	crushing
crust	crust
crustaceans	crustacean
crutch	crutch
crutches	crutch
cry	cry
cryed	cryed
crying	cry
crypt	crypt
crys	cry
cu	cu
cub	cub
cubs	cub
cuckoo	cuckoo
cucumber	cucumber
cucumbers	cucumber
cud	cud
cudgel	cudgel
cue	cue
cuff	cuff
cultivate	cultivate
cultivated	cultivated
cultivates	cultivates
cultivating	cultivating
cultivation	cultivation
cultivations	cultivation
cultivator	cultivator
cultivators	cultivator
cultural	cultural
culture	culture
cultures	culture
cumbersome	cumbersome
cunning	cunning
cup	cup
cupboard	cupboard
cups	cup
curandera	curandera
curandero	curandero
curanderos	curandero
curassow	curassow
curate	curate
curators	curator
curd	curd
curdling	curdling
cure	cure
cured	cured
cures	cure
curfew	curfew
curing	curing
curious	curious
curled	curled
currant	currant
currants	currant
current	current
currently	currently
curry	curry
curse	curse
cursed	cursed
curses	curse
cursing	cursing
curtain	curtain
curtains	curtain
curve	curve
curved	curved
curves	curve
cuscus	cuscus
cushion	cushion
custom	custom
customarily	customarily
customary	customary
customers	customer
customised	customised
customs	custom
cut	cut
cute	cute
cuts	cut
cutters	cutter
cutting	cutting
cuttings	cutting
cycle	cycle
cycled	cycled
cycles	cycle
cycling	cycling
cyclone	cyclone
cylinder	cylinder
cyprus	cyprus
czar	czar
czarist	czarist
d	d
da	da
dab	dab
daba	daba
dad	dad
dada	dada
daddy	daddy
dado	dado
dagger	dagger
dah	dah
dahlia	dahlia
daily	daily
dairy	dairy
daisy	daisy
dakar	dakar
dale	dale
dales	dale
dali	dali
dals	dal
dam	dam
damage	damage
damaged	damaged
damages	damage
damaging	damaging
dame	dame
damn	damn
damned	damned
damp	damp
damper	damper
dams	dam
damselfish	damselfish
dance	dance
danced	danced
dancer	dancer
dancers	dancer
dances	dance
dancing	dancing
danger	danger
dangerous	dangerous
dangerously	dangerously
dangling	dangling
daniel	daniel
dare	dare
dared	dared
dares	dare
darfur	darfur
daring	daring
dark	dark
darken	darken
darkening	darkening
darker	darker
darkly	darkly
darkness	darkness
darling	darling
darwin	darwin
das	da
dash	dash
dashed	dashed
dashing	dashing
dat	dat
date	date
dates	date
daughter	daughter
daughters	daughter
david	david
davies	davy
daw	daw
dawn	dawn
dawned	dawned
dawning	dawning
dawns	dawn
daws	daw
day	day
daybreak	daybreak
daydream	daydream
daylight	daylight
days	day
daytime	daytime
dazzled	dazzled
dazzles	dazzle
dazzling	dazzling
de	de
dead	dead
deadly	deadly
deads	dead
deaf	deaf
deafness	deafness
deal	deal
dealer	dealer
dealers	dealer
dealing	dealing
dealings	dealing
dealt	dealt
dear	dear
dearies	deary
dearly	dearly
dears	dear
death	death
deaths	death
debate	debate
debating	debating
debt	debt
debts	debt
decades	decade
decapitated	decapitated
decapitates	decapitates
deceased	deceased
deceitful	deceitful
deceive	deceive
deceived	deceived
deceivers	deceiver
deceives	deceives
december	december
decent	decent
decently	decently
deception	deception
decide	decide
decided	decided
decides	decides
deciding	deciding
decimated	decimated
decimating	decimating
decision	decision
decisions	decision
deck	deck
decks	deck
declared	declared
decline	decline
declined	declined
decompose	decompose
decorate	decorate
decorated	decorated
decorates	decorates
decorating	decorating
decoration	decoration
decorations	decoration
decorative	decorative
decorator	decorator
decrease	decrease
decreased	decreased
decreed	decreed
dedicate	dedicate
deed	deed
deeds	deed
deem	deem
deep	deep
deeper	deeper
deeply	deeply
deer	deer
deers	deer
default	default
defeat	defeat
defeated	defeated
defecate	defecate
defecated	defecated
defecates	defecates
defecating	defecating
defect	defect
defence	defence
defend	defend
defending	defending
definitely	definitely
deformed	deformed
degradation	degradation
degrade	degrade
degree	degree
degrees	degree
deities	deity
delaying	delaying
delegated	delegated
delegates	delegate
delegation	delegation
delhi	delhi
deliberated	deliberated
deliberations	deliberation
delicate	delicate
delicious	delicious
delighted	delighted
delimited	delimited
deliver	deliver
delivered	delivered
deliveries	delivery
delivering	delivering
delivery	delivery
dells	dell
demand	demand
demanded	demanded
demands	demand
demolish	demolish
demolished	demolished
demolition	demolition
demon	demon
demons	demon
demonstrative	demonstrative
den	den
denied	denied
denies	denies
denomination	denomination
denoted	denoted
dens	den
dense	dense
denying	denying
depart	depart
departed	departed
departing	departing
department	department
departs	departs
depend	depend
dependant	dependant
depended	depended
dependence	dependence
dependent	dependent
depending	depending
depends	depends
depicted	depicted
deplete	deplete
depleted	depleted
deport	deport
deposit	deposit
depositing	depositing
depression	depression
deprive	deprive
deprived	deprived
depth	depth
depths	depth
deputy	deputy
derby	derby
derriere	derriere
des	de
descend	descend
descendant	descendant
descendants	descendant
descended	descended
descendents	descendent
descending	descending
descends	descends
descents	descent
describe	describe
described	described
describes	describes
describing	describing
desert	desert
deserted	deserted
deserve	deserve
deserves	deserves
design	design
desire	desire
desired	desired
desires	desire
desiring	desiring
desktop	desktop
desolate	desolate
desperate	desperate
desperation	desperation
despicable	despicable
despised	despised
despises	despises
despite	despite
despondently	despondently
destination	destination
destined	destined
destiny	destiny
destitute	destitute
destroy	destroy
destroyed	destroyed
destroying	destroying
destroys	destroys
destruction	destruction
detach	detach
detachable	detachable
detached	detached
detaching	detaching
detachments	detachment
detail	detail
detailed	detailed
details	detail
detected	detected
deter	deter
deteriorating	deteriorating
determination	determination
determined	determined
deterred	deterred
detestable	detestable
detested	detested
detour	detour
devastates	devastates
develop	develop
developed	developed
developing	developing
development	development
devi	devi
deviates	deviate
device	device
devices	device
devil	devil
devils	devil
devotion	devotion
devotional	devotional
devour	devour
devoured	devoured
devouring	devouring
devours	devours
dew	dew
dewlap	dewlap
dexterity	dexterity
dia	dia
diabetes	diabetes
dialect	dialect
diamond	diamond
diaper	diaper
diapers	diaper
diarrhea	diarrhea
diarrhoea	diarrhoea
dice	dice
dices	dice
did	did
die	die
died	died
dies	dy
diesel	diesel
diet	diet
differ	differ
differed	differed
difference	difference
differences	difference
different	different
differentiate	differentiate
differently	differently
differs	differs
difficult	difficult
difficulties	difficulty
difficulty	difficulty
dig	dig
digging	digging
dignitaries	dignitary
dignity	dignity
digs	dig
dilapidated	dilapidated
dilemma	dilemma
diligence	diligence
diligent	diligent
diligently	diligently
dill	dill
dimensions	dimension
diminish	diminish
diminished	diminished
diminishes	diminishes
diminishing	diminishing
diminutive	diminutive
dinars	dinar
dine	dine
diner	diner
ding	ding
dingo	dingo
dingos	dingo
dining	dining
dinner	dinner
dinners	dinner
dint	dint
dip	dip
diploma	diploma
dipper	dipper
dips	dip
dire	dire
direct	direct
directed	directed
direction	direction
directions	direction
directly	directly
director	director
dirges	dirge
dirham	dirham
dirt	dirt
dirty	dirty
dis	dis
disability	disability
disabled	disabled
disagreed	disagreed
disagreement	disagreement
disagrees	disagrees
disappear	disappear
disappeared	disappeared
disappearing	disappearing
disappears	disappears
disappointed	disappointed
disarmed	disarmed
disaster	disaster
disciples	disciple
discipleship	discipleship
discipline	discipline
disciplined	disciplined
disco	disco
discouraged	discouraged
discover	discover
discovered	discovered
discovery	discovery
discuss	discus
discussed	discussed
discusses	discus
discussing	discussing
discussion	discussion
discussions	discussion
disease	disease
diseased	diseased
diseases	disease
disentangle	disentangle
disgrace	disgrace
disgusted	disgusted
disgusting	disgusting
dish	dish
disheartened	disheartened
dished	dished
dishes	dish
dishing	dishing
dishonored	dishonored
disintegrate	disintegrate
disjointed	disjointed
dislike	dislike
disliked	disliked
dislocated	dislocated
dismantle	dismantle
dismantling	dismantling
dismissed	dismissed
dismount	dismount
dismounted	dismounted
dismounts	dismount
disobey	disobey
disobeyed	disobeyed
disobeying	disobeying
disorganisation	disorganisation
disorganised	disorganised
disparagingly	disparagingly
disperse	disperse
dispersed	dispersed
disperses	disperses
displace	displace
displaced	displaced
display	display
displayed	displayed
dispute	dispute
disregarding	disregarding
disrespect	disrespect
disrespected	disrespected
disrespectful	disrespectful
disrespectfully	disrespectfully
dissatisfied	dissatisfied
dissolve	dissolve
dissolved	dissolved
distance	distance
distances	distance
distant	distant
distinct	distinct
distinction	distinction
distinguish	distinguish
distinguished	distinguished
distract	distract
distracted	distracted
distracting	distracting
distraught	distraught
distribute	distribute
distributed	distributed
distributes	distributes
district	district
districts	district
disturb	disturb
disturbed	disturbed
disturbing	disturbing
disturbs	disturbs
dit	dit
dive	dive
dived	dived
diverse	diverse
diverted	diverted
divide	divide
divided	divided
divides	divide
dividing	dividing
divine	divine
diving	diving
division	division
divisions	division
divorce	divorce
divorced	divorced
dizzy	dizzy
dj	dj
djinn	djinn
djinns	djinn
dl	dl
do	do
docile	docile
dock	dock
dockers	docker
docks	dock
doctor	doctor
doctored	doctored
doctoring	doctoring
doctors	doctor
document	document
documents	document
dodging	dodging
doe	doe
does	doe
dog	dog
doggy	doggy
dogs	dog
doh	doh
doing	doing
doings	doings
dois	doi
doj	doj
dole	dole
doll	doll
dollar	dollar
dollars	dollar
dolls	doll
dolly	dolly
dolor	dolor
dolphin	dolphin
domain	domain
domestic	domestic
domingo	domingo
dominic	dominic
don	don
dona	dona
donate	donate
donated	donated
donation	donation
done	done
dong	dong
donkey	donkey
donkeys	donkey
donne	donne
doom	doom
doomed	doomed
doomsday	doomsday
door	door
doors	door
doorstep	doorstep
doorway	doorway
dos	do
dose	dose
double	double
doubled	doubled
doubles	double
doubt	doubt
douche	douche
dough	dough
doused	doused
dove	dove
dover	dover
doves	dove
down	down
downcast	downcast
downgraded	downgraded
downhill	downhill
downriver	downriver
downs	down
downside	downside
downstairs	downstairs
downstream	downstream
downward	downward
downwards	downwards
dowry	dowry
dowse	dowse
dozen	dozen
dozens	dozen
dozing	dozing
drag	drag
dragged	dragged
dragging	dragging
draging	draging
dragon	dragon
dragonfly	dragonfly
drags	drag
drain	drain
dramas	drama
drank	drank
draught	draught
draw	draw
drawed	drawed
drawer	drawer
drawers	drawer
drawing	drawing
drawings	drawing
drawn	drawn
draws	draw
dray	dray
dream	dream
dreamed	dreamed
dreaming	dreaming
dreams	dream
dreamt	dreamt
dredge	dredge
drench	drench
drenched	drenched
dress	dress
dressed	dressed
dressers	dresser
dresses	dress
dressing	dressing
drew	drew
dribbled	dribbled
dried	dried
dries	dry
drifted	drifted
drifting	drifting
drill	drill
drilled	drilled
drills	drill
drink	drink
drinkers	drinker
drinking	drinking
drinks	drink
drip	drip
dripped	dripped
dripping	dripping
drips	drip
drive	drive
driven	driven
driver	driver
drivers	driver
drives	drive
driving	driving
drizzling	drizzling
drool	drool
drooling	drooling
drools	drool
drop	drop
droped	droped
dropped	dropped
dropping	dropping
droppings	droppings
drops	drop
drought	drought
drove	drove
droves	drove
drown	drown
drowned	drowned
drowning	drowning
drug	drug
drum	drum
drummed	drummed
drummer	drummer
drummers	drummer
drumming	drumming
drums	drum
drunk	drunk
drunkard	drunkard
drunkards	drunkard
drunken	drunken
drunkenness	drunkenness
dry	dry
dryer	dryer
drying	drying
dual	dual
duck	duck
ducks	duck
due	due
duelling	duelling
dues	due
dug	dug
dugong	dugong
dugouts	dugout
duke	duke
duma	duma
dumb	dumb
dumbly	dumbly
dummy	dummy
dump	dump
dumped	dumped
dune	dune
dunes	dune
dung	dung
dungs	dung
dunkirk	dunkirk
dura	dura
durable	durable
durant	durant
durante	durante
duras	dura
duration	duration
durga	durga
dusk	dusk
dusky	dusky
dust	dust
dusted	dusted
dustpan	dustpan
dusty	dusty
duties	duty
duty	duty
duvets	duvet
dwell	dwell
dwellers	dweller
dwelling	dwelling
dwellings	dwelling
dwells	dwells
dye	dye
dying	dying
dynamite	dynamite
dynamited	dynamited
dysentery	dysentery
e	e
ea	ea
each	each
eager	eager
eagerly	eagerly
eagle	eagle
eagles	eagle
eaglet	eaglet
eaglets	eaglet
ear	ear
eared	eared
earl	earl
earlier	earlier
early	early
earn	earn
earned	earned
earning	earning
earnings	earnings
earns	earns
earring	earring
earrings	earring
ears	ear
earth	earth
earthen	earthen
earthenware	earthenware
earthquake	earthquake
earthquakes	earthquake
earthworm	earthworm
earthworms	earthworm
ease	ease
easier	easier
easiest	easiest
easily	easily
easing	easing
east	east
easter	easter
eastern	eastern
eastside	eastside
eastwards	eastward
easy	easy
eat	eat
eatable	eatable
eated	eated
eaten	eaten
eater	eater
eaters	eater
eates	eates
eating	eating
eats	eats
eavesdrop	eavesdrop
ecclesiastical	ecclesiastical
echo	echo
echoed	echoed
ecological	ecological
economic	economic
economy	economy
eczema	eczema
ed	ed
eddies	eddy
edge	edge
edges	edge
edible	edible
edit	edit
editing	editing
editor	editor
educate	educate
educated	educated
education	education
educational	educational
edward	edward
ee	ee
eel	eel
eels	eel
effect	effect
effected	effected
effigy	effigy
effort	effort
efforts	effort
egg	egg
eggplant	eggplant
eggplants	eggplant
eggs	egg
egis	egis
eight	eight
eighteen	eighteen
eighth	eighth
eighties	eighty
eighty	eighty
either	either
eject	eject
el	el
elaborate	elaborate
eland	eland
elapsed	elapsed
elbow	elbow
elder	elder
elderly	elderly
elders	elder
eldest	eldest
elect	elect
elected	elected
electing	electing
election	election
elections	election
electoral	electoral
electric	electric
electricity	electricity
elegant	elegant
element	element
elementary	elementary
elements	element
elephant	elephant
elephants	elephant
elevated	elevated
elevator	elevator
eleven	eleven
eleventh	eleventh
elf	elf
elfs	elf
elisa	elisa
elizabeth	elizabeth
elk	elk
elks	elk
ellas	ellas
elm	elm
elms	elm
eloped	eloped
elsewhere	elsewhere
elves	elf
elvis	elvis
em	em
emaciated	emaciated
embankment	embankment
embargo	embargo
embark	embark
embarked	embarked
embarrassed	embarrassed
embers	ember
embrace	embrace
embraced	embraced
embracing	embracing
embroider	embroider
emerge	emerge
emerged	emerged
emergence	emergence
emergency	emergency
emerges	emerges
emerging	emerging
eminent	eminent
emotional	emotional
emphasis	emphasis
empire	empire
employed	employed
employee	employee
employer	employer
employers	employer
employing	employing
employment	employment
empowered	empowered
emptied	emptied
empties	empty
empty	empty
emptying	emptying
emu	emu
emus	emu
en	en
enable	enable
enabled	enabled
enchanted	enchanted
encircled	encircled
enclose	enclose
enclosed	enclosed
enclosure	enclosure
enclosures	enclosure
encompassed	encompassed
encore	encore
encounter	encounter
encountered	encountered
encountering	encountering
encourage	encourage
encouraged	encouraged
encouraging	encouraging
end	end
endangered	endangered
endeavoured	endeavoured
ended	ended
ending	ending
endlessly	endlessly
endowed	endowed
ends	end
endurance	endurance
endure	endure
ene	ene
enemies	enemy
enemy	enemy
energetic	energetic
energy	energy
enetses	enets
enforcers	enforcer
engage	engage
engaged	engaged
engagement	engagement
engagements	engagement
engendered	engendered
engine	engine
engineer	engineer
engineers	engineer
engines	engine
england	england
english	english
engorged	engorged
engrossed	engrossed
enjoy	enjoy
enjoyable	enjoyable
enjoyed	enjoyed
enjoyes	enjoyes
enjoying	enjoying
enjoyment	enjoyment
enlisted	enlisted
enlivened	enlivened
enlivening	enlivening
enmity	enmity
enormous	enormous
enough	enough
enroll	enroll
enrolled	enrolled
ensemble	ensemble
ensembles	ensemble
ensure	ensure
entangled	entangled
enter	enter
entered	entered
entering	entering
enters	enters
entertain	entertain
entertained	entertained
entertainment	entertainment
enthusiastic	enthusiastic
enthusiastically	enthusiastically
entire	entire
entirely	entirely
entrance	entrance
entrepreneur	entrepreneur
entrusted	entrusted
entry	entry
entryway	entryway
envelope	envelope
envied	envied
environmental	environmental
envy	envy
epidemic	epidemic
epilepsy	epilepsy
episode	episode
epoch	epoch
equal	equal
equally	equally
equals	equal
equipment	equipment
equipped	equipped
equivalent	equivalent
er	er
era	era
eras	era
erase	erase
erased	erased
erect	erect
erected	erected
erecting	erecting
erection	erection
erin	erin
ermine	ermine
errand	errand
errands	errand
error	error
errors	error
es	e
escape	escape
escaped	escaped
escapes	escape
escaping	escaping
escorted	escorted
ese	ese
especial	especial
especially	especially
essential	essential
essentials	essential
est	est
establish	establish
established	established
establishing	establishing
estate	estate
esteem	esteem
ester	ester
esther	esther
estimate	estimate
estimated	estimated
estimates	estimate
estonia	estonia
estonian	estonian
estonians	estonian
eternal	eternal
ethiopia	ethiopia
ethnic	ethnic
ethnicities	ethnicity
ethnography	ethnography
eu	eu
euphemism	euphemism
europe	europe
european	european
europeans	european
ev	ev
evacuate	evacuate
evacuated	evacuated
evacuating	evacuating
evacuation	evacuation
evaluate	evaluate
evaluated	evaluated
evaluating	evaluating
evaluation	evaluation
evangelist	evangelist
eve	eve
even	even
evening	evening
evenings	evening
evenk	evenk
evenki	evenki
evenks	evenk
evenly	evenly
event	event
events	event
eventually	eventually
ever	ever
every	every
everyday	everyday
everywhere	everywhere
evidence	evidence
evil	evil
evils	evil
evolved	evolved
ewe	ewe
ewes	ewe
exact	exact
exactly	exactly
exaggerate	exaggerate
exaggeratedly	exaggeratedly
exaggeration	exaggeration
exam	exam
examine	examine
examined	examined
example	example
examples	example
exams	exam
excavating	excavating
excavator	excavator
exceed	exceed
exceeds	exceeds
excellent	excellent
except	except
exception	exception
exchange	exchange
exchanged	exchanged
exchanges	exchange
exchanging	exchanging
excited	excited
excitement	excitement
exclaimed	exclaimed
exclaims	exclaims
exclamation	exclamation
exclusive	exclusive
excrement	excrement
excrements	excrement
excursions	excursion
excuse	excuse
excused	excused
executive	executive
exercises	exercise
exhausted	exhausted
exhausting	exhausting
exhaustion	exhaustion
exhibition	exhibition
exist	exist
existed	existed
existence	existence
existing	existing
exists	exists
exit	exit
exiting	exiting
exits	exit
expanded	expanded
expanding	expanding
expect	expect
expected	expected
expecting	expecting
expedition	expedition
expeditions	expedition
expelled	expelled
expensive	expensive
experience	experience
experienced	experienced
experiences	experience
experiencing	experiencing
experimental	experimental
experiments	experiment
expert	expert
experts	expert
expired	expired
explain	explain
explained	explained
explaining	explaining
explains	explains
explanation	explanation
explanations	explanation
explode	explode
exploded	exploded
exploited	exploited
explored	explored
explosion	explosion
explosive	explosive
explosives	explosive
export	export
exposed	exposed
express	express
expressed	expressed
expressing	expressing
expression	expression
extend	extend
extending	extending
extends	extends
extension	extension
extensively	extensively
extent	extent
extinct	extinct
extinguish	extinguish
extinguished	extinguished
extinguishing	extinguishing
extort	extort
extra	extra
extract	extract
extracted	extracted
extraordinary	extraordinary
extreme	extreme
extremely	extremely
exuberant	exuberant
eye	eye
eyeballs	eyeball
eyebrows	eyebrow
eyed	eyed
eyeglasses	eyeglass
eyeholes	eyehole
eyelids	eyelid
eyes	eye
eyesight	eyesight
f	f
fa	fa
fabric	fabric
fabricate	fabricate
fabricated	fabricated
fabricates	fabricates
fabrics	fabric
face	face
faced	faced
faces	face
facilitate	facilitate
facility	facility
facing	facing
fact	fact
factories	factory
factory	factory
facts	fact
faded	faded
fading	fading
faeces	faeces
faggots	faggot
fags	fag
fail	fail
failed	failed
failing	failing
failings	failing
fails	fails
fain	fain
faint	faint
fainted	fainted
fainting	fainting
fair	fair
fairies	fairy
fairly	fairly
fairs	fair
fairway	fairway
fairy	fairy
fairytale	fairytale
fairytales	fairytale
faith	faith
faithful	faithful
falcon	falcon
fall	fall
falled	falled
fallen	fallen
falling	falling
fallow	fallow
falls	fall
false	false
fame	fame
familiar	familiar
familiarity	familiarity
families	family
family	family
famine	famine
famous	famous
fan	fan
fancy	fancy
fangs	fang
fanned	fanned
fanning	fanning
fanny	fanny
fantasy	fantasy
far	far
fare	fare
farewell	farewell
farm	farm
farmed	farmed
farmer	farmer
farmers	farmer
farmhand	farmhand
farmhouse	farmhouse
farming	farming
farms	farm
farness	farness
fart	fart
farted	farted
farther	farther
farthest	farthest
farting	farting
farts	fart
fascinated	fascinated
fascists	fascist
fashion	fashion
fashioned	fashioned
fast	fast
fasted	fasted
fasten	fasten
fastened	fastened
fasteners	fastener
fastening	fastening
fastenings	fastening
faster	faster
fastest	fastest
fasting	fasting
fasts	fast
fat	fat
fate	fate
father	father
fathered	fathered
fathers	father
fatter	fatter
fattest	fattest
fatty	fatty
fault	fault
favor	favor
fe	fe
fear	fear
feared	feared
fearfully	fearfully
fearing	fearing
fears	fear
feast	feast
feasts	feast
feather	feather
feathered	feathered
feathers	feather
feature	feature
featured	featured
feb	feb
february	february
feces	feces
fed	fed
fee	fee
feed	feed
feeded	feeded
feeding	feeding
feeds	feed
feel	feel
feeling	feeling
feelings	feeling
feels	feel
feet	foot
felicitous	felicitous
felicity	felicity
fell	fell
fellas	fella
felled	felled
feller	feller
felling	felling
fellow	fellow
fellows	fellow
fellowship	fellowship
felt	felt
female	female
females	female
fence	fence
fenced	fenced
fences	fence
fencing	fencing
fender	fender
fennel	fennel
ferment	ferment
fermented	fermented
fermenting	fermenting
ferments	ferment
fern	fern
ferns	fern
ferociously	ferociously
ferret	ferret
ferrets	ferret
ferry	ferry
fertile	fertile
fertilisers	fertiliser
fertility	fertility
fertilizer	fertilizer
fertilizers	fertilizer
festering	festering
festival	festival
festivals	festival
festivities	festivity
festivity	festivity
fet	fet
fetch	fetch
fetched	fetched
fetches	fetch
fetching	fetching
fetishes	fetish
fetters	fetter
fettle	fettle
fetus	fetus
fever	fever
few	few
fewer	fewer
fiber	fiber
fibers	fiber
fibre	fibre
fibres	fibre
ficus	ficus
fidget	fidget
fidgets	fidget
field	field
fields	field
fierce	fierce
fiesta	fiesta
fiestas	fiesta
fifteen	fifteen
fifteenth	fifteenth
fifth	fifth
fifty	fifty
fig	fig
fight	fight
fighter	fighter
fighters	fighter
fighting	fighting
fights	fight
figs	fig
figure	figure
figures	figure
figuring	figuring
fiji	fiji
fijians	fijian
fila	filum
file	file
filed	filed
fileds	fileds
files	file
fill	fill
fille	fille
filled	filled
filles	fille
filling	filling
fills	fill
filly	filly
film	film
filmed	filmed
filming	filming
films	film
fils	fils
filter	filter
filthy	filthy
fin	fin
final	final
finally	finally
financial	financial
find	find
finding	finding
finds	find
fine	fine
fined	fined
finely	finely
finest	finest
finger	finger
fingernail	fingernail
fingernails	fingernail
fingers	finger
finis	finis
finish	finish
finished	finished
finishes	finish
finishing	finishing
finn	finn
finnish	finnish
fins	fin
fir	fir
fire	fire
firearm	firearm
firearms	firearm
firebird	firebird
fired	fired
fireman	fireman
firemen	fireman
fireplace	fireplace
fires	fire
firewood	firewood
firing	firing
firm	firm
firmly	firmly
firms	firm
first	first
firstborn	firstborn
firstly	firstly
fish	fish
fished	fished
fisher	fisher
fisheries	fishery
fisherman	fisherman
fishermen	fisherman
fishes	fish
fishhook	fishhook
fishing	fishing
fishnet	fishnet
fissure	fissure
fissures	fissure
fist	fist
fit	fit
fitness	fitness
fits	fit
fitted	fitted
fitting	fitting
five	five
fiver	fiver
fives	five
fix	fix
fixed	fixed
fixedly	fixedly
fixes	fix
fixing	fixing
flag	flag
flags	flag
flailed	flailed
flailing	flailing
flame	flame
flames	flame
flaming	flaming
flank	flank
flanks	flank
flap	flap
flapped	flapped
flapping	flapping
flaps	flap
flash	flash
flashed	flashed
flashlight	flashlight
flask	flask
flat	flat
flatbreads	flatbread
flats	flat
flattened	flattened
flattening	flattening
flatter	flatter
flattering	flattering
flavor	flavor
flax	flax
flay	flay
flays	flays
flea	flea
fled	fled
flee	flee
fleece	fleece
fleeing	fleeing
flees	flees
flesh	flesh
flew	flew
flexed	flexed
flexible	flexible
flick	flick
flicked	flicked
flies	fly
flight	flight
flimsy	flimsy
flints	flint
flip	flip
flirt	flirt
flirting	flirting
float	float
floated	floated
floating	floating
flock	flock
flogged	flogged
flogs	flogs
flood	flood
flooded	flooded
flooding	flooding
floor	floor
floors	floor
floppy	floppy
floral	floral
floundered	floundered
flour	flour
flow	flow
flowed	flowed
flower	flower
flowering	flowering
flowers	flower
flowing	flowing
flown	flown
flows	flow
fluently	fluently
fluff	fluff
fluffy	fluffy
flung	flung
flushed	flushed
flute	flute
flutes	flute
flutters	flutter
fly	fly
flyes	flyes
flying	flying
fo	fo
foal	foal
foals	foal
foam	foam
foaming	foaming
focused	focused
focussed	focussed
fog	fog
fold	fold
folded	folded
folding	folding
folds	fold
folk	folk
folklore	folklore
folks	folk
folktale	folktale
follow	follow
followed	followed
follower	follower
followers	follower
following	following
follows	follows
fond	fond
font	font
fonts	font
food	food
foods	food
foodstuffs	foodstuff
fool	fool
fooled	fooled
fooling	fooling
foolish	foolish
foolishness	foolishness
fools	fool
foot	foot
football	football
footfall	footfall
footprint	footprint
footprints	footprint
foots	foot
footsteps	footstep
foraging	foraging
forbade	forbade
forbid	forbid
forbidden	forbidden
force	force
forced	forced
forcefully	forcefully
forces	force
forcing	forcing
ford	ford
fore	fore
forefathers	forefather
forehead	forehead
foreign	foreign
foreigner	foreigner
foreigners	foreigner
forelegs	foreleg
foreman	foreman
foremast	foremast
foresee	foresee
forest	forest
forested	forested
forests	forest
foretellings	foretelling
forever	forever
forgave	forgave
forge	forge
forgery	forgery
forget	forget
forgetful	forgetful
forgeting	forgeting
forgets	forgets
forgetting	forgetting
forging	forging
forgive	forgive
forgiven	forgiven
forgiveness	forgiveness
forgot	forgot
forgotten	forgotten
fork	fork
forked	forked
form	form
formed	formed
former	former
formerly	formerly
formidable	formidable
forming	forming
forms	form
formula	formula
formulaic	formulaic
forsake	forsake
fort	fort
forth	forth
fortieth	fortieth
fortnight	fortnight
fortress	fortress
fortunately	fortunately
fortune	fortune
fortunes	fortune
forty	forty
forward	forward
forwarded	forwarded
forwards	forward
foster	foster
fought	fought
foul	foul
found	found
foundation	foundation
foundations	foundation
founded	founded
founders	founder
fountain	fountain
four	four
fours	four
fourteen	fourteen
fourteenth	fourteenth
fourth	fourth
fowl	fowl
fowls	fowl
fox	fox
foxes	fox
fr	fr
fractured	fractured
fragrance	fragrance
fragrant	fragrant
frail	frail
frame	frame
frames	frame
france	france
frances	france
francs	franc
frank	frank
frankly	frankly
frapping	frapping
fraud	fraud
freckles	freckle
free	free
freed	freed
freedom	freedom
freely	freely
freeman	freeman
freemen	freeman
frees	free
freeze	freeze
freezed	freezed
freezing	freezing
freight	freight
french	french
frenchman	frenchman
frequency	frequency
frequent	frequent
frequently	frequently
fresh	fresh
freshening	freshening
friday	friday
fried	fried
friend	friend
friendly	friendly
friends	friend
friendship	friendship
fright	fright
frighten	frighten
frightened	frightened
frightening	frightening
frightens	frightens
frightful	frightful
frightfully	frightfully
frilled	frilled
fringe	fringe
fringes	fringe
frog	frog
frogs	frog
frond	frond
fronds	frond
front	front
fronted	fronted
frontier	frontier
frost	frost
froth	froth
froze	froze
frozen	frozen
fructification	fructification
fruit	fruit
fruits	fruit
frustrated	frustrated
frustrating	frustrating
fry	fry
frying	frying
fs	f
ft	ft
fuck	fuck
fucking	fucking
fuego	fuego
fuel	fuel
fula	fula
fulbe	fulbe
fulfill	fulfill
fulfilled	fulfilled
fulfillment	fulfillment
fulfills	fulfills
full	full
fullness	fullness
fully	fully
fumigate	fumigate
fumigated	fumigated
fun	fun
function	function
functioning	functioning
fund	fund
fundraise	fundraise
funeral	funeral
funerals	funeral
fungi	fungi
funnel	funnel
funnels	funnel
funny	funny
fur	fur
furious	furious
furnace	furnace
furniture	furniture
furrow	furrow
furrows	furrow
furry	furry
further	further
furthermore	furthermore
furthest	furthest
fusil	fusil
fuss	fuss
future	future
g	g
gaba	gaba
gable	gable
gables	gable
gad	gad
gadflies	gadfly
gain	gain
gained	gained
gaining	gaining
gains	gain
gala	gala
gall	gall
galley	galley
gallon	gallon
gallop	gallop
galloped	galloped
galloping	galloping
gallops	gallop
galloway	galloway
galosh	galosh
game	game
games	game
gandhi	gandhi
gang	gang
gaol	gaol
gap	gap
gaping	gaping
gaps	gap
gar	gar
garage	garage
garbage	garbage
garbled	garbled
garden	garden
gardener	gardener
gardening	gardening
gardens	garden
gari	gari
garlands	garland
garlic	garlic
gas	gas
gasoline	gasoline
gasometers	gasometer
gassed	gassed
gastritis	gastritis
gasworks	gasworks
gat	gat
gate	gate
gates	gate
gather	gather
gathered	gathered
gathering	gathering
gatherings	gathering
gathers	gather
gauges	gauge
gave	gave
gay	gay
gaze	gaze
gazelle	gazelle
gazelles	gazelle
gazetted	gazetted
ge	ge
gear	gear
gee	gee
geese	goose
gemsbok	gemsbok
gen	gen
gendarmery	gendarmery
general	general
generally	generally
generals	general
generation	generation
generations	generation
generator	generator
generous	generous
genitals	genitals
genocide	genocide
genre	genre
gens	gen
gentes	gens
gentle	gentle
gentleman	gentleman
gentlemen	gentleman
gently	gently
gents	gent
genuine	genuine
genuinely	genuinely
geographic	geographic
geography	geography
geological	geological
george	george
georgia	georgia
georgian	georgian
georgians	georgian
german	german
germans	german
germany	germany
germinated	germinated
germinates	germinates
germs	germ
gesture	gesture
gestures	gesture
gesturing	gesturing
get	get
gets	get
getting	getting
ghee	ghee
gherkin	gherkin
gherkins	gherkin
ghost	ghost
ghosts	ghost
giant	giant
giantess	giantess
giantesses	giantess
giants	giant
giddiness	giddiness
giddy	giddy
gift	gift
gifted	gifted
gifts	gift
gigantic	gigantic
gin	gin
ginger	ginger
girl	girl
girlfriend	girlfriend
girls	girl
giro	giro
girth	girth
give	give
gived	gived
given	given
gives	give
giving	giving
glacier	glacier
glad	glad
gladness	gladness
glance	glance
glanced	glanced
glances	glance
glancing	glancing
glass	glass
glasses	glass
glib	glib
glittering	glittering
gloom	gloom
glorious	glorious
glory	glory
glossy	glossy
glove	glove
gloves	glove
glowing	glowing
glue	glue
glued	glued
glug	glug
glutton	glutton
gnat	gnat
gnats	gnat
gnawed	gnawed
go	go
goad	goad
goal	goal
goalkeeper	goalkeeper
goalkeepers	goalkeeper
goalposts	goalpost
goals	goal
goas	goa
goat	goat
goatherd	goatherd
goats	goat
goatskin	goatskin
goatskins	goatskin
gobbled	gobbled
gobbles	gobble
goblets	goblet
god	god
goddamn	goddamn
goddess	goddess
godly	godly
godmother	godmother
godparent	godparent
godparents	godparent
gods	god
godson	godson
goes	go
going	going
gold	gold
golden	golden
gone	gone
gong	gong
gongs	gong
good	good
goodbye	goodbye
goodness	goodness
goods	good
goos	goo
goose	goose
gore	gore
gorge	gorge
gorges	gorge
gos	go
gospel	gospel
gospels	gospel
gossip	gossip
gossiping	gossiping
got	got
gotten	gotten
gouge	gouge
gourd	gourd
gourds	gourd
govern	govern
governed	governed
governing	governing
government	government
governments	government
governor	governor
governors	governor
governs	governs
gown	gown
grab	grab
grabbed	grabbed
grabbing	grabbing
grabed	grabed
grabs	grab
grace	grace
grad	grad
grade	grade
grades	grade
gradually	gradually
graduated	graduated
graduation	graduation
graham	graham
grain	grain
grains	grain
grammar	grammar
grammatically	grammatically
grams	gram
gran	gran
granaries	granary
granary	granary
grand	grand
grandad	grandad
grandchild	grandchild
grandchildren	grandchild
granddad	granddad
granddaughter	granddaughter
grandfather	grandfather
grandfathers	grandfather
grandma	grandma
grandmas	grandma
grandmother	grandmother
grandmothers	grandmother
grandpa	grandpa
grandparent	grandparent
grandparents	grandparent
grands	grand
grandson	grandson
grandsons	grandson
grannies	granny
granny	granny
grannys	granny
grant	grant
granted	granted
grapefruit	grapefruit
grapefruits	grapefruit
grapevine	grapevine
grappling	grappling
grasp	grasp
grasped	grasped
grasping	grasping
grasps	grasp
grass	grass
grasses	grass
grasshopper	grasshopper
grassland	grassland
grassy	grassy
grate	grate
grated	grated
grateful	grateful
gratefully	gratefully
grater	grater
grates	grate
grating	grating
gratings	grating
grave	grave
gravediggers	gravedigger
gravel	gravel
graves	graf
graveyard	graveyard
gray	gray
graze	graze
grazed	grazed
grazes	graz
grazing	grazing
grease	grease
greaser	greaser
great	great
greater	greater
greatest	greatest
greatly	greatly
greece	greece
greed	greed
greedily	greedily
greedy	greedy
greek	greek
greeks	greek
green	green
greens	green
greet	greet
greeted	greeted
greeting	greeting
greetings	greeting
greets	greets
gregory	gregory
grenades	grenade
grew	grew
grey	grey
greyish	greyish
grid	grid
grief	grief
grieve	grieve
grieved	grieved
grill	grill
grilled	grilled
grilling	grilling
grimace	grimace
grind	grind
grinded	grinded
grinder	grinder
grinding	grinding
grinds	grind
grindstone	grindstone
gringo	gringo
gringos	gringo
griots	griot
grip	grip
gripe	gripe
gripped	gripped
gripping	gripping
grips	grip
gris	gris
groaning	groaning
groats	groat
groceries	grocery
grocery	grocery
grog	grog
groin	groin
groom	groom
groomed	groomed
groomsman	groomsman
grooved	grooved
grooves	groove
groping	groping
ground	ground
grounded	grounded
groundnut	groundnut
groundnuts	groundnut
grounds	ground
group	group
groups	group
grouse	grouse
groused	groused
grouses	grouse
grove	grove
grow	grow
grower	grower
growers	grower
growing	growing
growl	growl
growled	growled
growling	growling
grown	grown
grownup	grownup
grows	grows
growth	growth
grub	grub
grubbed	grubbed
grudge	grudge
grudges	grudge
gruel	gruel
grumble	grumble
grumbled	grumbled
grumbling	grumbling
grunt	grunt
grunting	grunting
grunts	grunt
gu	gu
guadalcanal	guadalcanal
guano	guano
guaranteed	guaranteed
guard	guard
guarded	guarded
guardhouse	guardhouse
guardian	guardian
guardians	guardian
guarding	guarding
guardings	guardings
guards	guard
guava	guava
guess	guess
guessed	guessed
guest	guest
guests	guest
guidance	guidance
guide	guide
guided	guided
guideline	guideline
guiding	guiding
guilt	guilt
guilty	guilty
guinea	guinea
guitar	guitar
gull	gull
gully	gully
gulp	gulp
gum	gum
gumption	gumption
gun	gun
gunners	gunner
gunny	gunny
guns	gun
gunwale	gunwale
gushed	gushed
gushes	gush
gusto	gusto
gusts	gust
gut	gut
guts	gut
guy	guy
guys	guy
gym	gym
gypsies	gypsy
gypsy	gypsy
h	h
ha	ha
haber	haber
habit	habit
habitants	habitant
habitat	habitat
habitation	habitation
habits	habit
hack	hack
hacking	hacking
had	had
hadal	hadal
haemorrhage	haemorrhage
hail	hail
hair	hair
haircut	haircut
hairdressers	hairdresser
haired	haired
hairs	hair
hairy	hairy
haji	haji
hajji	hajji
half	half
halfway	halfway
hall	hall
halls	hall
hallucinogenic	hallucinogenic
hallway	hallway
halter	halter
halves	half
hamlet	hamlet
hamlets	hamlet
hammer	hammer
hammered	hammered
hammering	hammering
hammock	hammock
hammocks	hammock
hams	ham
han	han
hand	hand
handcuff	handcuff
handcuffs	handcuff
handed	handed
handful	handful
handfuls	handful
handicapped	handicapped
handing	handing
handkerchief	handkerchief
handkerchiefs	handkerchief
handle	handle
handled	handled
handler	handler
handover	handover
hands	hand
handsome	handsome
handy	handy
hang	hang
hanged	hanged
hanger	hanger
hanging	hanging
hangs	hang
hanky	hanky
hans	han
happen	happen
happened	happened
happening	happening
happenings	happening
happens	happens
happier	happier
happily	happily
happiness	happiness
happy	happy
harassing	harassing
harbour	harbour
harboured	harboured
hard	hard
hardened	hardened
harder	harder
hardest	hardest
hardly	hardly
hardship	hardship
hardships	hardship
hardware	hardware
hardworking	hardworking
hare	hare
hares	hare
haricot	haricot
harm	harm
harmed	harmed
harmful	harmful
harmonic	harmonic
harmony	harmony
harness	harness
harnessed	harnessed
harnesses	harness
harnessing	harnessing
harp	harp
harpoon	harpoon
harpoons	harpoon
harrier	harrier
harris	harris
harrowing	harrowing
harry	harry
harsh	harsh
harshly	harshly
hartley	hartley
harvest	harvest
harvested	harvested
harvesting	harvesting
harvests	harvest
has	ha
hassle	hassle
haste	haste
hat	hat
hatched	hatched
hatches	hatch
hatchling	hatchling
hatchway	hatchway
hate	hate
hated	hated
hateful	hateful
hatefully	hatefully
hates	hate
hating	hating
hatred	hatred
hats	hat
haughtiness	haughtiness
haul	haul
hauled	hauled
hausa	hausa
hauteur	hauteur
have	have
haveing	haveing
haven	haven
having	having
haw	haw
hawk	hawk
hawks	hawk
hawsing	hawsing
hay	hay
haycocks	haycock
haymaking	haymaking
haystack	haystack
haystacks	haystack
hazard	hazard
hazel	hazel
hazy	hazy
he	he
head	head
headache	headache
headdress	headdress
headed	headed
headhunters	headhunter
heading	heading
headlamps	headlamp
headland	headland
headlights	headlight
headman	headman
headmen	headman
headquarters	headquarters
heads	head
headscarf	headscarf
headwaters	headwater
heal	heal
healed	healed
healer	healer
healers	healer
healing	healing
heals	heals
health	health
healthily	healthily
healthy	healthy
heap	heap
heaped	heaped
heaping	heaping
heaps	heap
hear	hear
heard	heard
heared	heared
hearing	hearing
hears	hears
heart	heart
hearth	hearth
hearts	heart
heat	heat
heated	heated
heathen	heathen
heathens	heathen
heating	heating
heats	heat
heave	heave
heaven	heaven
heavenly	heavenly
heavens	heaven
heavily	heavily
heavy	heavy
hectare	hectare
hectares	hectare
hector	hector
hedge	hedge
hedged	hedged
hedgehog	hedgehog
hedgehogs	hedgehog
hedges	hedge
heed	heed
heedlessly	heedlessly
heel	heel
heels	heel
hefty	hefty
heifer	heifer
height	height
heir	heir
held	held
helicopter	helicopter
helicopters	helicopter
hell	hell
hello	hello
help	help
helped	helped
helper	helper
helpers	helper
helpful	helpful
helping	helping
helplessness	helplessness
helps	help
hem	hem
hemp	hemp
hems	hem
hen	hen
hence	hence
henna	henna
hens	hen
herb	herb
herbal	herbal
herbert	herbert
herbs	herb
herd	herd
herded	herded
herder	herder
herders	herder
herding	herding
herds	herd
herdsman	herdsman
here	here
hereabout	hereabout
hereabouts	hereabouts
herefords	hereford
heritage	heritage
herman	herman
hermaphrodite	hermaphrodite
hermit	hermit
hero	hero
heron	heron
herons	heron
hes	he
hesitate	hesitate
hesitated	hesitated
hesitating	hesitating
hesitation	hesitation
het	het
hew	hew
hexes	hex
hi	hi
hibiscus	hibiscus
hiccups	hiccup
hick	hick
hid	hid
hidden	hidden
hide	hide
hided	hided
hides	hide
hiding	hiding
hierarchy	hierarchy
high	high
higher	higher
highest	highest
highland	highland
highschool	highschool
highway	highway
hike	hike
hill	hill
hills	hill
hillside	hillside
hilltop	hilltop
hilltops	hilltop
hilly	hilly
hilo	hilo
hilt	hilt
hind	hind
hindi	hindi
hindu	hindu
hinged	hinged
hip	hip
hippo	hippo
hippopotamus	hippopotamus
hippos	hippo
hips	hip
hire	hire
hired	hired
hiring	hiring
hispanics	hispanic
hissed	hissed
hissing	hissing
history	history
hit	hit
hither	hither
hiting	hiting
hitler	hitler
hits	hit
hitting	hitting
hiv	hiv
hive	hive
hm	hm
ho	ho
hoards	hoard
hobble	hobble
hobbled	hobbled
hobby	hobby
hocks	hock
hod	hod
hoe	hoe
hoes	hoe
hog	hog
hogs	hog
hoisting	hoisting
hoka	hoka
hold	hold
holder	holder
holders	holder
holding	holding
holds	hold
hole	hole
holes	hole
holey	holey
holiday	holiday
holidays	holiday
holiness	holiness
holler	holler
hollered	hollered
hollering	hollering
hollow	hollow
hollowed	hollowed
hollows	hollow
holy	holy
hombre	hombre
hombres	hombre
home	home
homeland	homeland
homeless	homeless
homes	home
homestead	homestead
hometown	hometown
homework	homework
honest	honest
honestly	honestly
honesty	honesty
honey	honey
honking	honking
honor	honor
honorable	honorable
honorary	honorary
honored	honored
honoring	honoring
honour	honour
honourable	honourable
honouring	honouring
honours	honour
hood	hood
hooded	hooded
hoof	hoof
hook	hook
hooked	hooked
hooker	hooker
hooking	hooking
hooks	hook
hoop	hoop
hooter	hooter
hooves	hoof
hop	hop
hope	hope
hoped	hoped
hopefully	hopefully
hoping	hoping
hopped	hopped
hopper	hopper
hopping	hopping
hops	hop
horizon	horizon
horizontal	horizontal
horn	horn
horns	horn
horny	horny
horrible	horrible
horse	horse
horseback	horseback
horseman	horseman
horsemeat	horsemeat
horsemen	horseman
horsepower	horsepower
horses	horse
hose	hose
hospitable	hospitable
hospital	hospital
hospitals	hospital
host	host
hostel	hostel
hosts	host
hot	hot
hotel	hotel
hotpot	hotpot
hotter	hotter
hour	hour
houris	houri
hours	hour
house	house
household	household
householders	householder
households	household
houses	house
housework	housework
hovel	hovel
hover	hover
however	however
howl	howl
howled	howled
howler	howler
howling	howling
howls	howl
hoy	hoy
hs	h
huambo	huambo
hudson	hudson
hug	hug
huge	huge
hugged	hugged
hugging	hugging
hula	hula
hum	hum
human	human
humane	humane
humanitarian	humanitarian
humanity	humanity
humanize	humanize
humans	human
humble	humble
humbly	humbly
hume	hume
humid	humid
humility	humility
humming	humming
hummingbird	hummingbird
humoured	humoured
hump	hump
hunchback	hunchback
hundred	hundred
hundreds	hundred
hundredth	hundredth
hundredweight	hundredweight
hung	hung
hunger	hunger
hungrier	hungrier
hungrily	hungrily
hungry	hungry
hunt	hunt
hunted	hunted
hunter	hunter
hunters	hunter
hunting	hunting
hunts	hunt
hurdle	hurdle
hurricane	hurricane
hurried	hurried
hurries	hurry
hurry	hurry
hurrying	hurrying
hurt	hurt
hurting	hurting
hurts	hurt
hus	hus
husband	husband
husbands	husband
hush	hush
husk	husk
husked	husked
husks	husk
hut	hut
hutch	hutch
huts	hut
hutus	hutu
hyaena	hyaena
hydraulic	hydraulic
hyena	hyena
hyenas	hyena
i	i
i.d.s	i.d.
ia	ia
ibex	ibex
ibrahim	ibrahim
ice	ice
icon	icon
icons	icon
id	id
idea	idea
ideas	idea
identified	identified
identifies	identifies
identify	identify
identifying	identifying
identity	identity
idiom	idiom
idiomatic	idiomatic
idiot	idiot
idiots	idiot
idle	idle
ido	ido
idol	idol
idols	idol
ids	id
ies	y
ignatius	ignatius
ignites	ignites
ignorant	ignorant
ignore	ignore
ignored	ignored
ii	ii
iii	iii
ike	ike
il	il
ill	ill
illiterate	illiterate
illiterates	illiterate
illness	illness
illnesses	illness
illuminate	illuminate
illustrated	illustrated
ilos	ilo
ils	il
image	image
images	image
imagination	imagination
imagine	imagine
imagining	imagining
imam	imam
imitate	imitate
imitated	imitated
imitative	imitative
immediately	immediately
immersion	immersion
immigrant	immigrant
immobile	immobile
immune	immune
impart	impart
imperial	imperial
implemented	implemented
implies	implies
implore	implore
implored	implored
imploring	imploring
implying	implying
importance	importance
important	important
imported	imported
imposed	imposed
impossible	impossible
impregnated	impregnated
impression	impression
imprinted	imprinted
imprints	imprint
imprison	imprison
imprisoned	imprisoned
imprisonment	imprisonment
improved	improved
improvements	improvement
improvident	improvident
improving	improving
improvise	improvise
impure	impure
in	in
inanimate	inanimate
inaudible	inaudible
inaugurated	inaugurated
incendiaries	incendiary
incendiary	incendiary
incense	incense
inch	inch
inches	inch
incident	incident
incidents	incident
incision	incision
incisions	incision
inclination	inclination
inclined	inclined
included	included
including	including
inclusive	inclusive
income	income
incoming	incoming
incorrect	incorrect
incorrectly	incorrectly
increase	increase
increased	increased
increases	increase
increasing	increasing
incredible	incredible
indecent	indecent
indeed	indeed
independence	independence
independent	independent
indescribable	indescribable
index	index
india	india
indian	indian
indians	indian
indicated	indicated
indicates	indicates
indigenous	indigenous
indirectly	indirectly
indistinct	indistinct
indistinctly	indistinctly
individual	individual
individually	individually
indochina	indochina
indonesia	indonesia
indonesian	indonesian
indoors	indoors
indulge	indulge
industrial	industrial
industrious	industrious
industry	industry
inevitable	inevitable
inevitably	inevitably
inexperienced	inexperienced
infamy	infamy
infect	infect
infection	infection
infections	infection
inferior	inferior
infertile	infertile
infestation	infestation
infested	infested
infirmary	infirmary
inflate	inflate
inflated	inflated
inflections	inflection
influence	influence
influencing	influencing
inform	inform
information	information
informations	information
informed	informed
informing	informing
informs	informs
infused	infused
inga	inga
ingested	ingested
ingots	ingot
ingredient	ingredient
ingredients	ingredient
inhabitant	inhabitant
inhabitants	inhabitant
inherit	inherit
inheritance	inheritance
inherited	inherited
initial	initial
initially	initially
initiated	initiated
initiation	initiation
initiative	initiative
inject	inject
injection	injection
injections	injection
injured	injured
injures	injures
injuries	injury
injury	injury
injustice	injustice
ink	ink
inland	inland
inn	inn
inner	inner
inquire	inquire
inquired	inquired
inquiring	inquiring
insatiable	insatiable
inscribe	inscribe
inscribed	inscribed
inscription	inscription
insect	insect
insects	insect
insert	insert
inserted	inserted
inserting	inserting
inserts	insert
inside	inside
insides	inside
insignificant	insignificant
insisted	insisted
insistently	insistently
insisting	insisting
insomniac	insomniac
inspect	inspect
inspected	inspected
inspection	inspection
inspector	inspector
inspiring	inspiring
install	install
installed	installed
installing	installing
instance	instance
instant	instant
instantly	instantly
instead	instead
instigate	instigate
institute	institute
institutes	institute
institution	institution
institutions	institution
instruct	instruct
instructed	instructed
instructing	instructing
instruction	instruction
instructions	instruction
instrument	instrument
instruments	instrument
insult	insult
insulted	insulted
insulting	insulting
insults	insult
intact	intact
integrated	integrated
intellect	intellect
intelligence	intelligence
intelligent	intelligent
intend	intend
intended	intended
intense	intense
intensely	intensely
intensifier	intensifier
intensity	intensity
intensive	intensive
intent	intent
intention	intention
intentionally	intentionally
intentions	intention
intents	intent
inter	inter
interact	interact
interacted	interacted
intercede	intercede
interceded	interceded
interest	interest
interested	interested
interesting	interesting
interestingly	interestingly
interfere	interfere
interior	interior
interjection	interjection
interjections	interjection
interlaced	interlaced
interlocutor	interlocutor
intermarriage	intermarriage
intermarriages	intermarriage
intermarry	intermarry
intermediary	intermediary
intermediate	intermediate
intermission	intermission
internal	internal
interpretation	interpretation
interpretations	interpretation
interpreted	interpreted
interpreter	interpreter
interrogated	interrogated
interrogation	interrogation
interrogative	interrogative
interrupt	interrupt
interrupted	interrupted
intersection	intersection
intervene	intervene
intervened	intervened
intervention	intervention
interview	interview
interviewer	interviewer
intestine	intestine
intestines	intestine
intimate	intimate
intonation	intonation
intone	intone
intriguing	intriguing
introduce	introduce
introduced	introduced
inundated	inundated
invaded	invaded
investigate	investigate
investigated	investigated
invisible	invisible
invitation	invitation
invitations	invitation
invite	invite
invited	invited
invites	invite
inviting	inviting
invoked	invoked
invokes	invokes
invoking	invoking
involved	involved
involving	involving
ir	ir
ira	ira
ireland	ireland
iris	iris
iron	iron
ironic	ironic
ironmongery	ironmongery
ironwood	ironwood
irony	irony
irritate	irritate
irritated	irritated
irtysh	irtysh
is	is
isaiah	isaiah
islam	islam
island	island
islander	islander
islands	island
isle	isle
isolated	isolated
israel	israel
issue	issue
issued	issued
issues	issue
istanbul	istanbul
it	it
italians	italian
italic	italic
italy	italy
itch	itch
itched	itched
itches	itch
itchiness	itchiness
itching	itching
itchy	itchy
item	item
items	item
its	it
ivory	ivory
iw	iw
j	j
jabbed	jabbed
jabiru	jabiru
jack	jack
jackal	jackal
jackals	jackal
jacket	jacket
jackets	jacket
jackfruit	jackfruit
jackson	jackson
jacob	jacob
jagged	jagged
jaguar	jaguar
jaguars	jaguar
jail	jail
jam	jam
james	james
jan	jan
january	january
japan	japan
japanese	japanese
jar	jar
jarred	jarred
jars	jar
jaw	jaw
jay	jay
jays	jay
jazzing	jazzing
jealous	jealous
jealousy	jealousy
jeep	jeep
jerk	jerk
jerked	jerked
jerkies	jerky
jerky	jerky
jerry	jerry
jest	jest
jesus	jesus
jeter	jeter
jewel	jewel
jewellery	jewellery
jewelry	jewelry
jewels	jewel
jewish	jewish
jews	jew
jimmy	jimmy
job	job
jobbing	jobbing
jobs	job
jog	jog
johannesburg	johannesburg
john	john
johnny	johnny
join	join
joined	joined
joining	joining
joins	join
joint	joint
joints	joint
joist	joist
joke	joke
joked	joked
joker	joker
jokes	joke
joking	joking
jokingly	jokingly
jolly	jolly
jolts	jolt
joseph	joseph
journal	journal
journalist	journalist
journalists	journalist
journey	journey
joy	joy
joyed	joyed
joyful	joyful
joyfully	joyfully
joys	joy
jubilee	jubilee
judge	judge
judged	judged
judgement	judgement
judging	judging
judgment	judgment
jug	jug
juged	juged
jugs	jug
juice	juice
juices	juice
july	july
jump	jump
jumped	jumped
jumping	jumping
jumps	jump
junction	junction
june	june
jungle	jungle
junior	junior
junk	junk
junto	junto
juntos	junto
jury	jury
just	just
justify	justify
jut	jut
juvenile	juvenile
k	k
ka	ka
kach	kach
kafirs	kafir
kale	kale
kali	kali
kama	kama
kamas	kama
kami	kami
kampala	kampala
kangaroo	kangaroo
kangaroos	kangaroo
kapok	kapok
kasha	kasha
kava	kava
kazakh	kazakh
kazakhstan	kazakhstan
kea	kea
kebabs	kebab
keel	keel
keels	keel
keen	keen
keep	keep
keeper	keeper
keepers	keeper
keeping	keeping
keeps	keep
keg	keg
kelvin	kelvin
ken	ken
kennel	kennel
kent	kent
kenya	kenya
kept	kept
kerchief	kerchief
kernel	kernel
kernels	kernel
kerosine	kerosine
kettle	kettle
kettles	kettle
key	key
keyhole	keyhole
keys	key
kg	kg
khan	khan
khanty	khanty
khoisan	khoisan
ki	ki
kiang	kiang
kick	kick
kicked	kicked
kicking	kicking
kicks	kick
kid	kid
kidnap	kidnap
kidnapped	kidnapped
kidnapping	kidnapping
kidnappings	kidnapping
kidney	kidney
kids	kid
kill	kill
killed	killed
killer	killer
killers	killer
killing	killing
kills	kill
kiln	kiln
kilo	kilo
kilogram	kilogram
kilograms	kilogram
kilometers	kilometer
kilometre	kilometre
kilometres	kilometre
kilos	kilo
kin	kin
kina	kina
kind	kind
kinda	kinda
kinder	kinder
kindergarten	kindergarten
kindled	kindled
kindles	kindles
kindness	kindness
kinds	kind
king	king
kingdom	kingdom
kings	king
kins	kin
kinship	kinship
kiosk	kiosk
kiss	kiss
kissed	kissed
kisses	kiss
kissing	kissing
kit	kit
kitchen	kitchen
kitchens	kitchen
kite	kite
kits	kit
kitty	kitty
km	km
knack	knack
knapsacks	knapsack
knead	knead
kneaded	kneaded
kneading	kneading
kneads	kneads
knee	knee
kneel	kneel
kneeled	kneeled
kneeling	kneeling
kneels	kneel
knees	knee
knew	knew
knife	knife
knifes	knife
knights	knight
knives	knife
knobkerrie	knobkerrie
knock	knock
knocked	knocked
knockers	knocker
knocking	knocking
knocks	knock
knot	knot
knotholes	knothole
knots	knot
knout	knout
know	know
knowed	knowed
knowing	knowing
knowingly	knowingly
knowledge	knowledge
knowledgeable	knowledgeable
known	known
knows	know
knucklebones	knucklebones
ko	ko
kola	kola
kolkhoz	kolkhoz
kolkhozes	kolkhoz
kookaburras	kookaburra
kopecks	kopeck
kor	kor
koran	koran
korea	korea
korean	korean
koto	koto
kraal	kraal
kris	kris
kudu	kudu
kuki	kuki
kurdistan	kurdistan
kursk	kursk
kw	kw
kwa	kwa
kwai	kwai
kwais	kwai
kwanza	kwanza
l	l
l'enfant	l'enfant
la	la
labor	labor
laborers	laborer
labors	labor
labour	labour
labourer	labourer
labourers	labourer
labrador	labrador
lace	lace
lacing	lacing
lack	lack
lacked	lacked
lacking	lacking
lacks	lack
lad	lad
ladder	ladder
ladders	ladder
laddie	laddie
ladies	lady
ladle	ladle
lads	lad
lady	lady
ladys	lady
lagging	lagging
lagoon	lagoon
lagoons	lagoon
lags	lag
laguna	laguna
lagunas	laguna
laid	laid
lain	lain
lair	lair
lake	lake
lakes	lake
lakhs	lakh
lamb	lamb
lambing	lambing
lambs	lamb
lame	lame
lamenting	lamenting
lamer	lamer
lamp	lamp
lamps	lamp
lancashire	lancashire
lance	lance
lanced	lanced
land	land
landed	landed
landing	landing
landlady	landlady
landlord	landlord
lands	land
landscape	landscape
landslide	landslide
landslip	landslip
landwards	landwards
lane	lane
language	language
languages	language
langur	langur
langurs	langur
lantern	lantern
lanterns	lantern
lap	lap
lapped	lapped
laptops	laptop
larch	larch
larches	larch
lard	lard
large	large
largely	largely
larger	larger
largo	largo
largos	largo
lari	lari
larvae	larva
larynx	larynx
las	la
lash	lash
lashed	lashed
lashes	lash
lashing	lashing
lass	lass
lasso	lasso
last	last
lasted	lasted
lasting	lasting
lastly	lastly
lasts	last
lat	lat
late	late
lately	lately
later	later
lates	lates
latest	latest
lather	lather
latin	latin
latrine	latrine
lats	lat
latter	latter
latterly	latterly
latvia	latvia
latvian	latvian
latvians	latvian
laugh	laugh
laughed	laughed
laughing	laughing
laughs	laugh
laughter	laughter
launch	launch
laundry	laundry
laurel	laurel
lava	lava
lave	lave
laver	laver
laves	laves
law	law
lawns	lawn
laws	law
lawyer	lawyer
lawyers	lawyer
lay	lay
layed	layed
layer	layer
layers	layer
laying	laying
lays	lay
lazar	lazar
laziness	laziness
lazy	lazy
le	le
lead	lead
leader	leader
leaders	leader
leading	leading
leads	lead
leaf	leaf
leaflets	leaflet
leafs	leaf
leak	leak
leaked	leaked
leaking	leaking
leaks	leak
lean	lean
leaned	leaned
leaning	leaning
leanness	leanness
leans	lean
leant	leant
leap	leap
leaping	leaping
leapt	leapt
learn	learn
learned	learned
learners	learner
learning	learning
learnings	learning
learns	learns
learnt	learnt
least	least
leather	leather
leave	leave
leavened	leavened
leaves	leaf
leaving	leaving
lecturer	lecturer
led	led
leda	leda
leech	leech
leeches	leech
leek	leek
leeward	leeward
left	left
leftover	leftover
leftovers	leftover
leg	leg
legend	legend
legged	legged
legging	legging
legislative	legislative
legitimate	legitimate
legs	leg
lei	lei
leisure	leisure
leisurely	leisurely
lemmings	lemming
lemon	lemon
lemons	lemon
lena	lena
lend	lend
length	length
lengthening	lengthening
lenin	lenin
leningrad	leningrad
lent	lent
leo	leo
leonardo	leonardo
leopard	leopard
les	le
less	le
lessen	lessen
lessens	lessens
lesser	lesser
lesson	lesson
lessons	lesson
lest	lest
let	let
lets	let
letter	letter
letters	letter
letting	letting
level	level
lever	lever
li	li
liana	liana
lianas	liana
liar	liar
libations	libation
liberals	liberal
liberated	liberated
liberia	liberia
liberty	liberty
library	library
lice	louse
licence	licence
lick	lick
licked	licked
licking	licking
licks	lick
lid	lid
lids	lid
lie	lie
lied	lied
lief	lief
lier	lier
lies	lie
lieu	lieu
lieutenant	lieutenant
life	life
lifeboats	lifeboat
lifestyle	lifestyle
lifetime	lifetime
lift	lift
lifted	lifted
lifting	lifting
lifts	lift
light	light
lighted	lighted
lighter	lighter
lighterage	lighterage
lighterman	lighterman
lightermen	lighterman
lighters	lighter
lighting	lighting
lightly	lightly
lightning	lightning
lights	light
like	like
likeable	likeable
liked	liked
likely	likely
likes	like
likewise	likewise
liking	liking
lilies	lily
lilium	lilium
lily	lily
lima	lima
limas	lima
limbs	limb
lime	lime
limit	limit
limited	limited
limits	limit
limp	limp
limpet	limpet
limping	limping
limps	limp
linden	linden
line	line
lineage	lineage
lined	lined
linen	linen
lines	line
lining	lining
linked	linked
linking	linking
lino	lino
lion	lion
lions	lion
lip	lip
lipped	lipped
lips	lip
liquid	liquid
liquor	liquor
list	list
listen	listen
listened	listened
listener	listener
listeners	listener
listening	listening
listens	listens
lit	lit
litany	litany
liter	liter
literacy	literacy
literal	literal
literally	literally
literary	literary
literature	literature
litre	litre
litres	litre
litter	litter
little	little
littler	littler
littles	little
live	live
lived	lived
livelihood	livelihood
lively	lively
liver	liver
liverpool	liverpool
lives	life
livestock	livestock
living	living
lizard	lizard
lizards	lizard
llama	llama
llamas	llama
lloyd	lloyd
load	load
loaded	loaded
loaders	loader
loading	loading
loads	load
loaf	loaf
loafed	loafed
loan	loan
loathed	loathed
loaves	loaf
lobster	lobster
local	local
locality	locality
locals	local
located	located
location	location
loch	loch
lock	lock
locked	locked
locker	locker
lockers	locker
locking	locking
locks	lock
loco	loco
locust	locust
locution	locution
lodge	lodge
lodged	lodged
lodges	lodge
lodging	lodging
lodgings	lodging
loft	loft
loftiness	loftiness
log	log
loggers	logger
logging	logging
logic	logic
logistics	logistics
logs	log
loin	loin
london	london
lone	lone
lonely	lonely
long	long
longer	longer
longest	longest
longing	longing
lontar	lontar
loo	loo
look	look
looked	looked
looking	looking
looks	look
loom	loom
loop	loop
loose	loose
loosely	loosely
loosen	loosen
loosened	loosened
looses	loos
looted	looted
lord	lord
lorries	lorry
lorry	lorry
lory	lory
lose	lose
loser	loser
loses	loses
losing	losing
loss	loss
losses	loss
lost	lost
lot	lot
lots	lot
lottery	lottery
loud	loud
louder	louder
loudly	loudly
loudspeaker	loudspeaker
lounge	lounge
louse	louse
love	love
loved	loved
lovely	lovely
lover	lover
loves	love
loving	loving
lovingly	lovingly
low	low
lower	lower
lowered	lowered
lowering	lowering
lowers	lower
lowland	lowland
lowly	lowly
lubrication	lubrication
luck	luck
luckily	luckily
lucky	lucky
lucy	lucy
luganda	luganda
luggage	luggage
lukewarm	lukewarm
lull	lull
lump	lump
luna	luna
lunar	lunar
lunch	lunch
lunchtime	lunchtime
lung	lung
lungs	lung
lured	lured
lying	lying
lynching	lynching
lyrics	lyric
m	m
ma	ma
maar	maar
macaw	macaw
mace	mace
machete	machete
machetes	machete
machine	machine
machinery	machinery
machines	machine
macho	macho
macrons	macron
mad	mad
madam	madam
made	made
madrasa	madrasa
magazine	magazine
magdalenas	magdalena
maggots	maggot
magic	magic
magically	magically
magician	magician
magics	magic
magistrate	magistrate
magistrates	magistrate
magnetic	magnetic
magnetism	magnetism
magpie	magpie
mahdi	mahdi
mahdists	mahdist
maia	maia
maid	maid
maids	maid
maidservant	maidservant
mail	mail
main	main
mainland	mainland
mainly	mainly
mains	main
maintain	maintain
maintained	maintained
maintains	maintains
maize	maize
maja	maja
majases	maja
majority	majority
make	make
maker	maker
makers	maker
makes	make
makeup	makeup
makin	makin
making	making
malaria	malaria
malay	malay
malays	malay
malaysia	malaysia
male	male
malediction	malediction
males	male
mali	mali
malice	malice
malik	malik
mallet	mallet
mam	mam
mama	mama
mamba	mamba
man	man
manage	manage
managed	managed
management	management
manager	manager
managers	manager
manages	manages
managing	managing
manana	manana
mandara	mandara
mandarin	mandarin
mandatory	mandatory
mandible	mandible
mandibles	mandible
mandioc	mandioc
mane	mane
manets	manet
mange	mange
manger	manger
manges	mange
mango	mango
mangoes	mango
mangos	mango
mangy	mangy
manhood	manhood
manifesting	manifesting
manila	manila
manioc	manioc
manipulate	manipulate
manipulates	manipulates
manipur	manipur
manliness	manliness
manner	manner
mannered	mannered
manners	manner
manor	manor
manual	manual
manufacture	manufacture
manufacturing	manufacturing
manure	manure
manures	manure
many	many
map	map
mapped	mapped
mara	mara
marble	marble
marcel	marcel
march	march
marched	marched
marcher	marcher
marching	marching
mare	mare
mari	mari
maria	maria
marigold	marigold
marinas	marina
marino	marino
maritime	maritime
maritimes	maritimes
mark	mark
marked	marked
marker	marker
markers	marker
market	market
marketing	marketing
marketplace	marketplace
markets	market
marking	marking
marks	mark
maroon	maroon
marquis	marquis
marred	marred
marriage	marriage
marriageable	marriageable
married	married
marries	marries
marrow	marrow
marry	marry
marrying	marrying
marsh	marsh
marshes	marsh
marshy	marshy
mart	mart
martagon	martagon
martial	martial
martin	martin
marum	marum
marvellous	marvellous
marvelous	marvelous
marvels	marvel
mary	mary
mas	ma
masa	masa
mascara	mascara
masculine	masculine
mash	mash
mask	mask
masks	mask
mass	mass
massacres	massacre
massage	massage
massages	massage
master	master
masters	master
mat	mat
matai	matai
match	match
matchbox	matchbox
matches	match
matchmaker	matchmaker
mate	mate
material	material
materials	material
maternal	maternal
maternity	maternity
mates	mate
mathematicians	mathematician
mathematics	mathematics
mats	mat
matter	matter
mattered	mattered
matters	matter
matthew	matthew
mattress	mattress
mature	mature
matured	matured
maturity	maturity
maxima	maximum
may	may
maya	maya
maybe	maybe
mayor	mayor
mbeya	mbeya
me	me
mead	mead
meadow	meadow
meager	meager
meal	meal
meals	meal
mean	mean
meandering	meandering
meaning	meaning
meanings	meaning
means	mean
meant	meant
meantime	meantime
meanwhile	meanwhile
measles	measles
measure	measure
measured	measured
measures	measure
measuring	measuring
meat	meat
meatballs	meatball
mechanic	mechanic
mechanics	mechanic
medals	medal
media	medium
mediation	mediation
mediators	mediator
medical	medical
medicament	medicament
medicinal	medicinal
medicine	medicine
medicines	medicine
meditate	meditate
mediterranean	mediterranean
medium	medium
meet	meet
meeting	meeting
meetings	meeting
meets	meet
melanesian	melanesian
melon	melon
melt	melt
melted	melted
melting	melting
melts	melt
melville	melville
member	member
members	member
meme	meme
memorial	memorial
memories	memory
memorise	memorise
memory	memory
men	men
men's	men's
mended	mended
mendes	mendes
mends	mend
menopause	menopause
mens	men
menstruation	menstruation
mentally	mentally
mention	mention
mentioned	mentioned
mentioning	mentioning
meow	meow
mer	mer
merchandise	merchandise
merchant	merchant
merchants	merchant
merciful	merciful
mercy	mercy
mere	mere
merely	merely
merit	merit
merited	merited
mermaid	mermaid
merrily	merrily
merriness	merriness
merry	merry
merrymaking	merrymaking
mes	me
mesh	mesh
meson	meson
mess	mess
message	message
messages	message
messed	messed
messenger	messenger
messengers	messenger
messing	messing
messy	messy
mestizo	mestizo
mestizos	mestizo
met	met
metal	metal
metaphorically	metaphorically
mete	mete
meteor	meteor
meter	meter
meters	meter
metes	mete
method	method
methodist	methodist
methods	method
metre	metre
metres	metre
metro	metro
mi	mi
miaow	miaow
mice	mouse
michael	michael
mick	mick
microphone	microphone
mid	mid
midday	midday
middle	middle
middlings	middling
midnight	midnight
midst	midst
midsummer	midsummer
midwife	midwife
might	might
migrate	migrate
migrated	migrated
migrating	migrating
migration	migration
mike	mike
mile	mile
miles	mile
milieu	milieu
military	military
milk	milk
milked	milked
milking	milking
milkmaid	milkmaid
milkman	milkman
milks	milk
mill	mill
miller	miller
millers	miller
millet	millet
milling	milling
million	million
millionaire	millionaire
millions	million
mills	mill
millstone	millstone
millstones	millstone
milne	milne
milton	milton
min	min
mina	mina
minaret	minaret
mind	mind
minding	minding
mindlessly	mindlessly
minds	mind
mine	mine
mines	mine
minesweepers	minesweeper
mingled	mingled
mingling	mingling
miniature	miniature
minimally	minimally
mining	mining
minister	minister
ministry	ministry
minneapolis	minneapolis
minority	minority
minors	minor
minute	minute
minutes	minute
miracle	miracle
mire	mire
mired	mired
mires	mire
miro	miro
mirror	mirror
mis	mi
misbehave	misbehave
miscarriage	miscarriage
miscellaneous	miscellaneous
mischievous	mischievous
misconception	misconception
misdeed	misdeed
miserable	miserable
miserliness	miserliness
misfortune	misfortune
misfortunes	misfortune
misled	misled
miss	miss
missed	missed
misses	miss
missile	missile
missing	missing
mission	mission
missionaries	missionary
missionary	missionary
mississippi	mississippi
mist	mist
mistake	mistake
mistaken	mistaken
mistakenly	mistakenly
mistakes	mistake
mister	mister
mistreat	mistreat
mistreated	mistreated
mistreating	mistreating
mistress	mistress
mistresses	mistress
misty	misty
misunderstand	misunderstand
misunderstanding	misunderstanding
misunderstood	misunderstood
mittens	mitten
mix	mix
mixed	mixed
mixes	mix
mixing	mixing
mixture	mixture
mm	mm
mo	mo
moan	moan
moaned	moaned
moaning	moaning
moans	moan
mob	mob
mobile	mobile
mobilize	mobilize
mock	mock
mocked	mocked
mockery	mockery
mocking	mocking
model	model
moderating	moderating
moderator	moderator
modern	modern
mohammed	mohammed
mojos	mojo
molar	molar
mold	mold
moldova	moldova
mole	mole
moles	mole
moleskin	moleskin
moleskins	moleskin
mom	mom
moment	moment
moments	moment
momentum	momentum
mommy	mommy
mon	mon
mona	mona
monastery	monastery
monday	monday
money	money
monger	monger
mongering	mongering
mongos	mongo
monitor	monitor
monkey	monkey
monkeys	monkey
monos	mono
mons	mon
monsoon	monsoon
monster	monster
monsters	monster
monte	monte
montes	monte
month	month
monthly	monthly
months	month
montmartre	montmartre
monument	monument
monuments	monument
moo	moo
mood	mood
mooing	mooing
moon	moon
moonless	moonless
moonlight	moonlight
moorage	moorage
moored	moored
moorhens	moorhen
moorsing	moorsing
moose	moose
mop	mop
moped	moped
mopped	mopped
moral	moral
morally	morally
mordvins	mordvin
more	more
moreover	moreover
morgue	morgue
morn	morn
morning	morning
mornings	morning
morrison	morrison
morrow	morrow
mortal	mortal
mortar	mortar
mos	mo
moscow	moscow
moses	moses
moslems	moslem
mosque	mosque
mosques	mosque
mosquito	mosquito
mosquitoes	mosquito
mosquitos	mosquito
moss	moss
most	most
mostly	mostly
moth	moth
mother	mother
mothers	mother
moths	moth
motion	motion
motley	motley
motor	motor
motorbike	motorbike
motorbikes	motorbike
motorboat	motorboat
motorcycle	motorcycle
motorcycles	motorcycle
motors	motor
mots	mot
mould	mould
moulding	moulding
mound	mound
mounds	mound
mount	mount
mountain	mountain
mountainous	mountainous
mountains	mountain
mountainside	mountainside
mounted	mounted
mounting	mounting
mourn	mourn
mourned	mourned
mourning	mourning
mourns	mourns
mouse	mouse
moustache	moustache
mouth	mouth
mouthful	mouthful
mouths	mouth
move	move
moved	moved
movement	movement
movements	movement
moves	move
movie	movie
movies	movie
moving	moving
mow	mow
mowed	mowed
mowing	mowing
mows	mow
mr	mr
mrs	mr
ms	m
msc	msc
msg	msg
mt	mt
mu	mu
mubarak	mubarak
much	much
muck	muck
mucked	mucked
mucking	mucking
mud	mud
muddy	muddy
muezzin	muezzin
muffler	muffler
mug	mug
mulberry	mulberry
mule	mule
mules	mule
mull	mull
mullah	mullah
mullahs	mullah
mullet	mullet
multiple	multiple
multiplication	multiplication
multiplied	multiplied
multiplies	multiplies
multiply	multiply
multitude	multitude
mum	mum
mumbling	mumbling
mummy	mummy
mums	mum
munching	munching
muon	muon
murder	murder
murderer	murderer
murderers	murderer
murdering	murdering
murmur	murmur
murmured	murmured
musa	musa
muscles	muscle
museum	museum
museums	museum
mushroom	mushroom
mushrooms	mushroom
music	music
musical	musical
musician	musician
musicians	musician
muskrat	muskrat
muslim	muslim
muslims	muslim
must	must
mustache	mustache
mustard	mustard
mustards	mustard
mustered	mustered
mute	mute
mutual	mutual
muzzle	muzzle
myanmar	myanmar
myna	myna
mysterious	mysterious
mythical	mythical
n	n
na	na
naan	naan
nada	nada
nagas	naga
nagged	nagged
nags	nag
nail	nail
nailed	nailed
nails	nail
naira	naira
naja	naja
naked	naked
nakedness	nakedness
name	name
named	named
namely	namely
names	name
namesake	namesake
naming	naming
nances	nance
nancy	nancy
nannies	nanny
nansen	nansen
nap	nap
nape	nape
narrate	narrate
narrated	narrated
narrating	narrating
narration	narration
narrative	narrative
narratives	narrative
narrator	narrator
narrow	narrow
nastiness	nastiness
nasty	nasty
nation	nation
national	national
nationalist	nationalist
nationalities	nationality
nationality	nationality
nationals	national
nations	nation
native	native
natives	native
nato	nato
natural	natural
naturally	naturally
nature	nature
naughty	naughty
nauseas	nausea
navel	navel
navels	navel
navigation	navigation
navy	navy
nd	nd
ne	ne
near	near
nearby	nearby
nearer	nearer
nearest	nearest
nearly	nearly
neatly	neatly
nebraska	nebraska
necessarily	necessarily
necessary	necessary
necessity	necessity
neck	neck
necklace	necklace
necklaces	necklace
necks	neck
nee	nee
need	need
needed	needed
needle	needle
needlefish	needlefish
needles	needle
needs	need
needy	needy
negated	negated
negative	negative
neglect	neglect
negligent	negligent
negro	negro
neighbor	neighbor
neighborhood	neighborhood
neighborhoods	neighborhood
neighbors	neighbor
neighbour	neighbour
neighbourhood	neighbourhood
neighbouring	neighbouring
neighbours	neighbour
neither	neither
nelson	nelson
nenets	nenets
nenetses	nenets
nephew	nephew
nephews	nephew
nerves	nerve
nervous	nervous
nervously	nervously
nest	nest
nestor	nestor
nests	nest
net	net
nets	net
netted	netted
netting	netting
nettle	nettle
nettles	nettle
networking	networking
neural	neural
neurasthenia	neurasthenia
never	never
nevertheless	nevertheless
new	new
newcomer	newcomer
newcomers	newcomer
newly	newly
newlywed	newlywed
newlyweds	newlywed
newman	newman
news	news
newspaper	newspaper
next	next
ng	ng
nganasans	nganasan
ngu	ngu
ni	ni
nib	nib
nibble	nibble
nice	nice
nicely	nicely
nicer	nicer
niche	niche
nicholas	nicholas
nickname	nickname
nicolson	nicolson
niece	niece
nieces	niece
night	night
nightfall	nightfall
nightie	nightie
nightingales	nightingale
nightmares	nightmare
nights	night
nighttime	nighttime
nike	nike
nil	nil
nile	nile
niles	nile
nimble	nimble
nina	nina
nine	nine
nineteen	nineteen
nineties	ninety
ninety	ninety
ninth	ninth
no	no
noble	noble
nobleman	nobleman
noblewoman	noblewoman
nobody	nobody
nobs	nob
nodded	nodded
noise	noise
noises	noise
noisily	noisily
noisy	noisy
nomads	nomad
nomas	noma
nominated	nominated
nomination	nomination
non	non
none	none
nonetheless	nonetheless
nonsense	nonsense
noodle	noodle
noodles	noodle
nook	nook
noon	noon
noose	noose
norm	norm
normal	normal
normally	normally
norman	norman
north	north
northern	northern
nos	no
nose	nose
nosebags	nosebag
noses	nose
nostrils	nostril
not	not
notable	notable
notation	notation
notch	notch
notches	notch
note	note
notebook	notebook
notes	note
nothing	nothing
notice	notice
noticed	noticed
notices	notice
noticing	noticing
notified	notified
notify	notify
nourish	nourish
nourished	nourished
nous	nous
nov	nov
november	november
novena	novena
now	now
nowadays	nowadays
nowhere	nowhere
noxious	noxious
nu	nu
nudge	nudge
nudging	nudging
nuisance	nuisance
numb	numb
number	number
numbers	number
numerous	numerous
nun	nun
nuns	nun
nurse	nurse
nursed	nursed
nursery	nursery
nurses	nurse
nursing	nursing
nurtured	nurtured
nut	nut
nutmeg	nutmeg
nutrients	nutrient
nutrition	nutrition
nuts	nut
nylon	nylon
o	o
o'clock	o'clock
oakum	oakum
oars	oar
oast	oast
oath	oath
oatmeal	oatmeal
oats	oat
ob	ob
obedience	obedience
obedient	obedient
obey	obey
obeyed	obeyed
obeying	obeying
obeys	obeys
object	object
objective	objective
objectives	objective
objects	object
obligation	obligation
obligations	obligation
obligatorily	obligatorily
obligatory	obligatory
obliged	obliged
oblivious	oblivious
obscene	obscene
obscenity	obscenity
obscure	obscure
observe	observe
observed	observed
observing	observing
obsessive	obsessive
obstacle	obstacle
obstacles	obstacle
obstinacy	obstinacy
obstinate	obstinate
obtain	obtain
obtained	obtained
obviously	obviously
occasion	occasion
occasional	occasional
occasionally	occasionally
occasions	occasion
occupation	occupation
occupations	occupation
occupied	occupied
occupy	occupy
occupying	occupying
occur	occur
occured	occured
occurred	occurred
occurrence	occurrence
occurs	occurs
ocean	ocean
ocelot	ocelot
ochre	ochre
october	october
od	od
odd	odd
odds	odds
odin	odin
odor	odor
off	off
offend	offend
offended	offended
offendings	offendings
offer	offer
offered	offered
offering	offering
offers	offer
office	office
officer	officer
officers	officer
offices	office
official	official
officially	officially
offspring	offspring
offsprings	offspring
often	often
ogre	ogre
oh	oh
oil	oil
oink	oink
oinking	oinking
oinks	oink
ointment	ointment
ointments	ointment
ok	ok
okay	okay
okey	okey
okra	okra
ola	ola
old	old
olden	olden
older	older
oldest	oldest
olds	old
olla	olla
ollas	olla
omen	omen
on	on
once	once
one	one
ones	one
onion	onion
onions	onion
only	only
onward	onward
onwards	onwards
ooh	ooh
open	open
opened	opened
opening	opening
openings	opening
openly	openly
opens	open
operate	operate
operated	operated
operating	operating
operation	operation
operator	operator
opinion	opinion
opinions	opinion
opportunities	opportunity
opportunity	opportunity
opposed	opposed
opposite	opposite
oppress	oppress
oppressed	oppressed
opt	opt
option	option
optionally	optionally
or	or
oral	oral
orang	orang
orange	orange
oranges	orange
orchard	orchard
orchards	orchard
orchid	orchid
orchids	orchid
order	order
ordered	ordered
ordering	ordering
orderly	orderly
orders	order
ordinal	ordinal
ordinary	ordinary
ore	ore
organ	organ
organisation	organisation
organisations	organisation
organise	organise
organised	organised
organiser	organiser
organising	organising
organist	organist
organization	organization
organize	organize
organized	organized
organizer	organizer
organizers	organizer
organizes	organizes
organs	organ
origen	origen
origin	origin
original	original
originally	originally
originate	originate
originated	originated
oriole	oriole
ornaments	ornament
orphan	orphan
orphanage	orphanage
orphans	orphan
orthodox	orthodox
orwells	orwell
oryx	oryx
os	o
oscar	oscar
oses	os
ostrich	ostrich
other	other
otherwise	otherwise
oto	oto
otter	otter
ottoman	ottoman
ounce	ounce
ounces	ounce
out	out
outcome	outcome
outdo	outdo
outdoor	outdoor
outdoors	outdoors
outer	outer
outhouses	outhouse
outings	outing
outlying	outlying
outplayed	outplayed
outposts	outpost
output	output
outrigger	outrigger
outrun	outrun
outs	out
outshines	outshines
outside	outside
outsider	outsider
outsiders	outsider
outskirt	outskirt
outskirts	outskirt
outstation	outstation
outweigh	outweigh
ov	ov
oven	oven
over	over
overall	overall
overbearing	overbearing
overboard	overboard
overburden	overburden
overcame	overcame
overclothes	overclothes
overcome	overcome
overcook	overcook
overdoing	overdoing
overflew	overflew
overflowing	overflowing
overflown	overflown
overgrown	overgrown
overhaul	overhaul
overhead	overhead
overheard	overheard
overjoyed	overjoyed
overlap	overlap
overlapping	overlapping
overlook	overlook
overnight	overnight
overpass	overpass
overpower	overpower
overpowered	overpowered
overseas	overseas
oversee	oversee
overseer	overseer
overtake	overtake
overtaken	overtaken
overtakes	overtakes
overtaking	overtaking
overtime	overtime
overtook	overtook
overturn	overturn
overturned	overturned
overturning	overturning
overturns	overturn
overwhelmed	overwhelmed
owe	owe
owed	owed
owing	owing
owl	owl
owls	owl
own	own
owned	owned
owner	owner
owners	owner
ownership	ownership
owning	owning
owns	owns
ox	ox
oxcart	oxcart
oxen	ox
oxtail	oxtail
p	p
pa	pa
paca	paca
pacas	paca
pace	pace
pacify	pacify
pacing	pacing
pack	pack
package	package
packages	package
packed	packed
packet	packet
packets	packet
packing	packing
packs	pack
packsaddle	packsaddle
padded	padded
padding	padding
paddle	paddle
paddled	paddled
paddler	paddler
paddlers	paddler
paddles	paddle
paddling	paddling
paddock	paddock
paddy	paddy
padlock	padlock
padre	padre
padres	padre
page	page
paid	paid
paies	pay
pails	pail
pain	pain
painful	painful
painfully	painfully
pains	pain
paint	paint
painted	painted
painting	painting
pair	pair
pairs	pair
pakistan	pakistan
palace	palace
paler	paler
pali	pali
palm	palm
palmer	palmer
palmier	palmier
palms	palm
pals	pal
palsy	palsy
pampers	pampers
pan	pan
pancake	pancake
pancakes	pancake
pandanus	pandanus
panes	pane
pang	pang
panicked	panicked
panicking	panicking
pannier	pannier
pannikin	pannikin
pans	pan
pant	pant
panted	panted
panting	panting
pantry	pantry
pants	pant
panty	panty
pap	pap
papa	papa
papaya	papaya
papayas	papaya
paper	paper
papers	paper
papuan	papuan
papuans	papuan
papyrus	papyrus
par	par
para	para
parachute	parachute
parachutes	parachute
paradise	paradise
paraffin	paraffin
paragraphs	paragraph
parakeets	parakeet
parallel	parallel
parasite	parasite
paratrooper	paratrooper
parboils	parboils
parcel	parcel
parcels	parcel
pardon	pardon
pared	pared
parent	parent
parents	parent
parentss	parent
parish	parish
park	park
parka	parka
parked	parked
parkers	parker
parking	parking
parliament	parliament
parlour	parlour
parochialism	parochialism
parrot	parrot
parrots	parrot
parsley	parsley
parson	parson
part	part
parted	parted
partes	partes
participant	participant
participate	participate
participated	participated
participating	participating
participation	participation
particular	particular
particularly	particularly
parties	party
partition	partition
partizan	partizan
partly	partly
partner	partner
partners	partner
partridge	partridge
partridges	partridge
parts	part
party	party
partying	partying
pas	pa
pasha	pasha
pashas	pasha
pass	pas
passable	passable
passage	passage
passages	passage
passed	passed
passenger	passenger
passengers	passenger
passers	passer
passes	pass
passing	passing
passive	passive
passport	passport
past	past
paste	paste
pasted	pasted
pastes	paste
pastime	pastime
pastor	pastor
pastors	pastor
pasts	past
pasture	pasture
pastured	pastured
pastures	pasture
pat	pat
patas	patas
patch	patch
patched	patched
patches	patch
pate	pate
paternal	paternal
path	path
pathetic	pathetic
paths	path
patience	patience
patient	patient
patiently	patiently
patients	patient
patio	patio
patrick	patrick
patriotic	patriotic
patrol	patrol
patrolling	patrolling
patrons	patron
patronym	patronym
patronymic	patronymic
pats	pat
patted	patted
pattern	pattern
patterned	patterned
patterns	pattern
patting	patting
paul	paul
pauper	pauper
paused	paused
pauses	pause
pave	pave
paved	paved
paw	paw
pawed	pawed
pawpaw	pawpaw
pawpaws	pawpaw
paws	paw
pay	pay
payback	payback
paye	paye
payed	payed
payer	payer
paying	paying
payment	payment
payments	payment
pays	pay
pea	pea
peace	peace
peaceful	peaceful
peacefully	peacefully
peach	peach
peak	peak
peal	peal
pealed	pealed
peanut	peanut
peanuts	peanut
pear	pear
pearls	pearl
pears	pear
peas	pea
peasant	peasant
peasants	peasant
peat	peat
peccaries	peccary
peccary	peccary
peck	peck
pecked	pecked
pecking	pecking
pecks	peck
peculiar	peculiar
peculiarity	peculiarity
pedagogical	pedagogical
pedestrians	pedestrian
pedigree	pedigree
pedlar	pedlar
pee	pee
peed	peed
peeing	peeing
peeked	peeked
peeking	peeking
peeks	peek
peel	peel
peeled	peeled
peeling	peeling
peelings	peeling
peels	peel
peep	peep
peeped	peeped
peeping	peeping
peeps	peep
peering	peering
peg	peg
pegged	pegged
pegs	peg
peirce	peirce
pejorative	pejorative
pellets	pellet
pelota	pelota
pelt	pelt
pelted	pelted
pen	pen
penalties	penalty
penalty	penalty
pence	penny
pencil	pencil
pencils	pencil
pendant	pendant
pending	pending
penelope	penelope
penetrate	penetrate
penetrated	penetrated
penetrating	penetrating
penicillin	penicillin
penis	penis
penned	penned
pennies	penny
penniless	penniless
penny	penny
pens	pen
pension	pension
pensioner	pensioner
pensioners	pensioner
pentecostal	pentecostal
people	people
peoples	people
pepper	pepper
peppers	pepper
peppery	peppery
perceive	perceive
percent	percent
percentage	percentage
perch	perch
perched	perched
perching	perching
percy	percy
perestroika	perestroika
perfect	perfect
perfectly	perfectly
perforated	perforated
perforates	perforates
perforce	perforce
perform	perform
performance	performance
performances	performance
performed	performed
performers	performer
performing	performing
performs	performs
perfume	perfume
perfumed	perfumed
perfumes	perfume
perhaps	perhaps
period	period
periods	period
perishing	perishing
perks	perk
permanent	permanent
permanently	permanently
permission	permission
permitted	permitted
perplexed	perplexed
persevere	persevere
persia	persia
person	person
persona	persona
personal	personal
personally	personally
personas	persona
persons	person
perspective	perspective
perspires	perspires
persuade	persuade
persuaded	persuaded
persuading	persuading
pertaining	pertaining
peru	peru
peruse	peruse
peruvian	peruvian
pesos	peso
pest	pest
pester	pester
pestering	pestering
pesticide	pesticide
pestilent	pestilent
pestle	pestle
pet	pet
peter	peter
petite	petite
petrol	petrol
pets	pet
petted	petted
petty	petty
peyote	peyote
pharmacies	pharmacy
pharmacy	pharmacy
pheasants	pheasant
philosophers	philosopher
philosophy	philosophy
phlegm	phlegm
phone	phone
phoned	phoned
phones	phone
phoning	phoning
photo	photo
photograph	photograph
photos	photo
phrase	phrase
phrases	phrase
physical	physical
physically	physically
pica	pica
pick	pick
pickaxe	pickaxe
picked	picked
pickers	picker
picket	picket
picking	picking
pickled	pickled
pickles	pickle
picks	pick
picnics	picnic
picture	picture
pictures	picture
pie	pie
piece	piece
pieces	piece
pied	pied
pier	pier
pierce	pierce
pierced	pierced
pierces	pierce
piercing	piercing
pies	pie
pig	pig
pigeon	pigeon
pigeons	pigeon
piglet	piglet
piglets	piglet
pigs	pig
pigsty	pigsty
pile	pile
piled	piled
piles	pile
pilgrimage	pilgrimage
piling	piling
pill	pill
pillar	pillar
pillars	pillar
pillow	pillow
pillows	pillow
pills	pill
pilot	pilot
pilots	pilot
pima	pima
pimple	pimple
pin	pin
pinch	pinch
pinched	pinched
pinching	pinching
pine	pine
pineapple	pineapple
pineapples	pineapple
pines	pine
ping	ping
pink	pink
pinkish	pinkish
pins	pin
pint	pint
pintado	pintado
pinter	pinter
pinto	pinto
pioneer	pioneer
pioneers	pioneer
pious	pious
pipe	pipe
pipers	piper
pipes	pipe
piping	piping
pique	pique
piranhas	piranha
piss	piss
pisses	piss
pissing	pissing
pistol	pistol
pit	pit
pita	pita
pitch	pitch
pitched	pitched
pitcher	pitcher
pitied	pitied
pities	pity
pitiful	pitiful
pits	pit
pity	pity
pitying	pitying
place	place
placed	placed
placenta	placenta
places	place
placing	placing
plague	plague
plain	plain
plains	plain
plait	plait
plaited	plaited
plaiting	plaiting
plaits	plait
plan	plan
plane	plane
planes	plane
planing	planing
plank	plank
planking	planking
planks	plank
planned	planned
planning	planning
plans	plan
plant	plant
plantain	plantain
plantains	plantain
plantation	plantation
plantations	plantation
planted	planted
planter	planter
planters	planter
planting	planting
plants	plant
plaster	plaster
plastered	plastered
plastic	plastic
plate	plate
plateau	plateau
plateaus	plateau
plates	plate
platform	platform
platforms	platform
platter	platter
play	play
played	played
player	player
players	player
playfully	playfully
playground	playground
playing	playing
plays	play
plaza	plaza
pleaded	pleaded
pleasant	pleasant
please	please
pleased	pleased
pleases	plea
pleasure	pleasure
pleiades	pleiades
plenitude	plenitude
plentiful	plentiful
plenty	plenty
pliers	plier
plot	plot
plots	plot
plough	plough
ploughed	ploughed
ploughing	ploughing
ploughs	plough
plover	plover
plow	plow
plowed	plowed
plowing	plowing
pluck	pluck
plucked	plucked
plucking	plucking
plucks	pluck
plug	plug
plum	plum
plums	plum
plundered	plundered
plunge	plunge
plunged	plunged
plunges	plunge
plural	plural
plus	plus
plyed	plyed
plymouth	plymouth
plywood	plywood
pm	pm
poach	poach
poaching	poaching
pocket	pocket
pockets	pocket
pod	pod
pods	pod
poem	poem
poet	poet
point	point
pointed	pointed
pointing	pointing
points	point
poison	poison
poke	poke
poked	poked
pokes	poke
poking	poking
polar	polar
pole	pole
polecat	polecat
poles	pole
police	police
policeman	policeman
policemen	policeman
policy	policy
polished	polished
polishing	polishing
polite	polite
politely	politely
political	political
politics	politics
polo	polo
pond	pond
ponder	ponder
pondered	pondered
pondering	pondering
ponds	pond
pone	pone
pones	pone
pong	pong
ponies	pony
pontoons	pontoon
pontos	pontos
pony	pony
ponycart	ponycart
pool	pool
poop	poop
poor	poor
poorer	poorer
poorest	poorest
poorly	poorly
popcorns	popcorn
pope	pope
popes	pope
poplar	poplar
poplin	poplin
popped	popped
popping	popping
pops	pop
popular	popular
populate	populate
populated	populated
population	population
porc	porc
porch	porch
porcs	porc
porcupine	porcupine
pork	pork
porridge	porridge
port	port
porte	porte
porter	porter
porters	porter
portion	portion
ports	port
pose	pose
posed	posed
poser	poser
posess	pose
position	position
positions	position
posses	posse
possess	posse
possessed	possessed
possesses	posse
possessing	possessing
possession	possession
possessions	possession
possible	possible
possibly	possibly
post	post
postage	postage
postcards	postcard
posterity	posterity
posting	posting
postman	postman
postpone	postpone
postponed	postponed
posts	post
pot	pot
potato	potato
potatoes	potato
potbelly	potbelly
potential	potential
pots	pot
pouches	pouch
poulterers	poulterer
poultice	poultice
poultry	poultry
pound	pound
pounded	pounded
pounders	pounder
pounding	pounding
pounds	pound
pour	pour
poured	poured
pouring	pouring
pours	pours
poverty	poverty
pow	pow
powder	powder
power	power
powerful	powerful
powers	power
pox	pox
practical	practical
practically	practically
practice	practice
practiced	practiced
practices	practice
practicing	practicing
practise	practise
practised	practised
praise	praise
praised	praised
praises	praise
praising	praising
prank	prank
prankster	prankster
prawns	prawn
pray	pray
prayed	prayed
prayer	prayer
prayers	prayer
praying	praying
prays	prays
preach	preach
preached	preached
preacher	preacher
preachers	preacher
precaution	precaution
precede	precede
precedes	precedes
preceding	preceding
precious	precious
precipice	precipice
precisely	precisely
predication	predication
predictions	prediction
prefect	prefect
prefecture	prefecture
prefectures	prefecture
prefer	prefer
prefered	prefered
preferences	preference
preferred	preferred
prefers	prefers
prefixes	prefix
pregnancy	pregnancy
pregnant	pregnant
premiers	premier
premises	premise
prep	prep
preparation	preparation
preparations	preparation
prepare	prepare
prepared	prepared
preparedness	preparedness
prepares	prepares
preparing	preparing
presbyterian	presbyterian
presence	presence
present	present
presentation	presentation
presented	presented
presenter	presenter
presenting	presenting
presently	presently
presents	present
preserve	preserve
preserved	preserved
president	president
presides	presides
press	press
pressed	pressed
presses	press
pressing	pressing
pressure	pressure
prestige	prestige
presumably	presumably
presume	presume
presumed	presumed
pretend	pretend
pretended	pretended
pretending	pretending
pretends	pretend
prettier	prettier
prettiest	prettiest
pretty	pretty
prevaricated	prevaricated
prevent	prevent
prevented	prevented
preventing	preventing
prevents	prevents
previous	previous
previously	previously
prey	prey
price	price
prick	prick
pricked	pricked
pricker	pricker
pricking	pricking
prickly	prickly
pride	pride
pried	pried
priest	priest
priests	priest
primary	primary
prime	prime
primitive	primitive
prince	prince
principal	principal
principals	principal
principle	principle
principles	principle
printed	printed
printers	printer
printing	printing
prints	print
prior	prior
priorities	priority
priority	priority
prison	prison
prisoner	prisoner
prisoners	prisoner
prisons	prison
private	private
privately	privately
privileged	privileged
prize	prize
prizes	prize
probably	probably
problem	problem
problems	problem
proceed	proceed
process	process
processed	processed
processes	process
processing	processing
procession	procession
procured	procured
produce	produce
produced	produced
producers	producer
produces	produce
producing	producing
product	product
production	production
productive	productive
productively	productively
products	product
profession	profession
professional	professional
professionals	professional
professor	professor
professors	professor
proficiency	proficiency
profit	profit
profitable	profitable
program	program
programmes	programme
progress	progress
progressed	progressed
progresses	progress
progressively	progressively
prohibited	prohibited
project	project
projects	project
prominent	prominent
promise	promise
promised	promised
promises	promise
promotion	promotion
prone	prone
pronk	pronk
pronounce	pronounce
pronounced	pronounced
pronto	pronto
pronunciation	pronunciation
proof	proof
propagate	propagate
propagated	propagated
propagates	propagates
propagating	propagating
proper	proper
properly	properly
properties	property
property	property
prophet	prophet
proposal	proposal
propose	propose
proposed	proposed
proposes	proposes
proposing	proposing
proprietors	proprietor
pros	pro
prosecuted	prosecuted
prosecution	prosecution
prosecutor	prosecutor
prosper	prosper
prosperity	prosperity
prosperous	prosperous
prostitute	prostitute
prostitution	prostitution
protect	protect
protected	protected
protecting	protecting
protection	protection
protector	protector
protects	protects
protesting	protesting
proud	proud
proudly	proudly
prove	prove
proved	proved
proverb	proverb
proverbs	proverb
proves	prof
provide	provide
provided	provided
provident	provident
provider	provider
provides	provides
providing	providing
province	province
provincial	provincial
provision	provision
provisions	provision
provoke	provoke
prowl	prowl
prowled	prowled
prune	prune
pruning	pruning
ps	p
psychologist	psychologist
pt	pt
pu	pu
pub	pub
puberty	puberty
public	public
published	published
pubs	pub
pudding	pudding
puddle	puddle
pueblo	pueblo
pueblos	pueblo
puff	puff
puffed	puffed
pul	pul
pull	pull
pulled	pulled
pulling	pulling
pulls	pull
pulpit	pulpit
puma	puma
pumas	puma
pump	pump
pumpkin	pumpkin
pumpkins	pumpkin
pumps	pump
punch	punch
punched	punched
punches	punch
punching	punching
pung	pung
punish	punish
punished	punished
punishment	punishment
pupil	pupil
pupils	pupil
puppies	puppy
purchase	purchase
purchased	purchased
pure	pure
puree	puree
purely	purely
purer	purer
purest	purest
purified	purified
purify	purify
purifying	purifying
purple	purple
purpose	purpose
purposeful	purposeful
purposes	purpose
purse	purse
pursue	pursue
pursued	pursued
pursuing	pursuing
purus	purus
pus	pu
push	push
pushed	pushed
pushes	push
pushing	pushing
put	put
putin	putin
puting	puting
puts	put
puttee	puttee
puttees	puttee
putting	putting
puzzled	puzzled
pyjama	pyjama
pyjamas	pyjama
pyrite	pyrite
python	python
q	q
qadi	qadi
qadis	qadi
quadrangle	quadrangle
qualified	qualified
quality	quality
quantities	quantity
quantity	quantity
quarantine	quarantine
quarrel	quarrel
quarreled	quarreled
quarreling	quarreling
quarrelled	quarrelled
quarrelling	quarrelling
quarrels	quarrel
quarrelsome	quarrelsome
quart	quart
quarter	quarter
quartern	quartern
quarters	quarter
quay	quay
queen	queen
queer	queer
quenched	quenched
question	question
questioned	questioned
questioner	questioner
questioning	questioning
questions	question
queue	queue
quick	quick
quicker	quicker
quickly	quickly
quid	quid
quiet	quiet
quietly	quietly
quilt	quilt
quit	quit
quite	quite
quito	quito
quits	quits
quivering	quivering
quota	quota
quran	quran
rabbit	rabbit
rabbits	rabbit
race	race
raced	raced
races	race
racetrack	racetrack
racing	racing
rack	rack
racket	racket
radio	radio
radios	radio
raft	raft
rafted	rafted
rafter	rafter
rafts	raft
rag	rag
rags	rag
raid	raid
raided	raided
raids	raid
rail	rail
railroad	railroad
railroads	railroad
rails	rail
railway	railway
rain	rain
rainbow	rainbow
rainbows	rainbow
rained	rained
rainfall	rainfall
raining	raining
rainmakers	rainmaker
rainmaking	rainmaking
rains	rain
rainstorm	rainstorm
rainwater	rainwater
rainy	rainy
raise	raise
raised	raised
raises	raise
raising	raising
raisins	raisin
rake	rake
raked	raked
raking	raking
ram	ram
rama	rama
ramadan	ramadan
ramas	rama
rambutan	rambutan
rammed	rammed
ran	ran
ranch	ranch
ranches	ranch
rand	rand
random	random
randomly	randomly
rang	rang
range	range
ranger	ranger
rank	rank
rankin	rankin
ranking	ranking
rankling	rankling
ranks	rank
rap	rap
raped	raped
rapeseed	rapeseed
rapeseeds	rapeseed
rapidly	rapidly
rare	rare
rarely	rarely
rascal	rascal
rase	rase
rasp	rasp
raspberries	raspberry
rat	rat
rate	rate
rates	rate
rather	rather
rating	rating
ration	ration
rations	ration
rats	rat
rattan	rattan
ratting	ratting
rattle	rattle
rattling	rattling
raven	raven
ravine	ravine
raw	raw
raws	raw
ray	ray
rayon	rayon
rayons	rayon
rays	ray
re	re
reach	reach
reached	reached
reaches	reach
reaching	reaching
react	react
reacted	reacted
reacting	reacting
read	read
reader	reader
readiness	readiness
reading	reading
reads	read
ready	ready
real	real
realise	realise
realised	realised
realises	realises
realising	realising
realize	realize
realized	realized
realizes	realizes
realizing	realizing
really	really
reap	reap
reaped	reaped
reappeared	reappeared
rear	rear
rearing	rearing
reason	reason
reasoning	reasoning
reasons	reason
reassembled	reassembled
reassuringly	reassuringly
reb	reb
rebels	rebel
rebuild	rebuild
rebuilt	rebuilt
rebuke	rebuke
rebuking	rebuking
recall	recall
recalled	recalled
recede	recede
recedes	recedes
receding	receding
receipt	receipt
receive	receive
received	received
receiver	receiver
receives	receives
receiving	receiving
recent	recent
recently	recently
reception	reception
recipients	recipient
recite	recite
reckon	reckon
recognise	recognise
recognised	recognised
recognises	recognises
recognising	recognising
recognize	recognize
recognized	recognized
recognizes	recognizes
recollection	recollection
recommend	recommend
recompense	recompense
reconcile	reconcile
reconciled	reconciled
reconciliation	reconciliation
reconsider	reconsider
record	record
recorded	recorded
recorder	recorder
recorders	recorder
recording	recording
recordings	recording
records	record
recount	recount
recounted	recounted
recounts	recount
recover	recover
recovered	recovered
recovering	recovering
recovers	recovers
recovery	recovery
recruited	recruited
recruiting	recruiting
rectangular	rectangular
red	red
reddish	reddish
redeemed	redeemed
redemption	redemption
redhead	redhead
redness	redness
redo	redo
redone	redone
reduce	reduce
reduced	reduced
reduces	reduces
reducing	reducing
reed	reed
reef	reef
reel	reel
reeled	reeled
refer	refer
referee	referee
reference	reference
referendum	referendum
refering	refering
referred	referred
referring	referring
refers	refers
refine	refine
refined	refined
reflecting	reflecting
reflection	reflection
reforming	reforming
refrain	refrain
refresh	refresh
refreshing	refreshing
refreshments	refreshment
refuel	refuel
refueled	refueled
refuge	refuge
refugees	refugee
refugess	refuge
refuse	refuse
refused	refused
refuses	refuse
refusing	refusing
regard	regard
regarded	regarded
regarding	regarding
regardless	regardless
regards	regard
regime	regime
regiments	regiment
regina	regina
region	region
regional	regional
regions	region
register	register
registered	registered
registration	registration
regress	regress
regret	regret
regreted	regreted
regretful	regretful
regrets	regret
regretted	regretted
regular	regular
regularly	regularly
regulate	regulate
regulated	regulated
regulating	regulating
regulation	regulation
regulations	regulation
rehearsed	rehearsed
reign	reign
reigning	reigning
reigns	reign
reindeer	reindeer
reindeers	reindeer
reins	rein
reject	reject
rejected	rejected
rejects	reject
rejoice	rejoice
rejoiced	rejoiced
rejoicing	rejoicing
relate	relate
related	related
relating	relating
relation	relation
relations	relation
relationship	relationship
relationships	relationship
relative	relative
relatives	relative
relax	relax
relaxed	relaxed
release	release
released	released
relentlessly	relentlessly
relevance	relevance
reliable	reliable
relic	relic
relief	relief
relieve	relieve
relieved	relieved
religion	religion
religions	religion
religious	religious
relish	relish
relishing	relishing
relocate	relocate
relocated	relocated
reluctantly	reluctantly
rely	rely
relying	relying
remain	remain
remainder	remainder
remained	remained
remaining	remaining
remains	remains
remarkable	remarkable
remarried	remarried
remarry	remarry
remedies	remedy
remedy	remedy
remember	remember
remembered	remembered
remembering	remembering
remembers	remembers
remind	remind
reminded	reminded
reminds	reminds
remorse	remorse
remote	remote
removal	removal
remove	remove
removed	removed
remover	remover
removes	remove
removing	removing
remuneration	remuneration
rendered	rendered
rendezvous	rendezvous
renew	renew
renovate	renovate
renovated	renovated
rent	rent
rented	rented
repair	repair
repaired	repaired
repairers	repairer
repairing	repairing
repairs	repair
repay	repay
repeat	repeat
repeated	repeated
repeatedly	repeatedly
repeating	repeating
repeats	repeat
repellent	repellent
repent	repent
repentant	repentant
repetition	repetition
replace	replace
replaced	replaced
replacement	replacement
replayed	replayed
replete	replete
replied	replied
replies	reply
reply	reply
replying	replying
report	report
reported	reported
reporting	reporting
reports	report
represent	represent
representative	representative
represents	represents
reprimands	reprimand
reproach	reproach
reproduce	reproduce
reproduces	reproduces
reproducing	reproducing
reproduction	reproduction
republican	republican
reputation	reputation
request	request
requested	requested
require	require
required	required
requirements	requirement
requires	requires
requisitioned	requisitioned
res	re
rescue	rescue
rescued	rescued
researched	researched
resell	resell
resemblance	resemblance
resemble	resemble
resembled	resembled
resembles	resembles
resembling	resembling
reservation	reservation
reservations	reservation
reserve	reserve
reserved	reserved
reserves	reserve
reservoir	reservoir
reside	reside
resided	resided
residence	residence
resident	resident
residents	resident
resides	resides
residing	residing
residue	residue
resigned	resigned
resin	resin
resist	resist
resistance	resistance
resistant	resistant
resisted	resisted
resolve	resolve
resolved	resolved
resonates	resonates
resort	resort
resounded	resounded
respect	respect
respectable	respectable
respected	respected
respectful	respectful
respectfully	respectfully
respecting	respecting
respective	respective
respectively	respectively
respects	respect
respond	respond
responded	responded
responds	responds
response	response
responsibilities	responsibility
responsibility	responsibility
responsible	responsible
rest	rest
restart	restart
restaurant	restaurant
rested	rested
rester	rester
resting	resting
restitution	restitution
restless	restless
restlessly	restlessly
restore	restore
restored	restored
restrict	restrict
restrictions	restriction
restructuring	restructuring
rests	rest
result	result
resulted	resulted
resulting	resulting
results	result
resurrect	resurrect
resurrected	resurrected
retail	retail
retain	retain
retained	retained
retching	retching
retire	retire
retired	retired
retract	retract
retreat	retreat
retreated	retreated
retreating	retreating
retrenchment	retrenchment
retrieve	retrieve
retrieved	retrieved
retriever	retriever
return	return
returned	returned
returning	returning
returns	return
reunion	reunion
reunite	reunite
reunited	reunited
rev	rev
reveal	reveal
revealing	revealing
revenge	revenge
revenged	revenged
revenue	revenue
reverend	reverend
reverses	revers
revise	revise
revision	revision
revive	revive
revived	revived
revolt	revolt
revolver	revolver
reward	reward
rewarded	rewarded
rewards	reward
rheumatism	rheumatism
rhinos	rhino
rhodium	rhodium
rhyme	rhyme
rhythm	rhythm
ri	ri
rib	rib
ribbon	ribbon
ribs	rib
ricardo	ricardo
rice	rice
rich	rich
riches	rich
richly	richly
richness	richness
rico	rico
rid	rid
ridden	ridden
riddle	riddle
riddles	riddle
ride	ride
rider	rider
riders	rider
rides	ride
ridge	ridge
ridges	ridge
riding	riding
rife	rife
rifle	rifle
rifles	rifle
right	right
rightly	rightly
rights	right
rigid	rigid
rigidly	rigidly
riley	riley
rim	rim
ring	ring
ringer	ringer
ringers	ringer
ringing	ringing
rings	ring
rinse	rinse
rio	rio
riot	riot
rip	rip
ripe	ripe
riped	riped
ripen	ripen
ripened	ripened
ripening	ripening
ripens	ripens
ripped	ripped
ripping	ripping
ripple	ripple
rips	rip
rise	rise
risen	risen
rises	rise
rising	rising
risk	risk
risky	risky
rite	rite
rites	rite
ritual	ritual
ritually	ritually
rituals	ritual
rivalry	rivalry
river	river
riverbank	riverbank
riverbed	riverbed
rivers	river
riverside	riverside
rivulet	rivulet
rivulets	rivulet
ro	ro
roaches	roach
road	road
roads	road
roadside	roadside
roadway	roadway
roam	roam
roamed	roamed
roaming	roaming
roams	roams
roar	roar
roared	roared
roaring	roaring
roars	roar
roast	roast
roasted	roasted
roasters	roaster
roasting	roasting
roasts	roast
rob	rob
robbed	robbed
robber	robber
robbery	robbery
robe	robe
robert	robert
rock	rock
rocking	rocking
rocks	rock
rod	rod
rode	rode
rods	rod
roe	roe
rogues	rogue
roi	roi
role	role
roll	roll
rolled	rolled
rolling	rolling
rollo	rollo
rolls	roll
roman	roman
romance	romance
romper	romper
roof	roof
roofed	roofed
roofing	roofing
roofs	roof
rooftops	rooftop
room	room
rooms	room
rooster	rooster
roosters	rooster
root	root
rooted	rooted
roots	root
rope	rope
roped	roped
ropes	rope
ros	ro
rosa	rosa
rosaries	rosary
rosary	rosary
rose	rose
roses	rose
rosewood	rosewood
roster	roster
rostov	rostov
rot	rot
rota	rota
rotted	rotted
rotten	rotten
rotting	rotting
rouble	rouble
roubles	rouble
rough	rough
roughhouse	roughhouse
roughly	roughly
roughness	roughness
round	round
roundabout	roundabout
roundabouts	roundabout
rounded	rounded
roundhouse	roundhouse
roundhouses	roundhouse
roundness	roundness
rouse	rouse
roused	roused
route	route
routine	routine
row	row
rowing	rowing
rows	row
royal	royal
rub	rub
rubbed	rubbed
rubber	rubber
rubbing	rubbing
rubbish	rubbish
rubles	ruble
rubs	rub
rude	rude
ruffians	ruffian
ruin	ruin
ruined	ruined
ruining	ruining
ruins	ruin
rule	rule
ruled	ruled
ruler	ruler
rulers	ruler
rules	rule
ruling	ruling
rumble	rumble
rumbling	rumbling
ruminating	ruminating
rumour	rumour
rumours	rumour
rump	rump
run	run
rung	rung
runing	runing
runner	runner
running	running
runs	run
runts	runt
rupees	rupee
rural	rural
rush	rush
rushed	rushed
rushes	rush
rushing	rushing
russia	russia
russian	russian
russians	russian
rustled	rustled
rustling	rustling
rut	rut
ruth	ruth
rwanda	rwanda
rye	rye
ryes	rye
s	s
sa	sa
saber	saber
sable	sable
sables	sable
sabotaging	sabotaging
sack	sack
sacking	sacking
sacks	sack
sacrament	sacrament
sacred	sacred
sacrifice	sacrifice
sacrificed	sacrificed
sacrifices	sacrifice
sacrificial	sacrificial
sacristan	sacristan
sad	sad
sadden	sadden
saddle	saddle
saddlebag	saddlebag
saddlebags	saddlebag
saddled	saddled
saddles	saddle
sade	sade
sadly	sadly
sadness	sadness
safari	safari
safe	safe
safely	safely
safer	safer
safety	safety
sag	sag
sago	sago
sagos	sago
said	said
sail	sail
sailed	sailed
sailing	sailing
saint	saint
saints	saint
sake	sake
salaam	salaam
salad	salad
salary	salary
sale	sale
sales	sale
salesperson	salesperson
salient	salient
salisbury	salisbury
saliva	saliva
salivated	salivated
salt	salt
salted	salted
salts	salt
saltwater	saltwater
salty	salty
salute	salute
saluted	saluted
salvadora	salvadora
salvage	salvage
sam	sam
same	same
samen	saman
samoa	samoa
samovar	samovar
samson	samson
samuel	samuel
sana	sana
sanction	sanction
sand	sand
sandals	sandal
sandbags	sandbag
sandpaper	sandpaper
sandpapered	sandpapered
sands	sand
sandstone	sandstone
sandwich	sandwich
sandy	sandy
sane	sane
sang	sang
sanitary	sanitary
sank	sank
santa	santa
santos	santos
sap	sap
sapling	sapling
saplings	sapling
saratoga	saratoga
sardines	sardine
sash	sash
sat	sat
satan	satan
sated	sated
satiated	satiated
satiety	satiety
satin	satin
satirical	satirical
satisfied	satisfied
satisfies	satisfies
satisfy	satisfy
saturday	saturday
saturdays	saturday
sauce	sauce
saucepan	saucepan
saucepans	saucepan
saucer	saucer
sauces	sauce
saudi	saudi
saul	saul
sauna	sauna
saunter	saunter
sauntered	sauntered
sauntering	sauntering
sausage	sausage
sauteed	sauteed
savage	savage
savannah	savannah
save	save
saved	saved
saver	saver
saves	save
savings	saving
saviour	saviour
saw	saw
sawing	sawing
sawn	sawn
say	say
saying	saying
sayings	saying
says	say
scab	scab
scabies	scabies
scaffolding	scaffolding
scalded	scalded
scale	scale
scales	scale
scalp	scalp
scandals	scandal
scar	scar
scarce	scarce
scare	scare
scarecrow	scarecrow
scarecrows	scarecrow
scared	scared
scares	scare
scarf	scarf
scaring	scaring
scarp	scarp
scarves	scarf
scary	scary
scatted	scatted
scatter	scatter
scattered	scattered
scattering	scattering
scene	scene
scent	scent
scheme	scheme
scholarship	scholarship
school	school
schoolboy	schoolboy
schoolchild	schoolchild
schooling	schooling
schoolmaster	schoolmaster
schoolroom	schoolroom
schools	school
science	science
scientific	scientific
scientist	scientist
scientists	scientist
scissors	scissors
scold	scold
scolded	scolded
scolding	scolding
scolds	scold
scoop	scoop
scooped	scooped
scooping	scooping
scoops	scoop
scooter	scooter
scorch	scorch
scorched	scorched
score	score
scored	scored
scores	score
scorpion	scorpion
scotch	scotch
scotland	scotland
scots	scot
scotsman	scotsman
scottish	scottish
scourges	scourge
scout	scout
scouts	scout
scowl	scowl
scraggy	scraggy
scrap	scrap
scrape	scrape
scraped	scraped
scraper	scraper
scrapes	scrape
scraping	scraping
scraps	scrap
scratch	scratch
scratched	scratched
scratches	scratch
scratching	scratching
scream	scream
screamed	screamed
screaming	screaming
screams	scream
screen	screen
screened	screened
screw	screw
script	script
scroll	scroll
scrolled	scrolled
scrub	scrub
scrubber	scrubber
scrubbing	scrubbing
scrutinized	scrutinized
scuffled	scuffled
scuffles	scuffle
sculling	sculling
sculpt	sculpt
scuttle	scuttle
scythe	scythe
scythes	scythe
sd	sd
se	se
sea	sea
seafood	seafood
seagull	seagull
seal	seal
sealed	sealed
seamless	seamless
seams	seam
seamstress	seamstress
search	search
searched	searched
searches	search
searching	searching
searchingly	searchingly
seas	sea
seashore	seashore
seaside	seaside
season	season
seasonal	seasonal
seasons	season
seat	seat
seated	seated
seating	seating
seats	seat
seawards	seaward
seawater	seawater
seawaters	seawater
seaweed	seaweed
second	second
secondary	secondary
seconds	second
secret	secret
secretaries	secretary
secretary	secretary
secretly	secretly
secrets	secret
section	section
sections	section
sector	sector
sectors	sector
secure	secure
secured	secured
securely	securely
security	security
see	see
seed	seed
seedbed	seedbed
seedling	seedling
seedlings	seedling
seeds	seed
seeing	seeing
seek	seek
seeking	seeking
seeks	seek
seem	seem
seemed	seemed
seemingly	seemingly
seems	seems
seen	seen
seer	seer
sees	see
seesawing	seesawing
seine	seine
seing	seing
seize	seize
seized	seized
seizes	seizes
seldom	seldom
select	select
selected	selected
selection	selection
self	self
selfish	selfish
sell	sell
seller	seller
sellers	seller
selling	selling
sells	sell
selva	selva
selvas	selva
selves	self
semen	semen
semester	semester
seminar	seminar
send	send
sending	sending
sends	sends
senegal	senegal
senile	senile
senior	senior
seniors	senior
sense	sense
senseless	senseless
senses	sens
sensitive	sensitive
sent	sent
sentence	sentence
sentences	sentence
sentinel	sentinel
sentinels	sentinel
seoul	seoul
separate	separate
separated	separated
separately	separately
separates	separate
september	september
sera	serum
serengeti	serengeti
sergeant	sergeant
serials	serial
series	series
serious	serious
seriously	seriously
seriousness	seriousness
sermon	sermon
sermons	sermon
serpent	serpent
serpents	serpent
servant	servant
servants	servant
serve	serve
served	served
serves	serf
service	service
serviced	serviced
services	service
serving	serving
ses	s
sesame	sesame
session	session
set	set
sets	set
setting	setting
settings	setting
settle	settle
settled	settled
settlement	settlement
settlements	settlement
settler	settler
settlers	settler
settles	settle
settling	settling
seven	seven
seventeen	seventeen
seventh	seventh
seventy	seventy
several	several
severe	severe
severely	severely
sew	sew
sewed	sewed
sewing	sewing
sewn	sewn
sews	sews
sex	sex
sexual	sexual
sexy	sexy
sg	sg
sgs	sg
shabby	shabby
shade	shade
shadow	shadow
shadows	shadow
shady	shady
shaft	shaft
shafts	shaft
shake	shake
shaken	shaken
shakes	shake
shakespeare	shakespeare
shaking	shaking
shallow	shallow
shaman	shaman
shamanised	shamanised
shamanism	shamanism
shamanize	shamanize
shamanizing	shamanizing
shamans	shaman
shame	shame
shameful	shameful
shape	shape
shaped	shaped
shapes	shape
share	share
shared	shared
shares	share
sharing	sharing
shark	shark
sharks	shark
sharp	sharp
sharpen	sharpen
sharpened	sharpened
sharpening	sharpening
sharpens	sharpens
sharper	sharper
sharpest	sharpest
sharps	sharp
shat	shat
shattered	shattered
shave	shave
shaved	shaved
shaver	shaver
shaves	shave
shaving	shaving
shawl	shawl
shawls	shawl
sheaf	sheaf
sheafs	sheaf
sheared	sheared
shears	shear
sheaves	sheaf
shed	shed
sheds	shed
sheep	sheep
sheeps	sheep
sheepskin	sheepskin
sheepskins	sheepskin
sheet	sheet
sheets	sheet
sheikh	sheikh
sheikhs	sheikh
shelf	shelf
shell	shell
shelled	shelled
shellfish	shellfish
shellfishes	shellfish
shells	shell
shelter	shelter
sheltered	sheltered
shelters	shelter
shelve	shelve
shepherd	shepherd
shepherds	shepherd
shied	shied
shield	shield
shields	shield
shies	shy
shift	shift
shifted	shifted
shifting	shifting
shilling	shilling
shillings	shilling
shim	shim
shimmering	shimmering
shin	shin
shine	shine
shined	shined
shines	shine
shining	shining
shinning	shinning
shins	shin
shiny	shiny
ship	ship
shipbuilding	shipbuilding
shipped	shipped
ships	ship
shipwright	shipwright
shipwrights	shipwright
shipyard	shipyard
shipyards	shipyard
shirk	shirk
shirt	shirt
shirts	shirt
shit	shit
shits	shit
shitted	shitted
shitting	shitting
shivered	shivered
shivering	shivering
shock	shock
shocked	shocked
shocking	shocking
shocks	shock
shod	shod
shoe	shoe
shoelace	shoelace
shoemaker	shoemaker
shoemakers	shoemaker
shoes	shoe
shone	shone
shoo	shoo
shooed	shooed
shook	shook
shoos	shoos
shoot	shoot
shooter	shooter
shooters	shooter
shooting	shooting
shootout	shootout
shoots	shoot
shop	shop
shopping	shopping
shops	shop
shore	shore
shores	shore
short	short
shortage	shortage
shortcut	shortcut
shorten	shorten
shorter	shorter
shortish	shortish
shortly	shortly
shorts	short
shoshoni	shoshoni
shot	shot
shotgun	shotgun
shotguns	shotgun
shots	shot
shoulder	shoulder
shoulders	shoulder
shout	shout
shouted	shouted
shouter	shouter
shouting	shouting
shouts	shout
shove	shove
shoved	shoved
shovel	shovel
shovelled	shovelled
shovelling	shovelling
shovels	shovel
show	show
showed	showed
shower	shower
showing	showing
shown	shown
shows	show
shrapnel	shrapnel
shrimp	shrimp
shrimps	shrimp
shrine	shrine
shrinking	shrinking
shrubs	shrub
shunted	shunted
shut	shut
shuts	shuts
shutters	shutter
shy	shy
shyer	shyer
si	si
siamangs	siamang
siberia	siberia
siberian	siberian
sibling	sibling
siblings	sibling
sic	sic
sick	sick
sickeness	sickeness
sickle	sickle
sickles	sickle
sickness	sickness
sicknesses	sickness
side	side
sidecar	sidecar
sidelines	sideline
sides	side
sidetracked	sidetracked
sideways	sideways
sieve	sieve
sieves	sieve
sieving	sieving
sifted	sifted
sigh	sigh
sight	sight
sighted	sighted
sights	sight
sign	sign
signal	signal
signals	signal
signature	signature
signed	signed
signes	signes
significance	significance
signify	signify
signing	signing
signs	sign
silence	silence
silenced	silenced
silent	silent
silently	silently
silhouetted	silhouetted
silk	silk
silly	silly
silver	silver
silvia	silvia
similar	similar
similarly	similarly
simmer	simmer
simmering	simmering
simon	simon
simple	simple
simply	simply
sin	sin
sincere	sincere
sincerely	sincerely
sinew	sinew
sinews	sinew
sinewy	sinewy
sinful	sinful
sing	sing
singapore	singapore
singe	singe
singeing	singeing
singer	singer
singers	singer
singes	singe
singing	singing
single	single
singling	singling
sings	sings
sink	sink
sinking	sinking
sinks	sink
sinned	sinned
sins	sin
sip	sip
sipping	sipping
sips	sip
sir	sir
sire	sire
sirs	sir
sis	si
sissy	sissy
sister	sister
sisters	sister
sit	sit
site	site
sites	site
siting	siting
sits	sits
sitta	sitta
sitting	sitting
situated	situated
situation	situation
situations	situation
six	six
sixpence	sixpence
sixteen	sixteen
sixth	sixth
sixty	sixty
size	size
sized	sized
sizing	sizing
skated	skated
skating	skating
skeleton	skeleton
skeletons	skeleton
skep	skep
ski	ski
skid	skid
skids	skid
skies	sky
skiing	skiing
skill	skill
skilled	skilled
skills	skill
skin	skin
skinned	skinned
skinning	skinning
skinny	skinny
skins	skin
skip	skip
skipped	skipped
skipper	skipper
skipping	skipping
skirt	skirt
skirts	skirt
skis	ski
skull	skull
skulls	skull
sky	sky
skylight	skylight
slab	slab
slack	slack
slacks	slack
slain	slain
slammed	slammed
slander	slander
slanders	slander
slanting	slanting
slap	slap
slapped	slapped
slapping	slapping
slaps	slap
slash	slash
slashed	slashed
slate	slate
slates	slate
slaughter	slaughter
slaughtered	slaughtered
slaughtering	slaughtering
slaughters	slaughter
slave	slave
slavery	slavery
slaves	slave
slay	slay
slayed	slayed
sled	sled
sledge	sledge
sledges	sledge
sleds	sled
sleek	sleek
sleep	sleep
sleeping	sleeping
sleeps	sleep
sleepy	sleepy
sleeve	sleeve
sleeves	sleeve
sleigh	sleigh
slept	slept
slew	slew
slice	slice
sliced	sliced
slices	slice
slid	slid
slide	slide
slided	slided
slides	slide
sliding	sliding
slightest	slightest
slightly	slightly
slim	slim
sling	sling
slinged	slinged
slings	sling
slingshot	slingshot
slingshots	slingshot
slip	slip
slipknots	slipknot
slipped	slipped
slipper	slipper
slippers	slipper
slippery	slippery
slips	slip
slit	slit
sliver	sliver
slogging	slogging
slogs	slogs
slope	slope
sloped	sloped
slopes	slope
sloth	sloth
sloths	sloth
slots	slot
slow	slow
slowed	slowed
slower	slower
slowly	slowly
slung	slung
slurry	slurry
sly	sly
slyness	slyness
sm	sm
smack	smack
smacked	smacked
smacking	smacking
small	small
smaller	smaller
smallest	smallest
smallpox	smallpox
smart	smart
smash	smash
smashed	smashed
smashing	smashing
smear	smear
smeared	smeared
smearing	smearing
smears	smear
smell	smell
smelled	smelled
smelling	smelling
smells	smell
smelly	smelly
smelt	smelt
smile	smile
smiled	smiled
smiler	smiler
smiling	smiling
smite	smite
smith	smith
smiths	smith
smithy	smithy
smoke	smoke
smoked	smoked
smoker	smoker
smokers	smoker
smokes	smoke
smoking	smoking
smoky	smoky
smooth	smooth
smoothed	smoothed
smoothly	smoothly
sms	sm
smudge	smudge
smudging	smudging
snack	snack
snacks	snack
snags	snag
snail	snail
snake	snake
snakes	snake
snap	snap
snapped	snapped
snapping	snapping
snare	snare
snared	snared
snares	snare
snatch	snatch
snatched	snatched
snatches	snatch
snatching	snatching
sneak	sneak
sneaked	sneaked
sneaking	sneaking
sneaks	sneak
sneeze	sneeze
sneezed	sneezed
sneezes	sneeze
sniff	sniff
sniffed	sniffed
sniffing	sniffing
snipped	snipped
snobs	snob
snored	snored
snoring	snoring
snorings	snoring
snot	snot
snout	snout
snouts	snout
snow	snow
snowdrift	snowdrift
snowed	snowed
snowfall	snowfall
snowing	snowing
snowmen	snowman
snowmobile	snowmobile
snows	snow
snowstorm	snowstorm
snowstorms	snowstorm
snuck	snuck
so	so
soak	soak
soaked	soaked
soap	soap
soapbox	soapbox
soaps	soap
soaring	soaring
soars	soar
sobbing	sobbing
sober	sober
social	social
socialism	socialism
socialist	socialist
societies	society
society	society
sock	sock
socks	sock
soda	soda
soft	soft
soften	soften
softened	softened
softer	softer
softly	softly
softness	softness
softwood	softwood
soggy	soggy
soh	soh
soigne	soigne
soil	soil
sol	sol
solar	solar
sold	sold
soldier	soldier
soldiers	soldier
sole	sole
solemn	solemn
soles	sol
solid	solid
solo	solo
solomons	solomon
solstice	solstice
solstices	solstice
solution	solution
solve	solve
solved	solved
som	som
somalia	somalia
some	some
somebody	somebody
someday	someday
somehow	somehow
someone	someone
someplace	someplace
somersault	somersault
sometime	sometime
sometimes	sometimes
somewhat	somewhat
somewhere	somewhere
somewheres	somewhere
son	son
sonar	sonar
song	song
songbird	songbird
songs	song
sons	son
soon	soon
sooner	sooner
soothsayers	soothsayer
sooty	sooty
sop	sop
sopped	sopped
sorcerer	sorcerer
sorcerers	sorcerer
sorcery	sorcery
sore	sore
sores	sore
sorghum	sorghum
sori	sorus
sorrel	sorrel
sorrowful	sorrowful
sorrows	sorrow
sorry	sorry
sort	sort
sorted	sorted
sorting	sorting
sorts	sort
sou	sou
soudan	soudan
sough	sough
sought	sought
soul	soul
souls	soul
sound	sound
sounded	sounded
sounding	sounding
sounds	sound
soup	soup
sour	sour
source	source
sources	source
sourdough	sourdough
sous	sou
souse	souse
south	south
southeast	southeast
southern	southern
southwards	southward
souvenir	souvenir
sovereign	sovereign
sovereigns	sovereign
soviet	soviet
soviets	soviet
sow	sow
sowed	sowed
sowing	sowing
sown	sown
sows	sow
soy	soy
soybean	soybean
soybeans	soybean
space	space
spaces	space
spacious	spacious
spade	spade
spades	spade
spadices	spadix
spadix	spadix
spain	spain
spaniards	spaniard
spanish	spanish
spans	span
spare	spare
spared	spared
spark	spark
sparkled	sparkled
sparkling	sparkling
sparks	spark
sparrow	sparrow
sparse	sparse
spat	spat
spatula	spatula
speak	speak
speaker	speaker
speakers	speaker
speaking	speaking
speaks	speaks
spear	spear
speared	speared
spearing	spearing
spearmint	spearmint
spears	spear
special	special
specialist	specialist
specially	specially
species	specie
specific	specific
specifically	specifically
speech	speech
speeches	speech
speechless	speechless
speed	speed
speeding	speeding
speedy	speedy
spell	spell
spelled	spelled
spells	spell
spend	spend
spending	spending
spendings	spending
spends	spends
spent	spent
spewed	spewed
spice	spice
spices	spice
spicy	spicy
spider	spider
spies	spy
spike	spike
spikes	spike
spill	spill
spilled	spilled
spills	spill
spin	spin
spindle	spindle
spine	spine
spining	spining
spinning	spinning
spins	spin
spiral	spiral
spirit	spirit
spirits	spirit
spiritual	spiritual
spit	spit
spite	spite
spits	spit
spitting	spitting
splash	splash
splashed	splashed
splashes	splash
splashing	splashing
splayed	splayed
splinter	splinter
splinters	splinter
split	split
splits	split
splitting	splitting
spoil	spoil
spoiled	spoiled
spoiling	spoiling
spoils	spoil
spoilt	spoilt
spoke	spoke
spoken	spoken
sponge	sponge
sponsors	sponsor
spooked	spooked
spoon	spoon
spoonful	spoonful
spoons	spoon
sport	sport
sports	sport
sportsman	sportsman
spot	spot
spots	spot
spotted	spotted
spouse	spouse
spout	spout
spouts	spout
sprang	sprang
spray	spray
sprayed	sprayed
spraying	spraying
sprays	spray
spread	spread
spreading	spreading
spreads	spread
spring	spring
springbok	springbok
springboks	springbok
springed	springed
springs	spring
springtime	springtime
sprinkle	sprinkle
sprinkled	sprinkled
sprinklers	sprinkler
sprinkles	sprinkle
sprinkling	sprinkling
sprout	sprout
sprouted	sprouted
sprouts	sprout
spruce	spruce
spun	spun
spurred	spurred
spurt	spurt
spurted	spurted
spurts	spurt
spy	spy
spying	spying
square	square
squared	squared
squash	squash
squashed	squashed
squat	squat
squatted	squatted
squatting	squatting
squeak	squeak
squeal	squeal
squealing	squealing
squeeze	squeeze
squeezed	squeezed
squeezes	squeeze
squeezing	squeezing
squirming	squirming
squirrel	squirrel
squirrelfish	squirrelfish
squirrels	squirrel
sr	sr
ss	s
stab	stab
stabbed	stabbed
stabbing	stabbing
stable	stable
stables	stable
stabs	stab
stack	stack
stacks	stack
stadium	stadium
staff	staff
stage	stage
stages	stage
staggered	staggered
staggering	staggering
staging	staging
staid	staid
stain	stain
staircase	staircase
stairs	stair
stake	stake
staked	staked
stakes	stake
stale	stale
stalin	stalin
stalk	stalk
stalked	stalked
stall	stall
stallion	stallion
stalls	stall
stamp	stamp
stamped	stamped
stamps	stamp
stand	stand
standard	standard
standing	standing
stands	stand
stank	stank
staple	staple
staples	staple
star	star
starboard	starboard
starch	starch
stare	stare
stared	stared
stares	stare
starfish	starfish
staring	staring
stars	star
start	start
started	started
starter	starter
starting	starting
startled	startled
startles	startle
starts	start
starvation	starvation
starve	starve
starved	starved
starving	starving
state	state
stated	stated
stately	stately
statement	statement
statements	statement
states	state
statesmen	statesman
station	station
stations	station
statue	statue
statues	statue
staunch	staunch
stay	stay
stayed	stayed
staying	staying
stays	stay
stead	stead
steadier	steadier
steadily	steadily
steady	steady
steal	steal
stealer	stealer
stealers	stealer
stealing	stealing
steals	steal
stealthily	stealthily
steam	steam
steamboat	steamboat
steamed	steamed
steamer	steamer
steamers	steamer
steel	steel
steep	steep
steeply	steeply
steered	steered
steers	steer
stem	stem
stemming	stemming
stems	stem
stench	stench
stencil	stencil
stencils	stencil
step	step
stepchild	stepchild
stepfather	stepfather
stepmother	stepmother
steppe	steppe
stepped	stepped
steppes	steppe
stepping	stepping
steps	step
sterile	sterile
stern	stern
sternly	sternly
stevedore	stevedore
stevedores	stevedore
stevens	stevens
stew	stew
steward	steward
stewing	stewing
sth	sth
stick	stick
sticking	sticking
sticks	stick
sticky	sticky
stiff	stiff
still	still
stilts	stilt
stimulate	stimulate
sting	sting
stinging	stinging
stings	sting
stingy	stingy
stink	stink
stinking	stinking
stinks	stink
stinky	stinky
stir	stir
stirred	stirred
stirrer	stirrer
stirring	stirring
stirrup	stirrup
stirs	stir
stitched	stitched
stock	stock
stocked	stocked
stockman	stockman
stockmen	stockman
stocks	stock
stoked	stoked
stoker	stoker
stoking	stoking
stole	stole
stolen	stolen
stomach	stomach
stomachs	stomach
stomping	stomping
stone	stone
stoned	stoned
stones	stone
stoning	stoning
stony	stony
stood	stood
stool	stool
stools	stool
stop	stop
stopped	stopped
stopper	stopper
stopping	stopping
stops	stop
storage	storage
store	store
stored	stored
storeroom	storeroom
stores	store
storey	storey
storied	storied
stories	story
storing	storing
stork	stork
storm	storm
story	story
storyteller	storyteller
stove	stove
stoves	stove
stowed	stowed
straggled	straggled
straight	straight
straighten	straighten
straightened	straightened
strain	strain
strained	strained
straining	straining
strait	strait
straits	strait
strand	strand
strange	strange
stranger	stranger
strangers	stranger
strangle	strangle
strangled	strangled
strangling	strangling
strap	strap
strapped	strapped
straps	strap
strategies	strategy
strategy	strategy
straw	straw
strawberries	strawberry
straws	straw
stray	stray
stream	stream
streamed	streamed
streams	stream
street	street
streets	street
strength	strength
strengthened	strengthened
strengthening	strengthening
strenuous	strenuous
stressing	stressing
stretch	stretch
stretched	stretched
stretcher	stretcher
stretches	stretch
stretching	stretching
stricken	stricken
strict	strict
strife	strife
strike	strike
strikes	strike
striking	striking
string	string
strings	string
strip	strip
striped	striped
stripes	stripe
stripping	stripping
strips	strip
strive	strive
striving	striving
stroke	stroke
stroked	stroked
strokes	stroke
stroking	stroking
stroll	stroll
strolled	strolled
strolling	strolling
strong	strong
stronger	stronger
strongest	strongest
strongly	strongly
struck	struck
struggle	struggle
struggled	struggled
struggles	struggle
struggling	struggling
strung	strung
struts	strut
stubborn	stubborn
stuck	stuck
student	student
students	student
studied	studied
studies	study
studio	studio
study	study
studying	studying
stuff	stuff
stuffed	stuffed
stuffing	stuffing
stuffs	stuff
stumbled	stumbled
stumbles	stumble
stump	stump
stumps	stump
stumpy	stumpy
stung	stung
stupid	stupid
stupidity	stupidity
stupidly	stupidly
sturdy	sturdy
stuttering	stuttering
style	style
styles	style
sub	sub
subdivisions	subdivision
subdue	subdue
subdued	subdued
subfamily	subfamily
subject	subject
submarines	submarine
submerged	submerged
submit	submit
subordinating	subordinating
subsistence	subsistence
substance	substance
substitute	substitute
substituted	substituted
subtraction	subtraction
suburb	suburb
succeed	succeed
succeeded	succeeded
success	success
successful	successful
successfully	successfully
such	such
suck	suck
sucked	sucked
sucker	sucker
suckers	sucker
sucking	sucking
suckle	suckle
suckled	suckled
suckling	suckling
sucks	suck
sudan	sudan
sudden	sudden
suddenly	suddenly
sue	sue
sued	sued
suede	suede
suet	suet
suffer	suffer
suffered	suffered
suffering	suffering
sufferings	suffering
suffers	suffers
sufficient	sufficient
sufficiently	sufficiently
sugar	sugar
sugarcane	sugarcane
sugarloaf	sugarloaf
sugarloaves	sugarloaf
suggestion	suggestion
suit	suit
suitable	suitable
suited	suited
suitor	suitor
suits	suit
sulk	sulk
sulking	sulking
sulky	sulky
sum	sum
summarize	summarize
summer	summer
summered	summered
summertime	summertime
summit	summit
summits	summit
summon	summon
summoned	summoned
summons	summons
sumo	sumo
sun	sun
sunday	sunday
sundays	sunday
sundry	sundry
sunflower	sunflower
sunflowers	sunflower
sung	sung
sunk	sunk
sunken	sunken
sunlight	sunlight
sunny	sunny
sunrise	sunrise
sunset	sunset
sunshine	sunshine
super	super
supernatural	supernatural
supper	supper
supplies	supply
supply	supply
support	support
supported	supported
supporting	supporting
supportive	supportive
supports	support
suppose	suppose
supposed	supposed
supposedly	supposedly
supreme	supreme
sur	sur
sure	sure
surely	surely
surface	surface
surgeonfish	surgeonfish
surly	surly
surname	surname
surpass	surpass
surpassed	surpassed
surpasses	surpasses
surprise	surprise
surprised	surprised
surprising	surprising
surrender	surrender
surrendered	surrendered
surreptitiously	surreptitiously
surrey	surrey
surround	surround
surrounded	surrounded
surrounding	surrounding
surroundings	surroundings
surrounds	surround
survey	survey
surveys	survey
survive	survive
survived	survived
survives	survives
sus	sus
suspect	suspect
suspected	suspected
suspicion	suspicion
suspicious	suspicious
suspiciously	suspiciously
sussex	sussex
sustain	sustain
sw	sw
swag	swag
swags	swag
swahili	swahili
swallow	swallow
swallowed	swallowed
swallowing	swallowing
swallows	swallow
swam	swam
swamp	swamp
swamphen	swamphen
swamps	swamp
swampy	swampy
swap	swap
swapped	swapped
swarming	swarming
swat	swat
sway	sway
swayed	swayed
swaying	swaying
swear	swear
sweared	sweared
swearing	swearing
swears	swears
sweat	sweat
sweated	sweated
sweater	sweater
sweaters	sweater
sweating	sweating
sweats	sweat
swede	swede
sweden	sweden
swedes	swede
sweep	sweep
sweeped	sweeped
sweeping	sweeping
sweeps	sweep
sweet	sweet
sweeten	sweeten
sweetener	sweetener
sweetening	sweetening
sweeter	sweeter
sweetest	sweetest
sweetly	sweetly
sweetness	sweetness
sweets	sweet
swell	swell
swelled	swelled
swelling	swelling
swells	swell
swept	swept
swim	swim
swimming	swimming
swine	swine
swing	swing
swinging	swinging
swings	swing
swiped	swiped
swirl	swirl
switch	switch
switched	switched
switches	switch
swollen	swollen
swoon	swoon
sword	sword
swordfish	swordfish
swords	sword
swore	swore
sworn	sworn
swum	swum
swung	swung
syllable	syllable
symbol	symbol
symbolic	symbolic
symbolizes	symbolizes
sympathy	sympathy
sync	sync
syndicate	syndicate
synonym	synonym
syrup	syrup
system	system
t	t
ta	ta
taal	taal
table	table
tables	table
tablet	tablet
tablets	tablet
taboo	taboo
taboos	taboo
tabu	tabu
tack	tack
tacked	tacked
tackle	tackle
tackled	tackled
tacky	tacky
tag	tag
tagalog	tagalog
tagalogs	tagalog
tagging	tagging
tags	tag
tai	tai
tail	tail
tailboard	tailboard
tailed	tailed
tailor	tailor
tails	tail
taiwan	taiwan
taiwanese	taiwanese
taka	taka
take	take
taked	taked
taken	taken
takes	take
taking	taking
tala	tala
tale	tale
talent	talent
talented	talented
tales	tale
talisman	talisman
talk	talk
talkative	talkative
talked	talked
talker	talker
talkie	talkie
talking	talking
talks	talk
tall	tall
taller	taller
talons	talon
tam	tam
tamarind	tamarind
tambourine	tambourine
tambourines	tambourine
tame	tame
tamed	tamed
tames	tames
tamped	tamped
tamper	tamper
tan	tan
tang	tang
tanga	tanga
tangerines	tangerine
tangled	tangled
tango	tango
tank	tank
tanker	tanker
tanks	tank
tanned	tanned
tanzania	tanzania
tap	tap
tape	tape
tapes	tape
tapir	tapir
tapped	tapped
tapping	tapping
taps	tap
tar	tar
target	target
targets	target
taro	taro
taros	taro
tarp	tarp
tarpaulin	tarpaulin
task	task
tasks	task
taste	taste
tasted	tasted
tastes	taste
tasting	tasting
tasty	tasty
tat	tat
tatars	tatar
tattletale	tattletale
tatu	tatu
taught	taught
tavern	tavern
tax	tax
taxes	tax
taxi	taxi
taxis	taxi
taylor	taylor
tb	tb
tbilisi	tbilisi
te	te
tea	tea
teach	teach
teached	teached
teacher	teacher
teachers	teacher
teaches	teach
teaching	teaching
teachings	teaching
teahouse	teahouse
teak	teak
team	team
teapot	teapot
tear	tear
tears	tear
tease	tease
teased	teased
teasing	teasing
teats	teat
technical	technical
technician	technician
technicians	technician
technique	technique
techniques	technique
teddy	teddy
tee	tee
teen	teen
teenager	teenager
teens	teen
teeny	teeny
teeth	teeth
telegram	telegram
telegraph	telegraph
telephone	telephone
telephones	telephone
television	television
tell	tell
teller	teller
tellers	teller
telling	telling
tells	tell
temblor	temblor
temp	temp
temper	temper
tempered	tempered
temple	temple
temporal	temporal
temporary	temporary
temps	temp
tempt	tempt
tempted	tempted
ten	ten
tenant	tenant
tenants	tenant
tench	tench
tend	tend
tended	tended
tender	tender
tending	tending
tendon	tendon
tendons	tendon
tendril	tendril
tends	tends
tener	tener
tennis	tennis
tens	ten
tension	tension
tent	tent
tentes	tentes
tenth	tenth
tents	tent
tepee	tepee
terence	terence
term	term
terminate	terminate
termite	termite
termites	termite
terms	term
terrible	terrible
terribly	terribly
terrific	terrific
terrified	terrified
territories	territory
territory	territory
terror	terror
terry	terry
test	test
testament	testament
tested	tested
testicles	testicle
testifying	testifying
tether	tether
text	text
texture	texture
th	th
thai	thai
thames	thames
thank	thank
thanked	thanked
thankful	thankful
thankfully	thankfully
thanks	thanks
thanksgiving	thanksgiving
thatch	thatch
thatched	thatched
thawed	thawed
theater	theater
theft	theft
thefts	theft
theme	theme
then	then
theology	theology
theory	theory
there	there
thereabouts	thereabouts
thereafter	thereafter
thereby	thereby
therefor	therefor
therefore	therefore
theres	there
thermal	thermal
thermos	thermos
theses	thesis
thick	thick
thickened	thickened
thicker	thicker
thickly	thickly
thickness	thickness
thief	thief
thieves	thief
thieving	thieving
thievish	thievish
thigh	thigh
thighs	thigh
thimble	thimble
thin	thin
thing	thing
things	thing
think	think
thinking	thinking
thinks	think
third	third
thirdly	thirdly
thirst	thirst
thirstily	thirstily
thirsty	thirsty
thirteen	thirteen
thirties	thirty
thirtieth	thirtieth
thirty	thirty
thither	thither
thm	thm
tho	tho
thomas	thomas
thompson	thompson
thong	thong
thongs	thong
thorn	thorn
thorns	thorn
thorny	thorny
thoroughly	thoroughly
thoses	tho
though	though
thought	thought
thoughtfully	thoughtfully
thoughts	thought
thousand	thousand
thousands	thousand
thrash	thrash
thrashes	thrash
thrashing	thrashing
thread	thread
threads	thread
threaten	threaten
threatened	threatened
threats	threat
three	three
threepence	threepence
thresh	thresh
threshed	threshed
threshing	threshing
threshold	threshold
threw	threw
thrice	thrice
thrifty	thrifty
thrive	thrive
throat	throat
throats	throat
throne	throne
throttle	throttle
through	through
throughout	throughout
throw	throw
throwed	throwed
thrower	thrower
throwing	throwing
thrown	thrown
throws	throw
thrush	thrush
thrusting	thrusting
ths	th
thud	thud
thumb	thumb
thumping	thumping
thunder	thunder
thundered	thundered
thunderstorms	thunderstorm
thursday	thursday
thus	thus
thusly	thusly
ti	ti
tia	tia
tickets	ticket
tickle	tickle
tickling	tickling
ticks	tick
tide	tide
tides	tide
tidiness	tidiness
tidy	tidy
tie	tie
tied	tied
tieing	tieing
ties	tie
tiger	tiger
tigers	tiger
tight	tight
tighten	tighten
tightened	tightened
tightens	tightens
tightly	tightly
tigress	tigress
tilapia	tilapia
tiles	tile
till	till
tilled	tilled
tilted	tilted
tilting	tilting
timber	timber
timbers	timber
time	time
times	time
timid	timid
timing	timing
timings	timing
timothy	timothy
tin	tin
tinamou	tinamou
tinamous	tinamou
tines	tine
ting	ting
tingling	tingling
tinkling	tinkling
tinned	tinned
tins	tin
tiny	tiny
tip	tip
tipi	tipi
tipis	tipi
tipsy	tipsy
tiptoe	tiptoe
tiptoeing	tiptoeing
tire	tire
tired	tired
tiredness	tiredness
tirelessly	tirelessly
tires	tire
tiring	tiring
tiro	tiro
tis	ti
tit	tit
titi	titi
title	title
titled	titled
titles	title
tits	tit
tittles	tittle
toad	toad
toads	toad
toast	toast
toasted	toasted
toaster	toaster
toasting	toasting
toasts	toast
tobacco	tobacco
toda	toda
todas	toda
today	today
toddlers	toddler
toddling	toddling
toe	toe
toes	toe
toffs	toff
together	together
toilet	toilet
toilets	toilet
told	told
tole	tole
tolerate	tolerate
tom	tom
tomahawk	tomahawk
tomato	tomato
tomatoes	tomato
tomatos	tomato
tomb	tomb
tombs	tomb
tombstone	tombstone
tome	tome
tomorrow	tomorrow
ton	ton
tongs	tongs
tongue	tongue
tongues	tongue
tonight	tonight
tons	ton
tonsillitis	tonsillitis
too	too
took	took
tool	tool
tools	tool
tooth	tooth
toothache	toothache
toothed	toothed
top	top
topi	topi
topic	topic
topographical	topographical
tops	top
torch	torch
torches	torch
tore	tore
torment	torment
torn	torn
tortilla	tortilla
tortoise	tortoise
tortoises	tortoise
torture	torture
tortured	tortured
torturing	torturing
tory	tory
tossed	tossed
tot	tot
total	total
totally	totally
totem	totem
totems	totem
touch	touch
touched	touched
touches	touch
touchiness	touchiness
touching	touching
touchy	touchy
tough	tough
tourist	tourist
tourists	tourist
tours	tour
tout	tout
toutes	toutes
tow	tow
towed	towed
towel	towel
towels	towel
tower	tower
towers	tower
towing	towing
town	town
towns	town
towropes	towrope
tows	tow
toxins	toxin
toy	toy
toys	toy
trace	trace
traces	trace
track	track
tracked	tracked
tracker	tracker
tracking	tracking
tracks	track
tract	tract
tractor	tractor
tractors	tractor
trade	trade
traded	traded
trader	trader
traders	trader
trades	trade
tradesman	tradesman
tradespeople	tradespeople
trading	trading
tradition	tradition
traditional	traditional
traditionally	traditionally
traditions	tradition
traffic	traffic
tragedy	tragedy
trail	trail
train	train
trained	trained
training	training
trains	train
tramp	tramp
tramped	tramped
trample	trample
trampled	trampled
transcribed	transcribed
transcribing	transcribing
transcript	transcript
transcription	transcription
transfer	transfer
transfered	transfered
transferred	transferred
transform	transform
transformation	transformation
transformed	transformed
transforming	transforming
translate	translate
translated	translated
translating	translating
translation	translation
translations	translation
translator	translator
transmitted	transmitted
transparent	transparent
transplant	transplant
transplanted	transplanted
transplanting	transplanting
transport	transport
transportation	transportation
transported	transported
transporter	transporter
transporting	transporting
transports	transport
trap	trap
trapped	trapped
trapping	trapping
traps	trap
trashing	trashing
travail	travail
travel	travel
traveled	traveled
traveling	traveling
travelled	travelled
traveller	traveller
travellers	traveller
travelling	travelling
travels	travel
traverse	traverse
trawlers	trawler
tray	tray
trays	tray
tread	tread
treading	treading
treasure	treasure
treasurer	treasurer
treasures	treasure
treat	treat
treated	treated
treating	treating
treatment	treatment
treats	treat
tree	tree
treeless	treeless
trees	tree
trembling	trembling
tremendous	tremendous
trench	trench
trenches	trench
trend	trend
trepanned	trepanned
trespass	trespass
trespassing	trespassing
trial	trial
triangle	triangle
triangular	triangular
tribal	tribal
tribe	tribe
tribes	tribe
tributaries	tributary
tributary	tributary
tribute	tribute
trick	trick
tricked	tricked
tricking	tricking
trickles	trickle
tricks	trick
trickster	trickster
tricksters	trickster
tricky	tricky
tried	tried
tries	try
trigger	trigger
trim	trim
trimmed	trimmed
trinidad	trinidad
trip	trip
tripod	tripod
tripped	tripped
trips	trip
trod	trod
trophies	trophy
trot	trot
trotted	trotted
trotting	trotting
trouble	trouble
troubled	troubled
troublemakers	troublemaker
troubles	trouble
troubling	troubling
trough	trough
troughs	trough
trouser	trouser
trousers	trouser
trout	trout
truck	truck
trucks	truck
true	true
truly	truly
trumpet	trumpet
trumpeter	trumpeter
trunk	trunk
trunks	trunk
trust	trust
trusted	trusted
trusts	trust
trustworthy	trustworthy
truth	truth
truthfully	truthfully
try	try
trying	trying
ts	t
tsar	tsar
tsarina	tsarina
tsetse	tsetse
tsunami	tsunami
tt	tt
tuba	tuba
tube	tube
tuber	tuber
tuberculosis	tuberculosis
tubers	tuber
tubes	tube
tucked	tucked
tucker	tucker
tuesday	tuesday
tug	tug
tugs	tug
tum	tum
tumble	tumble
tummy	tummy
tumor	tumor
tun	tun
tuna	tuna
tundra	tundra
tune	tune
tunguska	tunguska
tunnel	tunnel
tuppence	tuppence
turban	turban
turbans	turban
turbine	turbine
turf	turf
turing	turing
turkey	turkey
turkeys	turkey
turkish	turkish
turn	turn
turned	turned
turning	turning
turnip	turnip
turnout	turnout
turns	turn
turtle	turtle
turtles	turtle
tusk	tusk
tusks	tusk
tutsis	tutsi
tv	tv
twelfth	twelfth
twelve	twelve
twenty	twenty
twice	twice
twig	twig
twigs	twig
twilight	twilight
twin	twin
twins	twin
twist	twist
twisted	twisted
twisting	twisting
twisty	twisty
two	two
twos	two
tx	tx
tying	tying
type	type
types	type
typewriter	typewriter
typhoons	typhoon
tyrannic	tyrannic
tyre	tyre
u	u
udder	udder
udders	udder
ufo	ufo
uganda	uganda
ugandan	ugandan
ugliness	ugliness
ugly	ugly
ukraine	ukraine
ukrainian	ukrainian
ukulele	ukulele
ukuleles	ukulele
ulcers	ulcer
ululate	ululate
ululated	ululated
uma	uma
umbilical	umbilical
umbrella	umbrella
ump	ump
un	un
unable	unable
unafraid	unafraid
unaware	unaware
uncertain	uncertain
unchained	unchained
uncle	uncle
unclean	unclean
uncleanliness	uncleanliness
unclear	unclear
uncles	uncle
unconscious	unconscious
uncover	uncover
uncovered	uncovered
under	under
underbrush	underbrush
undergo	undergo
undergoing	undergoing
undergrad	undergrad
underground	underground
underhand	underhand
underhandedly	underhandedly
undermine	undermine
underneath	underneath
underside	underside
understand	understand
understanding	understanding
understands	understands
understood	understood
undertake	undertake
underwater	underwater
underwear	underwear
underwent	underwent
undeveloped	undeveloped
undine	undine
undo	undo
undone	undone
undressed	undressed
undresses	undress
uneasy	uneasy
uneducated	uneducated
unemployment	unemployment
unexpected	unexpected
unexpectedly	unexpectedly
unexplained	unexplained
unfold	unfold
unfortunate	unfortunate
unfortunately	unfortunately
unfriendly	unfriendly
ungenerous	ungenerous
unhappy	unhappy
unharness	unharness
unharnessed	unharnessed
unhealthy	unhealthy
unhooked	unhooked
uniform	uniform
uniforms	uniform
uninhabited	uninhabited
unintelligible	unintelligible
union	union
unions	union
unit	unit
united	united
units	unit
unity	unity
universities	university
university	university
unkind	unkind
unknowingly	unknowingly
unknown	unknown
unleashed	unleashed
unleavened	unleavened
unlicenced	unlicenced
unlike	unlike
unload	unload
unloaded	unloaded
unloading	unloading
unlucky	unlucky
unmarked	unmarked
unmarried	unmarried
unnecessary	unnecessary
unnoticed	unnoticed
unpack	unpack
unpaid	unpaid
unpleasant	unpleasant
unravelled	unravelled
unreachable	unreachable
unregistered	unregistered
unreliable	unreliable
unrest	unrest
unripe	unripe
unrolled	unrolled
unruffled	unruffled
unruly	unruly
unsalted	unsalted
unskilled	unskilled
unspoiled	unspoiled
unsuccessfully	unsuccessfully
unsuitable	unsuitable
unsure	unsure
untangle	untangle
untie	untie
untied	untied
untieing	untieing
unties	unties
untouched	untouched
untrained	untrained
untrue	untrue
untying	untying
unused	unused
unusual	unusual
unwashed	unwashed
unwillingly	unwillingly
unwound	unwound
unwrap	unwrap
unwrapped	unwrapped
unyoke	unyoke
up	up
upbringing	upbringing
uphill	uphill
upped	upped
upper	upper
upright	upright
uprise	uprise
uprising	uprising
upriver	upriver
uproot	uproot
uprooted	uprooted
ups	ups
upset	upset
upside	upside
upstair	upstair
upstairs	upstairs
upstream	upstream
upward	upward
upwards	upwards
ur	ur
urban	urban
urgency	urgency
urgently	urgently
urinary	urinary
urinate	urinate
urinated	urinated
urinates	urinates
urinating	urinating
urine	urine
urn	urn
us	u
usa	usa
usage	usage
use	use
used	used
useful	useful
usefully	usefully
useless	useless
uselessly	uselessly
uses	us
using	using
ussr	ussr
usual	usual
usually	usually
uta	uta
utensils	utensil
utilize	utilize
utmost	utmost
utter	utter
uttered	uttered
utters	utters
uuh	uuh
v	v
va	va
vacation	vacation
vacations	vacation
vaccinated	vaccinated
vaccination	vaccination
vaccine	vaccine
vagina	vagina
vaguely	vaguely
vain	vain
vale	vale
valiancy	valiancy
valid	valid
valley	valley
valleys	valley
valor	valor
valuable	valuable
valuables	valuable
value	value
valuer	valuer
van	van
vane	vane
vanguard	vanguard
vanish	vanish
vanished	vanished
vanishes	vanishes
vanuatu	vanuatu
vaqueros	vaquero
vaquitas	vaquita
vara	vara
variant	variant
varieties	variety
variety	variety
various	various
varlet	varlet
varnish	varnish
vary	vary
vas	va
vassal	vassal
vast	vast
vat	vat
vats	vat
vaulted	vaulted
veer	veer
vegetable	vegetable
vegetables	vegetable
vegetal	vegetal
vegetation	vegetation
vehicle	vehicle
vehicles	vehicle
veil	veil
vein	vein
veines	veines
veins	vein
vender	vender
vengeful	vengeful
vent	vent
venue	venue
venus	venus
ver	ver
veranda	veranda
verandas	veranda
verb	verb
verbal	verbal
verbally	verbally
verbs	verb
verdict	verdict
vermin	vermin
verse	verse
verses	verse
version	version
vertebral	vertebral
very	very
ves	f
vessel	vessel
vessels	vessel
veterinarian	veterinarian
viand	viand
vicar	vicar
vice	vice
vicinity	vicinity
vicious	vicious
victim	victim
victims	victim
victor	victor
victoria	victoria
victories	victory
victorious	victorious
victory	victory
vidalia	vidalia
video	video
vie	vie
view	view
views	view
vigilant	vigilant
vigorously	vigorously
vila	vila
villa	villa
village	village
villager	villager
villagers	villager
villages	village
vine	vine
vinegar	vinegar
vines	vine
vineyard	vineyard
vino	vino
viola	viola
violent	violent
violently	violently
violet	violet
violin	violin
violinist	violinist
violins	violin
viper	viper
virgil	virgil
virgin	virgin
virgule	virgule
viscous	viscous
visible	visible
visions	vision
visit	visit
visited	visited
visiting	visiting
visitor	visitor
visitors	visitor
visits	visit
vista	vista
visualise	visualise
visualize	visualize
vital	vital
vitality	vitality
vitamins	vitamin
vixen	vixen
vizier	vizier
viziers	vizier
vocabulary	vocabulary
vocational	vocational
vodka	vodka
voice	voice
voices	voice
volar	volar
volcanic	volcanic
volcano	volcano
volcanoes	volcano
volumes	volume
voluntarily	voluntarily
voluntary	voluntary
volunteer	volunteer
volunteered	volunteered
volunteers	volunteer
vomit	vomit
vomited	vomited
vomiting	vomiting
vomits	vomit
vortex	vortex
vote	vote
voted	voted
voting	voting
vows	vow
voyage	voyage
vulture	vulture
vultures	vulture
vulva	vulva
w	w
wa	wa
wad	wad
wadding	wadding
wade	wade
waded	waded
wadi	wadi
wading	wading
wag	wag
wage	wage
waged	waged
wages	wage
wagged	wagged
waggon	waggon
wagon	wagon
wagoners	wagoner
wagons	wagon
wags	wag
waif	waif
wailing	wailing
waist	waist
wait	wait
waited	waited
waiter	waiter
waiting	waiting
waitress	waitress
waits	wait
waived	waived
wake	wake
wakes	wake
waking	waking
wales	wale
walk	walk
walked	walked
walkes	walkes
walking	walking
walks	walk
wall	wall
wallabies	wallaby
wallaby	wallaby
wallah	wallah
wallet	wallet
wallow	wallow
wallows	wallow
wallpaper	wallpaper
wallpapered	wallpapered
walls	wall
walnut	walnut
walnuts	walnut
walrusses	walrus
walter	walter
waltz	waltz
wan	wan
wand	wand
wander	wander
wandered	wandered
wandering	wandering
wanders	wanders
want	want
wanted	wanted
wantes	wantes
wanting	wanting
wants	want
war	war
warble	warble
ward	ward
warden	warden
wardens	warden
ware	ware
warehouse	warehouse
warehouses	warehouse
warfare	warfare
warm	warm
warmed	warmed
warmer	warmer
warmhearted	warmhearted
warming	warming
warmly	warmly
warmth	warmth
warn	warn
warned	warned
warning	warning
warnings	warning
warrant	warrant
warranted	warranted
warranty	warranty
warren	warren
warring	warring
warrior	warrior
warriors	warrior
wars	war
wart	wart
wartime	wartime
was	wa
wash	wash
washed	washed
washers	washer
washes	wash
washing	washing
washtub	washtub
wasp	wasp
wasps	wasp
waste	waste
wasted	wasted
wastes	waste
watch	watch
watchbands	watchband
watched	watched
watchers	watcher
watches	watch
watchful	watchful
watching	watching
watchman	watchman
water	water
watercress	watercress
watered	watered
waterfall	waterfall
watering	watering
waterloo	waterloo
waterman	waterman
watermelon	watermelon
watermelons	watermelon
watermen	waterman
waters	water
watershed	watershed
watery	watery
watt	watt
wattle	wattle
wattled	wattled
watts	watt
wave	wave
waved	waved
waves	wave
waving	waving
wax	wax
way	way
wayne	wayne
ways	way
weak	weak
weaken	weaken
weakened	weakened
weaker	weaker
weakling	weakling
weakness	weakness
weaknesses	weakness
wealth	wealth
wealthy	wealthy
wean	wean
weapon	weapon
weapons	weapon
wear	wear
wearing	wearing
wears	wear
weary	weary
weather	weather
weave	weave
weaved	weaved
weaves	weave
weaving	weaving
web	web
webb	webb
wed	wed
wedded	wedded
wedding	wedding
weddings	wedding
wedged	wedged
wednesday	wednesday
wee	wee
weed	weed
weeded	weeded
weeding	weeding
weeds	weed
week	week
weekday	weekday
weekend	weekend
weekends	weekend
weeks	week
weep	weep
weeping	weeping
wei	wei
weigh	weigh
weighed	weighed
weigher	weigher
weighs	weighs
weight	weight
weighted	weighted
weights	weight
weird	weird
welcome	welcome
welcomed	welcomed
welfare	welfare
well	well
wells	well
welsh	welsh
wen	wen
went	went
wept	wept
were	were
wesley	wesley
west	west
western	western
westerner	westerner
westside	westside
westward	westward
westwards	westward
wet	wet
wether	wether
wetland	wetland
wetlands	wetland
wetted	wetted
wetting	wetting
whack	whack
whacked	whacked
whale	whale
whales	whale
wham	wham
wharf	wharf
wharves	wharf
whatchamacallit	whatchamacallit
whatchamacallits	whatchamacallit
whatever	whatever
whatnot	whatnot
whatsoever	whatsoever
wheat	wheat
wheel	wheel
wheeled	wheeled
wheels	wheel
whelk	whelk
whelks	whelk
whence	whence
wherever	wherever
whey	whey
while	while
whim	whim
whimpering	whimpering
whine	whine
whines	whine
whining	whining
whip	whip
whiped	whiped
whipped	whipped
whipping	whipping
whips	whip
whirl	whirl
whirlpool	whirlpool
whish	whish
whisper	whisper
whispered	whispered
whist	whist
whistle	whistle
whistled	whistled
whistles	whistle
whistling	whistling
whit	whit
white	white
whitefish	whitefish
whiteness	whiteness
whiter	whiter
whites	white
whitey	whitey
whitish	whitish
whittle	whittle
whittled	whittled
who	who
whole	whole
wholeheartedly	wholeheartedly
wholes	whole
whoop	whoop
whoosh	whoosh
whore	whore
whos	who
whoses	who
why	why
wi	wi
wicked	wicked
wickedness	wickedness
wickednesses	wickedness
wicket	wicket
wicks	wick
wide	wide
widely	widely
widen	widen
widened	widened
wider	wider
widespread	widespread
widow	widow
widower	widower
widows	widow
width	width
wielded	wielded
wife	wife
wifes	wife
wig	wig
wiggled	wiggled
wight	wight
wigwam	wigwam
wild	wild
wilderness	wilderness
wildly	wildly
will	will
willed	willed
willing	willing
willingly	willingly
willow	willow
willows	willow
wills	will
wily	wily
win	win
winch	winch
winching	winching
wind	wind
winder	winder
winding	winding
windmill	windmill
window	window
windows	window
windsor	windsor
windy	windy
wine	wine
wines	wine
winey	winey
wing	wing
wings	wing
winner	winner
winners	winner
winnow	winnow
wins	win
winter	winter
wintering	wintering
wintertime	wintertime
wipe	wipe
wiped	wiped
wipes	wipe
wiping	wiping
wire	wire
wires	wire
wis	wi
wisconsin	wisconsin
wisconsinites	wisconsinite
wisdom	wisdom
wise	wise
wish	wish
wishbone	wishbone
wished	wished
wishes	wish
wishing	wishing
witch	witch
witchcraft	witchcraft
witches	witch
withdraw	withdraw
withdrew	withdrew
wither	wither
withheld	withheld
within	within
witness	witness
witnessed	witnessed
witnesses	witness
witty	witty
wive	wive
wives	wife
wizard	wizard
wizards	wizard
woe	woe
wok	wok
woke	woke
woken	woken
wold	wold
wolf	wolf
wolfed	wolfed
wolof	wolof
wolverine	wolverine
wolverines	wolverine
wolves	wolf
woman	woman
womanizer	womanizer
womans	woman
womb	womb
wombat	wombat
women	woman
won	won
wonder	wonder
wondered	wondered
wonderful	wonderful
wondering	wondering
wont	wont
woo	woo
wood	wood
woodbines	woodbine
woodcutter	woodcutter
wooden	wooden
woodpecker	woodpecker
woodpeckers	woodpecker
woods	wood
woof	woof
wool	wool
woollen	woollen
woosh	woosh
word	word
words	word
wore	wore
work	work
workbench	workbench
worked	worked
worker	worker
workers	worker
workes	workes
working	working
workmanship	workmanship
workmen	workman
works	work
world	world
worldly	worldly
worlds	world
worm	worm
worms	worm
worn	worn
worried	worried
worries	worry
worry	worry
worrying	worrying
worse	worse
worsen	worsen
worsens	worsens
worship	worship
worshipped	worshipped
worshipping	worshipping
worst	worst
worth	worth
worthless	worthless
wound	wound
wounded	wounded
wounds	wound
wove	wove
woven	woven
wow	wow
wrap	wrap
wraped	wraped
wrapped	wrapped
wrapping	wrapping
wraps	wrap
wreaths	wreath
wreck	wreck
wrestle	wrestle
wrestled	wrestled
wrestlers	wrestler
wrestles	wrestle
wrestling	wrestling
wretched	wretched
wretchedness	wretchedness
wrist	wrist
wrists	wrist
write	write
writer	writer
writes	writes
writing	writing
writings	writing
written	written
wrong	wrong
wrongdoers	wrongdoer
wronged	wronged
wrongly	wrongly
wrongs	wrong
wrote	wrote
wry	wry
ws	w
wsws	wsw
wye	wye
x	x
xix	xix
xx	xx
xxx	xxx
y	y
yacht	yacht
yahoo	yahoo
yakut	yakut
yakuts	yakut
yam	yam
yams	yam
yana	yana
yang	yang
yard	yard
yards	yard
yarn	yarn
yarned	yarned
yarns	yarn
yaw	yaw
yawes	yawes
yawned	yawned
yay	yay
yea	yea
yeah	yeah
year	year
yearly	yearly
years	year
yeas	yea
yell	yell
yelled	yelled
yelling	yelling
yellow	yellow
yellowish	yellowish
yells	yell
yen	yen
yenisei	yenisei
yeomanry	yeomanry
yes	yes
yesterday	yesterday
yet	yet
yi	yi
yield	yield
yielded	yielded
yip	yip
yoghurt	yoghurt
yoke	yoke
yoked	yoked
yorkshire	yorkshire
young	young
younger	younger
youngest	youngest
youngster	youngster
youngsters	youngster
youth	youth
youthful	youthful
youths	youth
yuan	yuan
yucca	yucca
yurt	yurt
yurts	yurt
zeal	zeal
zebras	zebra
zigzag	zigzag
zombies	zombie
zona	zona
zoo	zoo
zu	zu
