concepticon_id,name,description,final_synset,synonym,wordnet_id,count,definition,same_synset,annotation,comment
965,world,The Earth with all its inhabitants and all things upon it.,n9270894,Earth,NA,NA,NA,different,0,NA
965,world,The Earth with all its inhabitants and all things upon it.,n9270894,globe,n09270894,248,the 3rd planet from the sun; the planet we live on,different,1,NA
965,world,The Earth with all its inhabitants and all things upon it.,n9270894,earth,n09270894,669,the 3rd planet from the sun; the planet we live on,different,1,NA
965,world,The Earth with all its inhabitants and all things upon it.,n9270894,world,n09270894,6440,the 3rd planet from the sun; the planet we live on,different,1,NA
626,land,"A specified geographical tract of the Earth's surface including all its attributes, comprising its geology, superficial deposits, topography, hydrology, soils, flora and fauna, together with the results of past and present human activity, to the extent that these attributes exert a significant influence on the present and future land utilization. (Source: WHIT)",n09334396,ground,n09334396,3751,the solid part of the earth's surface,same,1,NA
626,land,"A specified geographical tract of the Earth's surface including all its attributes, comprising its geology, superficial deposits, topography, hydrology, soils, flora and fauna, together with the results of past and present human activity, to the extent that these attributes exert a significant influence on the present and future land utilization. (Source: WHIT)",n09334396,land,n13250048,1211,the land on which real estate is located,different,1,NA
626,land,"A specified geographical tract of the Earth's surface including all its attributes, comprising its geology, superficial deposits, topography, hydrology, soils, flora and fauna, together with the results of past and present human activity, to the extent that these attributes exert a significant influence on the present and future land utilization. (Source: WHIT)",n09334396,earth,n09270894,669,the 3rd planet from the sun; the planet we live on,different,0,NA
1228,earth (soil),The soft and loose material forming a great part of the Earth surface.,n09335240,ground,n09334396,3751,the solid part of the earth's surface,different,1,NA
1228,earth (soil),The soft and loose material forming a great part of the Earth surface.,n09335240,land,n13250048,1211,the land on which real estate is located,different,0,NA
1228,earth (soil),The soft and loose material forming a great part of the Earth surface.,n09335240,soil,n14844693,606,the part of the earth's surface consisting of humus and disintegrated rock,different,1,NA
2,dust,Any kind of solid material divided in particles of very small size.,n14839846,dust,n14839846,1353,fine powdery material such as dry earth or pollen that can be blown about in the air,same,1,NA
640,mud,"A mixture of clay and/or silt with water to form a plastic mass with a particle size preponderantly below 0.06 mm diameter. It is deposited in low-energy environments in lakes, estuaries and lagoons. It may also be deposited in deep-sea environments. (Source: WHIT)",n14956325,mud,n14956325,829,water soaked soil; soft wet earth,same,1,NA
640,mud,"A mixture of clay and/or silt with water to form a plastic mass with a particle size preponderantly below 0.06 mm diameter. It is deposited in low-energy environments in lakes, estuaries and lagoons. It may also be deposited in deep-sea environments. (Source: WHIT)",n14956325,clay,n14813182,362,a very fine-grained soil that is plastic when moist but hard when fired,different,0,NA
671,sand,"A loose material consisting of small mineral particles, or rock and mineral particles, distinguishable by the naked eye; grains vary from almost spherical to angular, with a diameter range from 1/16 to 2 millimeters.",n15019030,sand,n15019030,1240,a loose material consisting of grains of rock or coral,same,1,NA
2118,mountain or hill,A small or big rise in the surface of the earth.,n09303008,hill,n09303008,1773,a local and well-defined elevation of the land,same,1,NA
618,precipice,"A very steep decline, typically found in the mountains or on shores.",n09398677,precipice,n09398677,36,a very steep cliff,same,1,NA
652,plain,"Level or rolling open land, usually at a low elevation.",n09393605,field,n08569998,1311,a piece of land cleared of trees and usually enclosed,different,0,NA
652,plain,"Level or rolling open land, usually at a low elevation.",n09393605,plain,a01791911,337,not elaborate or elaborated; simple,different,0,this concept will not be considered
652,plain,"Level or rolling open land, usually at a low elevation.",n09393605,champaign,NA,NA,NA,different,0,NA
921,valley,"Any low-lying land bordered by higher ground; especially an elongate, relatively large, gently sloping depression of the Earth's surface, commonly situated between two mountains or between ranges of hills or mountains, and often containing a stream with an outlet.",n09468604,vale,n09468604,12,a long depression in the surface of the land that usually contains a river,same,1,NA
921,valley,"Any low-lying land bordered by higher ground; especially an elongate, relatively large, gently sloping depression of the Earth's surface, commonly situated between two mountains or between ranges of hills or mountains, and often containing a stream with an outlet.",n09468604,valley,n09468604,771,a long depression in the surface of the land that usually contains a river,same,1,NA
622,island,"A land mass, especially one smaller than a continent, entirely surrounded by water.",n09316454,island,n09316454,1649,a land mass (smaller than a continent) that is surrounded by water,same,1,NA
166,mainland,A large and continuous mass of land representing most of a region or a country but excluding outlying islands.,n09346120,mainland,n09346120,167,the main land mass of a country or continent; as distinguished from an island or peninsula,same,1,NA
113,shore,"The margin or shore of a river, lake, or ocean.",n09433442,shore,n09433442,740,the land along the edge of a body of water,same,1,NA
1155,cave,"1) An underground hollow with access from the ground surface or from the sea, often found in limestone areas and on rocky coastlines.2) A natural cavity, chamber or recess which leads beneath the surface of the earth, generally in a horizontal or obliquely inclined direction. It may be in the form of a passage or a gallery, its shape depending in part on the joint pattern or structure of the rock and partly on the type of process involved in its excavation. Thus, caves worn by subterranean rivers may be different in character from, and of considerably greater extent than, a sea-cave eroded by marine waves.3) A natural underground open space, generally with a connection to the surface and large enough for a person to enter. The most common type of cave is formed in a limestone by dissolution. (Source: CED /  WHIT /  BJGEO)",n09238926,cave,n09238926,800,a geological formation consisting of an underground enclosure with access from the surface of the ground or from the sea,same,1,NA
948,water,"Common liquid (H₂O) which forms rain, rivers, the sea, etc., and which makes up a large part of the bodies of organisms.",n07935504,water,n14845743,8068,binary compound that occurs at room temperature as a clear colorless odorless tasteless liquid; freezes into ice below 0 degrees centigrade and boils above 100 degrees centigrade; widely used as a solvent,different,1,NA
1474,sea,A body of salt water that is smaller than an ocean and generally in proximity to a continent.,n09426788,sea,n09426788,2699,a division of an ocean or a large body of salt water partially enclosed by land,same,1,NA
259,rough (of sea),With large waves (of sea).,a00304949,fierce,s01511854,313,marked by extreme intensity of emotions or convictions; inclined to react violently; fervid,different,0,this concept will not be considered
259,rough (of sea),With large waves (of sea).,a00304949,boisterous,s02279360,38,full of rough and exuberant animal spirits,different,0,NA
259,rough (of sea),With large waves (of sea).,a00304949,rough,a02238462,452,having or caused by an irregular surface,different,0,NA
1768,foam,A mass of adjacent small pockets of air or bubbles with solid or liquid boundaries.,n09282724,froth,n09282724,46,a mass of small bubbles formed in or on a liquid,same,1,NA
1768,foam,A mass of adjacent small pockets of air or bubbles with solid or liquid boundaries.,n09282724,foam,n14872697,136,a lightweight material in cellular form; made by introducing gas bubbles during manufacture,different,1,NA
645,ocean,"The mass of water occupying all of the Earth's surface not occupied by land, but excluding all lakes and inland seas.",n09376198,ocean,n09376198,1201,a large body of water constituting a principal part of the hydrosphere,same,1,NA
624,lake,"An enclosed body of water, usually but not necessarily fresh water, from which the sea is excluded.",n09328904,lake,n09328904,1125,a body of (usually fresh) water surrounded by land,same,1,NA
663,bay,"An open, curving indentation made by the sea or a lake into a coastline.",n09215664,embayment,n09215664,1,an indentation of a shoreline larger than a cove but smaller than a gulf,same,1,NA
663,bay,"An open, curving indentation made by the sea or a lake into a coastline.",n09215664,bay,n09215664,377,an indentation of a shoreline larger than a cove but smaller than a gulf,same,1,NA
623,lagoon,A body of water cut off from the open sea by coral reefs or sand bars.,n09328746,laguna,NA,NA,NA,different,0,NA
623,lagoon,A body of water cut off from the open sea by coral reefs or sand bars.,n09328746,lagune,NA,NA,NA,different,0,NA
623,lagoon,A body of water cut off from the open sea by coral reefs or sand bars.,n09328746,lagoon,n09328746,87,a body of water cut off from a larger body by a reef of sand or coral,same,1,NA
660,reef,"A line of rocks in the tidal zone of a coast, submerged at high water but partly uncovered at low water.",n09406793,reef,n09406793,126,a submerged ridge of rock or coral near the surface of the water,same,1,NA
1662,cape,A piece of land extending into water.,n09233715,cape,n02955767,163,a sleeveless garment like a cloak but shorter,different,0,NA
1662,cape,A piece of land extending into water.,n09233715,ness,n09233715,34,a strip of land projecting into a body of water,same,1,NA
978,wave,A disturbance in an fluid medium.,n07352190,wave,v01041415,1134,signal with the hands or nod,different,1,dominant POS was noun in Subtlex
891,tide,"The periodic rise and fall of the water resulting from gravitational interaction between the sun, moon and earth.",n07402519,tide,n07402519,331,the periodic rise and fall of the sea level under the gravitational pull of the moon,same,1,NA
613,high tide,The level of water when the tide is at its highest level.,n07401960,highwater,n07401960,3,the tide when the water is highest,same,1,NA
3311,flowing body of water,"A generic way to refer to a flowing body of water, for example used to refer to rivers, brooks, streams, creeks etc.",n9448361,watercourse,n09448361,2,a natural body of running water flowing on or under the earth,different,1,NA
3311,flowing body of water,"A generic way to refer to a flowing body of water, for example used to refer to rivers, brooks, streams, creeks etc.",n9448361,stream,n09448361,513,a natural body of running water flowing on or under the earth,different,1,NA
1982,whirlpool,A rapidly rotating body of water.,n07433145,maelstrom,n07433145,27,a powerful circular current of water (usually the result of conflicting tides),same,1,NA
1982,whirlpool,A rapidly rotating body of water.,n07433145,whirlpool,n07433145,26,a powerful circular current of water (usually the result of conflicting tides),same,1,NA
1982,whirlpool,A rapidly rotating body of water.,n07433145,vortex,n07433145,34,a powerful circular current of water (usually the result of conflicting tides),same,1,NA
2144,spring or well,A natural or human-made source of fresh water.,n04572344,well,r00011093,9116,(often used as a combining form) in a good or proper or satisfactory manner or to a high standard (`good' is a nonstandard dialectal variant for `well'),different,0,this concept will not be considered
1145,swamp,"A permanently waterlogged area in which there is often associated tree growth, e.g. mangroves in hot climates.",n09452395,swampland,n09452395,11,low land that is seasonally flooded; has more woody plants than a marsh and better drainage than a bog,same,1,NA
1145,swamp,"A permanently waterlogged area in which there is often associated tree growth, e.g. mangroves in hot climates.",n09452395,swamp,n09452395,266,low land that is seasonally flooded; has more woody plants than a marsh and better drainage than a bog,same,1,NA
943,waterfall,A perpendicular or steep descent of the water of a stream.,n09475292,waterfall,n09475292,161,a steep descent of the water of a river,same,1,NA
943,waterfall,A perpendicular or steep descent of the water of a stream.,n09475292,falls,NA,NA,NA,different,0,NA
420,forest,"A vegetation community dominated by trees and other woody shrubs, growing close enough together that the tree tops touch or overlap, creating various degrees of shade on the forest floor.",n08438533,forest,n08438533,1191,the trees and other plants in a large densely wooded area,same,1,NA
420,forest,"A vegetation community dominated by trees and other woody shrubs, growing close enough together that the tree tops touch or overlap, creating various degrees of shade on the forest floor.",n08438533,wood,n15098161,1716,the hard fibrous lignified substance under the bark of trees,different,0,NA
420,forest,"A vegetation community dominated by trees and other woody shrubs, growing close enough together that the tree tops touch or overlap, creating various degrees of shade on the forest floor.",n08438533,woods,n15098161,10,the hard fibrous lignified substance under the bark of trees,different,0,NA
1803,wood,"The substance making up the central part of the trunk and branches of a tree. Used as a material for construction, to manufacture various items, etc. or as fuel.",n15098161,wood,n15098161,1716,the hard fibrous lignified substance under the bark of trees,same,1,NA
2125,stone or rock,A naturally occurring solid aggregate of one or more minerals or mineraloids.,n09416076,stone,n04326084,1041,building material consisting of a piece of rock hewn in a definite shape for a special purpose,different,1,NA
2125,stone or rock,A naturally occurring solid aggregate of one or more minerals or mineraloids.,n09416076,rock,n09416076,2089,a lump or mass of hard consolidated mineral matter,same,1,NA
6,earthquake,"The violent shaking of the ground produced by deep seismic waves, originating from the epicentre.",n07428954,temblor,n07428954,13,shaking and vibration at the surface of the earth resulting from underground movement along a fault plane of from volcanic activity,same,1,NA
6,earthquake,"The violent shaking of the ground produced by deep seismic waves, originating from the epicentre.",n07428954,quake,n07428954,96,shaking and vibration at the surface of the earth resulting from underground movement along a fault plane of from volcanic activity,same,1,NA
6,earthquake,"The violent shaking of the ground produced by deep seismic waves, originating from the epicentre.",n07428954,earthquake,n07428954,280,shaking and vibration at the surface of the earth resulting from underground movement along a fault plane of from volcanic activity,same,1,NA
6,earthquake,"The violent shaking of the ground produced by deep seismic waves, originating from the epicentre.",n07428954,seism,NA,NA,NA,different,0,NA
1732,sky,"The part of the earth's atmosphere and space outside it that is visible from earth's surface. During the day it is perceived as blue, and at night as black.",n09436708,sky,n09436708,3158,the atmosphere and outer space as viewed from the earth,same,1,NA
1343,sun,"The particular star at the centre of our solar system, from which the Earth gets light and heat.",n09450163,Sun,NA,NA,NA,different,0,NA
1343,sun,"The particular star at the centre of our solar system, from which the Earth gets light and heat.",n09450163,sun,n09450163,2169,the star that is the source of light and heat for the planets in the solar system,same,1,NA
1313,moon,A natural satellite of a planet.,n09358358,moon,n09358358,1133,the natural satellite of the Earth,same,1,NA
1313,moon,A natural satellite of a planet.,n09358358,Moon,NA,NA,NA,different,0,NA
1430,star,A luminous celestial body that is made from gases (particularly hydrogen and helium) and forms the shape of a sphere.,n09444783,star,n09444100,2013,(astronomy) a celestial body of hot gases that radiates energy derived from thermonuclear reactions in the interior,different,1,NA
1654,lightning,The flash of light caused by the discharge of atmospheric electrical charge.,n11475279,lightning,n11475279,456,abrupt electric discharge from cloud to cloud or from cloud to earth accompanied by the emission of light,same,1,NA
1150,thunder,Sound produced by fast air expansion induced by a lightning.,n07397355,thunder,n07397355,272,a booming or crashing noise caused by air expanding along the path of a bolt of lightning,same,1,NA
2007,bolt (of lightning),"A sudden, short, temporary burst of light.",n11519121,thunderbolt,n11519121,21,a discharge of lightning accompanied by thunder,same,1,NA
2007,bolt (of lightning),"A sudden, short, temporary burst of light.",n11519121,bolt,v01966039,155,move or jump suddenly,different,0,NA
858,storm,An atmospheric disturbance involving perturbations of the prevailing pressure and wind fields on scales ranging from tornadoes to extratropical cyclones; also the associated weather and the like. (Source: MGH),n11462526,storm,n11462526,1179,a violent weather condition with winds 64-72 knots (11 on the Beaufort scale) and precipitation and thunder and lightning,same,1,NA
1733,rainbow,A multicoloured arc in the sky caused by the refraction of light within droplets of rain in the air.,n09403427,rainbow,n09403427,164,an arc of colored light in the sky caused by refraction of the sun's rays by rain,same,1,NA
630,light (radiation),Electromagnetic radiation that is capable of causing a visual sensation. (Source: CED),n05018103,luminosity,n05018103,29,the quality of being luminous; emitting or reflecting light,same,1,NA
630,light (radiation),Electromagnetic radiation that is capable of causing a visual sensation. (Source: CED),n05018103,luminance,n05018103,3,the quality of being luminous; emitting or reflecting light,same,1,NA
630,light (radiation),Electromagnetic radiation that is capable of causing a visual sensation. (Source: CED),n05018103,brightness,n04952242,160,the location of a visual perception along a continuum from black to white,different,0,NA
630,light (radiation),Electromagnetic radiation that is capable of causing a visual sensation. (Source: CED),n05018103,luminousness,NA,NA,NA,different,0,NA
630,light (radiation),Electromagnetic radiation that is capable of causing a visual sensation. (Source: CED),n05018103,light,n11473954,3505,(physics) electromagnetic radiation that can produce a visual sensation,different,1,NA
11,darkness,Absence of light.,n13983515,darkness,n13983515,1356,absence of light or illumination,same,1,NA
11,darkness,Absence of light.,n13983515,dark,a00409440,2498,(used of color) having a dark hue,different,0,NA
1388,shade,"Darkness, where light (particularly sunlight) is blocked.",n13984944,shadow,n13984944,1480,shade within clear boundaries,same,1,NA
1977,dew,Atmospheric moisture that condenses after a warm day and appears during the night on cool surfaces as small drops.,n14834132,dew,n14834132,76,water that has condensed on a cool surface overnight from water vapor in the air,same,1,NA
27,air,A predominantly mechanical mixture of a variety of individual gases forming the earth's enveloping atmosphere.,n14841267,air,n14841267,3700,a mixture of gases (especially oxygen) required for breathing; the stuff that the wind consists of,same,1,NA
960,wind,"The motion of air relative to the earth's surface; usually means horizontal air motion, as distinguished from vertical motion.",n11525955,wind,n11525955,3321,air moving (sometimes with considerable force) from an area of high pressure to an area of low pressure,same,1,NA
1489,cloud,Suspensions of minute water droplets or ice crystals produced by the condensation of water vapour.,n09247410,cloud,n09247410,897,a visible mass of water or ice particles suspended at a considerable altitude,same,1,NA
249,fog,"Water droplets or, rarely, ice crystals suspended in the air in sufficient concentration to reduce visibility appreciably.",n11458314,fog,n11458314,348,droplets of water vapor suspended in the air near the ground,same,1,NA
658,rain (precipitation),Precipitation in the form of liquid water drops with diameters greater than 0.5 millimeters.,n11501381,rain,n11501381,1889,water falling in drops from vapor condensed in the atmosphere,same,1,NA
658,rain (precipitation),Precipitation in the form of liquid water drops with diameters greater than 0.5 millimeters.,n11501381,rainfall,n11501381,85,water falling in drops from vapor condensed in the atmosphere,same,1,NA
784,snow,"The most common form of frozen precipitation, usually flakes or starlike crystals, matted ice needles, or combinations, and often rime-coated.",n11508382,snow,n15043763,1377,a layer of snowflakes (white crystals of frozen water) covering the ground,different,1,NA
784,snow,"The most common form of frozen precipitation, usually flakes or starlike crystals, matted ice needles, or combinations, and often rime-coated.",n11508382,snowfall,n11508382,62,precipitation falling from clouds in the form of ice crystals,same,1,NA
617,ice,The dense substance formed by the freezing of water to the solid state; it commonly occurs in the form of hexagonal crystals.,n14915184,ice,n14915184,1739,water frozen in the solid state,same,1,NA
952,weather,"The day-to-day meteorological conditions, especially temperature, cloudiness, and rainfall, affecting a specific place.",n11524662,conditions,NA,NA,NA,different,0,NA
952,weather,"The day-to-day meteorological conditions, especially temperature, cloudiness, and rainfall, affecting a specific place.",n11524662,weather,n11524662,1598,the atmospheric conditions that comprise the state of the atmosphere in terms of temperature and wind and clouds and precipitation,same,1,NA
221,fire,"The state of combustion in which inflammable material burns, producing heat, flames and often smoke.",n13480848,fire,n07302836,2226,the event of something burning (often destructive),different,1,NA
221,fire,"The state of combustion in which inflammable material burns, producing heat, flames and often smoke.",n13480848,flaming,s01256735,15,very intense,different,0,NA
221,fire,"The state of combustion in which inflammable material burns, producing heat, flames and often smoke.",n13480848,flame,n13480848,978,the process of combustion of inflammable materials producing heat and light and (often) smoke,same,0,NA
889,flame,"A bright yellow, red or bluish light which emerges during combustion processes.",n13480848,fire,n07302836,2226,the event of something burning (often destructive),different,0,NA
889,flame,"A bright yellow, red or bluish light which emerges during combustion processes.",n13480848,flaming,s01256735,15,very intense,different,0,NA
889,flame,"A bright yellow, red or bluish light which emerges during combustion processes.",n13480848,flame,n13480848,978,the process of combustion of inflammable materials producing heat and light and (often) smoke,same,1,NA
778,smoke (exhaust),"An aerosol, consisting of visible particles and gases, produced by the incomplete burning of carbon-based materials, such as wood and fossil fuels.",n13556893,smoke,v01198101,976,"inhale and exhale smoke from cigarettes, cigars, pipes",different,0,dominant POS was verb in Subtlex
778,smoke (exhaust),"An aerosol, consisting of visible particles and gases, produced by the incomplete burning of carbon-based materials, such as wood and fossil fuels.",n13556893,smoking,n00834636,465,the act of smoking tobacco or other substances,different,0,NA
646,ash,The incombustible matter remaining after a substance has been incinerated.,n14769160,ash,n14769160,182,the residue that remains when something is burned,same,1,NA
67,embers,"A small, glowing piece of coal or wood, as in a dying fire.",n09273130,coal,n14814616,632,fossil fuel consisting of carbonized vegetable matter deposited in the Carboniferous period,different,0,NA
67,embers,"A small, glowing piece of coal or wood, as in a dying fire.",n09273130,ember,n09273130,85,a hot fragment of wood or coal that is left from a fire and is glowing or smoldering,same,1,NA
141,burn (something),To cause to undergo fire combustion.,v00378042,burn,v00378664,922,destroy by fire,different,1,dominant POS was verb in Subtlex
141,burn (something),To cause to undergo fire combustion.,v00378042,incinerate,v00378361,33,become reduced to ashes,different,0,NA
1428,burning,To be consumed by fire.,v00377002,combust,v02760622,7,start to burn or burst into flames,different,0,this concept will not be considered
1428,burning,To be consumed by fire.,v00377002,burn,v00378664,922,destroy by fire,different,0,NA
737,light (ignite),To start a fire or light a flame.,v02759614,ignite,v02759614,54,cause to start burning; subject to fire or great heat,same,1,NA
737,light (ignite),To start a fire or light a flame.,v02759614,light,n11473954,3505,(physics) electromagnetic radiation that can produce a visual sensation,different,0,NA
127,extinguish,To make something stop burning.,v02761897,extinguish,v02761897,87,"put out, as of fires, flames, or lights",same,1,NA
127,extinguish,To make something stop burning.,v02761897,quench,v01204021,28,satisfy (thirst),different,0,NA
1133,match,A stick with inflammable substance on one end that can be set on fire by friction.,n03728437,lucifer,n03728437,1,lighter consisting of a thin piece of wood or cardboard tipped with combustible chemical; ignites with friction,same,1,NA
1133,match,A stick with inflammable substance on one end that can be set on fire by friction.,n03728437,match,v02657219,643,"be compatible, similar or consistent; coincide in their characteristics",different,1,dominant POS was noun in Subtlex
10,firewood,Wood intended to be burned.,n15100644,firewood,n15100644,75,wood used for fuel,same,1,NA
1188,charcoal,"A porous solid product containing 85-98% carbon and produced by heating carbonaceous materials such as cellulose, wood or peat at 500-600 C° in the absence of air. (Source: MGH)",n14685296,charcoal,n14685296,109,a carbonaceous material obtained by heating wood or other organic matter in the absence of air,same,1,NA
683,person,A human being.,n00007846,someone,n00007846,7,a human being,same,1,NA
683,person,A human being.,n00007846,person,n00007846,5327,a human being,same,1,NA
683,person,A human being.,n00007846,individual,n00007846,1496,a human being,same,1,NA
683,person,A human being.,n00007846,soul,n10627082,1231,the immaterial part of a person; the actuating cause of an individual life,different,0,NA
683,person,A human being.,n00007846,somebody,n00007846,3,a human being,same,1,NA
683,person,A human being.,n00007846,mortal,a01557614,147,subject to death,different,0,NA
1554,man,An adult human member of the sex that begets young by fertilizing ova.,n10287213,man,n10287213,31038,an adult person who is male (as opposed to a woman),same,1,NA
962,woman,An adult human member of the sex that produces ova and bears young.,n10787470,woman,n10787470,20794,an adult female person (as opposed to a man),same,1,NA
2261,male (of person),Relating to the male sex of humans.,a01477077,male,a01476685,833,being the sex (of plant or animal) that produces gametes (spermatozoa) that perform the fertilizing function in generation,different,1,NA
2260,female (of person),Relating to the female sex of humans.,a01478182,female,a01477806,1255,being the sex (of plant or animal) that produces fertilizable gametes (ova) from which offspring develop,different,1,NA
1366,boy,"A young male person, usually a child or teenager.",n10285313,boy,n10285313,7660,a youthful male person,same,1,NA
1646,girl,"A young female person, usually a child or teenager.",n10084295,girl,n10129825,7488,a young woman,different,1,NA
1304,child (young human),A person below the age of puberty.,n09917593,kid,n09917593,7544,a young person of either sex,same,1,NA
1304,child (young human),A person below the age of puberty.,n09917593,youngster,n09917593,234,a young person of either sex,same,1,NA
1304,child (young human),A person below the age of puberty.,n09917593,tike,n09917593,1,a young person of either sex,same,1,NA
1304,child (young human),A person below the age of puberty.,n09917593,nipper,n09917593,3,a young person of either sex,same,1,NA
1304,child (young human),A person below the age of puberty.,n09917593,minor,a01473083,265,of lesser importance or stature or rank,different,0,NA
1304,child (young human),A person below the age of puberty.,n09917593,nestling,n01504344,10,young bird not yet fledged,different,0,NA
1304,child (young human),A person below the age of puberty.,n09917593,tyke,n09917593,10,a young person of either sex,same,1,NA
1304,child (young human),A person below the age of puberty.,n09917593,tiddler,NA,NA,NA,different,0,NA
1304,child (young human),A person below the age of puberty.,n09917593,fry,v00325328,398,cook on a hot surface using fat,different,0,NA
1304,child (young human),A person below the age of puberty.,n09917593,shaver,n10586903,3,an adult male who shaves,different,0,NA
1304,child (young human),A person below the age of puberty.,n09917593,child,n09917593,11071,a young person of either sex,same,1,NA
1289,baby,"A very young human being, from birth to a year old.",n09827683,infant,n09827683,575,a very young child (birth to 1 year) who has not yet begun to walk or talk,same,1,NA
1289,baby,"A very young human being, from birth to a year old.",n09827683,baby,n09827683,5212,a very young child (birth to 1 year) who has not yet begun to walk or talk,same,1,NA
1289,baby,"A very young human being, from birth to a year old.",n09827683,babe,n09827363,164,(slang) sometimes used as a term of address for attractive young women,different,0,NA
1200,husband,The male partner in a marriage.,n10193967,hubby,n10193967,32,a married man; a woman's partner in marriage,same,1,NA
1200,husband,The male partner in a marriage.,n10193967,husband,n10193967,4970,a married man; a woman's partner in marriage,same,1,NA
1199,wife,The female partner in a marriage.,n10780632,wife,n10780632,6272,a married woman; a man's partner in marriage,same,1,NA
203,marry,To enter marriage; to take a husband or a wife.,v02488834,conjoin,v01291069,29,make contact or come together,different,0,NA
203,marry,To enter marriage; to take a husband or a wife.,v02488834,marry,v02488834,3264,take in marriage,same,1,NA
203,marry,To enter marriage; to take a husband or a wife.,v02488834,espouse,v02346895,38,"choose and follow; as of theories, ideas, policies, strategies or plans",different,0,NA
203,marry,To enter marriage; to take a husband or a wife.,v02488834,wed,v02488834,32,take in marriage,same,1,NA
1134,divorce,Legal dissolution of a marriage.,n01201271,divorcement,n01201271,1,the legal dissolution of a marriage,same,1,NA
1134,divorce,Legal dissolution of a marriage.,n01201271,divorce,n01201271,798,the legal dissolution of a marriage,same,1,NA
1217,father,A male parent.,n10080869,begetter,NA,NA,NA,different,0,NA
1217,father,A male parent.,n10080869,father,n10080869,12039,a male parent (also used as a term of address to your father),same,1,NA
1216,mother,A woman who has at least one child.,n10332385,mother,n10332385,14200,a woman who has given birth to a child (also used as a term of address to your mother),same,1,NA
505,parents,Father and mother of a child.,n10399491,parent,n10399491,6543,a father or mother; one who begets or one who gives birth to or nurtures and raises a child; a relative who plays the role of guardian,same,1,NA
1620,son,One's male child.,n10624074,son,n10624074,5901,a male human offspring,same,1,NA
1620,son,One's male child.,n10624074,boy,n10285313,7660,a youthful male person,different,0,NA
1357,daughter,An animal's female offspring (including that of a human).,n09992837,girl,n10129825,7488,a young woman,different,0,NA
1357,daughter,An animal's female offspring (including that of a human).,n09992837,daughter,n09992837,4692,a female human offspring,same,1,NA
1801,child (descendant),Biological offspring.,n09918248,kid,n09917593,7544,a young person of either sex,different,1,NA
1801,child (descendant),Biological offspring.,n09918248,child,n09917593,11071,a young person of either sex,different,1,NA
1262,brother,A male person who has the same parents as another person.,n09876454,brother,n09876454,5246,a male with the same parents as someone else,same,1,NA
1263,sister,A female person who has the same parents as another person.,n10602985,sis,n10602985,35,a female person who has the same parents as another person,same,1,NA
1263,sister,A female person who has the same parents as another person.,n10602985,sister,n10602985,4320,a female person who has the same parents as another person,same,1,NA
1640,sibling,A person who has the same parents as another person.,n10595164,sib,n10595164,13,a person's brother or sister,same,1,NA
1640,sibling,A person who has the same parents as another person.,n10595164,sibling,n10595164,372,a person's brother or sister,same,1,NA
1005,twins,A case of multiple birth in which the mother gives birth to two offspring from the same pregnancy.,n10734394,twin,n10734394,540,either of two offspring born at the same time from the same pregnancy,same,1,NA
1383,grandfather,The father of one of someone's parents.,n10142391,granddad,n10142391,15,the father of your father or mother,same,1,NA
1383,grandfather,The father of one of someone's parents.,n10142391,grandfather,n10142391,1036,the father of your father or mother,same,1,NA
1383,grandfather,The father of one of someone's parents.,n10142391,grandad,n10142391,4,the father of your father or mother,same,1,NA
1383,grandfather,The father of one of someone's parents.,n10142391,grandpa,n10142391,50,the father of your father or mother,same,1,NA
1383,grandfather,The father of one of someone's parents.,n10142391,granddaddy,n10142391,41,the father of your father or mother,same,1,NA
1383,grandfather,The father of one of someone's parents.,n10142391,gramps,NA,NA,NA,different,0,NA
1496,grandmother,The mother of one of someone's parents.,n10142747,gran,n10142747,3,the mother of your father or mother,same,1,NA
1496,grandmother,The mother of one of someone's parents.,n10142747,grandmother,n10142747,1260,the mother of your father or mother,same,1,NA
1496,grandmother,The mother of one of someone's parents.,n10142747,granny,n10142747,33,the mother of your father or mother,same,1,NA
1496,grandmother,The mother of one of someone's parents.,n10142747,nanna,NA,NA,NA,different,0,NA
1496,grandmother,The mother of one of someone's parents.,n10142747,grandma,n10142747,130,the mother of your father or mother,same,1,NA
1496,grandmother,The mother of one of someone's parents.,n10142747,grannie,n10142747,3,the mother of your father or mother,same,1,NA
1496,grandmother,The mother of one of someone's parents.,n10142747,nan,n10345015,1,your grandmother,different,0,NA
1618,grandson,A son of someone's child.,n10143299,grandson,n10143299,251,a male grandchild,same,1,NA
1619,granddaughter,A daughter of someone's child.,n10141732,granddaughter,n10141732,212,a female grandchild,same,1,NA
1327,uncle,The brother of someone’s father or mother.,n10736091,uncle,n10736091,972,the brother of your father or mother; the husband of your aunt,same,1,NA
1272,aunt,A woman with one or more siblings who have one or more children; a sister of someone's father or mother.,n09823502,aunt,n09823502,798,the sister of your father or mother; the wife of your uncle,same,1,NA
1272,aunt,A woman with one or more siblings who have one or more children; a sister of someone's father or mother.,n09823502,aunty,NA,NA,NA,different,0,NA
1272,aunt,A woman with one or more siblings who have one or more children; a sister of someone's father or mother.,n09823502,auntie,n09823502,15,the sister of your father or mother; the wife of your uncle,same,1,NA
1063,nephew,A son of someone's brother or sister.,n10353355,nephew,n10353355,286,a son of your brother or sister,same,1,NA
1642,niece,A daughter of someone’s brother or sister.,n10357613,niece,n10357613,216,a daughter of your brother or sister,same,1,NA
1643,cousin,The child of the sibling of a parent of a person.,n09972010,cousin,n09972010,1203,the child of your aunt or uncle,same,1,NA
1643,cousin,The child of the sibling of a parent of a person.,n09972010,cousin-german,NA,NA,NA,different,0,NA
1669,ancestors,"Person from whom a person is descended, whether on the father's or mother's side, at any number of generations.",n09792555,antecedent,n07326880,11,a preceding occurrence or cause or event,different,0,NA
1669,ancestors,"Person from whom a person is descended, whether on the father's or mother's side, at any number of generations.",n09792555,ancestor,n09792555,429,someone from whom you are descended (but usually more remote than a grandparent),same,1,NA
1669,ancestors,"Person from whom a person is descended, whether on the father's or mother's side, at any number of generations.",n09792555,ascendent,NA,NA,NA,different,0,NA
1669,ancestors,"Person from whom a person is descended, whether on the father's or mother's side, at any number of generations.",n09792555,root,n13125117,641,(botany) the usually underground organ that lacks buds or leaves or nodes; absorbs water and mineral salts; usually it anchors the plant to the ground,different,0,NA
1669,ancestors,"Person from whom a person is descended, whether on the father's or mother's side, at any number of generations.",n09792555,ascendant,s00791631,11,most powerful or important or influential,different,0,NA
490,descendants,One who is the progeny of someone at any distance of time.,n08369220,posterity,n08369142,26,all future generations,different,1,NA
490,descendants,One who is the progeny of someone at any distance of time.,n08369220,descendants,NA,NA,NA,different,1,NA
2255,father-in-law (of man),The father-in-law of a man.,n10082043,father-in-law,NA,NA,NA,different,1,NA
2254,father-in-law (of woman),The father-in-law of a woman.,n10082043,father-in-law,NA,NA,NA,different,1,NA
2257,mother-in-law (of man),The mother-in-law of a man.,n10333317,mother-in-law,NA,NA,NA,different,1,NA
2256,mother-in-law (of woman),The mother-in-law of a woman.,n10333317,mother-in-law,NA,NA,NA,different,1,NA
2267,son-in-law (of man),The son-in-law of a man.,n10624915,son-in-law,NA,NA,NA,different,1,NA
2266,son-in-law (of woman),The son-in-law of a woman.,n10624915,son-in-law,NA,NA,NA,different,1,NA
2265,daughter-in-law (of man),The daughter-in-law of a man.,n9993040,daughter-in-law,NA,NA,NA,different,1,NA
2264,daughter-in-law (of woman),The daughter-in-law of a woman.,n9993040,daughter-in-law,NA,NA,NA,different,1,NA
237,stepfather,"The husband of one's biological mother, other than one's biological father.",n10654701,stepfather,n10654701,121,the husband of your mother by a subsequent marriage,same,1,NA
236,stepmother,"The wife of one's biological father, other than one's biological mother.",n10654827,stepmother,n10654827,125,the wife of your father by a subsequent marriage,same,1,NA
1059,stepson,The son of one's spouse and his or her previous partner.,n10655075,stepson,n10655075,24,the son your spouse by a former marriage,same,1,NA
1058,stepdaughter,The daughter of one's spouse and his or her previous partner.,n10654596,stepdaughter,n10654596,30,a daughter of your spouse by a former marriage,same,1,NA
1149,orphan,"A person one or both of whose parents have died, especially a minor.",n10384392,orphan,n10384392,207,a child who has lost both parents,same,1,NA
1756,widow,A woman whose spouse has died.,n10780284,widow,n10780284,439,a woman whose husband is dead especially one who has not remarried,same,1,NA
1981,widower,A man whose spouse has died.,n10780506,widowman,NA,NA,NA,different,1,NA
1981,widower,A man whose spouse has died.,n10780506,widower,n10780506,58,a man whose wife is dead especially one who has not remarried,same,1,NA
1644,relatives,"A person that is considered to be of the same family due to shared ancestors, marriage or adoption.",n10235549,relative,n10235549,703,a person related by blood or marriage,same,1,NA
1644,relatives,"A person that is considered to be of the same family due to shared ancestors, marriage or adoption.",n10235549,relation,n00040962,596,(usually plural) mutual dealings or connections among persons or groups,different,0,NA
194,family,"A group comprising parents, offsprings and others closely related or associated with them.",n07970406,family,n08078020,6059,a social unit living together,different,1,NA
1209,i,The speaker or writer referring to himself or herself alone.,n.a.,NA,NA,NA,NA,different,1,"if there is no synonym listed but annotation says 1, it indicates to include name_clean"
1215,thou,The person addressed.,n.a.,NA,NA,NA,NA,different,1,NA
262,he or she or it,"Third person singular pronoun, regardless of gender/sex.",n.a.,NA,NA,NA,NA,different,1,NA
1212,we,The speaker or writer and at least one other person.,n.a.,NA,NA,NA,NA,different,1,NA
1131,we (inclusive),"Inclusive we: I and at least one other person, including the addressed person(s) (pronoun 1st person plural with 2nd person).",n.a.,NA,NA,NA,NA,different,1,NA
1130,we (exclusive),"Exclusive we: I and at least one other person, but not the addressed person (you) (pronoun 1st person plural without 2nd person).",n.a.,NA,NA,NA,NA,different,1,NA
1213,you,The group of persons addressed.,n.a.,NA,NA,NA,NA,different,1,NA
817,they,"The third person plural of the personal pronoun that designates more than one person or animal, thing or idea which have already been mentioned previously.",n.a.,NA,NA,NA,NA,different,1,NA
619,animal,"Any living organism characterized by voluntary movement, the possession of cells with noncellulose cell walls and specialized sense organs enabling rapid response to stimuli, and the ingestion of complex organic substances such as plants and other animals.",n00015388,fauna,n00015388,29,a living organism characterized by voluntary movement,same,1,NA
619,animal,"Any living organism characterized by voluntary movement, the possession of cells with noncellulose cell walls and specialized sense organs enabling rapid response to stimuli, and the ingestion of complex organic substances such as plants and other animals.",n00015388,brute,n09845589,40,a cruelly rapacious person,different,0,NA
619,animal,"Any living organism characterized by voluntary movement, the possession of cells with noncellulose cell walls and specialized sense organs enabling rapid response to stimuli, and the ingestion of complex organic substances such as plants and other animals.",n00015388,beast,n00015388,648,a living organism characterized by voluntary movement,same,1,NA
619,animal,"Any living organism characterized by voluntary movement, the possession of cells with noncellulose cell walls and specialized sense organs enabling rapid response to stimuli, and the ingestion of complex organic substances such as plants and other animals.",n00015388,creature,n00015388,1369,a living organism characterized by voluntary movement,same,1,NA
619,animal,"Any living organism characterized by voluntary movement, the possession of cells with noncellulose cell walls and specialized sense organs enabling rapid response to stimuli, and the ingestion of complex organic substances such as plants and other animals.",n00015388,animal,n00015388,3266,a living organism characterized by voluntary movement,same,1,NA
2263,male (of animal),Relating to the male sex of animals.,a01476685,male,a01476685,833,being the sex (of plant or animal) that produces gametes (spermatozoa) that perform the fertilizing function in generation,same,1,NA
2262,female (of animal),Relating to the female sex of animals (adjective).,a01477806,female,a01477806,1255,being the sex (of plant or animal) that produces fertilizable gametes (ova) from which offspring develop,same,1,NA
631,livestock,"Cattle, horses, and similar animals kept for domestic use especially on a farm.",n01887474,livestock,n01887474,183,any animals kept for use or profit,same,1,NA
631,livestock,"Cattle, horses, and similar animals kept for domestic use especially on a farm.",n01887474,stock,n13333833,1406,the capital raised by a corporation through the issue of shares entitling holders to an ownership interest (equity),different,0,NA
649,pasture,Land covered with grass or herbage and grazed by or suitable for grazing by livestock.,n08616050,pastureland,n08616050,11,a field covered with grass or herbage and suitable for grazing by livestock,same,1,NA
649,pasture,Land covered with grass or herbage and grazed by or suitable for grazing by livestock.,n08616050,pasture,n08616050,264,a field covered with grass or herbage and suitable for grazing by livestock,same,1,NA
649,pasture,Land covered with grass or herbage and grazed by or suitable for grazing by livestock.,n08616050,lea,n13654571,2,a unit of length of thread or yarn,different,0,NA
649,pasture,Land covered with grass or herbage and grazed by or suitable for grazing by livestock.,n08616050,ley,n08616050,1,a field covered with grass or herbage and suitable for grazing by livestock,same,1,NA
263,herdsman,A man who looks after a herd of animals.,n10171567,herdsman,n10171567,6,someone who drives a herd,same,1,NA
263,herdsman,A man who looks after a herd of animals.,n10171567,drover,n10171567,4,someone who drives a herd,same,1,NA
263,herdsman,A man who looks after a herd of animals.,n10171567,herder,n10171567,31,someone who drives a herd,same,1,NA
851,stable,"A building or structure usually with stalls that is used to house and feed horses, cattle or other animals.",n04299370,stall,n04299370,209,a compartment in a stable where a single animal is confined and fed,same,1,NA
1153,cattle,"Domesticated bovine animals, including cows, steers and bulls, raised and bred on a ranch or farm.",n02402425,cows,NA,NA,NA,different,0,NA
1153,cattle,"Domesticated bovine animals, including cows, steers and bulls, raised and bred on a ranch or farm.",n02402425,kine,NA,NA,NA,different,0,NA
1153,cattle,"Domesticated bovine animals, including cows, steers and bulls, raised and bred on a ranch or farm.",n02402425,cattle,n02402425,490,domesticated bovine animals as a group regardless of sex or age; ; ; - Bible,same,1,NA
1153,cattle,"Domesticated bovine animals, including cows, steers and bulls, raised and bred on a ranch or farm.",n02402425,oxen,n02402425,43,domesticated bovine animals as a group regardless of sex or age; ; ; - Bible,same,1,NA
1008,bull,Male bovine animal.,n02403325,bull,n02403325,376,uncastrated adult male of domestic cattle,same,1,NA
1169,ox,A castrated bull.,n02403003,ox,n02403003,52,an adult castrated bull of the genus Bos; especially Bos taurus,same,1,NA
1007,cow,Female bovine animal (Bos taurus) of the subfamily Bovinae of the family Bovidae.,n02403454,moo-cow,NA,NA,NA,different,0,NA
1007,cow,Female bovine animal (Bos taurus) of the subfamily Bovinae of the family Bovidae.,n02403454,cow,n02403454,828,female of domestic cattle:,same,1,NA
1989,calf,Young cattle.,n01887896,calf,n05574332,177,the muscular back part of the shank,different,0,this concept will not be considered
1331,sheep,"A common, four-legged animal (Ovis) that is commonly kept by humans for its wool.",n02411705,sheep,n02411705,449,woolly usually horned ruminant mammal related to the goat,same,1,NA
1344,ram,A male sheep.,n02412080,tup,n02412080,1,uncastrated adult male sheep,same,1,NA
1344,ram,A male sheep.,n02412080,ram,v01575146,71,strike or drive against with a heavy impact,different,1,dominant POS was noun in Subtlex
1345,ewe,A female sheep.,n02411999,ewe,n02411999,13,female sheep,same,1,NA
820,lamb,Young sheep.,n02412440,lamb,n02412440,70,young sheep,same,1,NA
1348,boar (male pig),An adult male pig.,n02396427,boar,n02396427,59,Old World wild swine having a narrow body and prominent tusks from which most domestic swine come; introduced in United States,same,1,NA
1351,sow (female pig),An adult female pig.,n02396088,sow,v01500873,81,place (seeds) in or on the ground for future growth,different,0,this concept will not be considered
1337,pig,"A common, four-legged animal (Sus scrofa) that has cloven hooves, bristles and a nose adapted for digging and is farmed by humans for its meat.",n02395406,pig,n02395406,619,domestic swine,same,1,NA
1337,pig,"A common, four-legged animal (Sus scrofa) that has cloven hooves, bristles and a nose adapted for digging and is farmed by humans for its meat.",n02395406,hog,n02395406,116,domestic swine,same,1,NA
1337,pig,"A common, four-legged animal (Sus scrofa) that has cloven hooves, bristles and a nose adapted for digging and is farmed by humans for its meat.",n02395406,grunter,NA,NA,NA,different,0,NA
1337,pig,"A common, four-legged animal (Sus scrofa) that has cloven hooves, bristles and a nose adapted for digging and is farmed by humans for its meat.",n02395406,squealer,NA,NA,NA,different,0,NA
1502,goat,A common four-legged animal (Capra) that is related to sheep and bred by humans for its coat and milk.,n02416519,goat,n02416519,263,any of numerous agile ruminants related to sheep but having a beard and straight horns,same,1,NA
2475,male goat,A male goat.,n.a.,NA,NA,NA,NA,different,0,NA
1972,young goat (kid),A young goat.,n02416820,kid,n09917593,7544,a young person of either sex,different,0,this concept will not be considered
615,horse,A large animal with four legs of the Equus caballus species which people ride on or use for carrying things or pulling vehicles.,n02374451,horse,n02374451,2915,solid-hoofed herbivorous quadruped domesticated since prehistoric times,same,1,NA
936,stallion,An uncastrated male horse.,n02377181,entire,s00515380,2689,constituting the full quantity or extent; complete,different,0,NA
936,stallion,An uncastrated male horse.,n02377181,stallion,n02377181,108,uncastrated adult male horse,same,1,NA
938,mare,An adult female horse.,n02377480,mare,n02377480,145,female equine animal,same,1,NA
1647,foal,"A juvenile horse, especially one which is not yet weaned.",n02376791,colt,n02376791,31,a young male horse under the age of four,same,1,NA
1862,donkey,"A domesticated animal, Equus asinus.",n02389559,donkey,n02389559,196,domestic beast of burden descended from the African wild ass; patient but stubborn,same,1,NA
890,mule,The offspring of a male donkey and a female horse.,n02390101,mule,n02390101,116,hybrid offspring of a male donkey and a female horse; usually sterile,same,1,NA
265,fowl,A bird that is kept for its meat and eggs.,n01789740,poultry,n01789740,100,a domesticated gallinaceous bird thought to be descended from the red jungle fowl,same,1,NA
265,fowl,A bird that is kept for its meat and eggs.,n01789740,fowl,n01789740,21,a domesticated gallinaceous bird thought to be descended from the red jungle fowl,same,1,NA
1511,rooster,"A male chicken (Gallus gallus domesticus), a domestic bird.",n01792158,cock,v01884868,275,tilt or slant to one side,different,0,NA
1511,rooster,"A male chicken (Gallus gallus domesticus), a domestic bird.",n01792158,rooster,n01792158,93,adult male chicken,same,1,NA
1514,hen,A female chicken.,n01792640,biddy,n01792640,8,adult female chicken,same,1,NA
1514,hen,A female chicken.,n01792640,hen,n01792640,123,adult female chicken,same,1,NA
1318,chicken,A type of domesticated bird from the order of Galliformes which is often raised as a type of poultry (Gallus gallus domesticus).,n01791625,chicken,n07644967,1391,the flesh of a chicken used for food,different,1,NA
1187,goose,Waterfowl of the Anatidae family.,n01855672,goose,n01855672,147,web-footed long-necked typically gregarious migratory aquatic birds usually larger and less aquatic than ducks,same,1,NA
1360,duck,"An aquatic bird of the family Anatidae, having a flat bill and webbed feet.",n01846331,duck,n01846331,396,small wild or domesticated web-footed broad-billed swimming bird usually having a depressed body and short legs,same,1,NA
539,nest,"A nest is a structure built by vertebrates to hold its eggs, its offspring, or occasionally the animal itself and may be composed of organic material such as twigs, grass, and leaves, or may be a simple depression in the ground, or a hole in a rock, tree, or building.",n09369169,nest,n09369169,436,a structure in which animals lay eggs or give birth to their young,same,1,NA
937,bird,"Any of the bipedal, warm-blooded vertebrates that lay eggs having wings which, for most species, enables them to fly.",n01503061,bird,n01503061,2458,warm-blooded egg-laying vertebrates characterized by feathers and forelimbs modified as wings,same,1,NA
950,seagull,A seabird of the genus Larus or of the family Laridae.,n02041246,seagull,n02041246,30,mostly white aquatic bird having long pointed wings and short legs,same,1,NA
950,seagull,A seabird of the genus Larus or of the family Laridae.,n02041246,gull,n02041246,92,mostly white aquatic bird having long pointed wings and short legs,same,1,NA
758,heron,"A long-legged, long-necked wading bird of the family Ardeidae.",n02008041,heron,n02008041,61,grey or white wading bird with long neck and long legs and (usually) long bill,same,1,NA
1905,eagle,"Any of several large carnivorous birds in the family Accipitridae, having a powerful hooked bill and keen vision.",n01613294,eagle,n01613294,171,any of various large keen-sighted diurnal birds of prey noted for their broad wings and strong soaring flight,same,1,NA
307,hawk,A predatory bird of the family Accipitridae.,n01605630,hawk,n01605630,186,diurnal bird of prey typically having short rounded wings and a long tail,same,1,NA
1793,bat,"A small, nocturnal, flying mammal of the order Chiroptera, which navigates by means of echolocation. It looks like a mouse with membranous wings extending from the forelimbs to the hind limbs or tail.",n02139199,chiropteran,NA,NA,NA,different,0,NA
1793,bat,"A small, nocturnal, flying mammal of the order Chiroptera, which navigates by means of echolocation. It looks like a mouse with membranous wings extending from the forelimbs to the hind limbs or tail.",n02139199,bat,n02806379,272,a club used for hitting a ball in various games,different,1,NA
882,parrot,"Any bird of the order Psittaciformes, many species of which are colourful and able to mimic human speech.",n01816887,parrot,n01816887,71,usually brightly colored zygodactyl tropical birds with short hooked beaks and the ability to mimic sounds,same,1,NA
913,crow,"A bird, usually black, of the genus Corvus, having a strong conical beak, with projecting bristles; it has a harsh, croaking call.",n01579028,crow,n01579028,166,black birds having a raucous call,same,1,NA
1853,dove,One of several birds of the family Columbidae.,n01812337,dove,n01812337,114,any of numerous small pigeons,same,1,NA
735,owl,"A solitary, mainly nocturnal bird of prey, belonging to the order Strigiformes; it has large forward-facing eyes and ears and a hawk-like beak, and it can turn its head 180 degrees around.",n01621127,owl,n01621127,182,nocturnal bird of prey with hawk-like beak and claws and large head with front-facing eyes,same,1,NA
735,owl,"A solitary, mainly nocturnal bird of prey, belonging to the order Strigiformes; it has large forward-facing eyes and ears and a hawk-like beak, and it can turn its head 180 degrees around.",n01621127,hooter,n02761834,1,a device on an automobile for making a warning noise,different,0,NA
2009,dog,"A common four-legged animal, especially kept by people as a pet or to hunt or guard things.",n02084071,dog,n02084071,4890,a member of the genus Canis (probably descended from the common wolf) that has been domesticated by man since prehistoric times; occurs in many breeds,same,1,NA
1136,rabbit,"One of several small mammals of the family Leporidae, with long ears, long hind legs and a short, fluffy tail.",n02324045,coney,NA,NA,NA,different,0,NA
1136,rabbit,"One of several small mammals of the family Leporidae, with long ears, long hind legs and a short, fluffy tail.",n02324045,rabbit,n02324045,414,any of various burrowing animals of the family Leporidae having long ears and short tails; some domesticated and raised for pets or food,same,1,NA
1136,rabbit,"One of several small mammals of the family Leporidae, with long ears, long hind legs and a short, fluffy tail.",n02324045,cony,n02324045,7,any of various burrowing animals of the family Leporidae having long ears and short tails; some domesticated and raised for pets or food,same,1,NA
1208,cat,A common four-legged animal (Felis silvestris) that is often kept as a household pet.,n02121620,cat,n02121620,2007,feline mammal usually having thick soft fur and no ability to roar: domestic cats; wildcats,same,1,NA
309,opossum,A mammal being a member of the family Didelphidae.,n01874928,opossum,n01874928,10,nocturnal arboreal marsupial having a naked prehensile tail found from southern North America to northern South America,same,1,NA
309,opossum,A mammal being a member of the family Didelphidae.,n01874928,possum,n01874928,39,nocturnal arboreal marsupial having a naked prehensile tail found from southern North America to northern South America,same,1,NA
2139,muroid (mouse or rat),"A large superfamily of rodents, including hamsters, gerbils, true mice and rats, and many other relatives.",n02331046,rat,n02331046,452,any of various long-tailed rodents similar to but larger than a mouse,same,1,NA
227,fish,A cold-blooded vertebrate animal that lives in water that moves with the help of fins and breathes using gills (Pisces).,n02512053,fish,n02512053,1644,any of various mostly cold-blooded aquatic vertebrates usually having scales and breathing through gills,same,1,NA
213,fin,An appendage of a fish used for swimming.,n02466132,fin,n02466132,117,organ of locomotion and balance in fishes and some other aquatic animals,same,1,NA
1916,gill,The breathing organ of fish and other aquatic animals.,n02510769,gill,n02510769,40,respiratory organ of aquatic animals that breathe oxygen dissolved in water,same,1,NA
1916,gill,The breathing organ of fish and other aquatic animals.,n02510769,branchia,NA,NA,NA,different,0,NA
598,shell,"A hard outer covering of an animal, as the hard case of a mollusk.",n01904182,shell,n01903756,295,hard outer covering or case of certain organisms such as arthropods and turtles,different,1,NA
1110,shark,A scaleless fish with a cartilaginous skeleton that has 5 to 7 gill slits on each side of its head.,n01482330,shark,n01482330,303,any of numerous elongate mostly marine carnivorous fishes with heterocercal caudal fins and tough skin covered with small toothlike scales,same,1,NA
1479,dolphin,A carnivorous aquatic mammal inhabiting mostly in the shallower seas of the continental shelves.,n02068974,dolphin,n02068974,151,any of various small toothed whales with a beaklike snout; larger than porpoises,same,1,NA
957,whale,"Large marine mammals of the order Cetacea; the body is streamlined, the broad flat tail is used for propulsion, and the limbs are balancing structures.",n02062744,whale,n02062744,312,any of the larger cetacean mammals having a streamlined body and breathing through a blowhole on the head,same,1,NA
1910,stingray,"Any of various large, venomous rays, of the orders Rajiformes and Myliobatiformes, having a barbed, whiplike tail.",n01498041,stingray,n01498041,16,large venomous ray with large barbed spines near the base of a thin whiplike tail capable of inflicting severe wounds,same,1,NA
522,wolf,"A large wild canid (Canidae), closely related to the dog.",n02114100,wolf,n02114100,534,any of various predatory carnivorous canine mammals of North America and Eurasia that usually hunt in packs,same,1,NA
1386,lion,"A large cat (Panthera leo) that is native to Africa, Asia and formerly much of Europe.",n02129165,lion,n02129165,377,large gregarious predatory feline of Africa and India having a tawny coat with a shaggy mane in the male,same,1,NA
1820,bear,"A large beast of prey of the family Ursidae, related to the dog and raccoon, having shaggy hair, a very small tail, and flat feet.",n02131653,bear,v00056930,3109,cause to be born,different,1,dominant POS was noun in Subtlex
1312,fox,A carnivorous relatively small canine of the species Vulpes Vulpes.,n02118333,fox,n02118333,232,alert carnivorous mammal with pointed muzzle and ears and a bushy tail; most are predators that do not hunt in packs,same,1,NA
1936,deer,The common name for 41 species of even-toed ungulates that compose the family Cervidae in the order Artiodactyla; males have antlers.,n02430045,deer,n02430045,811,distinguished from Bovidae by the male's having solid deciduous antlers,same,1,NA
1936,deer,The common name for 41 species of even-toed ungulates that compose the family Cervidae in the order Artiodactyla; males have antlers.,n02430045,cervid,n02430045,1,distinguished from Bovidae by the male's having solid deciduous antlers,same,1,NA
1350,monkey,"A primate from the group *New World monkeys* or *Old World monkeys* (Simiiformes, excluding the superfamily Hominoidea or apes) that lives mainly in rainforests and is distinguished from an Ape by its smaller size and its tail.",n02484322,monkey,n02484322,328,any of various long-tailed primates (excluding the prosimians),same,1,NA
1290,elephant,"A mammal of the order Proboscidea, having a trunk, and two large ivory tusks jutting from the upper jaw. Elephants are the largest land animals now existing.",n02503517,elephant,n02503517,420,five-toed pachyderm,same,1,NA
1871,camel,"A beast of burden, much used in desert areas, of the genus Camelus.",n02437136,camel,n02437136,134,cud-chewing mammal used as a draft or saddle animal in desert regions,same,1,NA
620,insect,"A class of the Arthropoda typically having a segmented body with an external chitinous covering, a pair of compound eyes, a pair of antennae, three pairs of mouthparts, and two pairs of wings.",n02159955,insect,n02159955,667,small air-breathing arthropod,same,1,NA
267,nit,An egg of a louse that is sometimes found in people's hair.,n01461146,nit,n01461146,8,egg or young of an insect parasitic on mammals especially a sucking louse; often attached to a hair or item of clothing,same,1,NA
232,flea,Any of the wingless insects composing the order Siphonaptera; most are ectoparasites of mammals and birds. (Source: MGH),n02186153,flea,n02186153,147,any wingless bloodsucking parasitic insect noted for ability to leap,same,1,NA
1974,centipede,"Any of various flattened, wormlike arthropods of the class Chilopoda, whose bodies are divided into many segments, each with one pair of legs.",n1784675,centipede,n01784675,20,"chiefly nocturnal predacious arthropod having a flattened body of 15 to 173 segments each with a pair of legs, the foremost pair being modified as prehensors",different,1,NA
1538,scorpion,"An arthropod with eight legs, belonging to the order Scorpiones in the class Arachnida.",n01770393,scorpion,n01770393,60,arachnid of warm dry regions having a long segmented tail ending in a venomous stinger,same,1,NA
1575,cockroach,The most primitive of the living winged insects.,n02233338,roach,n02233338,96,any of numerous chiefly nocturnal insects; some are domestic pests,same,1,NA
1575,cockroach,The most primitive of the living winged insects.,n02233338,cockroach,n02233338,88,any of numerous chiefly nocturnal insects; some are domestic pests,same,1,NA
587,ant,"Any of the black, red, brown, or yellow insects of the family Formicidae characterized by a large head and by living in organized colonies.",n02219486,ant,n02219486,186,social insect living in organized colonies; characteristically the males and fertile queen have wings during breeding season; wingless sterile females are the workers,same,1,NA
587,ant,"Any of the black, red, brown, or yellow insects of the family Formicidae characterized by a large head and by living in organized colonies.",n02219486,pismire,NA,NA,NA,different,0,NA
587,ant,"Any of the black, red, brown, or yellow insects of the family Formicidae characterized by a large head and by living in organized colonies.",n02219486,emmet,n02219486,1,social insect living in organized colonies; characteristically the males and fertile queen have wings during breeding season; wingless sterile females are the workers,same,1,NA
843,spider,"Any predatory silk-producing arachnid of the order Araneae, having four pairs of legs and a rounded unsegmented body consisting of abdomen and cephalothorax.",n01772222,spider,n01772222,273,"predatory arachnid with eight legs, two poison fangs, two feelers, and usually two silk-spinning organs at the back end of the body; they spin silk to make cocoons for eggs or traps for prey",same,1,NA
665,bee,Any of the membranous-winged insects which compose the superfamily Apoidea in the order Hymenoptera characterized by a hairy body and by sucking and chewing mouthparts.,n02206856,bee,n02206856,283,any of numerous hairy-bodied insects including social and solitary species,same,1,NA
1931,beeswax,A yellowish or dark brown wax secreted by honeybees for constructing honeycombs.,n15094824,beeswax,n15094824,27,a yellow to brown wax secreted by honeybees to build honeycombs,same,1,NA
88,beehive,A structure that provides a natural habitation for bees; as in a hollow tree.,n02822865,beehive,n02823030,7,any workplace where people are very busy,different,1,NA
88,beehive,A structure that provides a natural habitation for bees; as in a hollow tree.,n02822865,hive,n02822865,53,a man-made receptacle that houses a swarm of bees,same,1,NA
1517,wasp,"A flying stinging insect related to the bee, which is usually coloured yellow and black.",n02212062,wasp,n02212062,85,social or solitary hymenopterans typically having a slender body with the abdomen attached by a narrow stalk and having a formidable sting,same,1,NA
1504,fly (insect),A common insect; any species of insect of the order Diptera.,n02190166,fly,v01940403,2428,travel through the air; be airborne,different,0,this concept will not be considered
95,sandfly,"A tiny flying insect from one of several species in the Nematocera suborder, including the families Mycetophilidae, Anisopodidae and Sciaridae.",n2204249,sandfly,n02204249,1,any of various small dipterous flies; bloodsucking females can transmit sandfly fever and leishmaniasis,different,1,NA
1509,mosquito,A small flying insect (of the family Culicidae) known for biting and sucking blood.,n02200198,mosquito,n02200198,219,two-winged insect whose female has a long proboscis to pierce the skin and suck the blood of humans and animals,same,1,NA
1219,worm,A generally tubular invertebrate of the annelid phylum.,n01922303,worm,n01922303,357,any of numerous relatively small elongated soft-bodied animals especially of the phyla Annelida and Chaetognatha and Nematoda and Nemertea and Platyhelminthes; also many insect larvae,same,1,NA
730,snake,"Any reptile of the suborder Serpentes, typically having a scaly cylindrical limbless body, fused eyelids, and a jaw modified for swallowing large prey.",n01726692,serpent,n01726692,77,limbless scaly elongate reptile; some are venomous,same,1,NA
730,snake,"Any reptile of the suborder Serpentes, typically having a scaly cylindrical limbless body, fused eyelids, and a jaw modified for swallowing large prey.",n01726692,ophidian,NA,NA,NA,different,0,NA
730,snake,"Any reptile of the suborder Serpentes, typically having a scaly cylindrical limbless body, fused eyelids, and a jaw modified for swallowing large prey.",n01726692,snake,n01726692,597,limbless scaly elongate reptile; some are venomous,same,1,NA
206,firefly,"A nocturnal, bioluminescent beetle of the family Lampyridae.",n2168245,firefly,n02168245,56,nocturnal beetle common in warm regions having luminescent abdominal organs,different,1,NA
1791,butterfly,A lepidopteran that is active at day.,n02274259,butterfly,n02274259,374,diurnal insect typically having a slender body with knobbed antennae and broad colorful wings,same,1,NA
607,grasshopper,A plant-eating insect with long back legs that can jump very high and makes a sharp high noise using its back legs or wings.,n02226429,grasshopper,n02226429,80,terrestrial plant-eating insect with hind legs adapted for leaping,same,1,NA
607,grasshopper,A plant-eating insect with long back legs that can jump very high and makes a sharp high noise using its back legs or wings.,n02226429,hopper,n03535284,30,funnel-shaped receptacle; contents pass by gravity into a receptacle below,different,0,NA
1543,snail,"(Gastropoda) Ventral footed mollusk, including land snails, terrestrial pulmonate gastropod mollusks.",n01944390,snail,n01944390,54,freshwater or marine or terrestrial gastropod mollusk usually having an external enclosing spiral shell,same,1,NA
503,frog,"Any insectivorous anuran amphibian of the family Ranidae, such as Rana temporaria of Europe, having a short squat tailless body with a moist smooth skin and very long hind legs specialized for hopping.",n01639765,toad,n01639765,80,any of various tailless stout-bodied amphibians with long hind limbs for leaping; semiaquatic and terrestrial species,same,1,NA
503,frog,"Any insectivorous anuran amphibian of the family Ranidae, such as Rana temporaria of Europe, having a short squat tailless body with a moist smooth skin and very long hind legs specialized for hopping.",n01639765,anuran,NA,NA,NA,different,0,NA
503,frog,"Any insectivorous anuran amphibian of the family Ranidae, such as Rana temporaria of Europe, having a short squat tailless body with a moist smooth skin and very long hind legs specialized for hopping.",n01639765,frog,n01639765,333,any of various tailless stout-bodied amphibians with long hind limbs for leaping; semiaquatic and terrestrial species,same,1,NA
503,frog,"Any insectivorous anuran amphibian of the family Ranidae, such as Rana temporaria of Europe, having a short squat tailless body with a moist smooth skin and very long hind legs specialized for hopping.",n01639765,batrachian,NA,NA,NA,different,0,NA
503,frog,"Any insectivorous anuran amphibian of the family Ranidae, such as Rana temporaria of Europe, having a short squat tailless body with a moist smooth skin and very long hind legs specialized for hopping.",n01639765,salientian,NA,NA,NA,different,0,NA
632,lizard,"Any reptile of the suborder Lacertilia, especially those of the family Lacertidae, typically having an elongated body, four limbs, and a small tail: includes the gechos, iguanas, chameleons, monitors, and slow worms.",n01674464,lizard,n01674464,231,relatively long-bodied reptile with usually two pairs of legs and a tapering tail,same,1,NA
1857,crocodile,"Any large tropical reptile of the family Crocodylidae: order Crocodylia. They have a broad head, tapering snout, massive jaws, and a thick outer covering of bony plates. (Source: CED)",n1697178,crocodile,n01697178,91,large voracious aquatic reptile having a long snout with massive jaws and sharp teeth and a body covered with bony plates; of sluggish tropical waters,different,1,NA
112,turtle,"A reptile of the order Testudines (the crown group of the superorder Chelonia), characterised by a special bony or cartilaginous shell developed from their ribs that acts as a shield.",n01662784,turtle,n01662784,246,any of various aquatic and land reptiles having a bony shell and flipper-like limbs for swimming,same,1,NA
1480,body,The physical structure of a human or animal.,n05216365,body,n05216365,7592,"the entire structure of an organism (an animal, plant, or human being)",same,1,NA
763,skin,"The tissue forming the outer covering of the vertebrate body: it consists of two layers, the outermost of which may be covered with hair, scales, feathers, etc. It is mainly protective and sensory in function.",n01895735,skin,n05238282,3673,a natural protective body covering and site of the sense of touch,different,1,NA
763,skin,"The tissue forming the outer covering of the vertebrate body: it consists of two layers, the outermost of which may be covered with hair, scales, feathers, etc. It is mainly protective and sensory in function.",n01895735,pelt,v01507914,74,"cast, hurl, or throw repeatedly with some missile",different,0,NA
763,skin,"The tissue forming the outer covering of the vertebrate body: it consists of two layers, the outermost of which may be covered with hair, scales, feathers, etc. It is mainly protective and sensory in function.",n01895735,hide,v02144835,2367,prevent from being seen or discovered,different,0,NA
2259,flesh,The soft substance in the body of living things.,n05268112,flesh,n05268112,891,the soft tissue of the body of a vertebrate: mainly muscle tissue and fat,same,1,NA
2648,hair (head),The hair on the head of humans (rather than the hair in general or the hair on the body).,n5254795,hair,n05254795,8701,a covering for the body (or parts of it) consisting of a dense growth of threadlike structures (as on the human head); helps to prevent heat loss,different,1,NA
678,beard,"Facial hair of humans on the chin, cheeks and jaw.",n05261566,whiskers,NA,NA,NA,different,0,NA
678,beard,"Facial hair of humans on the chin, cheeks and jaw.",n05261566,beard,n05261566,482,the hair growing on the lower part of a man's face,same,1,NA
576,dandruff,Small portion of dead skin cells shedding from the scalp.,n09262955,dandruff,n09262955,8,loose scales shed from the scalp,same,1,NA
946,blood,A fluid connective tissue consisting of the plasma and cells that circulate in the blood vessels.,n05399847,blood,n05399847,4551,"the fluid (red in vertebrates) that is pumped through the body by the heart and contains plasma, blood cells, and platelets",same,1,NA
525,blood vessel,The blood vessels are the part of the circulatory system that transports blood throughout the human body or an animal body.,n05333777,artery,n05333777,248,a blood vessel that carries blood from the heart to the body,same,1,NA
525,blood vessel,The blood vessels are the part of the circulatory system that transports blood throughout the human body or an animal body.,n05333777,arteria,NA,NA,NA,different,0,NA
1394,bone,"Any of the components of an endoskeleton, consisting mainly of calcium phosphate, collagen and cells.",n05269901,bone,n05269901,2292,rigid connective tissue that makes up the skeleton of vertebrates,same,1,NA
1394,bone,"Any of the components of an endoskeleton, consisting mainly of calcium phosphate, collagen and cells.",n05269901,os,n06568134,38,(computer science) software that controls the execution of computer programs and may provide various services,different,0,NA
801,rib,One of the long curved bones which form the rib cage.,n05279026,costa,n05592126,1,a riblike part of a plant or animal (such as a middle rib of a leaf or a thickened vein of an insect wing),different,0,NA
801,rib,One of the long curved bones which form the rib cage.,n05279026,rib,n05279026,438,any of the 12 pairs of curved arches of bone extending from the spine to or toward the sternum in humans (and similar bones in most vertebrates),same,1,NA
1393,horn (anatomy),A hard growth of keratin that protrudes from the top of the head of certain animals.,n01325417,horn,n03537085,179,a noisemaker (as at parties or games) that makes a loud noise when you blow through it,different,0,NA
1220,tail,The appendage of an animal that is attached to its posterior and near the anus.,n02157557,tail,n02157557,825,the posterior part of the body of a vertebrate especially when elongated and extending beyond the trunk or main part of the body,same,1,NA
1291,back,"The rear of body, especially the part between the neck and the end of the spine and opposite the chest and belly.",n05558717,dorsum,n05557500,1,the back of the body of a vertebrate or any analogous surface (as the upper or outer surface of an organ or appendage or part),different,0,this concept will not be considered
1291,back,"The rear of body, especially the part between the neck and the end of the spine and opposite the chest and belly.",n05558717,back,r00075161,17640,in or to or toward a former location,different,0,NA
805,spine,"The body part that consists of a row of vertebrae, that support the head and torso and that forms a canal for nerves.",n05588174,rachis,NA,NA,NA,different,0,NA
805,spine,"The body part that consists of a row of vertebrae, that support the head and torso and that forms a canal for nerves.",n05588174,backbone,n05032351,31,fortitude and determination,different,0,NA
805,spine,"The body part that consists of a row of vertebrae, that support the head and torso and that forms a canal for nerves.",n05588174,back,r00075161,17640,in or to or toward a former location,different,0,NA
805,spine,"The body part that consists of a row of vertebrae, that support the head and torso and that forms a canal for nerves.",n05588174,spine,n05588174,425,the series of vertebrae forming the axis of the skeleton and protecting the spinal cord,same,1,NA
1256,head,"The part of the body of an animal or human which contains the brain, mouth and main sense organs.",n05538625,caput,n05538625,3,the upper part of the human body or the front part of the body in animals; contains the face and brains,same,1,NA
1256,head,"The part of the body of an animal or human which contains the brain, mouth and main sense organs.",n05538625,head,n05538625,14052,the upper part of the human body or the front part of the body in animals; contains the face and brains,same,1,NA
1604,temples,The region of the skull on either side of the forehead.,n05602683,temple,n04407435,313,place of worship consisting of an edifice for the worship of a deity,different,0,this concept will not be considered
1605,skull,The main bone of the head; the cranium.,n05540121,skull,n05540121,623,the bony skeleton of the head of vertebrates,same,1,NA
1583,brain,The organ of the central nervous system of an animal or human located in the skull that controls the actions and thoughts of the animal or human.,n05481095,encephalon,NA,NA,NA,different,0,NA
1583,brain,The organ of the central nervous system of an animal or human located in the skull that controls the actions and thoughts of the animal or human.,n05481095,brain,n05481095,1854,that part of the central nervous system that includes all the higher nervous centers; enclosed within the skull; continuous with the spinal cord,same,1,NA
1560,face,"The front part of the head, featuring the eyes, nose, and mouth and the surrounding area.",n05600637,face,n05600637,12390,the front of the human head from the forehead to the chin and ear to ear,same,1,NA
123,forehead,The part of the face between the hairline and the eyebrows.,n05602548,brow,n05313535,354,the arch of hair above each eye,different,0,NA
123,forehead,The part of the face between the hairline and the eyebrows.,n05602548,forehead,n05602548,1078,the part of the face above the eyes,same,1,NA
798,jaw,"Either of the two opposable structures forming, or near the entrance to, the mouth.",n05546040,jaw,n05546040,772,the part of the skull of a vertebrate that frames the mouth and holds the teeth,same,1,NA
1730,cheek,"The soft skin on each side of the face, between the eyes and the chin; the outer surface of the sides of the oral cavity.",n05602835,cheek,n05602835,1881,either side of the face below the eyes,same,1,NA
1510,chin,"The bottom of the face, below the mouth.",n05599617,mentum,NA,NA,NA,different,0,NA
1510,chin,"The bottom of the face, below the mouth.",n05599617,chin,n05599617,993,the protruding part of the lower jaw,same,1,NA
1248,eye,"The organ that is sensitive to light, which it converts to electrical signals passed to the brain, by which means animals and humans see.",n05311054,eye,n05311054,20165,the organ of sight,same,1,NA
1248,eye,"The organ that is sensitive to light, which it converts to electrical signals passed to the brain, by which means animals and humans see.",n05311054,optic,n05311054,107,the organ of sight,same,1,NA
1248,eye,"The organ that is sensitive to light, which it converts to electrical signals passed to the brain, by which means animals and humans see.",n05311054,oculus,NA,NA,NA,different,0,NA
1173,eyebrow,The hair that grows over the bone ridge above the eye socket.,n05313535,brow,n05313535,354,the arch of hair above each eye,same,1,NA
1173,eyebrow,The hair that grows over the bone ridge above the eye socket.,n05313535,supercilium,NA,NA,NA,different,0,NA
1173,eyebrow,The hair that grows over the bone ridge above the eye socket.,n05313535,eyebrow,n05313535,911,the arch of hair above each eye,same,1,NA
17,eyelid,A skin flap that can be closed over an eye.,n05313822,palpebra,NA,NA,NA,different,0,NA
17,eyelid,A skin flap that can be closed over an eye.,n05313822,eyelid,n05313822,212,either of two folds of skin that can be moved to cover or open the eye,same,1,NA
17,eyelid,A skin flap that can be closed over an eye.,n05313822,lid,n03661340,428,"a movable top or cover (hinged or separate) for closing the opening at the top of a box, chest, jar, pan, etc.",different,0,NA
1540,eyelash,"One of the hairs that grows on the eyelid, around the eyes.",n05314919,cilium,NA,NA,NA,different,0,NA
1540,eyelash,"One of the hairs that grows on the eyelid, around the eyes.",n05314919,eyelash,n05314919,123,any of the short curved hairs that grow from the edges of the eyelids,same,1,NA
1540,eyelash,"One of the hairs that grows on the eyelid, around the eyes.",n05314919,lash,n05314919,131,any of the short curved hairs that grow from the edges of the eyelids,same,1,NA
1655,blink,"To make a quick wink of one or both eyelids, often repeatedly.",v00007739,nictate,NA,NA,NA,different,0,NA
1655,blink,"To make a quick wink of one or both eyelids, often repeatedly.",v00007739,wink,v00008299,209,signal by winking,different,0,NA
1655,blink,"To make a quick wink of one or both eyelids, often repeatedly.",v00007739,nictitate,v00007739,1,briefly shut the eyes,same,1,NA
1655,blink,"To make a quick wink of one or both eyelids, often repeatedly.",v00007739,blink,v00007739,787,briefly shut the eyes,same,1,NA
1247,ear,"The organ of hearing, consisting of the pinna, auditory canal, eardrum, malleus, incus, stapes and cochlea.",n05320899,ear,n05320899,2223,the sense organ for hearing and equilibrium,same,1,NA
18,earlobe,The lower fleshy part of the human ear.,n05323588,earlobe,n05323588,63,the fleshy pendulous part of the external human ear,same,1,NA
32,earwax,"A yellowish, waxlike secretion from certain glands in the external auditory canal.",n15095103,earwax,n15095103,2,a soft yellow wax secreted by glands in the ear canal,same,1,NA
32,earwax,"A yellowish, waxlike secretion from certain glands in the external auditory canal.",n15095103,cerumen,NA,NA,NA,different,0,NA
1221,nose,The organ of the face used to breath and smell.,n05598147,nose,n05598147,2316,the organ of smell and entrance to the respiratory tract; the prominent part of the face of man or other mammals,same,1,NA
1178,nostril,Either of the two orifices located on the nose (or on the beak of a bird); used as a passage for air and other gases to travel the nasal passages.,n05600109,nostril,n05600109,278,either one of the two external openings to the nasal cavity in the nose,same,1,NA
208,nasal mucus (snot),Mucus from the nose.,n05416048,snot,n05416048,33,nasal mucus,same,1,NA
674,mouth,Opening in the lower half of a human face which is used for food ingestion and articulation.,n05302499,mouth,n05302499,3735,the opening through which food is taken in and vocalizations emerge,same,1,NA
73,beak,External anatomical structure of birds which is used for taking food and for eating.,n01758308,beak,n01758308,100,horny projecting mouth of a bird,same,1,NA
73,beak,External anatomical structure of birds which is used for taking food and for eating.,n01758308,nib,n03823111,15,the writing point of a pen,different,0,NA
73,beak,External anatomical structure of birds which is used for taking food and for eating.,n01758308,pecker,n01758308,11,horny projecting mouth of a bird,same,1,NA
73,beak,External anatomical structure of birds which is used for taking food and for eating.,n01758308,bill,n06536853,813,a statute in draft before it becomes law,different,0,NA
73,beak,External anatomical structure of birds which is used for taking food and for eating.,n01758308,neb,n01758308,3,horny projecting mouth of a bird,same,1,NA
478,lip,Either of the two fleshy protrusions around the opening of the mouth.,n05305806,lip,n05305806,3377,either of two fleshy folds of tissue that surround the mouth and play a role in speaking,same,1,NA
1205,tongue,"The flexible muscular organ in the mouth that is used to move food around, for tasting and that is moved into various positions to modify the flow of air from the lungs in order to produce different sounds.",n05301072,glossa,NA,NA,NA,different,0,NA
1205,tongue,"The flexible muscular organ in the mouth that is used to move food around, for tasting and that is moved into various positions to modify the flow of air from the lungs in order to produce different sounds.",n05301072,tongue,n05301072,1169,a mobile mass of muscular tissue covered with mucous membrane and located in the oral cavity,same,1,NA
1205,tongue,"The flexible muscular organ in the mouth that is used to move food around, for tasting and that is moved into various positions to modify the flow of air from the lungs in order to produce different sounds.",n05301072,lingua,n05301072,1,a mobile mass of muscular tissue covered with mucous membrane and located in the oral cavity,same,1,NA
1205,tongue,"The flexible muscular organ in the mouth that is used to move food around, for tasting and that is moved into various positions to modify the flow of air from the lungs in order to produce different sounds.",n05301072,clapper,n03037228,6,metal striker that hangs inside a bell and makes a sound by hitting the side,different,0,NA
1380,tooth,"A hard, calcareous structure present in the mouth of many vertebrate animals (including humans), generally used for eating.",n05282746,tooth,n05282746,2230,hard bonelike structures in the jaws of vertebrates; used for biting and chewing or for attack and defense,same,1,NA
139,gums,The mucosal tissue that partly lies over the teeth in the mouth.,n05304932,gingiva,NA,NA,NA,different,0,NA
139,gums,The mucosal tissue that partly lies over the teeth in the mouth.,n05304932,gum,n07599998,144,a preparation (usually made of sweetened chicle) for chewing,different,1,NA
1049,molar tooth,A tooth located in the back of the mouth used for crushing and grinding food.,n05307773,grinder,n03460040,25,a machine tool that polishes metal,different,0,NA
1049,molar tooth,A tooth located in the back of the mouth used for crushing and grinding food.,n05307773,molar,n05307773,17,grinding tooth with a broad crown; located behind the premolars,same,1,NA
1333,neck,"The part of the body (found in some animals, including humans) that connects the head and the trunk.",n05546540,cervix,n05303232,16,necklike opening to the uterus,different,0,NA
1333,neck,"The part of the body (found in some animals, including humans) that connects the head and the trunk.",n05546540,neck,n05546540,2710,the part of an organism (human or animal) that connects the head to the rest of the body,same,1,NA
1346,throat,The front part of the neck.,n05547508,throat,n05547508,1793,the passage to the stomach and lungs; in the front part of the neck below the chin and above the collarbone,same,1,NA
1346,throat,The front part of the neck.,n05547508,pharynx,n05547508,5,the passage to the stomach and lungs; in the front part of the neck below the chin and above the collarbone,same,1,NA
1482,shoulder,"One side of the top of the torso, where an arm attaches or joins.",n05548840,shoulder,n05548840,5500,the part of the body between the neck and the upper arm,same,1,NA
172,shoulderblade,A large flat bone located at the back of each shoulder.,n05279688,scapula,n05279688,7,either of two flat triangular bones one on each side of the shoulder in human beings,same,1,NA
1994,collarbone,Bone linking the scapula and sternum.,n05274105,clavicle,n05274105,26,bone linking the scapula and sternum,same,1,NA
1994,collarbone,Bone linking the scapula and sternum.,n05274105,collarbone,n05274105,53,bone linking the scapula and sternum,same,1,NA
1673,arm,"The upper limb, extending from the shoulder to the wrist and sometimes including the hand.",n05563770,arm,n05563770,7996,a human limb; technically the part of the superior limb between the shoulder and the elbow but commonly used to refer to the whole superior limb,same,1,NA
1886,armpit,The hollow under the upper part of the arm at the shoulder.,n05549576,axilla,NA,NA,NA,different,0,NA
1886,armpit,The hollow under the upper part of the arm at the shoulder.,n05549576,armpit,n05549576,126,the hollow under the arm where it is joined to the shoulder,same,1,NA
981,elbow,The joint between arm and forearm.,n05579944,cubitus,NA,NA,NA,different,0,NA
981,elbow,The joint between arm and forearm.,n05579944,elbow,n05579944,842,hinge joint between the forearm and upper arm and the corresponding joint in the forelimb of a quadruped,same,1,NA
799,wrist,The flexible and narrower connection between the forearm and the hand.,n05584928,carpus,NA,NA,NA,different,0,NA
799,wrist,The flexible and narrower connection between the forearm and the hand.,n05584928,wrist,n05584928,978,a joint between the distal end of the radius and the proximal row of carpal bones,same,1,NA
1277,hand,That part of the fore limb below the forearm or wrist in primates (including humans).,n05564590,paw,n02439929,272,a clawed foot of an animal especially a quadruped,different,0,NA
1277,hand,That part of the fore limb below the forearm or wrist in primates (including humans).,n05564590,hand,n05564590,21014,the (prehensile) extremity of the superior limb,same,1,NA
1277,hand,That part of the fore limb below the forearm or wrist in primates (including humans).,n05564590,mitt,n02800213,47,the handwear used by fielders in playing baseball,different,0,NA
1277,hand,That part of the fore limb below the forearm or wrist in primates (including humans).,n05564590,manus,NA,NA,NA,different,0,NA
1303,finger,One of the long extremities of the hand that is used for gripping objects.,n05566504,finger,n05566504,5002,any of the terminal members of the hand (sometimes excepting the thumb),same,1,NA
1781,thumb,The shortest and thickest of the fingers that can be placed against the others in order to create a firm grip.,n05567217,thumb,n05567217,811,the thick short innermost digit of the forelimb,same,1,NA
1781,thumb,The shortest and thickest of the fingers that can be placed against the others in order to create a firm grip.,n05567217,pollex,NA,NA,NA,different,0,NA
1258,fingernail,"The hard, flat, translucent covering near the tip of a human finger, useful for scratching and fine manipulation.",n05584265,fingernail,n05584265,285,the nail at the end of a finger,same,1,NA
72,claw,"The hard, keratin part growing at the feet of animals.",n02156140,claw,n02156140,229,sharp curved horny process on the toe of a bird or some mammals or reptiles,same,1,NA
1297,leg,The limb of an animal (including humans) that extends from the groin to the ankle.,n05561507,leg,n05560787,4268,a human limb; commonly used to refer to a whole limb but technically only the part of the limb between the knee and ankle,different,1,NA
471,upper leg (thigh),The part of the leg between the pelvis and the knee.,n5562249,thigh,n05562249,755,the part of the leg between the hip and the knee,different,1,NA
1371,knee,"In man, the joint in the middle part of the leg.",n05573602,genu,NA,NA,NA,different,0,NA
1371,knee,"In man, the joint in the middle part of the leg.",n05573602,knee,n05573602,2855,hinge joint in the human leg connecting the tibia and fibula with the femur and protected in front by the patella,same,1,NA
1301,foot,The part of a human’s body below the ankle that is used in order to stand and walk.,n05563266,foot,n05563266,6088,the part of the leg of a human being below the ankle joint,same,1,NA
1301,foot,The part of a human’s body below the ankle that is used in order to stand and walk.,n05563266,pes,n05563266,1,the part of the leg of a human being below the ankle joint,same,1,NA
803,ankle,A joint formed where the foot and the leg meet.,n05578442,ankle,n05578442,720,a gliding joint between the distal ends of the tibia and fibula and the proximal end of the talus,same,1,NA
980,heel,The part of the human foot on the backside where it becomes the leg.,n05578095,heel,n03511426,540,the bottom of a shoe or boot; the back part of a shoe or boot that touches the ground and provides elevation,different,1,NA
318,footprint,The impression of the foot in a soft substance such as sand or snow.,n06645039,step,v01928838,3647,shift or move by taking a step,different,0,NA
318,footprint,The impression of the foot in a soft substance such as sand or snow.,n06645039,footmark,NA,NA,NA,different,0,NA
318,footprint,The impression of the foot in a soft substance such as sand or snow.,n06645039,footprint,n06645039,150,a mark of a foot or shoe on a surface,same,1,NA
1389,toe,One of the extremities of the foot.,n05577410,toe,n05577410,1038,one of the digits of the foot,same,1,NA
1257,wing,"The appendage of an animal's (bird, bat, insect) body that enables it to fly in the air.",n02151625,wing,n02151625,775,a movable organ for flying (one of a pair),same,1,NA
1201,feather,"A branching, hair-like structure that grows on the skin of birds and protects them against coldness and water and allows their wings to create lift.",n01896031,feather,n01896031,439,the light horny waterproof structure forming the external covering of birds,same,1,NA
1201,feather,"A branching, hair-like structure that grows on the skin of birds and protects them against coldness and water and allows their wings to create lift.",n01896031,plumage,n01896031,20,the light horny waterproof structure forming the external covering of birds,same,1,NA
1201,feather,"A branching, hair-like structure that grows on the skin of birds and protects them against coldness and water and allows their wings to create lift.",n01896031,plume,n13900760,105,anything that resembles a feather in shape or lightness,different,0,NA
1592,chest,The portion of the body from the base of the neck to the top of the abdomen; the thorax.,n05552607,chest,n05552607,2575,the part of the human torso between the neck and the diaphragm or the corresponding part in other vertebrates,same,1,NA
1592,chest,The portion of the body from the base of the neck to the top of the abdomen; the thorax.,n05552607,thorax,n05553618,11,the middle region of the body of an arthropod between the head and the abdomen,different,0,NA
1592,chest,The portion of the body from the base of the neck to the top of the abdomen; the thorax.,n05552607,pectus,NA,NA,NA,different,0,NA
1402,breast,The fleshy organ on the chest of a sexually mature human female containing mammary glands.,n05554405,tit,n05554405,77,either of two soft fleshy milk-secreting glandular organs on the chest of a woman,same,1,NA
1402,breast,The fleshy organ on the chest of a sexually mature human female containing mammary glands.,n05554405,bosom,n05553486,77,a person's breast or chest,different,0,NA
1402,breast,The fleshy organ on the chest of a sexually mature human female containing mammary glands.,n05554405,knocker,n03626760,20,a device (usually metal and ornamental) attached by a hinge to a door,different,0,NA
1402,breast,The fleshy organ on the chest of a sexually mature human female containing mammary glands.,n05554405,breast,n05554405,1359,either of two soft fleshy milk-secreting glandular organs on the chest of a woman,same,1,NA
1402,breast,The fleshy organ on the chest of a sexually mature human female containing mammary glands.,n05554405,titty,n05554405,20,either of two soft fleshy milk-secreting glandular organs on the chest of a woman,same,1,NA
1402,breast,The fleshy organ on the chest of a sexually mature human female containing mammary glands.,n05554405,boob,n05554405,68,either of two soft fleshy milk-secreting glandular organs on the chest of a woman,same,1,NA
796,nipple,"The projection of a mammary gland from which, on female mammals, milk can be secreted.",n05554653,pap,n06612174,15,worthless or oversimplified ideas,different,0,NA
796,nipple,"The projection of a mammary gland from which, on female mammals, milk can be secreted.",n05554653,tit,n05554405,77,either of two soft fleshy milk-secreting glandular organs on the chest of a woman,different,0,NA
796,nipple,"The projection of a mammary gland from which, on female mammals, milk can be secreted.",n05554653,mammilla,NA,NA,NA,different,0,NA
796,nipple,"The projection of a mammary gland from which, on female mammals, milk can be secreted.",n05554653,nipple,n05554653,213,the small projection of a mammary gland,same,1,NA
796,nipple,"The projection of a mammary gland from which, on female mammals, milk can be secreted.",n05554653,teat,n05554653,13,the small projection of a mammary gland,same,1,NA
796,nipple,"The projection of a mammary gland from which, on female mammals, milk can be secreted.",n05554653,mamilla,NA,NA,NA,different,0,NA
154,udder,An organ in female quadruped mammals which consists of mammary glands and has several teats.,n02370360,udder,n02370360,16,mammary gland of bovids (cows and sheep and goats),same,1,NA
154,udder,An organ in female quadruped mammals which consists of mammary glands and has several teats.,n02370360,bag,n02773037,2168,a flexible container with a single opening,different,0,NA
1838,navel,A scar where the umbilical cord was attached.,n05556595,omphalos,NA,NA,NA,different,0,NA
1838,navel,A scar where the umbilical cord was attached.,n05556595,navel,n05556595,84,a scar where the umbilical cord was attached,same,1,NA
1838,navel,A scar where the umbilical cord was attached.,n05556595,bellybutton,n05556595,5,a scar where the umbilical cord was attached,same,1,NA
1838,navel,A scar where the umbilical cord was attached.,n05556595,omphalus,NA,NA,NA,different,0,NA
1838,navel,A scar where the umbilical cord was attached.,n05556595,umbilicus,n05556595,3,a scar where the umbilical cord was attached,same,1,NA
1223,heart,A muscular organ that pumps blood through the body.,n05388805,heart,n05919263,3141,the locus of feelings and intuitions,different,1,?
1223,heart,A muscular organ that pumps blood through the body.,n05388805,ticker,n04432393,20,a character printer that automatically prints stock quotations on ticker tape,different,0,NA
1223,heart,A muscular organ that pumps blood through the body.,n05388805,pump,n04021798,403,a mechanical device that moves fluid or gas by pressure or suction,different,0,NA
688,lung,A biological organ that extracts oxygen from the air.,n05387544,lung,n05387544,738,either of two saclike respiratory organs in the chest of vertebrates; serves to remove carbon dioxide and provide oxygen to the blood,same,1,NA
1224,liver,"A large organ in the body that stores and metabolizes nutrients, destroys toxins and produces bile. Responsible for thousands of biochemical reactions.",n05385534,liver,n05385534,239,large and complicated reddish-brown glandular organ located in the upper right portion of the abdominal cavity; secretes bile and functions in metabolism of protein and carbohydrate and fat; synthesizes substances involved in the clotting of the blood; synthesizes vitamin A; detoxifies poisonous substances and breaks down worn-out erythrocytes,same,1,NA
489,kidney,An organ in the body that produces urine.,n05332802,kidney,n05332802,281,either of two bean-shaped excretory organs that filter wastes (especially urea) from the blood and excrete them and water in urine,same,1,NA
1744,spleen,"A ductless vascular gland, located in the left upper abdomen near the stomach.",n05333467,spleen,n05333467,33,a large dark-red oval organ on the left side of the body between the stomach and the diaphragm; produces cells involved in immune responses,same,1,NA
1744,spleen,"A ductless vascular gland, located in the left upper abdomen near the stomach.",n05333467,lien,n13401013,7,the right to take another's property if an obligation is not discharged,different,0,NA
819,stomach,"An organ in the body, involved in digestion of food.",n05395690,breadbasket,n08516767,2,a geographic region serving as the principal source of grain,different,0,NA
819,stomach,"An organ in the body, involved in digestion of food.",n05395690,tummy,n05395690,48,an enlarged and muscular saclike organ of the alimentary canal; the principal organ of digestion,same,1,NA
819,stomach,"An organ in the body, involved in digestion of food.",n05395690,tum,NA,NA,NA,different,0,NA
819,stomach,"An organ in the body, involved in digestion of food.",n05395690,stomach,n05395690,1101,an enlarged and muscular saclike organ of the alimentary canal; the principal organ of digestion,same,1,NA
1991,intestines,The alimentary canal of an animal or human through which food passes after having passed all stomachs.,n05534333,gut,n05534333,598,the part of the alimentary canal between the stomach and the anus,same,1,NA
1991,intestines,The alimentary canal of an animal or human through which food passes after having passed all stomachs.,n05534333,intestine,n05534333,78,the part of the alimentary canal between the stomach and the anus,same,1,NA
1991,intestines,The alimentary canal of an animal or human through which food passes after having passed all stomachs.,n05534333,bowel,n05534333,137,the part of the alimentary canal between the stomach and the anus,same,1,NA
1681,waist,"In human beings, the part between the thorax and hips.",n05555688,waist,n05555688,855,the narrowing of the body between the ribs and hips,same,1,NA
1681,waist,"In human beings, the part between the thorax and hips.",n05555688,waistline,n05555688,32,the narrowing of the body between the ribs and hips,same,1,NA
1745,hip,The outward-projecting parts of the pelvis and top of the femur and the overlying tissue.,n05556325,hip,n05556325,1592,either side of the body below the waist and above the thigh,same,1,NA
834,buttocks,The fleshy part of the human body that one sits on.,n05559256,tush,n05559256,7,the fleshy part of the human body that you sit on,same,1,NA
834,buttocks,The fleshy part of the human body that one sits on.,n05559256,prat,NA,NA,NA,different,0,NA
834,buttocks,The fleshy part of the human body that one sits on.,n05559256,ass,n05559256,754,the fleshy part of the human body that you sit on,same,1,NA
834,buttocks,The fleshy part of the human body that one sits on.,n05559256,fundament,n05793554,1,the fundamental assumptions from which something is begun or developed or calculated or explained,different,0,NA
834,buttocks,The fleshy part of the human body that one sits on.,n05559256,seat,n04161358,1895,any support where you can sit (especially the part of a chair or bench etc. on which you sit),different,0,NA
834,buttocks,The fleshy part of the human body that one sits on.,n05559256,stern,s00711308,94,severe and unremitting in making demands,different,0,NA
834,buttocks,The fleshy part of the human body that one sits on.,n05559256,fanny,n05559256,27,the fleshy part of the human body that you sit on,same,1,NA
834,buttocks,The fleshy part of the human body that one sits on.,n05559256,rear,s00197891,696,located in or toward the back or rear,different,0,NA
834,buttocks,The fleshy part of the human body that one sits on.,n05559256,bum,n10539715,85,a person who is deemed to be despicable or contemptible,different,0,NA
834,buttocks,The fleshy part of the human body that one sits on.,n05559256,rump,n02463611,32,the part of an animal that corresponds to the human buttocks,different,0,NA
834,buttocks,The fleshy part of the human body that one sits on.,n05559256,buttocks,NA,NA,NA,different,0,NA
834,buttocks,The fleshy part of the human body that one sits on.,n05559256,keister,n05559256,3,the fleshy part of the human body that you sit on,same,1,NA
834,buttocks,The fleshy part of the human body that one sits on.,n05559256,butt,n05559256,397,the fleshy part of the human body that you sit on,same,1,NA
834,buttocks,The fleshy part of the human body that one sits on.,n05559256,arse,n05559256,19,the fleshy part of the human body that you sit on,same,1,NA
834,buttocks,The fleshy part of the human body that one sits on.,n05559256,derriere,n05559256,9,the fleshy part of the human body that you sit on,same,1,NA
834,buttocks,The fleshy part of the human body that one sits on.,n05559256,backside,n05559256,89,the fleshy part of the human body that you sit on,same,0,NA
834,buttocks,The fleshy part of the human body that one sits on.,n05559256,posterior,a00131426,42,located at or near or behind a part or near the end of a structure,different,0,NA
834,buttocks,The fleshy part of the human body that one sits on.,n05559256,tail,n02157557,825,the posterior part of the body of a vertebrate especially when elongated and extending beyond the trunk or main part of the body,different,0,NA
834,buttocks,The fleshy part of the human body that one sits on.,n05559256,can,n02946921,687,airtight sealed metal container for food or drink or paint etc.,different,0,NA
834,buttocks,The fleshy part of the human body that one sits on.,n05559256,bottom,n08511970,1012,the lowest part of anything,different,0,NA
834,buttocks,The fleshy part of the human body that one sits on.,n05559256,behind,r00222180,817,remaining in a place or condition that has been left or departed from,different,0,NA
834,buttocks,The fleshy part of the human body that one sits on.,n05559256,tooshie,NA,NA,NA,different,0,NA
834,buttocks,The fleshy part of the human body that one sits on.,n05559256,buns,n07680932,1,small rounded bread either plain or sweet,different,0,NA
834,buttocks,The fleshy part of the human body that one sits on.,n05559256,hindquarters,NA,NA,NA,different,0,NA
834,buttocks,The fleshy part of the human body that one sits on.,n05559256,nates,NA,NA,NA,different,0,NA
804,womb,"The major female reproductive organ of most mammals, including humans. It is a large muscle enveloping the phoetus during pregnancy.",n05519085,uterus,n05519085,80,a hollow muscular organ in the pelvic cavity of females; contains the developing fetus,same,1,NA
804,womb,"The major female reproductive organ of most mammals, including humans. It is a large muscle enveloping the phoetus during pregnancy.",n05519085,womb,n05519085,130,a hollow muscular organ in the pelvic cavity of females; contains the developing fetus,same,1,NA
797,testicles,"The male sex gland that produces sperm and male hormones, found in some types of animals and humans.",n05524615,egg,n07840804,1370,oval reproductive body of a fowl (especially a hen) used as food,different,0,NA
797,testicles,"The male sex gland that produces sperm and male hormones, found in some types of animals and humans.",n05524615,bollock,n05524615,8,one of the two male reproductive glands that produce spermatozoa and secrete androgens,same,1,NA
797,testicles,"The male sex gland that produces sperm and male hormones, found in some types of animals and humans.",n05524615,ball,n02778669,2135,round object that is hit or thrown or kicked in games,different,0,NA
797,testicles,"The male sex gland that produces sperm and male hormones, found in some types of animals and humans.",n05524615,testicle,n05524615,81,one of the two male reproductive glands that produce spermatozoa and secrete androgens,same,1,NA
797,testicles,"The male sex gland that produces sperm and male hormones, found in some types of animals and humans.",n05524615,orchis,NA,NA,NA,different,0,NA
797,testicles,"The male sex gland that produces sperm and male hormones, found in some types of animals and humans.",n05524615,nut,n13136556,290,usually large hard-shelled seed,different,0,NA
797,testicles,"The male sex gland that produces sperm and male hormones, found in some types of animals and humans.",n05524615,ballock,n05524615,2,one of the two male reproductive glands that produce spermatozoa and secrete androgens,same,1,NA
797,testicles,"The male sex gland that produces sperm and male hormones, found in some types of animals and humans.",n05524615,testis,n05524615,10,one of the two male reproductive glands that produce spermatozoa and secrete androgens,same,1,NA
1222,penis,The male sexual organ for copulation and urination; the tubular portion of the male genitalia (excluding the scrotum).,n05526384,penis,n05526384,186,the male organ of copulation (`member' is a euphemism),same,1,NA
1222,penis,The male sexual organ for copulation and urination; the tubular portion of the male genitalia (excluding the scrotum).,n05526384,member,n10307234,4943,one of the persons who compose a social group (especially individuals who have joined and participate in a group organization),different,0,NA
1222,penis,The male sexual organ for copulation and urination; the tubular portion of the male genitalia (excluding the scrotum).,n05526384,phallus,n05526384,15,the male organ of copulation (`member' is a euphemism),same,1,NA
1028,yawn,"To open the mouth widely and take a long, deep breath because of tiredness or boredom.",v00007328,yawn,v00007328,162,"utter a yawn, as from lack of oxygen or when one is tired",same,1,NA
162,hiccough,To have spasms of the diaphragm.,v00003826,hiccough,v00003826,3,"breathe spasmodically, and make a sound",same,1,NA
162,hiccough,To have spasms of the diaphragm.,v00003826,hiccup,n14359459,35,(usually plural) the state of having reflex spasms of the diaphragm accompanied by a rapid closure of the glottis producing an audible sound; sometimes a symptom of indigestion,different,0,NA
879,cough,"To force air from the lungs out the mouth, sometimes involuntarily, accompanied by a rough sound.",v00005815,cough,v00005815,465,"exhale abruptly, as when one has a chest cold or congestion",same,1,NA
1621,sneeze,"To expel air rapidly as a reflex, usually induced by an irritation in the nose.",v00004819,sneeze,v00004819,110,"exhale spasmodically, as when an irritant entered one's nose",same,1,NA
126,sweat (perspire),To secrete sweat.,v00067545,sweat,n05405751,971,salty fluid secreted by sweat glands,different,1,"dominant POS was verb in Subtlex, but decided to include it"
126,sweat (perspire),To secrete sweat.,v00067545,sudate,NA,NA,NA,different,0,NA
126,sweat (perspire),To secrete sweat.,v00067545,perspire,v00067545,30,excrete perspiration through the pores in the skin,same,1,NA
1440,spit,To forcefully evacuate saliva from the mouth.,v00101956,ptyalize,NA,NA,NA,different,0,NA
1440,spit,To forcefully evacuate saliva from the mouth.,v00101956,spue,NA,NA,NA,different,0,NA
1440,spit,To forcefully evacuate saliva from the mouth.,v00101956,ptyalise,NA,NA,NA,different,0,NA
1440,spit,To forcefully evacuate saliva from the mouth.,v00101956,spit,v00101956,472,expel or eject (saliva or phlegm or sputum) from the mouth,same,1,NA
1440,spit,To forcefully evacuate saliva from the mouth.,v00101956,spew,v00077071,131,"eject or send out in large quantities, also metaphorical",different,0,NA
1278,vomit,To regurgitate the contents of the stomach.,v00076400,puke,v00076400,79,eject the contents of the stomach through the mouth,same,1,NA
1278,vomit,To regurgitate the contents of the stomach.,v00076400,barf,v00076400,5,eject the contents of the stomach through the mouth,same,1,NA
1278,vomit,To regurgitate the contents of the stomach.,v00076400,spew,v00077071,131,"eject or send out in large quantities, also metaphorical",different,0,NA
1278,vomit,To regurgitate the contents of the stomach.,v00076400,regorge,NA,NA,NA,different,0,NA
1278,vomit,To regurgitate the contents of the stomach.,v00076400,cat,n02121620,2007,feline mammal usually having thick soft fur and no ability to roar: domestic cats; wildcats,different,0,NA
1278,vomit,To regurgitate the contents of the stomach.,v00076400,purge,v00475647,30,rid of impurities,different,0,NA
1278,vomit,To regurgitate the contents of the stomach.,v00076400,regurgitate,v01178335,5,feed through the beak by regurgitating previously swallowed food,different,0,NA
1278,vomit,To regurgitate the contents of the stomach.,v00076400,disgorge,v01541579,30,cause or allow (a solid substance) to flow or run out or over,different,0,NA
1278,vomit,To regurgitate the contents of the stomach.,v00076400,sick,a02541302,1073,affected by an impairment of normal physical or mental function,different,0,NA
1278,vomit,To regurgitate the contents of the stomach.,v00076400,honk,v02183175,55,make a loud noise,different,0,NA
1278,vomit,To regurgitate the contents of the stomach.,v00076400,chuck,v01514525,38,throw carelessly,different,0,NA
1278,vomit,To regurgitate the contents of the stomach.,v00076400,upchuck,v00076400,4,eject the contents of the stomach through the mouth,same,1,NA
1278,vomit,To regurgitate the contents of the stomach.,v00076400,spue,NA,NA,NA,different,0,NA
1278,vomit,To regurgitate the contents of the stomach.,v00076400,vomit,v00076400,151,eject the contents of the stomach through the mouth,same,1,NA
1278,vomit,To regurgitate the contents of the stomach.,v00076400,cast,v01632897,688,put or send forth,different,0,NA
1278,vomit,To regurgitate the contents of the stomach.,v00076400,retch,v00077458,33,make an unsuccessful effort to vomit; strain to vomit,different,0,NA
1403,bite,Clamping the teeth hard on something.,v01445932,bite,v01445932,890,"to grip, cut off, or tear with or as if with the teeth or jaws",same,1,NA
319,lick,To stroke with the tongue.,v01432176,lick,v01432176,453,pass the tongue over,same,1,NA
319,lick,To stroke with the tongue.,v01432176,lap,n05562595,760,the upper side of the thighs of a seated person,different,0,NA
268,dribble,To let saliva flow out of one’s mouth onto one’s chin.,v00102974,slobber,v00102974,30,let saliva drivel from the mouth,same,1,NA
268,dribble,To let saliva flow out of one’s mouth onto one’s chin.,v00102974,drivel,n06612266,12,a worthless message,different,0,NA
268,dribble,To let saliva flow out of one’s mouth onto one’s chin.,v00102974,dribble,v01611516,34,let or cause to fall in drops,different,0,NA
268,dribble,To let saliva flow out of one’s mouth onto one’s chin.,v00102974,slabber,NA,NA,NA,different,0,NA
268,dribble,To let saliva flow out of one’s mouth onto one’s chin.,v00102974,slaver,n10610201,34,a person engaged in slave trade,different,0,NA
268,dribble,To let saliva flow out of one’s mouth onto one’s chin.,v00102974,drool,v00102974,89,let saliva drivel from the mouth,same,1,NA
1585,sleep,To rest in a state of decreased consciousness and reduced metabolism.,v00014742,slumber,n14024882,70,a natural and periodic state of rest during which consciousness of the world is suspended,different,0,NA
1585,sleep,To rest in a state of decreased consciousness and reduced metabolism.,v00014742,kip,v00014742,3,be asleep,same,1,NA
1585,sleep,To rest in a state of decreased consciousness and reduced metabolism.,v00014742,sleep,v00014742,3876,be asleep,same,1,NA
1983,snore,"To make a noise during sleep by vibration of soft respiratory tissues (soft palate, base of the tongue and pharyngeal walls), particularly during inhalation.",v00017031,snore,v00017031,159,breathe noisily during one's sleep,same,1,NA
1920,dream (something),To experience while sleeping.,v02118242,dream,n05768553,1610,a series of mental images and emotions occurring during sleep,different,1,NA
1159,fart,To emit digestive gases through the anus.,v00101629,fart,n00839597,55,a reflex that expels intestinal gas through the anus,different,1,NA
592,piss,To allow urine to flow from the bladder out of the body.,v00072012,pee,v00072012,144,eliminate urine,same,1,NA
592,piss,To allow urine to flow from the bladder out of the body.,v00072012,make,v00120316,18783,give certain properties to something,different,0,NA
592,piss,To allow urine to flow from the bladder out of the body.,v00072012,wee,s00815849,43,very early,different,0,NA
592,piss,To allow urine to flow from the bladder out of the body.,v00072012,wee-wee,NA,NA,NA,different,0,NA
592,piss,To allow urine to flow from the bladder out of the body.,v00072012,pee-pee,NA,NA,NA,different,0,NA
592,piss,To allow urine to flow from the bladder out of the body.,v00072012,piss,v00072012,372,eliminate urine,same,1,NA
592,piss,To allow urine to flow from the bladder out of the body.,v00072012,urinate,v00072012,60,eliminate urine,same,1,NA
592,piss,To allow urine to flow from the bladder out of the body.,v00072012,puddle,n09397607,206,a small body of standing water (rainwater) or other liquid,different,0,NA
592,piss,To allow urine to flow from the bladder out of the body.,v00072012,piddle,v02708123,11,waste time; spend one's time idly or inefficiently,different,0,NA
592,piss,To allow urine to flow from the bladder out of the body.,v00072012,micturate,v00072012,1,eliminate urine,same,1,NA
676,shit (defecate),To excrete faeces from one's body through the anus.,v00074038,make,v00120316,18783,give certain properties to something,different,0,NA
676,shit (defecate),To excrete faeces from one's body through the anus.,v00074038,stool,n04326896,362,a simple seat without a back or arms,different,0,NA
676,shit (defecate),To excrete faeces from one's body through the anus.,v00074038,shit,n06611376,613,obscene words for unacceptable behavior,different,0,NA
676,shit (defecate),To excrete faeces from one's body through the anus.,v00074038,ca-ca,NA,NA,NA,different,0,NA
676,shit (defecate),To excrete faeces from one's body through the anus.,v00074038,defecate,v00074038,15,have a bowel movement,same,1,NA
676,shit (defecate),To excrete faeces from one's body through the anus.,v00074038,crap,n06611376,316,obscene words for unacceptable behavior,different,0,NA
52,shiver,"To shake nervously, as if from fear.",v01888946,thrill,n07528470,175,the swift release of a store of affective force,different,0,NA
52,shiver,"To shake nervously, as if from fear.",v01888946,shudder,v01888946,218,"tremble convulsively, as from fear or excitement",same,1,NA
52,shiver,"To shake nervously, as if from fear.",v01888946,throb,v02122665,87,pulsate or pound with abnormal force,different,0,NA
52,shiver,"To shake nervously, as if from fear.",v01888946,shiver,v00014201,397,"shake, as from cold",different,1,NA
138,bathe,To clean oneself by immersion in water.,v00035603,bathe,v00035603,156,cleanse the entire body,same,1,NA
1152,beget,(Especially of a male parent) to procreate or generate.,v00054628,engender,v01649024,56,call forth,different,0,NA
1152,beget,(Especially of a male parent) to procreate or generate.,v00054628,get,v00149583,21476,enter or assume a certain state or condition,different,0,NA
1152,beget,(Especially of a male parent) to procreate or generate.,v00054628,beget,v00054628,25,make children,same,1,NA
1152,beget,(Especially of a male parent) to procreate or generate.,v00054628,mother,n10332385,14200,a woman who has given birth to a child (also used as a term of address to your mother),different,0,NA
1152,beget,(Especially of a male parent) to procreate or generate.,v00054628,generate,v01627355,807,bring into existence,different,0,NA
1152,beget,(Especially of a male parent) to procreate or generate.,v00054628,sire,v00054628,22,make children,same,1,NA
1152,beget,(Especially of a male parent) to procreate or generate.,v00054628,father,n10080869,12039,a male parent (also used as a term of address to your father),different,0,NA
1123,pregnant,Carrying developing offspring within the body.,a00173220,pregnant,a00173220,865,carrying developing offspring within the body or being about to produce new life,same,1,NA
1087,conceive,To become pregnant.,v00054285,conceive,v01633343,219,have the idea for,different,0,this concept will not be considered
1417,kill,To put to death; to end a life.,v01325536,kill,v01323958,6142,"cause to die; put to death, usually intentionally or knowingly",different,1,NA
767,corpse,A dead body.,n05218119,cadaver,n05218119,28,the dead body of a human being,same,1,NA
767,corpse,A dead body.,n05218119,remains,NA,NA,NA,different,0,NA
767,corpse,A dead body.,n05218119,clay,n14813182,362,a very fine-grained soil that is plastic when moist but hard when fired,different,0,NA
767,corpse,A dead body.,n05218119,corpse,n05218119,526,the dead body of a human being,same,1,NA
767,corpse,A dead body.,n05218119,stiff,s01023706,352,incapable of or resistant to bending,different,0,NA
1719,bury,To put in the ground and cover with earth.,v1234625,bury,v01530098,410,embed deeply,different,0,this concept will not be considered
1773,grave,A place (commonly marked with a headstone) where one or more people are buried (usually in a coffin underneath the ground).,n03455033,grave,n03455033,500,a place for the burial of a corpse (especially beneath the ground and marked by a tombstone),same,1,NA
1773,grave,A place (commonly marked with a headstone) where one or more people are buried (usually in a coffin underneath the ground).,n03455033,tomb,n03455033,251,a place for the burial of a corpse (especially beneath the ground and marked by a tombstone),same,1,NA
1601,weak,Lacking in force or ability.,a02324397,weak,a02324397,869,wanting in physical strength,same,1,NA
1364,healthy,In good physical and mental condition; free from disease.,a01170243,healthy,a01170243,922,having or indicating good health in body or mind; free from infirmity or disease,same,1,NA
1847,sick,Whose health is altered.,a02541302,ill,a02541302,435,affected by an impairment of normal physical or mental function,same,1,NA
1847,sick,Whose health is altered.,a02541302,sick,a02541302,1073,affected by an impairment of normal physical or mental function,same,1,NA
1534,fever,A higher than normal temperature of a person (or generally a mammal).,n14365356,febricity,NA,NA,NA,different,0,NA
1534,fever,A higher than normal temperature of a person (or generally a mammal).,n14365356,feverishness,NA,NA,NA,different,0,NA
1534,fever,A higher than normal temperature of a person (or generally a mammal).,n14365356,febrility,NA,NA,NA,different,0,NA
1534,fever,A higher than normal temperature of a person (or generally a mammal).,n14365356,fever,n14365356,415,a rise in the temperature of the body; frequently a symptom of infection,same,1,NA
1534,fever,A higher than normal temperature of a person (or generally a mammal).,n14365356,pyrexia,NA,NA,NA,different,0,NA
1957,goiter,Enlargement of the thyroid gland.,n14199477,struma,NA,NA,NA,different,0,NA
1957,goiter,Enlargement of the thyroid gland.,n14199477,goiter,n14199477,4,abnormally enlarged thyroid gland; can result from underproduction or overproduction of hormone or from a deficiency of iodine in the diet,same,1,NA
1957,goiter,Enlargement of the thyroid gland.,n14199477,thyromegaly,NA,NA,NA,different,0,NA
1957,goiter,Enlargement of the thyroid gland.,n14199477,goitre,NA,NA,NA,different,0,NA
102,common cold (disease),"A contagious, viral infectious disease of the upper respiratory system; common symptoms include cough, sore throat, runny nose, nasal congestion and sneezing.",n14145501,cold,a01251128,3077,having a low or inadequate temperature or feeling a sensation of coldness or having been made cold by e.g. ice or refrigeration,different,0,this concept will not be considered
1109,wound,"A type of injury in which in skin or tisue is torn, cut,  punctured or otherwise hurt.",n14298815,lesion,n14211294,24,any localized abnormal structural change in a bodily part,different,0,NA
1109,wound,"A type of injury in which in skin or tisue is torn, cut,  punctured or otherwise hurt.",n14298815,wound,n14298815,678,an injury to living tissue (especially an injury involving a cut or break in the skin),same,1,NA
1148,bruise,A collection of blood in the body tissue outside the blood vessels,n14288871,contusion,n14288871,11,an injury that doesn't break the skin but results in some discoloration,same,1,NA
1148,bruise,A collection of blood in the body tissue outside the blood vessels,n14288871,bruise,n14288871,247,an injury that doesn't break the skin but results in some discoloration,same,1,NA
1903,swelling,Abnormal protuberance or localized enlargement.,n14315192,lump,n09307300,219,a large piece of something without definite shape,different,0,NA
1903,swelling,Abnormal protuberance or localized enlargement.,n14315192,swelling,n14315192,92,an abnormal protuberance or localized enlargement,same,1,NA
1903,swelling,Abnormal protuberance or localized enlargement.,n14315192,puffiness,n14315192,4,an abnormal protuberance or localized enlargement,same,1,NA
148,itch,An unpleasant sensation on the skin that provokes the desire to scratch.,n05723563,itchiness,n05723563,4,an irritating cutaneous sensation that produces a desire to scratch,same,1,NA
148,itch,An unpleasant sensation on the skin that provokes the desire to scratch.,n05723563,itch,n05723563,58,an irritating cutaneous sensation that produces a desire to scratch,same,1,NA
148,itch,An unpleasant sensation on the skin that provokes the desire to scratch.,n05723563,itching,n05723563,33,an irritating cutaneous sensation that produces a desire to scratch,same,1,NA
1584,blister,"A small bubble on the skin, that contains watery fluid and is caused by heat, pressure or infection.",n05517837,blister,n05517837,116,(pathology) an elevation of the skin filled with serous fluid,same,1,NA
1584,blister,"A small bubble on the skin, that contains watery fluid and is caused by heat, pressure or infection.",n05517837,bleb,NA,NA,NA,different,0,NA
1584,blister,"A small bubble on the skin, that contains watery fluid and is caused by heat, pressure or infection.",n05517837,bulla,NA,NA,NA,different,0,NA
793,boil (of skin),"A painful, local inflammation of the skin, caused by infection of a hair follicle. Usually, a hard core and pus are present.",n14183210,furuncle,NA,NA,NA,different,0,this concept will not be considered
793,boil (of skin),"A painful, local inflammation of the skin, caused by infection of a hair follicle. Usually, a hard core and pus are present.",n14183210,boil,n05014099,238,the temperature at which a liquid boils at sea level,different,0,NA
1808,pus,A whitish-yellow or yellow substance produced during inflammatory responses of the body that can be found in regions of pyogenic bacterial infections.,n05417472,sanies,NA,NA,NA,different,0,NA
1808,pus,A whitish-yellow or yellow substance produced during inflammatory responses of the body that can be found in regions of pyogenic bacterial infections.,n05417472,ichor,n05417472,3,a fluid product of inflammation,same,1,NA
1808,pus,A whitish-yellow or yellow substance produced during inflammatory responses of the body that can be found in regions of pyogenic bacterial infections.,n05417472,purulence,NA,NA,NA,different,0,NA
1808,pus,A whitish-yellow or yellow substance produced during inflammatory responses of the body that can be found in regions of pyogenic bacterial infections.,n05417472,festering,n13479889,3,(medicine) the formation of morbific matter in an abscess or a vesicle and the discharge of pus,different,0,NA
1808,pus,A whitish-yellow or yellow substance produced during inflammatory responses of the body that can be found in regions of pyogenic bacterial infections.,n05417472,suppuration,NA,NA,NA,different,0,NA
1808,pus,A whitish-yellow or yellow substance produced during inflammatory responses of the body that can be found in regions of pyogenic bacterial infections.,n05417472,pus,n05417472,3,a fluid product of inflammation,same,1,NA
497,scar,A permanent mark on the skin resulting from a wound.,n14363483,scar,n14363483,491,a mark left (usually on the skin) by the healing of injured tissue,same,1,NA
497,scar,A permanent mark on the skin resulting from a wound.,n14363483,cicatrix,n14363483,2,a mark left (usually on the skin) by the healing of injured tissue,same,1,NA
497,scar,A permanent mark on the skin resulting from a wound.,n14363483,cicatrice,NA,NA,NA,different,0,NA
499,cure,To remedy an illness using medical or medicamentous treatment; to provide a cure for.,v00081725,cure,n04074482,341,a medicine or therapy that cures disease or relieve pain,different,1,"dominant POS was noun in Subtlex, but decided to keep"
499,cure,To remedy an illness using medical or medicamentous treatment; to provide a cure for.,v00081725,heal,v00270561,231,heal or recover,different,1,NA
597,physician,"A person who has completed a study of medicine, and as such tries to diagnose and cure diseases in patients.",n10020890,doc,n10020890,42,a licensed medical practitioner,same,1,NA
597,physician,"A person who has completed a study of medicine, and as such tries to diagnose and cure diseases in patients.",n10020890,MD,NA,NA,NA,different,0,NA
597,physician,"A person who has completed a study of medicine, and as such tries to diagnose and cure diseases in patients.",n10020890,medico,NA,NA,NA,different,0,NA
597,physician,"A person who has completed a study of medicine, and as such tries to diagnose and cure diseases in patients.",n10020890,Dr.,NA,NA,NA,different,0,NA
597,physician,"A person who has completed a study of medicine, and as such tries to diagnose and cure diseases in patients.",n10020890,physician,n10020890,818,a licensed medical practitioner,same,1,NA
597,physician,"A person who has completed a study of medicine, and as such tries to diagnose and cure diseases in patients.",n10020890,doctor,n10020890,4090,a licensed medical practitioner,same,1,NA
1372,medicine,A substance which specifically promotes healing.,n03740161,medicine,n03740161,592,(medicine) something that treats or prevents or alleviates the symptoms of disease,same,1,NA
1372,medicine,A substance which specifically promotes healing.,n03740161,medicament,NA,NA,NA,different,0,NA
1372,medicine,A substance which specifically promotes healing.,n03740161,medication,n03740161,449,(medicine) something that treats or prevents or alleviates the symptoms of disease,same,1,NA
655,poison,"A substance which, when ingested, inhaled, or absorbed, or when applied to, injected into, or developed within the body, in relatively small amounts, may cause injury, harm, or destruction to organs, tissue, or life.",n15032376,poison,n15032376,239,any substance that causes injury or illness or death of a living organism,same,1,NA
655,poison,"A substance which, when ingested, inhaled, or absorbed, or when applied to, injected into, or developed within the body, in relatively small amounts, may cause injury, harm, or destruction to organs, tissue, or life.",n15032376,toxicant,n15032376,3,any substance that causes injury or illness or death of a living organism,same,1,NA
1757,tired,"In need of some rest or sleep, due to lack of sleep or as a result of hard work or physical activity.",a02431728,tired,a02431728,1638,depleted of strength or energy,same,1,NA
168,rest,"To cease working, moving or thinking for some time in order to relieve fatigue.",v00014405,rest,n13810818,3614,something left after other parts have been taken away,different,0,dominant POS was noun in Subtlex
1564,lazy,Unwilling to do work or make an effort.,a00294579,lazy,s00294579,193,disinclined to work or exertion,different,1,NA
1564,lazy,Unwilling to do work or make an effort.,a00294579,faineant,NA,NA,NA,different,0,NA
1564,lazy,Unwilling to do work or make an effort.,a00294579,work-shy,NA,NA,NA,different,0,NA
1564,lazy,Unwilling to do work or make an effort.,a00294579,otiose,NA,NA,NA,different,0,NA
1564,lazy,Unwilling to do work or make an effort.,a00294579,indolent,s00294579,13,disinclined to work or exertion,different,0,NA
1564,lazy,Unwilling to do work or make an effort.,a00294579,slothful,s00294579,7,disinclined to work or exertion,different,0,NA
1125,bald,Without hair on the head.,a00210848,bald-headed,NA,NA,NA,different,0,NA
1125,bald,Without hair on the head.,a00210848,bald-pated,NA,NA,NA,different,0,NA
1125,bald,Without hair on the head.,a00210848,bald,s00210848,264,lacking hair on all or most of the scalp,different,1,NA
320,lame,"Moving with pain or difficulty on account of injury, defect or temporary obstruction of a function.",a01018788,lame,s02325304,111,pathetically lacking in force or effectiveness,different,1,NA
320,lame,"Moving with pain or difficulty on account of injury, defect or temporary obstruction of a function.",a01018788,crippled,s01018788,108,disabled in the feet or legs,different,0,NA
320,lame,"Moving with pain or difficulty on account of injury, defect or temporary obstruction of a function.",a01018788,halt,n07365849,237,the event of something ending,different,0,NA
320,lame,"Moving with pain or difficulty on account of injury, defect or temporary obstruction of a function.",a01018788,halting,s00290784,13,fragmentary or halting from emotional strain,different,0,NA
320,lame,"Moving with pain or difficulty on account of injury, defect or temporary obstruction of a function.",a01018788,game,n00455599,3184,a contest with rules to determine a winner,different,0,NA
320,lame,"Moving with pain or difficulty on account of injury, defect or temporary obstruction of a function.",a01018788,gimpy,s01018788,8,disabled in the feet or legs,different,0,NA
996,deaf,"Not having the faculty of hearing, or only having a restricted capability to hear.",a00681930,deaf,a00681930,150,lacking or deprived of the sense of hearing wholly or in part,same,1,NA
1666,mute,Not making a sound.,a00151855,mute,v02191311,88,"deaden (a sound or noise), especially by wrapping",different,1,NA
1666,mute,Not making a sound.,a00151855,dumb,s00440579,473,slow to learn or understand; lacking intellectual acuity; ; ; - Thackeray,different,0,NA
1666,mute,Not making a sound.,a00151855,silent,s01919428,1164,marked by absence of sound,different,0,NA
1653,blind,Unable to see.,a02158826,blind,a02158826,759,unable to see; --Kenneth Jernigan,same,1,NA
1653,blind,Unable to see.,a02158826,unsighted,NA,NA,NA,different,0,NA
1463,drunk,Being in a temporary state in which one's physical and mental faculties are impaired due to excessive consumption of alcohol.,a00797299,inebriated,a00797299,15,stupefied or excited by a chemical substance (especially alcohol),same,1,NA
1463,drunk,Being in a temporary state in which one's physical and mental faculties are impaired due to excessive consumption of alcohol.,a00797299,intoxicated,a00797299,15,stupefied or excited by a chemical substance (especially alcohol),same,1,NA
1463,drunk,Being in a temporary state in which one's physical and mental faculties are impaired due to excessive consumption of alcohol.,a00797299,drunk,a00797299,664,stupefied or excited by a chemical substance (especially alcohol),same,1,NA
590,naked,Without clothing.,a00457998,nude,s00457998,141,completely unclothed,different,1,NA
590,naked,Without clothing.,a00457998,bare,s00457998,493,completely unclothed,different,0,NA
590,naked,Without clothing.,a00457998,naked,s00457998,853,completely unclothed,different,1,NA
1336,eat,To consume something solid or semi-solid (usually food) by putting it into the mouth and eventually swallowing it.,v01168468,eat,v01168468,4971,take in solid food,same,1,NA
256,food,A substance that can be ingested and utilized by the organism as a source of nutrition and energy.,n07555863,food,n00021265,6124,any substance that can be metabolized by an animal to give energy and build tissue,different,1,NA
269,cooked,Contrasting with 'raw'.,a00615757,cooked,a00615757,47,having been prepared for eating by the application of heat,same,1,NA
1959,raw,That has not been cooked (food).,a00619433,raw,s01952643,322,(used especially of commodities) being unprocessed or manufactured using only simple or minimal processes,different,0,this concept will not be considered
178,ripe,"(Of fruits, seeds, etc.) Having reached the stage of development suitable for harvesting and eating.",a01493173,ripe,a01493173,239,fully developed or matured and ready to be eaten or used,same,1,NA
178,ripe,"(Of fruits, seeds, etc.) Having reached the stage of development suitable for harvesting and eating.",a01493173,mature,a01491775,168,characteristic of maturity,different,0,NA
1958,unripe,"That is not yet ripe (edible fruit), usually hard and sour.",a01493897,green,s00375969,3642,of the color between blue and yellow in the color spectrum; similar to the color of fresh grass,different,0,NA
1958,unripe,"That is not yet ripe (edible fruit), usually hard and sour.",a01493897,unripe,a01493897,1,not fully developed or mature; not ripe,same,1,NA
1958,unripe,"That is not yet ripe (edible fruit), usually hard and sour.",a01493897,unripened,a01493897,1,not fully developed or mature; not ripe,same,1,NA
1958,unripe,"That is not yet ripe (edible fruit), usually hard and sour.",a01493897,immature,a01492394,43,characteristic of a lack of maturity,different,0,NA
1728,rotten,"Having changed its colour, smell or composition (partially or completely), due to being attacked and decomposed by microorganisms (relating to organic matter).",a01070538,rotten,s01127782,76,very bad,different,1,NA
1401,drink,To consume a liquid through the mouth.,v01170052,drink,v01170052,2027,take in liquids,same,1,NA
1401,drink,To consume a liquid through the mouth.,v01170052,imbibe,v01170052,9,take in liquids,same,1,NA
199,famine,"A severe shortage of food, as through crop failure or over population. It may be due to poor harvests following drought, floods, earthquake, war, social conflict, etc.",n07315790,famine,n07315790,110,a severe shortage of food (as through crop failure) resulting in violent hunger and starvation and death,same,1,NA
1421,suck,"To draw in a substance by creating a practical vacuum in the mouth, and as a result a difference in pressure.",v01169704,suck,v01169704,553,draw into the mouth by creating a practical vacuum in the mouth,same,1,NA
321,chew,To crush with the teeth by repeated closing and opening of the jaws; done to food to soften it and break it down by the action of saliva before it is swallowed.,v01201089,chew,v01201089,642,chew (food); to bite and grind with the teeth,same,1,NA
321,chew,To crush with the teeth by repeated closing and opening of the jaws; done to food to soften it and break it down by the action of saliva before it is swallowed.,v01201089,masticate,v01201089,2,chew (food); to bite and grind with the teeth,same,1,NA
321,chew,To crush with the teeth by repeated closing and opening of the jaws; done to food to soften it and break it down by the action of saliva before it is swallowed.,v01201089,jaw,n05546040,772,the part of the skull of a vertebrate that frames the mouth and holds the teeth,different,0,NA
321,chew,To crush with the teeth by repeated closing and opening of the jaws; done to food to soften it and break it down by the action of saliva before it is swallowed.,v01201089,manducate,NA,NA,NA,different,0,NA
897,swallow,"The reflex in the human body that makes something pass from the mouth to the pharynx and into the esophagus, with the shutting of the epiglottis.",v01201856,swallow,v01201856,800,pass through the esophagus as part of eating or drinking,same,1,NA
129,choke,"To squeeze the neck in order to compress the carotide and/or trachea, possibly leading to unconsciousness or death.",v00077950,strangle,v01570935,163,kill by squeezing the throat of so as to cut off the air,different,1,NA
129,choke,"To squeeze the neck in order to compress the carotide and/or trachea, possibly leading to unconsciousness or death.",v00077950,choke,v00002724,337,"breathe with great difficulty, as when experiencing a strong emotion",different,1,NA
1100,cook (something),To prepare a meal or a single dish.,v01664172,cook,v01664172,782,prepare for eating by applying heat,same,1,NA
1100,cook (something),To prepare a meal or a single dish.,v01664172,make,v00120316,18783,give certain properties to something,different,0,NA
1100,cook (something),To prepare a meal or a single dish.,v01664172,fix,v00260648,840,restore by replacing a part or putting together what is torn or broken,different,0,NA
1100,cook (something),To prepare a meal or a single dish.,v01664172,prepare,v00406243,1548,"make ready or suitable or equip in advance for a particular purpose or for some use, event, etc",different,0,NA
1100,cook (something),To prepare a meal or a single dish.,v01664172,ready,a01930512,3863,completely prepared or in condition for immediate action or use or progress,different,0,NA
792,boil (of liquid),To be at a temperature (as a liquid) where it moves into the gaseous phase.,v00375021,boil,n05014099,238,the temperature at which a liquid boils at sea level,different,1,NA
2146,roast or fry,Preparing food by exposing it to open fire or to hot fat.,v00325328,fry,v00325328,398,cook on a hot surface using fat,same,1,NA
183,bake,"To cook (something) in an oven, but not in fat.",v01663749,bake,v01663749,455,prepare with dry heat in an oven,same,1,NA
1143,oven,"An enclosed heated compartment usually lined with a refractory material used for baking or drying substances, firing ceramics, heat-treating, etc.",n03862676,oven,n03862676,238,kitchen appliance used for baking or roasting,same,1,NA
854,kettle,A metal container used to boil any kind of liquid.,n03612814,kettle,n03612814,110,a metal pot for stewing or boiling; usually has a lid,same,1,NA
854,kettle,A metal container used to boil any kind of liquid.,n03612814,boiler,n02863750,80,sealed vessel where water is converted to steam,different,0,NA
31,pan,"Cooking utensil relatively flat, having a handle, used to cook food such as meat, vegetables or eggs, usually in oil or butter.",n03880531,pan,n03880531,876,cooking utensil consisting of a wide metal vessel,same,1,NA
481,dish,Any kind of vessel for holding or serving meals.,n03206908,dish,n03206908,686,a piece of dishware normally used as a container for holding or serving food,same,1,NA
480,plate,A flat dish on which food is served or from which food is eaten.,n03959485,plate,n03959485,1201,dish on which food is served or from which food is eaten,same,1,NA
1530,bowl,"A roughly hemispherical container used to hold, mix or present food, such as salad, fruit or soup, or other items.",n02881193,bowl,n02880940,1255,a dish that is round and open at the top for serving foods,different,1,NA
270,jug,A container for holding and pouring liquids with a handle and a spout.,n3603722,jug,n03603722,152,a large bottle with a narrow mouth,different,1,NA
476,cup,"A concave vessel for holding liquid, generally adorned with either a handle or a stem.",n03147509,cup,n13766733,2016,the quantity a cup will hold,different,1,NA
271,saucer,A small dish for placing a cup.,n04139291,saucer,n04139291,68,a small shallow dish for holding a cup at the table,same,1,NA
1378,spoon,"An implement for eating or serving, a small bowl with a long straight handle.",n04284002,spoon,n04284002,438,a piece of cutlery with a shallow bowl-shaped container and a handle; used to stir or serve or take up food,same,1,NA
3210,knife (for eating),A knife used while eating food.,n3623556,knife,n03623556,1097,edge tool used as a cutting instrument; has a pointed blade with a sharp edge and a handle,different,1,NA
1302,fork,A utensil with spikes used to put solid food into the mouth.,n03383948,fork,n03383948,300,cutlery used for serving and eating food,same,1,NA
272,tongs,"A tool that consists of two movable bars joined at one end, used to pick up an object.",n04450749,tongs,NA,NA,NA,different,1,NA
1526,meal,"The act of eating food, usually at a specific time.",n07573696,meal,n07573696,1253,the food served and eaten at one time,same,1,NA
1526,meal,"The act of eating food, usually at a specific time.",n07573696,repast,n07573696,13,the food served and eaten at one time,same,1,NA
1322,breakfast,"The first meal of the day, usually eaten in the morning.",n07574602,breakfast,n07574602,1268,the first meal of the day (usually in the morning),same,1,NA
768,lunch,Meal usually eaten at midday.,n07575076,lunch,n07575076,1785,a midday meal,same,1,NA
768,lunch,Meal usually eaten at midday.,n07575076,dejeuner,NA,NA,NA,different,0,NA
768,lunch,Meal usually eaten at midday.,n07575076,luncheon,n07575076,105,a midday meal,same,1,NA
768,lunch,Meal usually eaten at midday.,n07575076,tiffin,n07575076,1,a midday meal,same,1,NA
1833,dinner (supper),A meal that is eaten in the late afternoon or evening daily.,n07575726,dinner,n07575726,2764,the main meal of the day served in the evening or at midday,same,1,NA
275,peel,To remove the skin from food or vegetables.,v01262936,skin,n05238282,3673,a natural protective body covering and site of the sense of touch,different,0,NA
275,peel,To remove the skin from food or vegetables.,v01262936,pare,v00233089,38,decrease gradually or bit by bit,different,0,NA
275,peel,To remove the skin from food or vegetables.,v01262936,peel,v01262936,505,strip the skin off,same,1,NA
3448,sieve or strain,To separate solids from each other by passing through a sieve or other straining device or to separate or isolate components from a liquid with the help of a filter.,v1460029,strain,v01146051,267,to exert much effort or energy,different,0,NA
3448,sieve or strain,To separate solids from each other by passing through a sieve or other straining device or to separate or isolate components from a liquid with the help of a filter.,v1460029,sieve,n04216634,26,a strainer for separating lumps from powdered material or grading particles,different,1,NA
3448,sieve or strain,To separate solids from each other by passing through a sieve or other straining device or to separate or isolate components from a liquid with the help of a filter.,v1460029,sift,v01460029,106,separate by passing through a sieve or other straining device to separate out coarser elements,different,1,NA
1767,scrape,To move an object against another object such that abrasion or minor cutting occurs.,v01308160,scrape,v01308160,241,scratch repeatedly,same,1,NA
1767,scrape,To move an object against another object such that abrasion or minor cutting occurs.,v01308160,grate,v01574077,88,reduce to small shreds or pulverize by rubbing against a rough or sharp perforated surface,different,0,NA
2017,mix,To mix together different elements.,v00184117,mix,v01462005,803,to bring or combine together or with something else,different,1,NA
1368,bread,"A common food made mainly from flour, water and yeast and produced by kneading and baking a dough.",n07679356,breadstuff,NA,NA,NA,different,0,NA
1368,bread,"A common food made mainly from flour, water and yeast and produced by kneading and baking a dough.",n07679356,bread,n07679356,1149,food made from dough of flour or meal and usually raised with yeast or baking powder and then baked,same,1,NA
273,dough,"A mixture of flour and water ready to be baked into bread, pastry etc.",n07860988,dough,n07860988,422,a flour mixture stiff enough to knead or roll,same,1,NA
274,knead,To press a dough many times with one's hands.,v01235355,work,v02410855,6724,be employed,different,0,NA
274,knead,To press a dough many times with one's hands.,v01235355,knead,v01232738,41,"manually manipulate (someone's body), usually for medicinal or relaxation purposes",different,1,NA
1594,flour,Ground or milled grain or cereal.,n07569106,flour,n07569106,547,fine powdery foodstuff obtained by grinding and sifting the meal of a cereal grain,same,1,NA
1033,grind,"To break something into small pieces by pressing it flat, or grinding it to powder.",v00331082,crunch,v01058224,136,make a crushing noise,different,0,NA
1033,grind,"To break something into small pieces by pressing it flat, or grinding it to powder.",v00331082,grind,v00331082,195,reduce to small pieces or particles by pounding or abrading,same,1,NA
1033,grind,"To break something into small pieces by pressing it flat, or grinding it to powder.",v00331082,comminute,NA,NA,NA,different,0,NA
1033,grind,"To break something into small pieces by pressing it flat, or grinding it to powder.",v00331082,bray,v01054553,22,braying characteristic of donkeys,different,0,NA
1033,grind,"To break something into small pieces by pressing it flat, or grinding it to powder.",v00331082,mash,v00331082,71,reduce to small pieces or particles by pounding or abrading,same,0,NA
636,mill,"A mill is a device that breaks solid materials into smaller pieces by grinding, crushing, or cutting.",n03765561,grinder,n03460040,25,a machine tool that polishes metal,different,1,NA
636,mill,"A mill is a device that breaks solid materials into smaller pieces by grinding, crushing, or cutting.",n03765561,mill,n03316406,349,a plant consisting of one or more buildings with facilities for manufacturing,different,1,NA
224,mortar,A bowl used to crush and grind ingredients with a pestle.,n03786901,mortar,n03786715,93,a muzzle-loading high-angle gun with a short barrel that fires shells at high elevations for a short range,different,1,NA
225,pestle,A heavy cylindrical object with a rounded end used for crushing and grinding.,n03919289,pestle,n03919289,7,a club-shaped hand tool for grinding and mixing substances in a mortar,same,1,NA
634,meat,"The edible flesh of animals, especially that of mammals.",n07649854,meat,n07649854,1418,the flesh of animals (including fishes and birds and snails) used as food,same,1,NA
1874,sausage,"A length of intestine, stuffed with ground (organ) meat, and other ingredients. Instead of intestines, a different kind of wrapper can be used.",n07675627,sausage,n07675627,228,highly seasoned minced meat stuffed in casings,same,1,NA
1547,soup,"A cooked, liquid dish (made from meat or vegetables that are mixed with broth in a pot) that is often sold in tins.",n07583197,soup,n07583197,670,liquid food especially of meat or fish or vegetable stock often containing pieces of solid food,same,1,NA
924,vegetables,Any of various herbaceous plants having parts that are used as food.,n07707451,veggie,n07707451,88,edible seeds or roots or stems or leaves or bulbs or tubers or nonsweet fruits of any of numerous herbaceous plant,same,1,NA
924,vegetables,Any of various herbaceous plants having parts that are used as food.,n07707451,vegetable,n07707451,1077,edible seeds or roots or stems or leaves or bulbs or tubers or nonsweet fruits of any of numerous herbaceous plant,same,1,NA
924,vegetables,Any of various herbaceous plants having parts that are used as food.,n07707451,veg,n07707451,3,edible seeds or roots or stems or leaves or bulbs or tubers or nonsweet fruits of any of numerous herbaceous plant,same,1,NA
832,bean,Any of various leguminous plants grown for their edible seeds and pods.,n07724943,bean,n07724943,554,any of various edible seeds of plants of the family Leguminosae used for food,same,1,NA
593,potato,"A tuberous plant, Solanum tuberosum, often eaten as a starchy vegetable, particularly in the Americas and Europe.",n07710616,spud,n04289964,4,a sharp hand shovel for digging out roots and weeds,different,0,NA
593,potato,"A tuberous plant, Solanum tuberosum, often eaten as a starchy vegetable, particularly in the Americas and Europe.",n07710616,potato,n07710616,860,an edible tuber native to South America; a staple food of Ireland,same,1,NA
593,potato,"A tuberous plant, Solanum tuberosum, often eaten as a starchy vegetable, particularly in the Americas and Europe.",n07710616,murphy,n07710616,4,an edible tuber native to South America; a staple food of Ireland,same,1,NA
593,potato,"A tuberous plant, Solanum tuberosum, often eaten as a starchy vegetable, particularly in the Americas and Europe.",n07710616,tater,n07710616,9,an edible tuber native to South America; a staple food of Ireland,same,1,NA
1507,fruit,A botanical fruit that can be eaten raw used as food.,n13134947,fruit,n13134947,1306,the ripened reproductive body of a seed plant,same,1,NA
1966,bunch,A group of things fastened or growing together.,n07959943,clump,n07961016,125,a compact mass,different,0,this concept will not be considered
1966,bunch,A group of things fastened or growing together.,n07959943,cluster,n07959943,514,a grouping of a number of similar things,same,0,NA
1966,bunch,A group of things fastened or growing together.,n07959943,clustering,n07959943,7,a grouping of a number of similar things,same,0,NA
1966,bunch,A group of things fastened or growing together.,n07959943,bunch,n08273843,278,an informal body of friends,different,0,NA
322,fig,"The fruit of the fig tree, pear-shaped and containing many small seeds.",n07753113,fig,n12401684,58,Mediterranean tree widely cultivated for its edible fruit,different,1,NA
920,grape,"A small, round, smooth-skinned edible fruit, usually purple, red, or green, that grows in bunches on certain vines.",n07758680,grape,n07758680,338,any of various juicy fruit of the genus Vitis with green or purple skins; grow in clusters,same,1,NA
191,nut,A hard-shelled seed.,n13136556,nut,n13136556,290,usually large hard-shelled seed,same,1,NA
1154,olive,"The small oval fruit of the olive tree, Olea europaea.",n12301445,olive,n07767344,544,one-seeded fruit of the European olive tree usually pickled and used as a relish,different,1,NA
1484,oil (organic substance),Fat from animals or plants in a liquid form.,n14966667,oil,n14966667,2355,a slippery or viscous liquid or liquefiable substance not miscible with water,same,1,NA
323,fat (organic substance),Esters of three fatty acid chains and the alcohol glycerol which form a semi-solid substance in room temperature and occur in animals and plants.,n14864360,fat,n14864360,1128,a soft greasy substance occurring in organic tissue and consisting of a mixture of lipids (mostly triglycerides),same,1,NA
1274,salt,A condiment (NaCl - Sodium Chloride) used to add to or enhance the flavour of food (commonly with pepper).,n07813107,salt,n07813107,1526,white crystalline form of especially sodium chloride used to season and preserve food,same,1,NA
1385,pepper,"A spice prepared from the fermented, dried, unripe red berries of the pepper plant.",n07815588,pepper,n07815588,937,pungent seasoning from the berry of the common pepper plant of East India; use whole or ground,same,1,NA
1385,pepper,"A spice prepared from the fermented, dried, unripe red berries of the pepper plant.",n07815588,peppercorn,n07815588,12,pungent seasoning from the berry of the common pepper plant of East India; use whole or ground,same,1,NA
942,honey,"A viscous, sweet substance produced from nectar or honeydew by bees.",n07858978,honey,n09849598,398,a beloved person; used as terms of endearment,different,1,NA
862,sugar,"A sweet crystalline or powdered substance, white when pure, consisting of sucrose obtained mainly from sugar cane and sugar beets and used in many foods, drinks, and medicines to improve their taste.",n07859284,sugar,n07859284,1256,a white crystalline carbohydrate used as a sweetener and preservative,same,1,NA
635,milk,"The whitish fluid secreted by the mammary gland for the nourishment of the young; composed of carbohydrates, proteins, fats, mineral salts, vitamins, and antibodies.",n07844042,milk,n07844042,1214,a white nutritious liquid secreted by mammals and used as food by human beings,same,1,NA
93,draw milk,"To draw milk from (a mammal, especially a cow).",v00194170,milk,n07844042,1214,a white nutritious liquid secreted by mammals and used as food by human beings,different,0,this concept will not be considered
1569,cheese,A curdled or cultured milk product.,n07850329,cheese,n07850329,1201,a solid food prepared from the pressed curd of milk,same,1,NA
1245,butter,"A soft, fatty foodstuff that is made by churning the cream of milk (most often cows milk).",n07848338,butter,n07848338,932,an edible emulsion of fat globules made by churning milk or cream; for cooking and table use,same,1,NA
731,beverage,Any one of various liquids for drinking.,n07881800,drink,v01170052,2027,take in liquids,different,0,NA
731,beverage,Any one of various liquids for drinking.,n07881800,potable,a00797113,10,suitable for drinking,different,0,NA
731,beverage,Any one of various liquids for drinking.,n07881800,beverage,n07881800,134,any liquid suitable for drinking,same,1,NA
731,beverage,Any one of various liquids for drinking.,n07881800,drinkable,a00797113,5,suitable for drinking,different,0,NA
941,mead,Wine made of honey.,n07890750,mead,n07890750,7,made of fermented honey and water,same,1,NA
1524,wine,An alcoholic beverage made by fermenting juice of grapes.,n07891726,vino,n07891726,7,fermented juice (of grapes especially),same,1,NA
1524,wine,An alcoholic beverage made by fermenting juice of grapes.,n07891726,wine,n07891726,2037,fermented juice (of grapes especially),same,1,NA
1639,beer,"An alcoholic beverage commonly fermented from barley malt, with hops or some other substance to impart a bitter flavor.",n07886849,beer,n07886849,1667,a general name for alcoholic beverages made by fermenting a cereal (or mixture of cereals) flavored with hops,same,1,NA
744,egg,"Egg (either fertilized or not) from domesticated birds, most commonly hens, seen as food.",n07840804,egg,n07840804,1370,oval reproductive body of a fowl (especially a hen) used as food,same,1,NA
744,egg,"Egg (either fertilized or not) from domesticated birds, most commonly hens, seen as food.",n07840804,eggs,n05524615,2,one of the two male reproductive glands that produce spermatozoa and secrete androgens,different,0,NA
1556,yolk,"The yellow, spherical part of an egg that is surrounded by the white albumen, and serves as nutriment for the growing young.",n07841345,yolk,n07841345,91,the yellow spherical part of an egg that is surrounded by the albumen,same,1,NA
1895,clothes,All coverings designed to be worn on a person's body.,n02728440,dress,n03236735,1756,a one-piece garment for a woman; has skirt and bodice,different,0,NA
1895,clothes,All coverings designed to be worn on a person's body.,n02728440,clothes,NA,NA,NA,different,1,NA
1895,clothes,All coverings designed to be worn on a person's body.,n02728440,apparel,n02728440,60,clothing in general,same,1,NA
881,tailor,Someone who professionally manufactures clothing.,n10689564,seamster,NA,NA,NA,different,0,NA
881,tailor,Someone who professionally manufactures clothing.,n10689564,tailor,v01666717,113,style and tailor in a certain fashion,different,1,NA
881,tailor,Someone who professionally manufactures clothing.,n10689564,sartor,NA,NA,NA,different,0,NA
1616,cloth,"A woven fabric such as used in dressing, decorating, cleaning or other practical use.",n03309808,textile,n03309808,151,artifact made by weaving or felting or knitting or crocheting natural or synthetic fibers,same,1,NA
1616,cloth,"A woven fabric such as used in dressing, decorating, cleaning or other practical use.",n03309808,material,n14580897,1262,the tangible substance that goes into the makeup of a physical object,different,0,NA
1616,cloth,"A woven fabric such as used in dressing, decorating, cleaning or other practical use.",n03309808,cloth,n03309808,744,artifact made by weaving or felting or knitting or crocheting natural or synthetic fibers,same,1,NA
1616,cloth,"A woven fabric such as used in dressing, decorating, cleaning or other practical use.",n03309808,fabric,n03309808,725,artifact made by weaving or felting or knitting or crocheting natural or synthetic fibers,same,1,NA
964,wool,"The soft, curly hair that forms the fleece of sheep, lamas and other animals and which is used to produce clothing.",n15104217,wool,n04599235,391,a fabric made from the hair of sheep,different,1,NA
1850,cotton,"Fiber obtained from plants of the genus Gossypium, used in making fabrics, cordage, and padding and for producing artificial fibers and cellulose.",n03115180,cotton,n03115180,320,fabric woven from cotton fibers,same,1,NA
1641,silk,"One of the finest textiles, obtained from cocoons of certain species of caterpillars; it is soft, very strong and absorbent and has a brilliant sheen.",n04219424,silk,n04219424,848,a fabric made from the fine threads produced by certain insect larvae,same,1,NA
325,felt,"A cloth or stuff made of matted fibres of wool, or wool and fur, fulled or wrought into a compact substance by rolling and pressure, with lees or size, without spinning or weaving.",n03326795,felt,n03326795,17,a fabric made of compressed matted animal fibers,same,1,NA
580,fur,The body-hair of an animal (excluding humans) or a piece of clothing made thereof.,n03404149,fur,n14764061,339,the dressed hairy coat of a mammal,different,1,NA
629,leather,"The dressed or tanned hide of an animal, usually with the hair removed.",n14759722,leather,n14759722,1614,an animal skin made smooth and flexible by removing the hair and then tanning,same,1,NA
121,spin,"To make (yarn) by drawing out, twisting, and winding fibers.",v01518772,spin,v02046755,724,revolve quickly and repeatedly around one's own axis,different,0,this concept will not be considered
277,spindle,A stick used in spinning fiber into thread.,n04277352,spindle,n04277352,28,a stick or pin used to twist the yarn in spinning,same,1,NA
133,weave,To create a fabric by interlacing threads.,v01673891,tissue,n05267345,492,part of an organism consisting of an aggregate of cells having a similar structure and function,different,0,NA
133,weave,To create a fabric by interlacing threads.,v01673891,weave,v01518924,231,interlace by or as if by weaving,different,1,NA
1787,loom,A frame or machine (made of wood or other material) in which a weaver forms cloth out of thread; a machine for interweaving yarn or threads into a fabric.,n03689157,loom,v02696961,198,"come into view indistinctly, often threateningly",different,0,this concept will not be considered
1457,sew,"To pass thread repeatedly through fabric or a material, using a needle, in order to join two or more parts or to make a pattern or motif.",v01329239,stitch,v01329239,164,fasten by sewing; do needlework,same,1,NA
1457,sew,"To pass thread repeatedly through fabric or a material, using a needle, in order to join two or more parts or to make a pattern or motif.",v01329239,sew,v01329239,209,fasten by sewing; do needlework,same,1,NA
1382,needle (for sewing),"A thin, sharp implement used in sewing, knitting and acupuncture.",n03816136,needle,n03816136,406,a sharp pointed implement (usually steel),same,1,NA
278,awl,Pointed tool for marking or piercing wood or leather.,n02763714,awl,n02763714,8,a pointed tool for marking surfaces or for punching small holes,same,1,NA
1161,thread,"A long, thin and flexible form of material, generally with a round cross-section, used in sewing, weaving or in the construction of string.",n04426788,yarn,n04426788,86,a fine cord of twisted fibers (of cotton or silk or wool or nylon etc.) used in sewing and weaving,same,1,NA
1161,thread,"A long, thin and flexible form of material, generally with a round cross-section, used in sewing, weaving or in the construction of string.",n04426788,thread,n04426788,335,a fine cord of twisted fibers (of cotton or silk or wool or nylon etc.) used in sewing and weaving,same,1,NA
157,dye,To modify the color of something by applying dye.,v00283090,dye,v00283090,192,color with dye,same,1,NA
326,cloak,"A long outer garment worn over the shoulders covering the back; a cape, often with a hood.",n03045337,cloak,n03045337,289,a loose outer garment,same,1,NA
327,poncho,"A simple garment, made from a rectangle of cloth, with a slit in the middle for the head.",n03980874,poncho,n03980874,30,a blanket-like cloak with a hole in the center for the head,same,1,NA
474,dress,A one-piece garment for a woman that has a skirt and a body section.,n03236735,frock,n03236735,53,a one-piece garment for a woman; has skirt and bodice,same,1,NA
474,dress,A one-piece garment for a woman that has a skirt and a body section.,n03236735,dress,n03236735,1756,a one-piece garment for a woman; has skirt and bodice,same,1,NA
603,coat,An outer garment covering the upper torso and arms.,n03057021,coat,n03057021,1473,an outer garment that has sleeves and covers the body from shoulder down; worn outdoors,same,1,NA
1622,shirt,"An article of clothing that is worn on the upper part of the body, and often has sleeves, either long or short, that cover the arms.",n04197391,shirt,n04197391,3360,a garment worn on the upper half of the body,same,1,NA
2012,collar,The part of a garment that encircles the neck.,n03068181,collar,n03068181,664,a band that fits around the neck and is usually folded over,same,1,NA
2012,collar,The part of a garment that encircles the neck.,n03068181,neckband,n03814528,2,a band around the collar of a garment,different,0,NA
1600,skirt,"An article of clothing, usually worn by women and girls, that hangs from the waist and covers the lower part of the body.",n04230808,skirt,n04230808,791,a garment hanging from the waist; worn mainly by girls and women,same,1,NA
809,trousers,An item of clothing worn on the lower part of the body and covering both legs separately.,n04489008,trouser,n04489008,301,"(usually in the plural) a garment extending from the waist to the knee or ankle, covering each leg separately",same,1,NA
809,trousers,An item of clothing worn on the lower part of the body and covering both legs separately.,n04489008,pant,n04489008,1252,"(usually in the plural) a garment extending from the waist to the knee or ankle, covering each leg separately",same,1,NA
329,stocking,"A soft garment worn on the foot and lower leg, usually knit or woven, worn under shoes or other footwear.",n04323819,stocking,n04323819,199,close-fitting hosiery to cover the foot and leg; come in matched pairs (usually used in the plural),same,1,NA
1381,shoe,"A protective covering for the foot, with a bottom part composed of thick leather or plastic sole and often a thicker heel, and a softer upper part made of leather or synthetic material. Shoes generally do not extend above the ankle, as opposed to boots, which do.",n04199027,shoe,n04199027,2588,footwear shaped to fit the foot (below the ankle) with a flexible upper of leather or plastic and a sole and heel of heavier material,same,1,NA
585,boot,A shoe that covers part of the leg.,n02872752,boot,n02872752,1663,footwear that covers the whole foot and lower leg,same,1,NA
875,shoemaker,A person whose profession is making and repairing footwear.,n09933098,cobbler,n09933098,28,a person who makes or repairs shoes,same,1,NA
875,shoemaker,A person whose profession is making and repairing footwear.,n09933098,shoemaker,n09933098,30,a person who makes or repairs shoes,same,1,NA
2130,headgear,Any element of clothing which is worn on one's head.,n3502509,headgear,n03502509,12,clothing for the head,different,1,NA
2130,headgear,Any element of clothing which is worn on one's head.,n3502509,headdress,n03502509,49,clothing for the head,different,1,NA
772,belt,"A clothing accessory, usually made of leather or heavy cloth, worn around the waist and used to support trousers or other articles of clothing.",n02827606,belt,n02827606,781,a band to tie or buckle around the body (usually at the waist),same,1,NA
867,glove,"A garment for a hand, often extending to the wrist and sometimes up to the elbow, which either covers each finger individually, or separates the thumb from the other fingers.",n03441112,glove,n03441112,779,handwear: covers the hand and wrist,same,1,NA
1151,veil,A head covering.,n03502331,veil,n03502331,214,a garment that covers the head and face,same,1,NA
1851,pocket,"A kind of pouch, which is accessible by an opening in an article of clothing and serves for storage; usually large enough in order to accommodate at least one hand.",n03972524,pocket,n03972524,2022,a small pouch inside a garment for carrying small articles,same,1,NA
757,button,A fastener consisting of a knob or disc that is passed through a slit in the adjacent material.,n02928608,button,n04027023,719,an electrical switch operated by pressing,different,1,NA
917,ornament,An element of decoration.,n02681518,adornment,n02681518,23,a decoration of color or interest that is added to relieve plainness,same,1,NA
1029,jewel,"A precious stone such as a diamond, a sapphire or an agate.",n03596787,jewel,n03596787,284,a precious or semiprecious stone incorporated into a piece of jewelry,same,1,NA
1029,jewel,"A precious stone such as a diamond, a sapphire or an agate.",n03596787,gem,n03596787,96,a precious or semiprecious stone incorporated into a piece of jewelry,same,1,NA
1374,ring,A round piece of (precious) metal worn around the finger.,n04092609,band,n08249960,686,a group of musicians playing popular music for dancing,different,0,NA
1374,ring,A round piece of (precious) metal worn around the finger.,n04092609,ring,n04092609,891,jewelry consisting of a circlet of precious metal (often set with jewels) worn on the finger,same,1,NA
1754,bracelet,Piece of jewellery worn around the wrist.,n02887970,bangle,n02887970,30,jewelry worn around the wrist for decoration,same,1,NA
1754,bracelet,Piece of jewellery worn around the wrist.,n02887970,bracelet,n02887970,266,jewelry worn around the wrist for decoration,same,1,NA
1961,necklace,An article of jewelry that is worn around the neck.,n03814906,necklace,n03814906,312,jewelry consisting of a cord or chain (often bearing gems) worn about the neck as an ornament (especially by women),same,1,NA
1860,bead,"A hard, rounded object produced within the soft tissue (specifically the mantle) of a living shelled mollusk.",n02815071,bead,n02815071,203,a small ball with a hole through the middle,same,1,NA
770,earring,A piece of jewelry worn on the ear.,n03262349,earring,n03262349,275,jewelry to ornament the ear; usually clipped to the earlobe or fastened through a hole in the lobe,same,1,NA
3457,headband or headdress,An cloth or strip of cloth worn on or around the head.,n3502042,headband,n03502042,43,a band worn around or over the head,different,1,NA
68,tattoo,A marking made by inserting ink into the layers of skin to change the pigment permanently for decorative or other reasons.,n04395651,tattoo,n04395651,210,a design on the skin made by tattooing,same,1,NA
332,rag,"A piece of old cloth; a tattered piece of cloth; a shred, a tatter.",n04045941,shred,v01573891,220,tear into shreds,different,0,NA
332,rag,"A piece of old cloth; a tattered piece of cloth; a shred, a tatter.",n04045941,tag,n07273136,377,"a label written or printed on paper, cardboard, or plastic that is attached to something to indicate its owner, nature, price, etc.",different,0,NA
332,rag,"A piece of old cloth; a tattered piece of cloth; a shred, a tatter.",n04045941,tatter,n04045941,36,a small piece of cloth or paper,same,1,NA
332,rag,"A piece of old cloth; a tattered piece of cloth; a shred, a tatter.",n04045941,rag,n04045941,318,a small piece of cloth or paper,same,1,NA
1021,towel,Piece of absorbent fabric or paper used for drying or wiping.,n04459362,towel,n04459362,884,a rectangular piece of absorbent cloth (or paper) for drying or wiping,same,1,NA
1475,comb,A toothed implement for grooming the hair.,n03074855,comb,n03074855,192,a flat device with narrow pointed teeth on one edge; disentangles or arranges hair,same,1,NA
1821,brush,"An implement with a handle, and a head with multiple more or less flexible bristles, used for arranging hair.",n02908217,brush,v01240720,462,touch lightly and briefly,different,0,this concept will not be considered
1043,braid,A hair style formed by interweaving three or more strands of hair.,n5259512,twist,v01868370,476,"to move in a twisting or contorted motion, (especially when struggling)",different,0,NA
1043,braid,A hair style formed by interweaving three or more strands of hair.,n5259512,braid,n05259512,197,a hairdo formed by braiding or twisting the hair,different,1,NA
1043,braid,A hair style formed by interweaving three or more strands of hair.,n5259512,plait,n05259512,24,a hairdo formed by braiding or twisting the hair,different,1,NA
1043,braid,A hair style formed by interweaving three or more strands of hair.,n5259512,tress,n05259512,51,a hairdo formed by braiding or twisting the hair,different,1,NA
151,razor,A bladed tool used for the removal of body hair through the act of shaving.,n04057047,razor,n04057047,246,edge tool used in shaving,same,1,NA
1926,ointment,A semisolid preparation intended for external application to the skin or mucous membranes. (source: UMLS),n03845550,salve,n03845550,32,semisolid preparation (usually containing a medicine) applied externally as a remedy or for soothing an irritation,same,1,NA
1926,ointment,A semisolid preparation intended for external application to the skin or mucous membranes. (source: UMLS),n03845550,unction,n01041674,1,anointing as part of a religious ceremony or healing ritual,different,0,NA
1926,ointment,A semisolid preparation intended for external application to the skin or mucous membranes. (source: UMLS),n03845550,ointment,n03845550,29,semisolid preparation (usually containing a medicine) applied externally as a remedy or for soothing an irritation,same,1,NA
1926,ointment,A semisolid preparation intended for external application to the skin or mucous membranes. (source: UMLS),n03845550,balm,n14896923,20,any of various aromatic resinous substances used for healing and soothing,different,0,NA
1926,ointment,A semisolid preparation intended for external application to the skin or mucous membranes. (source: UMLS),n03845550,unguent,n03845550,4,semisolid preparation (usually containing a medicine) applied externally as a remedy or for soothing an irritation,same,1,NA
788,soap,"A cleansing agent, manufactured in bars, granules, flakes, or liquid form, made from a mixture of the sodium salts of various fatty acids of natural oils and fats.",n04253437,soap,n04253437,523,a cleansing agent made from the salts of vegetable or animal fats,same,1,NA
1171,mirror,"A smooth surface, usually made of glass with reflective material painted on the underside, that reflects light so as to give an image of what is in front of it.",n03773035,mirror,n03773035,1852,polished surface that forms images by reflecting light,same,1,NA
363,"dwell (live, reside)",To live; to reside; to remain or continue.,v02649830,dwell,v00704249,84,think moodily or anxiously about something,different,1,NA
363,"dwell (live, reside)",To live; to reside; to remain or continue.,v02649830,populate,v02649830,127,inhabit or live in; be an inhabitant of,same,1,NA
363,"dwell (live, reside)",To live; to reside; to remain or continue.,v02649830,live,v02649830,7190,inhabit or live in; be an inhabitant of,same,1,NA
363,"dwell (live, reside)",To live; to reside; to remain or continue.,v02649830,inhabit,v02649830,190,inhabit or live in; be an inhabitant of,same,1,NA
1252,house,"The abode of a human being, their place of residence.",n03544360,house,n03544360,13036,a dwelling that serves as living quarters for one or more families,same,1,NA
1678,hut,"A simple roofed shelter, often with one  open side.",n03547054,shack,n03547054,200,small crude shelter used as a dwelling,same,1,NA
1678,hut,"A simple roofed shelter, often with one  open side.",n03547054,hutch,n03550289,15,a cage (usually made of wood and wire mesh) for small animals,different,0,NA
1678,hut,"A simple roofed shelter, often with one  open side.",n03547054,shanty,n03547054,11,small crude shelter used as a dwelling,same,1,NA
1678,hut,"A simple roofed shelter, often with one  open side.",n03547054,hut,n03550153,182,temporary military shelter,different,1,NA
1678,hut,"A simple roofed shelter, often with one  open side.",n03547054,hovel,n03547054,38,small crude shelter used as a dwelling,same,1,NA
403,garden-house,"A small building in a garden, such as a shed, which is not usually build to be inhabitated for long times.",n.a.,NA,NA,NA,NA,different,1,NA
1316,tent,"A portable lodging (usually made from waterproof plastic, animal hide or canvas streched by poles) that is used for sheltering people and objects from the weather when camping or at festivals.",n04411264,tent,n04411264,773,a portable shelter (usually of canvas stretched over supporting poles and fastened to the ground with ropes and pegs),same,1,NA
736,yard,"A small, usually uncultivated area adjoining or within the precincts of a house or other building.",n03120198,court,n08329453,1202,an assembly (including one or more judges) to conduct judicial business,different,0,NA
736,yard,"A small, usually uncultivated area adjoining or within the precincts of a house or other building.",n03120198,courtyard,n03120198,396,an area wholly or partly surrounded by walls or buildings,same,1,NA
334,cookhouse,A small house where cooking takes place; a kitchen house.,n03101375,cookhouse,n03101375,11,a detached or outdoor shelter for cooking,same,1,NA
1450,room,"A separate part of a building, enclosed by walls, a floor and a ceiling.",n04105893,room,n04105893,14288,an area within a building enclosed by walls and floor and ceiling,same,1,NA
1567,door,"An opening, or passage in a fence or wall; the entrance through which you enter or leave a room or building.",n03427296,gate,n03427296,1251,a movable barrier in a fence or wall,same,1,NA
80,doorpost,The frame that supports a door.,n03222857,doorpost,n03222857,5,a jamb for a door,same,1,NA
80,doorpost,The frame that supports a door.,n03222857,doorjamb,n03222857,9,a jamb for a door,same,1,NA
1596,lock,"Something used for fastening, which can only be opened with a key or combination.",n03682487,lock,n03682487,584,a fastener fitted to a door or drawer to keep it firmly closed,same,1,NA
1012,latch,"A fastening for a door that has a bar that fits into a notch or slot, and is lifted by a lever or string from either side.",n3645011,latch,n03644858,108,catch for fastening a door or gate; a bar that can be lowered or slid into a groove,different,1,NA
1472,key,An object designed to be able to open (and usually close) a lock.,n03613294,key,s01277097,1477,serving as an essential component,different,1,NA
1375,window,"An opening, usually covered by one or more panes of clear glass, to allow light from outside to enter a building or vehicle.",n04587648,window,n04587648,5858,a framework of wood or metal that contains a glass windowpane and is built into a wall or roof to admit light or air,same,1,NA
1632,floor,The bottom or lower part of any room; the supporting surface of a room.,n03365592,floor,n03365592,4787,"the inside lower horizontal surface (as of a room, hallway, tent, or other structure)",same,1,NA
1632,floor,The bottom or lower part of any room; the supporting surface of a room.,n03365592,flooring,n03365592,47,"the inside lower horizontal surface (as of a room, hallway, tent, or other structure)",same,1,NA
933,wall (of house),The outer structure which encloses a building.,n04546855,wall,n04546855,5689,an architectural partition with a height and length greater than its thickness; used to divide or enclose an area or to support another structure,same,1,NA
185,fireplace,"An open recess in a wall at the base of a chimney where a fire may be built, or a hearth.",n03346455,hearth,n03346455,77,an open recess in a wall at the base of a chimney where a fire can be built,same,1,NA
185,fireplace,"An open recess in a wall at the base of a chimney where a fire may be built, or a hearth.",n03346455,fireplace,n03346455,456,an open recess in a wall at the base of a chimney where a fire can be built,same,1,NA
859,stove,"A chamber within which a fuel-air mixture is burned to provide heat, the heat itself being radiated outward from the chamber; used for space heating, process-fluid heating, and steel blast furnaces.",n04330340,stove,n04330340,405,a kitchen appliance used for cooking food,same,1,NA
859,stove,"A chamber within which a fuel-air mixture is burned to provide heat, the heat itself being radiated outward from the chamber; used for space heating, process-fluid heating, and steel blast furnaces.",n04330340,range,n05125377,993,an area in which something acts or operates or has power or control:,different,0,NA
1305,chimney,"A vertical structure of brick, masonry, or steel that carries smoke or steam away from a fire, engine, etc.",n03017428,chimney,n03017428,180,a vertical flue that provides a path through which smoke from a fire is carried away through the wall or roof of a building,same,1,NA
1464,ladder,"A frame usually portable, of wood, metal, or rope, for ascent and descent, consisting of two vertical side pieces to which are horizontally fastened cross strips or rounds forming steps.",n03632277,ladder,n03632277,379,steps consisting of two parallel members connected by rungs; for climbing up or down,same,1,NA
1663,bed,"A piece of furniture, made for a person to sleep on.",n02818832,bed,n02818832,5818,a piece of furniture that provides a place to sleep,same,1,NA
1044,pillow,Cushion placed under the head for sleeping.,n03938244,pillow,n03938244,786,a cushion to support the head of a sleeping person,same,1,NA
806,blanket,A large cloth used for warmth and for sleeping.,n02849154,cover,v01332730,2241,provide with a covering or cause to be covered,different,0,NA
806,blanket,A large cloth used for warmth and for sleeping.,n02849154,blanket,n02849154,896,bedding that keeps a person warm in bed,same,1,NA
1476,chair,"An item of furniture comprising a seat, legs, back, and sometimes arm rests, on which or in which one people can sit.",n03001627,chair,n03001627,4266,"a seat for one person, with a support for the back",same,1,NA
1775,table,"A piece of furniture that generally consists of a hard, flat, horizontal surface, which is elevated and stabilised by 3 or more legs (usually 4).",n04379243,table,n04379243,6020,a piece of furniture having a smooth flat top that is usually supported by one or more vertical legs,same,1,NA
2131,torch or lamp,Any portable device that produces light.,n04456115,torch,n04456115,238,a light usually carried in the hand; consists of some flammable substance,same,1,NA
1273,candle,"A light source consisting of a wick embedded in a solid, flammable substance such as wax, tallow, or paraffin.",n02948072,taper,v00392960,48,give a point to,different,0,NA
1273,candle,"A light source consisting of a wick embedded in a solid, flammable substance such as wax, tallow, or paraffin.",n02948072,candle,n02948072,688,stick of wax with a wick in the middle,same,1,NA
745,shelf,"A flat, rigid, rectangular structure, fixed at right angles to a wall, and used to support, store or display objects.",n04190052,shelf,n04190052,893,a support that consists of a horizontal surface for holding objects,same,1,NA
205,trough,"A long, narrow container, open on top, for feeding or watering animals.",n03717131,trough,n04488427,45,a long narrow shallow receptacle,different,0,NA
205,trough,"A long, narrow container, open on top, for feeding or watering animals.",n03717131,manger,n03717131,13,a container (usually in a barn or stable) from which cattle or horses feed,same,1,NA
769,roof,The structure covering a building.,n04105068,roof,n04105068,1352,a protective covering that covers or forms the top of a building,same,1,NA
279,thatch,"Natural roofing material such as straw, reeds, leaves, etc.",n15069712,thatch,v01233838,37,cover with thatch,different,1,dominant POS is verb but decided to leave
280,ridgepole,The highest horizontal beam in a roof.,n04089152,ridge,n09409512,378,a long narrow natural elevation or striation,different,0,NA
280,ridgepole,The highest horizontal beam in a roof.,n04089152,ridgepole,n04089152,2,a beam laid along the edge where two sloping sides of a roof meet at the top; provides an attachment for the upper ends of rafters,same,1,NA
280,ridgepole,The highest horizontal beam in a roof.,n04089152,rooftree,NA,NA,NA,different,0,NA
829,rafter,"One of several parallel sloping beams that extend from the ridge to the wall-plate, to support the roof and its associated loads; the sloping top member of a roof truss, which carries the purlins.",n04045644,baulk,v02583545,1,refuse to comply,different,0,NA
829,rafter,"One of several parallel sloping beams that extend from the ridge to the wall-plate, to support the roof and its associated loads; the sloping top member of a roof truss, which carries the purlins.",n04045644,balk,v02583545,98,refuse to comply,different,0,NA
829,rafter,"One of several parallel sloping beams that extend from the ridge to the wall-plate, to support the roof and its associated loads; the sloping top member of a roof truss, which carries the purlins.",n04045644,rafter,n04045644,101,one of several parallel sloping beams that support a roof,same,1,NA
1132,beam,"A structural member loaded on its narrow face, and typically used in a horizontal or sloping position to span between bearing points.",n02815950,beam,n11428023,357,a column of light (as from a beacon),different,0,this concept will not be considered
281,post,"A strong upright piece of wood, metal etc. that is fixed into the ground, especially to support something.",n3988170,post,n03988170,380,an upright consisting of a piece of timber or metal fixed firmly in an upright position,different,1,NA
1227,board,"A piece of wood or similar material that has been sawn into a regular shape, usually in preparation for using it in some sort of construction.",n15101854,plank,n15101854,212,a stout length of sawn timber; made in a wide variety of sizes and used for many purposes,same,1,NA
1227,board,"A piece of wood or similar material that has been sawn into a regular shape, usually in preparation for using it in some sort of construction.",n15101854,board,n08322981,1283,a committee having supervisory powers,different,0,NA
876,arch,"An arch-shaped arrangement of trapezoidal stones, designed to redistribute downward force outward.",n02733524,arch,v02034986,282,form an arch or curve,different,1,NA
877,mason,A craftsman who builds in stone or brick otherwise known as masonry.,n10297531,stonemason,n10297531,5,a craftsman who works with stone or brick,same,1,NA
877,mason,A craftsman who builds in stone or brick otherwise known as masonry.,n10297531,mason,n10297531,22,a craftsman who works with stone or brick,same,1,NA
1006,brick,"A building material usually made from clay, molded as a rectangular block, and baked or burned in a kiln.",n02897820,brick,n02897820,964,rectangular block of clay baked by the sun or in a kiln; used as a building or paving material,same,1,NA
1731,mortar binder,"Paste made of a mixture of a binder (cement, plaster or lime), sand and water used in masonry to make bricks, stones, etc. stick together.",n14955889,mortar,n03786715,93,a muzzle-loading high-angle gun with a short barrel that fires shells at high elevations for a short range,different,0,NA
901,adobe,An unburnt brick dried in the sun made of clay and dried grasses.,n02681392,adobe,n02681392,52,sun-dried brick; used in hot dry climates,same,1,NA
979,farmer,"A person who works the land or who keeps livestock, especially on a farm.",n10078806,husbandman,n10078806,1,a person who operates a farm,same,1,NA
979,farmer,"A person who works the land or who keeps livestock, especially on a farm.",n10078806,farmer,n10078806,1233,a person who operates a farm,same,1,NA
979,farmer,"A person who works the land or who keeps livestock, especially on a farm.",n10078806,granger,NA,NA,NA,different,0,NA
979,farmer,"A person who works the land or who keeps livestock, especially on a farm.",n10078806,sodbuster,n10078806,2,a person who operates a farm,same,1,NA
212,field,"A limited area of land with grass or crops growing on it, which is usually surrounded by fences or closely planted bushes when it is part of a farm.",n08569998,field,n08569998,1311,a piece of land cleared of trees and usually enclosed,same,1,NA
586,garden,A piece of land next to a house where flowers and other plants are grown and which often has an area of grass.,n03417749,garden,n03417345,1733,a plot of ground where plants are cultivated,different,1,NA
1541,cultivate,"To prepare an area by tilling, planting seeds etc. in order to grow plants.",v01741446,work,v02410855,6724,be employed,different,0,this concept will not be considered
1541,cultivate,"To prepare an area by tilling, planting seeds etc. in order to grow plants.",v01741446,crop,n11530512,531,a cultivated plant that is grown commercially on a large scale,different,0,NA
1541,cultivate,"To prepare an area by tilling, planting seeds etc. in order to grow plants.",v01741446,cultivate,v01742726,238,foster the growth of,different,0,NA
1690,fence,Delimitation for an area.,n03327234,fencing,n03327234,28,a barrier that serves to enclose an area,same,1,NA
1690,fence,Delimitation for an area.,n03327234,fence,n03327234,983,a barrier that serves to enclose an area,same,1,NA
2002,ditch,"A long, narrow excavation artificially dug in the ground; especially an open and usually unpaved waterway, channel, or trench for conveying water for drainage or irrigation, and usually smaller than a canal. Some ditches may be natural watercourses.",n03214253,ditch,n03214253,237,a long narrow excavation in the earth,same,1,NA
1921,plough,To use a plough on to prepare for planting.,v01741864,turn,v01907258,11193,"change orientation or direction, also in the abstract sense",different,0,NA
1921,plough,To use a plough on to prepare for planting.,v01741864,plow,v02096853,119,move in a way resembling that of a plow cutting into or going through the soil,different,0,NA
1921,plough,To use a plough on to prepare for planting.,v01741864,plough,n03967562,10,a farm tool having one or more heavy blades to break the soil and cut a furrow prior to sowing,different,1,dominant POS is verb
1794,furrow,The cut made in a field by a plough.,n03406966,furrow,v01277784,82,make wrinkled or creased,different,1,dominant POS is noun
1418,dig,"To move earth, rocks, etc. out of the way, usually to create a hole.",v01309701,delve,v01309701,70,"turn up, loosen, or remove earth",same,1,NA
1418,dig,"To move earth, rocks, etc. out of the way, usually to create a hole.",v01309701,dig,v01309701,833,"turn up, loosen, or remove earth",same,1,NA
1176,spade,"Tool having a flat and sharp metal tip and a wooden handle used to break, dig and move the earth.",n04266486,spade,n04266486,39,a sturdy hand shovel that can be pushed into the earth with the foot,same,1,NA
1901,shovel,"A tool consisting of a stick (usually out of wood) and a bigger, slightly humped surface (usually out of metal), which is used to move material such as earth, snow, grain, etc. from one place to another.",n04208210,shovel,n04208210,234,a hand tool for lifting loose material; consists of a curved container or scoop and a handle,same,1,NA
284,hoe,"A tool with handle and blade with two or more prongs used for weeding, raking, etc.",n03524574,hoe,n03524574,93,a tool with a flat blade attached at right angles to a long handle,same,1,NA
337,pitchfork,An agricultural tool comprising a fork attached to a long handle used for pitching hay or bales of hay high up onto a haystack.,n03950359,pitchfork,n03950359,41,a long-handled hand tool with sharp widely spaced prongs for lifting and pitching hay,same,1,NA
338,rake,"A garden tool with a row of pointed teeth fixed to a long handle, used for collecting grass or debris, or for loosening soil.",n04050066,rake,v02099669,102,move through with or as if with a rake,different,1,NA
748,sow seeds,To scatter or disperse seeds on a field.,v01500873,sow,v01500873,81,place (seeds) in or on the ground for future growth,same,1,NA
748,sow seeds,To scatter or disperse seeds on a field.,v01500873,seed,n11683989,484,a mature fertilized plant ovule consisting of an embryo and its food source and having a protective coat or testa,different,0,NA
714,seed,"A mature fertilized plant ovule, consisting of an embryo and its food store surrounded by a protective seed coat (testa).",n11683989,seed,n11683989,484,a mature fertilized plant ovule consisting of an embryo and its food source and having a protective coat or testa,same,1,NA
190,mow,"To cut all the grass, crop or any thin plants of a surface area of the ground.",v01319562,mow,v01319562,131,cut with a blade or mower,same,1,NA
2132,sickle or scythe,Any portable tool that is used to cut grass or cereal crops in agriculture.,n04158250,scythe,n04158250,41,an edge tool for cutting grass; has a long handle that must be held with both hands and a curved blade that moves parallel to the ground,same,1,NA
285,thresh,Separating the grain from the straw or husks by beating.,v01416364,thrash,v01890792,98,move or stir about violently,different,0,NA
285,thresh,Separating the grain from the straw or husks by beating.,v01416364,thresh,v01416364,7,beat the seeds out of a grain,same,1,NA
605,grain,"Edible, starchy seeds of the grass family (Graminae) usable as food by man and his livestock.",n12141385,grain,n07802417,263,foodstuff prepared from the starchy grains of cereal grasses,different,1,NA
1077,wheat,Plant belonging to genus Triticum and to family Poaceae (also known as Gramineae).,n12142085,wheat,n12142085,218,annual or biennial grass having erect flower spikes and light brown grains,same,1,NA
932,barley,"A strong cereal of the genus Hordeum, or its grains, often used as food or to make malted drinks.",n12123244,barley,n07803093,58,a grain of barley,different,1,NA
23,rye,"Biennial plant from the genus Secale of the family Poaceae, used as a cereal or for forage.",n12134025,rye,n12157179,38,the seed of the cereal grass,different,1,NA
60,oat,A species of grass (Avena sativa) grown for its seed.,n12109827,oat,n12109827,44,annual grass of Europe and North Africa; grains used as food and fodder (referred to primarily in the plural: `oats'),same,1,NA
506,maize,A type of grain of the species Zea mays.,n12143676,corn,n12143676,471,tall annual cereal grass bearing kernels on large ears: widely cultivated in America in many varieties; the principal cereal in Mexico and Central and South America since pre-Columbian times,same,1,NA
506,maize,A type of grain of the species Zea mays.,n12143676,maize,n12143676,40,tall annual cereal grass bearing kernels on large ears: widely cultivated in America in many varieties; the principal cereal in Mexico and Central and South America since pre-Columbian times,same,1,NA
926,rice,Seeds of the rice plant (Oryza sativa) used as food.,n12125890,rice,n07804323,611,grains used as food either unpolished or more often polished,different,1,NA
606,grass,"A very large and widespread family of Monocotyledoneae, with more than 10.000 species, most of which are herbaceous, but a few are woody. The stems are jointed, the long, narrow leaves originating at the nodes. The flowers are inconspicuous, with a much reduced perianth, and are wind-pollinated or cleistogamous.",n12102133,grass,n12102133,1620,narrow-leaved green herbage: grown as lawns; used as pasture for grazing animals; cut and dried as hay,same,1,NA
342,hay,Cut and dried grass for use as animal fodder.,n07802026,hay,n07802026,220,grass mowed and cured for use as fodder,same,1,NA
653,plant (vegetation),"Any living organism that synthesizes its food from inorganic substances, possesses cellulose cell walls, responds slowly and often permanently to a stimulus, lacks specialized sense organs and nervous system, and has no powers of locomotion.",n00017222,plant,n00017222,1812,(botany) a living organism lacking the power of locomotion,same,1,NA
653,plant (vegetation),"Any living organism that synthesizes its food from inorganic substances, possesses cellulose cell walls, responds slowly and often permanently to a stimulus, lacks specialized sense organs and nervous system, and has no powers of locomotion.",n00017222,flora,n00017222,24,(botany) a living organism lacking the power of locomotion,same,1,NA
1486,plant (something),To put a plant in the ground so that it strikes root and grows.,v01567275,plant,n00017222,1812,(botany) a living organism lacking the power of locomotion,different,0,this concept will not be considered
1486,plant (something),To put a plant in the ground so that it strikes root and grows.,v01567275,set,v01494310,3534,put into a certain place or abstract location,different,0,NA
670,root,The absorbing and anchoring organ of a vascular plant; it bears neither leaves nor flowers and is usually subterranean.,n13125117,root,n13125117,641,(botany) the usually underground organ that lacks buds or leaves or nodes; absorbs water and mineral salts; usually it anchors the plant to the ground,same,1,NA
3223,branch or twig,A woody part of a tree arising from the trunk or from another branch.,n13163250,branch,n13163250,795,"a division of a stem, or secondary stem arising from the main stem of a plant",same,1,NA
628,leaf,"The main organ of photosynthesis and transpiration in higher plants, usually consisting of a flat green blade attached to the stem directly or by a stalk.",n13131883,blade,n02848216,551,the flat part of a tool or weapon that (usually) has a cutting edge,different,0,NA
239,flower,"The reproductive structure of angiosperm plants, consisting of stamens and carpels surrounded by petals and sepals all borne on the receptacle.",n11669335,flower,n11669921,1183,a plant cultivated for its blooms or blossoms,different,1,NA
239,flower,"The reproductive structure of angiosperm plants, consisting of stamens and carpels surrounded by petals and sepals all borne on the receptacle.",n11669335,blossom,n11669335,203,reproductive organ of angiosperm plants especially one having showy or colorful parts,same,1,NA
239,flower,"The reproductive structure of angiosperm plants, consisting of stamens and carpels surrounded by petals and sepals all borne on the receptacle.",n11669335,bloom,v00294245,240,produce or yield flowers,different,0,NA
906,tree,Any large woody perennial plant with a distinct trunk giving rise to branches or leaves at some distance from the ground.,n13104059,tree,n13104059,5315,a tall perennial woody plant having a main trunk and branches forming a distinct elevated crown; includes both gymnosperms and angiosperms,same,1,NA
644,oak,"Any tree of the genus Quercus in the order Fagales, characterized by simple, usually lobed leaves, scaly winter buds, a star-shaped pith, and its fruit, the acorn, which is a nut; the wood is tough, hard, and durable, generally having a distinct pattern.",n12268246,oak,n12268246,464,a deciduous tree of the genus Quercus; has acorns and lobed leaves,same,1,NA
1950,beech,"Any tree of the genus Fagus, of temperate regions, having a smooth gray bark and bearing small, edible, triangular nuts.",n12260799,beech,n12260799,19,any of several large deciduous trees with rounded spreading crowns and smooth grey bark and small sweet edible triangular nuts enclosed in burs; north temperate regions,same,1,NA
1855,birch,"A tree of the genus Betula, with small leaves and a trunk that is white with darker blotches.",n12281241,birch,n12281241,88,any betulaceous tree or shrub of the genus Betula having a thin peeling bark,same,1,NA
1740,pine,Evergreen coniferous tree of the genus Pinus.,n11608250,pine,n11608250,382,a coniferous tree,same,1,NA
1915,fir,An evergreen coniferous tree of the genus Abies.,n11620673,fir,n11620673,48,any of various evergreen trees of the genus Abies; chiefly of upland areas,same,1,NA
968,acorn,Fruit of the oak tree.,n12267677,acorn,n12267677,20,fruit of the oak tree: a smooth thin-walled nut in a woody cup-shaped base,same,1,NA
974,tobacco,"Leaves of certain varieties of the tobacco plant, cultivated and harvested to make cigarettes, cigars, snuff, for smoking in pipes or for chewing.",n04442831,tobacco,n04442831,506,leaves of the tobacco plant dried and prepared for smoking or ingestion,same,1,NA
974,tobacco,"Leaves of certain varieties of the tobacco plant, cultivated and harvested to make cigarettes, cigars, snuff, for smoking in pipes or for chewing.",n04442831,baccy,NA,NA,NA,different,0,NA
1689,smoke (inhale),To inhale smoke from for example a cigarette or a cigar.,v01198101,smoke,v01198101,976,"inhale and exhale smoke from cigarettes, cigars, pipes",same,1,NA
1124,pipe,"A device consisting of a mouthpiece, a long pipe stem and a pipe bowl, that is used to smoke tobacco.",n03945167,pipe,n03945167,402,a tube with a small bowl at one end; used for smoking tobacco,same,1,NA
1204,bark,The exterior covering of the trunk and branches of a tree.,n13162297,bark,v01047745,319,make barking sounds,different,0,this concept will not be considered
345,sap,"The juice of plants of any kind, especially the ascending and descending juices or circulating fluid essential to nutrition.",n15038127,sap,v02280869,48,deplete,different,1,dominant POS is noun
970,coconut,The large hard-shelled oval nut with a fibrous husk of the cocos palm.,n07772935,coconut,n07773238,87,the edible white meat of a coconut; often shredded for use in e.g. cakes and curries,different,1,NA
970,coconut,The large hard-shelled oval nut with a fibrous husk of the cocos palm.,n07772935,cocoanut,NA,NA,NA,different,0,NA
346,banyan,"A tropical Indian fig tree, Ficus benghalensis, that has many aerial roots.",n12402348,banian,NA,NA,NA,different,0,NA
346,banyan,"A tropical Indian fig tree, Ficus benghalensis, that has many aerial roots.",n12402348,banyan,n12402348,1,East Indian tree that puts out aerial shoots that grow down into the soil forming additional trunks,same,1,NA
410,yam,"It is the common name for a versatile vegetable which is mainly grown in West Africa, Asia and Latin America.",n07711907,yam,n07712267,21,sweet potato with deep orange flesh that remains moist when baked,different,1,NA
925,cassava,Shrub (Manihot esculenta) whose roots are rich in starch.,n12927013,manioc,NA,NA,NA,different,0,NA
925,cassava,Shrub (Manihot esculenta) whose roots are rich in starch.,n12927013,cassava,n12926480,12,any of several plants of the genus Manihot having fleshy roots yielding a nutritious starch,different,1,NA
411,gourd,"A plant belonging to the family Cucurbitaceae, native to tropical Africa. It represents a creeping vine, usually grown for its fruits that, as a rule, can have a variety of shapes: from rounded to globular, bottle- or club-shaped or even slim and coiled.",n03449451,gourd,n03449451,32,bottle made from the dried shell of a bottle gourd,same,1,NA
411,gourd,"A plant belonging to the family Cucurbitaceae, native to tropical Africa. It represents a creeping vine, usually grown for its fruits that, as a rule, can have a variety of shapes: from rounded to globular, bottle- or club-shaped or even slim and coiled.",n03449451,calabash,NA,NA,NA,different,0,NA
864,pumpkin,"A squash fruit of the Cucurbita genus, most commonly orange in colour when ripe and traditionally used during Halloween.",n07715561,squash,v01593937,137,"to compress with violence, out of natural shape or condition",different,0,use name_clean
1927,bamboo,"A group of woody perennial evergreen plants in the true grass family Poaceae, subfamily Bambusoideae, tribe Bambuseae.",n12147539,bamboo,n12147539,95,the hard woody stems of bamboo plants; used in construction and crafts and fishing poles,same,1,NA
33,nettle,Any of numerous plants having stinging hairs that cause skin irritation on contact (especially of the genus Urtica or family Urticaceae). [B:33],n12392070,nettle,v01787955,11,"cause annoyance in; disturb, especially by minor irritations",different,1,dominant POS is noun
641,mushroom,An organism belonging to a family of Basidiomycetes that are characterized by the production of spores on gills.,n13000891,mushroom,n07734744,262,fleshy body of any of numerous edible fungi,different,1,NA
984,work (labour),"Productive activity, service, trade, or craft for which one is regularly paid.",n00575741,work,v02410855,6724,be employed,different,1,NA
2004,bend,Movement that causes the formation of a curve.,v01280014,turn,v01907258,11193,"change orientation or direction, also in the abstract sense",different,0,NA
2004,bend,Movement that causes the formation of a curve.,v01280014,deform,v00476744,12,alter the shape of (something) by stress,different,0,NA
2004,bend,Movement that causes the formation of a curve.,v01280014,bend,v02062632,464,bend one's back forward from the waist on down,different,1,NA
2004,bend,Movement that causes the formation of a curve.,v01280014,twist,v01868370,476,"to move in a twisting or contorted motion, (especially when struggling)",different,0,NA
2004,bend,Movement that causes the formation of a curve.,v01280014,flex,v02036977,81,contract,different,0,NA
1470,fold,To bend a thin material (such as paper) over so that it comes in contact with itself.,v01277974,fold,v01277974,1166,bend or lay so that one part covers the other,same,1,NA
1917,tie,To establish connection between two or more things.,v01285440,bind,v00885217,522,bind by an obligation; cause to be indebted,different,0,NA
1917,tie,To establish connection between two or more things.,v01285440,tie,v01285440,1072,"fasten or secure with a rope, string, or cord",same,1,NA
352,untie,"To loosen, as something interlaced or knotted; to disengage the parts of. To unbind, to free from restraint.",v01284461,unlace,v01284461,6,undo the ties of,same,1,NA
352,untie,"To loosen, as something interlaced or knotted; to disengage the parts of. To unbind, to free from restraint.",v01284461,unbrace,NA,NA,NA,different,0,NA
352,untie,"To loosen, as something interlaced or knotted; to disengage the parts of. To unbind, to free from restraint.",v01284461,untie,v01284461,81,undo the ties of,same,1,NA
1627,chain,A series of interlocked rings or links forming a flexible length.,n02999410,chain,n02999410,477,a series of (usually metal) rings or links fitted into one another to make a flexible ligament,same,1,NA
1218,rope,"Thick, strong string made of several strands that have been twisted together.",n04108268,rope,n04108268,847,a strong line,same,1,NA
760,knot,A loop of string or any other long flexible material which cannot be untied without pulling part of the string through the loops.,n03627232,knot,n03627232,227,any of various fastenings formed by looping and tying a rope (or cord) upon itself or to another rope or to another object,same,1,NA
2133,strike or beat,"To hit or strike, either repeatedly or a single time.",v01398919,beat,v01101913,1453,"come out better in a competition, race, or conflict",different,1,NA
354,pound,"To strike hard, usually repeatedly.",v01414626,poke,v01229976,321,poke or thrust abruptly,different,0,this concept will not be considered
354,pound,"To strike hard, usually repeatedly.",v01414626,thump,n07396945,125,a heavy dull sound (as made by impact of heavy objects),different,0,NA
354,pound,"To strike hard, usually repeatedly.",v01414626,pound,n13720096,2073,16 ounces avoirdupois,different,0,NA
1432,cut,"To perform an incision (for example, with a knife).",v01552519,cut,v01552519,2696,separate with or as if with an instrument,same,1,NA
155,chop,"To chop wood, or to chop meat, vegetables etc. into small pieces.",v01258091,chop,v01258091,715,cut into pieces,same,1,NA
3189,stab to death,To kill by stabbing with a knife.,n.a.,NA,NA,NA,NA,different,1,NA
1352,knife,"A utensil consisting of a sharpened piece of hard material such as steel or other metal, ceramic, glass or stone, usually attached to a handle, that is formed in a manner that allows for cutting softer materials, especially meat or other food.",n03623556,knife,n03623556,1097,edge tool used as a cutting instrument; has a pointed blade with a sharp edge and a handle,same,1,NA
356,shears,"A tool consisting of two blades with bevel edges, connected by a pivot, used for cutting cloth, or for removing the fleece from sheep etc.",n04186848,shears,NA,NA,NA,different,1,NA
677,axe,"A tool for felling trees or chopping wood consisting of a heavy metallic or stone head flattened to a blade on one side, and which is attached to a usually wooden handle.",n02764044,ax,n02764044,112,an edge tool with a heavy bladed head mounted across a handle,same,1,NA
677,axe,"A tool for felling trees or chopping wood consisting of a heavy metallic or stone head flattened to a blade on one side, and which is attached to a usually wooden handle.",n02764044,axe,n02764044,116,an edge tool with a heavy bladed head mounted across a handle,same,1,NA
290,adze,"A sharp tool with the blade at a right angle to the handle, used to shape pieces of wood.",n02682311,adze,n02682311,1,an edge tool used to cut and shape wood,same,1,NA
290,adze,"A sharp tool with the blade at a right angle to the handle, used to shape pieces of wood.",n02682311,adz,NA,NA,NA,different,0,NA
680,break (destroy or get destroyed),To divide or be divided into pieces and thereby damaged.,v00334996,break,v00334996,676,destroy the integrity of; usually by force; cause to separate into pieces or fragments,same,1,NA
1437,split,To divide fully or partly along a more or less straight line.,v01556572,cleave,v01556572,30,"separate or cut with a tool, such as a sharp instrument",same,1,NA
1437,split,To divide fully or partly along a more or less straight line.,v01556572,split,v02467662,390,separate into parts or portions,different,1,NA
1437,split,To divide fully or partly along a more or less straight line.,v01556572,rive,v01573276,4,tear or be torn violently,different,0,NA
1735,tear (shred),To pull at something in such a way that it ends up divided.,v01573515,snap,v00916274,413,"utter in an angry, sharp, or abrupt tone",different,0,NA
1735,tear (shred),To pull at something in such a way that it ends up divided.,v01573515,rupture,v01573515,54,separate or cause to separate abruptly,same,1,NA
1735,tear (shred),To pull at something in such a way that it ends up divided.,v01573515,tear,n05405324,1859,a drop of the clear salty saline solution secreted by the lacrimal glands,different,0,NA
1735,tear (shred),To pull at something in such a way that it ends up divided.,v01573515,bust,v01369758,266,ruin completely,different,0,NA
291,pull off (skin),To strip or pull off the skin or hide of.,v01274657,flay,v01274657,27,strip the skin off,same,1,NA
1449,rub,To move one's hand or an object over a surface or other object (maintaining constant contact and applying moderate pressure).,v01249724,rub,v01249724,1300,move over something with pressure,same,1,NA
214,stretch,To lengthen by pulling.,v00318816,elongate,v00318816,83,make long or longer by pulling and stretching,same,1,NA
214,stretch,To lengthen by pulling.,v00318816,stretch,v00027268,562,"extend one's limbs or muscles, or the entire body",different,1,NA
1455,pull,"To apply a force to (an object), in order that it moves towards the origin of the force that was applied.",v01448100,force,v02504562,2107,"to cause to do through pressure or necessity, by physical, moral or intellectual means :",different,0,NA
1455,pull,"To apply a force to (an object), in order that it moves towards the origin of the force that was applied.",v01448100,draw,v01505254,1161,direct toward itself or oneself by means of some psychological power or physical attributes,different,0,NA
1455,pull,"To apply a force to (an object), in order that it moves towards the origin of the force that was applied.",v01448100,pull,v01448100,3960,cause to move by pulling,same,1,NA
1913,press,To apply pressure to an item.,v01447257,press,v01447257,1618,exert pressure or force to or upon,same,1,NA
1414,squeeze,To apply pressure to something from two or more sides at once.,v01447868,squeeze,v01447868,493,press firmly,same,1,NA
1487,pour,To cause a liquid to flow into a container.,v02069551,pour,v02069551,659,cause to run,same,1,NA
1453,wash,"To remove dirt and grime from an object, using water (usually with soap).",v01535246,launder,v00188949,28,convert illegally obtained funds into legal ones,different,0,NA
1453,wash,"To remove dirt and grime from an object, using water (usually with soap).",v01535246,wash,v00036362,646,cleanse (one's body) with soap and water,different,1,NA
230,sweep,To clean a surface with a broom.,v01393996,sweep,v01870043,542,sweep across or over,different,1,NA
245,broom,"A tool used to sweep and clean the floor, made of a bundle of straws or twigs attached to a long handle.",n02906734,broom,n02906734,125,a cleaning implement for sweeping; bundle of straws or twigs attached to a long handle,same,1,NA
1361,tool,A mechanical device intended to make a task easier.,n00173761,instrument,n03574816,275,a device that requires skill for proper use,different,1,NA
1361,tool,A mechanical device intended to make a task easier.,n00173761,tool,n04451818,1041,an implement used in the practice of a vocation,different,1,NA
1042,carpenter,Artisan who works with wood.,n09896685,carpenter,n09896685,156,a woodworker who makes or repairs wooden objects,same,1,NA
1840,build,To form by combining materials or parts.,v01654628,make,v00120316,18783,give certain properties to something,different,0,NA
1840,build,To form by combining materials or parts.,v01654628,build,v01654628,5162,make by combining materials and parts,same,1,NA
1840,build,To form by combining materials or parts.,v01654628,construct,v01654628,593,make by combining materials and parts,same,1,NA
1501,bore,To create a hole by removing material with a drill.,v01443021,drill,v01443021,186,"make a hole, especially with a pointed power or hand tool",same,1,NA
1501,bore,To create a hole by removing material with a drill.,v01443021,bore,v01821884,189,cause to be bored,different,0,NA
1948,saw,"A tool with a toothed blade used for cutting hard substances, in particular wood or metal.",n04140064,saw,n03996145,186,a power tool for cutting wood,different,1,NA
1481,hammer,A tool with a heavy head and a handle used for pounding.,n03481172,hammer,n03481172,303,a hand tool with a heavy rigid head and a handle; used to deliver an impulsive force by striking,same,1,NA
502,nail (tool),A spike-shaped metal fastener used for joining wood or similar materials.,n03804744,nail,n05581693,517,horny plate covering and protecting part of the dorsal surface of the digits,different,0,this concept will not be considered
1069,glue,Substance used for sticking objects together.,n14702875,mucilage,NA,NA,NA,different,0,NA
1069,glue,Substance used for sticking objects together.,n14702875,glue,n14702875,208,cement consisting of a sticky substance that is used as an adhesive,same,1,NA
1069,glue,Substance used for sticking objects together.,n14702875,gum,n07599998,144,a preparation (usually made of sweetened chicle) for chewing,different,0,NA
1001,blacksmith,A craftsman expert in iron and other metals work.,n09859152,blacksmith,n09859152,20,a smith who forges and shapes iron with a hammer and anvil,same,1,NA
288,forge,To create and mold by hammering.,v01675245,hammer,n03481172,303,a hand tool with a heavy rigid head and a handle; used to deliver an impulsive force by striking,different,0,NA
288,forge,To create and mold by hammering.,v01675245,forge,v01675245,116,create by hammering,same,1,NA
1648,anvil,A heavy iron block used by a blacksmith as a surface upon which metal can be struck and shaped.,n02725872,anvil,n02725872,28,a heavy block of iron or steel on which hot metals are shaped by hammering,same,1,NA
211,cast,"To pour [a hardenable liquid material, like metal, plaster, glass, concrete etc.] into a mold in order to produce a solid object of the shape of the mold.",v01662771,mould,v01697027,1,"form in clay, wax, etc",different,0,this concept will not be considered
211,cast,"To pour [a hardenable liquid material, like metal, plaster, glass, concrete etc.] into a mold in order to produce a solid object of the shape of the mold.",v01662771,cast,v01632897,688,put or send forth,different,0,NA
211,cast,"To pour [a hardenable liquid material, like metal, plaster, glass, concrete etc.] into a mold in order to produce a solid object of the shape of the mold.",v01662771,mold,n03779370,103,container into which liquid is poured to create a given shape when it hardens,different,0,NA
1369,gold,"A heavy yellow elemental metal of great value, with atomic number 79 and symbol Au.",n14638799,gold,n14638799,934,a soft yellow malleable ductile (trivalent and univalent) metallic element; occurs mainly as nuggets in rocks and alluvial deposits; does not react with most chemicals but is attacked by chlorine and aqua regia,same,1,NA
1369,gold,"A heavy yellow elemental metal of great value, with atomic number 79 and symbol Au.",n14638799,Au,NA,NA,NA,different,0,NA
759,silver,A very ductile malleable brilliant greyish-white element with symbol Ar and atomic number 47 having the highest electrical and thermal conductivity of any metal.,n14654954,silver,n14654954,385,a soft white precious univalent metallic element having the highest electrical and thermal conductivity of any metal; occurs in argentite and in free form; used in coins and jewelry and tableware and photography,same,1,NA
759,silver,A very ductile malleable brilliant greyish-white element with symbol Ar and atomic number 47 having the highest electrical and thermal conductivity of any metal.,n14654954,Ag,NA,NA,NA,different,0,NA
621,iron,"A malleable ductile silvery-white ferromagnetic metallic element with symbol Fe and atomic number 26, occurring principally in haematite and magnetite. It is widely used for structural and engineering purposes.",n14642417,Fe,NA,NA,NA,different,0,NA
621,iron,"A malleable ductile silvery-white ferromagnetic metallic element with symbol Fe and atomic number 26, occurring principally in haematite and magnetite. It is widely used for structural and engineering purposes.",n14642417,iron,n14642417,1145,a heavy ductile magnetic metallic element; is silver-white in pure form but readily rusts; used in construction and tools and armament; plays a role in the transport of oxygen by the blood,same,1,NA
627,lead (chemical element),"A heavy toxic bluish-white metallic element with symbol Pb and atomic number 82 that is highly malleable; occurs principally as galena and is used in alloys, accumulators, cable sheaths, paints, and as a radiation shield.",n14643467,lead,v01999798,2086,take somebody somewhere,different,0,this concept will not be considered
627,lead (chemical element),"A heavy toxic bluish-white metallic element with symbol Pb and atomic number 82 that is highly malleable; occurs principally as galena and is used in alloys, accumulators, cable sheaths, paints, and as a radiation shield.",n14643467,Pb,NA,NA,NA,different,0,NA
3217,tin or tinplate,A metallic element with symbol Sn or a thin sheet of steel coated with tin to prevent rusting.,n14658855,tin,n14658855,240,a silvery malleable metallic element that resists corrosion; used in many alloys and to coat other metals to prevent corrosion; obtained chiefly from cassiterite where it occurs as tin oxide,same,1,NA
3217,tin or tinplate,A metallic element with symbol Sn or a thin sheet of steel coated with tin to prevent rusting.,n14658855,Sn,NA,NA,NA,different,0,NA
359,potter,One who makes pots and other ceramic wares.,n10460806,ceramicist,n10460806,3,a craftsman who shapes pottery on a potter's wheel and bakes them it a kiln,same,1,NA
359,potter,One who makes pots and other ceramic wares.,n10460806,ceramist,n10460806,10,a craftsman who shapes pottery on a potter's wheel and bakes them it a kiln,same,1,NA
359,potter,One who makes pots and other ceramic wares.,n10460806,potter,n10460806,114,a craftsman who shapes pottery on a potter's wheel and bakes them it a kiln,same,1,NA
359,potter,One who makes pots and other ceramic wares.,n10460806,thrower,n10709529,32,someone who projects something (especially by a rapid motion of the arm),different,0,NA
289,mold,"To create something, usually for a specific function.",v01662771,mould,v01697027,1,"form in clay, wax, etc",different,0,this concept will not be considered
289,mold,"To create something, usually for a specific function.",v01662771,cast,v01632897,688,put or send forth,different,0,NA
289,mold,"To create something, usually for a specific function.",v01662771,mold,n03779370,103,container into which liquid is poured to create a given shape when it hardens,different,0,NA
1399,clay,"A loose, earthy, extremely fine-grained, natural sediment or soft rock composed primarily of clay-size or colloidal particles and characterized by high plasticity and by a considerable content of clay mineral and subordinate amounts of finely divided quartz, decomposed feldspar, carbonates, ferruginous matter, and other impurities; it forms a plastic, moldable mass when finely ground and mixed with water, retains its shape on drying, and becomes firm, rocklike and permanently hard on heating or firing.",n14813182,clay,n14813182,362,a very fine-grained soil that is plastic when moist but hard when fired,same,1,NA
604,glass,"A hard, amorphous, inorganic, usually transparent, brittle substance made by fusing silicates, sometimes borates and phosphates, with certain basic oxides and then rapidly cooling to prevent crystallization.",n14881303,glass,n14881303,2491,a brittle transparent solid with irregular atomic structure,same,1,NA
3294,braid (verb) or weave (basket),"To braid together hair, threads, strings, twigs etc. in order to create a larger string-like object or to weave a basket or use similar techniques for creating other objects.",v1674717,lace,n03631177,180,a delicate decorative fabric woven in an open web of symmetrical patterns,different,0,this concept will not be considered
3294,braid (verb) or weave (basket),"To braid together hair, threads, strings, twigs etc. in order to create a larger string-like object or to weave a basket or use similar techniques for creating other objects.",v1674717,braid,n05259512,197,a hairdo formed by braiding or twisting the hair,different,0,NA
3294,braid (verb) or weave (basket),"To braid together hair, threads, strings, twigs etc. in order to create a larger string-like object or to weave a basket or use similar techniques for creating other objects.",v1674717,plait,n05259512,24,a hairdo formed by braiding or twisting the hair,different,0,NA
1539,basket,"A lightweight container, generally round, open at the top, and tapering toward the bottom.",n02801938,handbasket,n02801938,5,a container that is usually woven and has handles,same,1,NA
1539,basket,"A lightweight container, generally round, open at the top, and tapering toward the bottom.",n02801938,basket,n02801938,553,a container that is usually woven and has handles,same,1,NA
195,mat,A flat object laid on the floor to protect a person from the hard floor.,n03727837,mat,n03727837,147,a thick flat pad used as a floor covering,same,1,NA
292,rug,A piece of thick cloth or wool that is smaller than a carpet and is put on the floor as decoration.,n04118021,rug,n04118021,406,floor covering consisting of a piece of thick heavy fabric (usually with nap or pile),same,1,NA
292,rug,A piece of thick cloth or wool that is smaller than a carpet and is put on the floor as decoration.,n04118021,carpeting,n04118021,59,floor covering consisting of a piece of thick heavy fabric (usually with nap or pile),same,1,NA
292,rug,A piece of thick cloth or wool that is smaller than a carpet and is put on the floor as decoration.,n04118021,carpet,n04118021,709,floor covering consisting of a piece of thick heavy fabric (usually with nap or pile),same,1,NA
293,netbag,Bag made of net used to carry things.,n.a.,NA,NA,NA,NA,different,1,NA
1971,fan (object),A device for creating a current of air by movement of a surface or surfaces. (WN:360),n03320046,fan,n10639925,1329,an enthusiastic devotee of sports,different,0,this concept will not be considered
360,fan (action),"To blow air on (something) by means of a fan (hand-held, mechanical or electrical) or otherwise.",v01885580,fan,n10639925,1329,an enthusiastic devotee of sports,different,0,this concept will not be considered
228,carve,To cut or to chip in order to form something.,v01256157,carve,v01256157,543,form by carving,same,1,NA
914,sculptor,A person who practices the art of sculpture.,n10566072,carver,n10789963,25,makes decorative wooden panels,different,0,NA
914,sculptor,A person who practices the art of sculpture.,n10566072,sculpturer,NA,NA,NA,different,0,NA
914,sculptor,A person who practices the art of sculpture.,n10566072,sculptor,n10566072,92,an artist who creates sculptures,same,1,NA
1002,statue,"A three-dimension work of art, usually of a person or animal, usually created by sculpting, carving, moulding, or casting.",n04306847,statue,n04306847,446,a sculpture representing a human or animal,same,1,NA
1979,chisel,A tool with a cutting edge at the end.,n03020692,chisel,v01259328,74,carve with a chisel,different,1,NA
647,paint (pigments),"A mixture of pigment and a vehicle, such as oil or water, that together form a liquid or paste that can be applied to a surface to provide an adherent coating that imparts colour, protects the surface and/or gives the surface different features.",n03875218,pigment,n14989820,97,"dry coloring material (especially a powder to be mixed with a liquid to produce paint, etc.)",different,0,this concept will not be considered
647,paint (pigments),"A mixture of pigment and a vehicle, such as oil or water, that together form a liquid or paste that can be applied to a surface to provide an adherent coating that imparts colour, protects the surface and/or gives the surface different features.",n03875218,paint,v01362736,1143,apply paint to; coat with paint,different,0,NA
2001,painting,To make a painting or drawing.,v01362736,paint,v01362736,1143,apply paint to; coat with paint,same,1,NA
765,move,To change the location of an object.,v01850315,move,v01835496,4510,"change location; move, travel, or proceed, also metaphorically",different,1,NA
765,move,To change the location of an object.,v01850315,displace,v01850315,88,"cause to move or shift into a new position or place, both in a concrete and in an abstract sense",same,1,NA
1113,wrap,To surround on all sides.,v01522276,wrap,v01522276,779,arrange or or coil around,same,1,NA
1113,wrap,To surround on all sides.,v01522276,roll,v01866192,1679,move by turning over or rotating,different,0,NA
1113,wrap,To surround on all sides.,v01522276,wind,n11525955,3321,air moving (sometimes with considerable force) from an area of high pressure to an area of low pressure,different,0,NA
1113,wrap,To surround on all sides.,v01522276,twine,n04337974,70,a lightweight cord,different,0,NA
827,roll,To tip laterally.,v01866610,roll,v01866192,1679,move by turning over or rotating,different,1,NA
827,roll,To tip laterally.,v01866610,revolve,v02043982,60,move in an orbit,different,0,NA
2866,drop (something),To let something fall down.,v1977701,drop,v01977701,1772,let fall to the ground,different,1,NA
3199,twist (around),To wind something around something else.,v1868370,worm,n01922303,357,any of numerous relatively small elongated soft-bodied animals especially of the phyla Annelida and Chaetognatha and Nematoda and Nemertea and Platyhelminthes; also many insect larvae,different,0,NA
3199,twist (around),To wind something around something else.,v1868370,wrestle,v01504699,159,engage in a wrestling match,different,0,NA
3199,twist (around),To wind something around something else.,v1868370,writhe,v01868370,120,"to move in a twisting or contorted motion, (especially when struggling)",different,1,NA
3199,twist (around),To wind something around something else.,v1868370,squirm,v01868370,196,"to move in a twisting or contorted motion, (especially when struggling)",different,1,NA
3199,twist (around),To wind something around something else.,v1868370,wriggle,v01868370,121,"to move in a twisting or contorted motion, (especially when struggling)",different,1,NA
3199,twist (around),To wind something around something else.,v1868370,twist,v01868370,476,"to move in a twisting or contorted motion, (especially when struggling)",different,1,NA
568,rise (move upwards),(Of a heavenly body) To appear to move upwards from behind the horizon of a planet as a result of the planet's rotation.,v01968569,arise,v02624263,359,come into existence; take on form or shape,different,0,NA
568,rise (move upwards),(Of a heavenly body) To appear to move upwards from behind the horizon of a planet as a result of the planet's rotation.,v01968569,uprise,NA,NA,NA,different,0,NA
568,rise (move upwards),(Of a heavenly body) To appear to move upwards from behind the horizon of a planet as a result of the planet's rotation.,v01968569,lift,v01974062,2002,raise from a lower to a higher position,different,0,NA
568,rise (move upwards),(Of a heavenly body) To appear to move upwards from behind the horizon of a planet as a result of the planet's rotation.,v01968569,rise,v01968569,1335,move upward,same,1,NA
501,lift,To cause an object to have a higher location than previously.,v01974062,lift,v01974062,2002,raise from a lower to a higher position,same,1,NA
501,lift,To cause an object to have a higher location than previously.,v01974062,raise,v01974062,2335,raise from a lower to a higher position,same,1,NA
501,lift,To cause an object to have a higher location than previously.,v01974062,elevate,v00544549,126,raise in rank or condition,different,0,NA
1280,fall,To descend in free fall due to the effect of gravity.,v01972298,fall,v01972298,2697,descend in free fall under the influence of gravity,same,1,NA
2253,drip (emit liquid),To emit drops of liquid.,v02071142,drip,v02071142,276,fall in drops,same,1,NA
1456,throw,"To cause (an object) to move rapidly through the air, with the force of the hand or arm.",v01512625,sky,n09436708,3158,the atmosphere and outer space as viewed from the earth,different,0,NA
1456,throw,"To cause (an object) to move rapidly through the air, with the force of the hand or arm.",v01512625,pitch,v01512625,311,throw or toss with a light motion,same,1,NA
1456,throw,"To cause (an object) to move rapidly through the air, with the force of the hand or arm.",v01512625,flip,v01510173,270,cause to go on or to be engaged or set in operation,different,0,NA
1456,throw,"To cause (an object) to move rapidly through the air, with the force of the hand or arm.",v01512625,toss,v01512625,1145,throw or toss with a light motion,same,1,NA
702,catch,"To take hold of, especially in the hands, so as to seize or restrain or stop the motion of.",v01439190,grab,v01439190,2192,take hold of so as to seize or restrain or stop the motion of,same,1,NA
702,catch,"To take hold of, especially in the hands, so as to seize or restrain or stop the motion of.",v01439190,catch,v00725748,1020,"discover or come upon accidentally, suddenly, or unexpectedly; catch somebody doing something or in a certain state",different,0,NA
1909,shake,To cause (something) to move rapidly from side to side.,v00559556,shake,v01889610,3553,move or cause to move back and forth,different,1,NA
2003,flow,To move as a fluid from one position to another (e.g. of water or of people).,v02066939,feed,v01178565,851,give food to,different,0,NA
2003,flow,To move as a fluid from one position to another (e.g. of water or of people).,v02066939,flow,v02066510,445,move or progress freely as if in a stream,different,1,NA
2003,flow,To move as a fluid from one position to another (e.g. of water or of people).,v02066939,run,v01926311,4322,"move fast by using one's feet, with one foot off the ground at any given time",different,0,NA
2003,flow,To move as a fluid from one position to another (e.g. of water or of people).,v02066939,course,r00038625,2785,as might be expected,different,0,NA
1088,sink (descend),"To go down in water, mud, quicksand etc. or to cause something to go down in it.",v01985923,sink,n04223580,659,plumbing fixture consisting of a water basin fixed to a wall or floor and having a drainpipe,different,0,this concept will not be considered
1088,sink (descend),"To go down in water, mud, quicksand etc. or to cause something to go down in it.",v01985923,drop,v01977701,1772,let fall to the ground,different,0,NA
1574,float,"Of an object or substance, to be supported by a liquid of greater density than the object so as that part of the object or substance remains above the surface. [WK:float]",v01904293,float,v01904293,623,be afloat either on or below a liquid surface and not sink to the bottom,same,1,NA
1574,float,"Of an object or substance, to be supported by a liquid of greater density than the object so as that part of the object or substance remains above the surface. [WK:float]",v01904293,swim,v01960911,546,travel through water,different,0,NA
1439,swim,"To move through the water, without touching the bottom.",v01960911,swim,v01960911,546,travel through water,same,1,NA
119,dive,To swim under water.,v01962671,dive,v01967373,254,drop steeply,different,1,NA
365,splash,To cause a liquid to spatter about. [WN:365],v01374767,sprinkle,v01376245,434,distribute loosely,different,0,NA
365,splash,To cause a liquid to spatter about. [WN:365],v01374767,splash,v01374020,120,dash a liquid upon or against,different,1,NA
365,splash,To cause a liquid to spatter about. [WN:365],v01374767,splosh,NA,NA,NA,different,0,NA
787,sail,To traverse or travel by ship on a body of water.,v01945516,sail,v01846658,303,traverse or travel on (a body of water),different,1,NA
1441,fly (move through air),"To move autonomously through the air, without any part of the object or object's enclosure touching anything attached to the ground.",v01940403,wing,n02151625,775,a movable organ for flying (one of a pair),different,0,NA
1441,fly (move through air),"To move autonomously through the air, without any part of the object or object's enclosure touching anything attached to the ground.",v01940403,fly,v01940403,2428,travel through the air; be airborne,same,1,NA
175,blow (of wind),(Of the wind or a current of air) To move.,v02769241,blow,v02769241,608,be blowing or storming,same,1,NA
3456,crawl or creep,To move using ones hands and knees or with one's belly touching the ground.,v1885845,creep,v01885845,374,move slowly; in the case of people or animals with the body near the ground,different,1,NA
3456,crawl or creep,To move using ones hands and knees or with one's belly touching the ground.,v1885845,crawl,v01885845,790,move slowly; in the case of people or animals with the body near the ground,different,1,NA
66,kneel,To go down on one or both knees.,v01545649,kneel,v01545649,332,rest one's weight on one's knees,same,1,NA
296,crouch,To lower one's body close to the ground by bending one's knees completely.,v01545314,squat,v01545314,232,sit on one's heels,same,1,NA
296,crouch,To lower one's body close to the ground by bending one's knees completely.,v01545314,hunker,v01545314,78,sit on one's heels,same,1,NA
296,crouch,To lower one's body close to the ground by bending one's knees completely.,v01545314,crouch,v02062632,317,bend one's back forward from the waist on down,different,1,NA
296,crouch,To lower one's body close to the ground by bending one's knees completely.,v01545314,scrunch,v01278427,61,"make wrinkles or creases on a smooth surface; make a pressed, folded or wrinkled line in",different,0,NA
1324,slip,"To fall over (usually unexpectedly) onto the ground or floor, due to the floor being slippery, smooth or slimy.",v01870275,slip,v01888295,1058,move stealthily,different,1,NA
1324,slip,"To fall over (usually unexpectedly) onto the ground or floor, due to the floor being slippery, smooth or slimy.",v01870275,skid,v01870867,127,slide without control,different,0,NA
1324,slip,"To fall over (usually unexpectedly) onto the ground or floor, due to the floor being slippery, smooth or slimy.",v01870275,slide,v02090990,944,move smoothly along a surface,different,0,NA
1324,slip,"To fall over (usually unexpectedly) onto the ground or floor, due to the floor being slippery, smooth or slimy.",v01870275,slue,NA,NA,NA,different,0,NA
1324,slip,"To fall over (usually unexpectedly) onto the ground or floor, due to the floor being slippery, smooth or slimy.",v01870275,slew,n13774404,69,(often followed by `of') a large number or amount or extent,different,0,NA
1829,jump,To propel oneself rapidly upward such that momentum causes the body to become airborne.,v01963942,spring,n15237044,1900,the season of growth,different,0,NA
1829,jump,To propel oneself rapidly upward such that momentum causes the body to become airborne.,v01963942,bound,v01963942,140,move forward by leaps and bounds,same,1,NA
1829,jump,To propel oneself rapidly upward such that momentum causes the body to become airborne.,v01963942,jump,v01963942,1738,move forward by leaps and bounds,same,1,NA
1829,jump,To propel oneself rapidly upward such that momentum causes the body to become airborne.,v01963942,leap,v01963942,625,move forward by leaps and bounds,same,1,NA
1135,kick,To strike somebody or something with the foot.,v01370561,kick,v01370561,906,strike with the foot,same,1,NA
1879,dance,"To move with rhythmic steps or movements, especially in time to music.",v01708676,dance,v01708676,951,move in a pattern; usually to musical accompaniment; do or perform a dance,same,1,NA
1443,walk,"To move from one place to another by moving legs alternately, so that at least one foot is in contact with the floor or surface at any one time.",v01904930,walk,v01904930,10187,use one's feet to advance; advance by steps,same,1,NA
366,limp,"To walk lamely, as if favouring one leg.",v01917244,gimp,n14549937,7,disability of walking due to crippling of the legs or feet,different,0,NA
366,limp,"To walk lamely, as if favouring one leg.",v01917244,hitch,v01327816,94,to hook or entangle,different,0,NA
366,limp,"To walk lamely, as if favouring one leg.",v01917244,hobble,v01917244,108,walk impeded by some physical limitation or injury,same,1,NA
366,limp,"To walk lamely, as if favouring one leg.",v01917244,limp,s01070002,180,not firm,different,0,NA
1519,run,To move quickly by alternately making a short jump off of either foot.,v01926311,run,v01926311,4322,"move fast by using one's feet, with one foot off the ground at any given time",same,1,NA
695,go,To get from one place to another by any means.,v01835496,go,v01835496,24273,"change location; move, travel, or proceed, also metaphorically",same,1,NA
695,go,To get from one place to another by any means.,v01835496,move,v01835496,4510,"change location; move, travel, or proceed, also metaphorically",same,1,NA
695,go,To get from one place to another by any means.,v01835496,locomote,NA,NA,NA,different,0,NA
695,go,To get from one place to another by any means.,v01835496,travel,v01835496,1628,"change location; move, travel, or proceed, also metaphorically",same,1,NA
1102,climb,"To mount to a high or little accessible place using feet and hands, e.g. a tree, a mountain or a ladder.",v01921964,mount,v01343204,221,attach to a support,different,0,NA
1102,climb,"To mount to a high or little accessible place using feet and hands, e.g. a tree, a mountain or a ladder.",v01921964,climb,v01921964,1689,go upward with gradual or continuous progress,same,1,NA
1446,come,"To move toward or to reach either the speaker, the person spoken to, or the subject of the speaker's narrative.",v02005948,arrive,v02005948,3591,reach a destination; arrive by movement or progress,same,1,NA
1446,come,"To move toward or to reach either the speaker, the person spoken to, or the subject of the speaker's narrative.",v02005948,come,v01849221,13447,"move toward, travel toward something or somebody or approach something or somebody",different,1,NA
1446,come,"To move toward or to reach either the speaker, the person spoken to, or the subject of the speaker's narrative.",v02005948,get,v00149583,21476,enter or assume a certain state or condition,different,0,NA
1752,leave,"To move away from a place, a situation or a talk.",v02015598,leave,v02009433,6441,go away from a place,different,1,NA
1752,leave,"To move away from a place, a situation or a talk.",v02015598,exit,v02015598,429,move out of or depart from,same,1,NA
485,disappear,"To cease to appear, to not be visible anymore.",v00426958,vanish,v00426958,608,"get lost, as without warning or explanation",same,1,NA
485,disappear,"To cease to appear, to not be visible anymore.",v00426958,disappear,v00426958,1647,"get lost, as without warning or explanation",same,1,NA
956,flee,Leaving a dangerous or unpleasant situation.,v02075462,flee,v02075462,786,run away quickly,same,1,NA
956,flee,Leaving a dangerous or unpleasant situation.,v02075462,fly,v01940403,2428,travel through the air; be airborne,different,0,NA
1085,follow,To go or come after (in physical space) someone or something.,v01998432,follow,v01998432,2650,"to travel behind, go after, come after",same,1,NA
1047,pursue,"Trying to achieve, to catch, or to reach something or someone.",v02000868,follow,v01998432,2650,"to travel behind, go after, come after",different,0,NA
1047,pursue,"Trying to achieve, to catch, or to reach something or someone.",v02000868,pursue,v02375131,416,carry out or participate in an activity; be involved in,different,1,NA
1387,arrive,To come to a destination.,v02005948,arrive,v02005948,3591,reach a destination; arrive by movement or progress,same,1,NA
1387,arrive,To come to a destination.,v02005948,come,v01849221,13447,"move toward, travel toward something or somebody or approach something or somebody",different,0,NA
1387,arrive,To come to a destination.,v02005948,get,v00149583,21476,enter or assume a certain state or condition,different,0,NA
1778,approach,To come near to; to move towards.,v02053941,approach,n00941140,1710,ideas or actions intended to deal with a problem or situation,different,0,this concept will not be considered
1778,approach,To come near to; to move towards.,v02053941,near,a00444519,877,not far distant in time or space or degree or circumstances,different,0,NA
749,enter,To go into.,v02016523,enter,v02016523,2960,to come or go into,same,1,NA
700,carry,To lift and bring to somewhere else; to transport by lifting.,v01449974,carry,v01449974,2443,"move while supporting, either in a vehicle or in one's hands or on one's body",same,1,NA
700,carry,To lift and bring to somewhere else; to transport by lifting.,v01449974,transport,n03100490,140,something that serves as a means of transportation,different,0,NA
412,carry in hand,To hold or to take something from one place to another by hands.,n.a.,NA,NA,NA,NA,different,1,NA
413,carry on shoulder,To hold or to take something from one place to another on one shoulder.,n.a.,NA,NA,NA,NA,different,1,NA
414,carry on head,To hold or to take something from one place to another on top of the head.,n.a.,NA,NA,NA,NA,different,1,NA
415,carry under arm,To hold or to take something from one place to another under the arm.,n.a.,NA,NA,NA,NA,different,1,NA
692,bring,To transport toward somewhere; to take something or somebody with oneself somewhere.,v02077656,convey,v01061017,151,serve as a means for expressing something,different,0,NA
692,bring,To transport toward somewhere; to take something or somebody with oneself somewhere.,v02077656,take,v02599636,5343,carry out,different,0,NA
692,bring,To transport toward somewhere; to take something or somebody with oneself somewhere.,v02077656,bring,v02077656,6428,take something or somebody with oneself somewhere,same,1,NA
1127,send,"To make something (an object, a message) go from one place to another.",v01031256,send,v01951480,4087,cause to go somewhere,different,1,NA
1127,send,"To make something (an object, a message) go from one place to another.",v01031256,mail,n06264398,1040,the system whereby messages are transmitted via the post office,different,0,NA
1127,send,"To make something (an object, a message) go from one place to another.",v01031256,post,n03988170,380,an upright consisting of a piece of timber or metal fixed firmly in an upright position,different,0,NA
43,lead (guide),To guide by moving in front.,v01999798,lead,v01999798,2086,take somebody somewhere,same,1,NA
43,lead (guide),To guide by moving in front.,v01999798,direct,s00770480,559,"having no intervening persons, agents, conditions",different,0,NA
43,lead (guide),To guide by moving in front.,v01999798,conduct,v02445509,1003,direct the course of; manage or control,different,0,NA
43,lead (guide),To guide by moving in front.,v01999798,take,v02599636,5343,carry out,different,0,NA
43,lead (guide),To guide by moving in front.,v01999798,guide,v01999798,498,take somebody somewhere,same,1,NA
741,drive,To operate a vehicle.,v01930874,drive,v01930874,2419,operate or control a vehicle,same,1,NA
367,ride,To transport oneself by sitting on and directing an animal.,v01957529,sit,v01543123,8712,be seated,different,0,NA
367,ride,To transport oneself by sitting on and directing an animal.,v01957529,ride,v01957529,1587,"sit and travel on the back of animal, usually while controlling its motions",same,1,NA
1452,push,"To apply a force to (an object), in order that it moves away from the origin of the force that was applied.",v01871979,force,v02504562,2107,"to cause to do through pressure or necessity, by physical, moral or intellectual means :",different,0,NA
1452,push,"To apply a force to (an object), in order that it moves away from the origin of the force that was applied.",v01871979,push,v01871979,3382,"move with force,",same,1,NA
667,road,A long piece of hard ground that people can drive along from one place to another.,n04096066,road,n04096066,4951,an open way (generally public) for travel or transportation,same,1,NA
667,road,A long piece of hard ground that people can drive along from one place to another.,n04096066,route,n08616311,916,an established line of travel or access,different,0,NA
2252,path,A narrow piece of ground that people can walk along.,n9387222,path,n03899328,957,a way especially designed for a particular use,different,1,NA
2252,path,A narrow piece of ground that people can walk along.,n9387222,course,r00038625,2785,as might be expected,different,0,NA
2252,path,A narrow piece of ground that people can walk along.,n9387222,track,n09387222,722,a line or route along which something travels or moves,different,0,NA
1011,bridge,"A structure that spans and provides a passage over a road, railway, river, or some other obstacle.",n02898711,span,n15134340,188,the complete duration of something,different,0,NA
1011,bridge,"A structure that spans and provides a passage over a road, railway, river, or some other obstacle.",n02898711,bridge,n02898711,1003,a structure that allows people or vehicles to cross an obstacle such as a river or canal or railway etc.,same,1,NA
122,cart,"A two-wheeled vehicle, commonly without springs, drawn by mules, oxen, or the like, used for the conveyance of heavy goods.",n04543158,wagon,n04543158,547,any of various kinds of wheeled vehicles drawn by an animal or a tractor,same,1,NA
122,cart,"A two-wheeled vehicle, commonly without springs, drawn by mules, oxen, or the like, used for the conveyance of heavy goods.",n04543158,waggon,n04543158,1,any of various kinds of wheeled vehicles drawn by an animal or a tractor,same,1,NA
710,wheel,A circular object that spins around a central axe thereby allowing relatively low-friction movement.,n04574999,wheel,n04574999,1095,a simple machine consisting of a circular frame with spokes (or a solid disc) that can rotate on a shaft or axle (as in vehicles or other machines),same,1,NA
1769,axle,"The central part of a wheel, that usually does not turn.",n02764779,axle,n02764779,48,a shaft on which a wheel rotates,same,1,NA
14,yoke,A device for joining together a pair of draft animals.,n04613350,yoke,n13996909,16,an oppressive power,different,0,this concept will not be considered
740,ship,"A vessel propelled by engines or sails for navigating on the water, especially a large vessel that can not be carried aboard another, as distinguished from a boat.",n04194289,ship,n04194289,2865,a vessel that carries passengers or freight,same,1,NA
1844,boat,"A craft used for transportation of goods, fishing, racing, recreational cruising, or military use on or in the water, propelled by oars or outboard motor or inboard motor or by wind.",n02858304,boat,n02858304,2459,a small vessel for travel on water,same,1,NA
1970,canoe,A light narrow boat driven by a paddle.,n02951358,canoe,n02951358,173,small and light boat; pointed at both ends; propelled with a paddle,same,1,NA
416,outrigger,A stabilizer for a canoe; spars attach to a shaped log or float parallel to the hull.,n03861271,outrigger,n03861271,11,a stabilizer for a canoe; spars attach to a shaped log or float parallel to the hull,same,1,NA
1664,raft,"A collection of logs, planks, casks, etc., fastened together for floating on water.",n04045397,raft,n04045397,188,a flat float (usually made of logs or planks) that can be used for transport or as a platform for swimmers,same,1,NA
3137,oar,"A pole with a blade at one end, and with the other end attached to the boat via an oarlock or thole, used to row or steer a boat.",n3837422,oar,n03837422,95,an implement used to propel or steer a boat,different,1,NA
234,paddle,"A pole with a blade at one or both ends, the pole itself being not attached to the boat but held by both hands, used to row or steer a boat.",n03873416,paddle,v01947887,136,propel with a paddle,different,1,NA
1849,row,To pull oars through water in order to make a water vehicle (such as a boat) move.,v01946996,row,n08431437,1340,an arrangement of objects or people side by side in a line,different,0,this concept will not be considered
108,rudder,"An underwater vane used to steer a vessel. The rudder is controlled by means of a wheel, tiller or other apparatus.",n03837422,oar,n03837422,95,an implement used to propel or steer a boat,same,1,NA
184,mast,"Post of wood or steel, long, round and straight, standing on a ship, intended to carry the sails, flags, floodlights, or communications equipment.",n03726760,mast,n03726760,105,a vertical spar for supporting sails,same,1,NA
786,sailcloth,A large piece of fabric (as canvas) by means of which wind is used to propel a sailing vessel.,n04127904,canvass,v02454312,20,get the opinions (of people) by asking specific questions,different,0,use name_clean
786,sailcloth,A large piece of fabric (as canvas) by means of which wind is used to propel a sailing vessel.,n04127904,sheet,n04188179,677,bed linen consisting of a large rectangular piece of cotton or linen cloth; used in pairs,different,0,NA
786,sailcloth,A large piece of fabric (as canvas) by means of which wind is used to propel a sailing vessel.,n04127904,canvas,n02954068,265,an oil painting on canvas fabric,different,0,NA
786,sailcloth,A large piece of fabric (as canvas) by means of which wind is used to propel a sailing vessel.,n04127904,sail,v01846658,303,traverse or travel on (a body of water),different,0,NA
1870,anchor,"Something, usually a heavy piece of metal with points which dig into the sea-bed, used to hold a boat in one position.",n02709367,anchor,n09792969,158,a television reporter who coordinates a broadcast to which several correspondents contribute,different,0,this concept will not be considered
610,port,"Area of water next to the coast, often surrounded by thick walls, where ships and boats can be sheltered.",n08633957,port,n08633957,460,a place (seaport or airport) where people and merchandise can enter or leave a country,same,1,NA
1922,land (descend),"To descend to a surface, especially from the air.",v01981436,land,n13250048,1211,the land on which real estate is located,different,0,this concept will not be considered
1922,land (descend),"To descend to a surface, especially from the air.",v01981436,shore,n09433442,740,the land along the edge of a body of water,different,0,NA
773,have,To be in possession (of an object).,v02203362,have,v02203362,2611,"have or possess, either in a concrete or an abstract sense",same,0,NA
773,have,To be in possession (of an object).,v02203362,hold,v01216670,4490,have or hold in one's hands or grip,different,0,NA
684,own,"To have rightful possession of property, goods or capital.",v02204692,have,v02203362,2611,"have or possess, either in a concrete or an abstract sense",different,0,NA
684,own,"To have rightful possession of property, goods or capital.",v02204692,own,s01768724,15029,belonging to or on behalf of a specified person (especially yourself); preceded by a possessive,different,1,NA
684,own,"To have rightful possession of property, goods or capital.",v02204692,possess,v02632167,475,"have as an attribute, knowledge, or skill",different,0,NA
1749,take,To grasp with the hands.,v01214265,take,v02599636,5343,carry out,different,0,this concept will not be considered
855,seize,To grasp and hold firmly.,v1212572,seize,v01212572,243,take hold of; grab,different,1,NA
855,seize,To grasp and hold firmly.,v1212572,prehend,NA,NA,NA,different,0,NA
855,seize,To grasp and hold firmly.,v1212572,clutch,v01212572,600,take hold of; grab,different,1,NA
1448,hold,To grasp or grip (particularly with the hand) so that the object does not end up at the surface below.,v01216670,hold,v01216670,4490,have or hold in one's hands or grip,same,1,NA
694,get,To get or obtain an item; to come into the possession of something.,v02210855,acquire,v02210855,668,come into the possession of something concrete or abstract,same,1,NA
694,get,To get or obtain an item; to come into the possession of something.,v02210855,get,v00149583,21476,enter or assume a certain state or condition,different,1,?
1477,keep,To retain possession of something.,v02202384,keep,v02681795,9234,"keep in a certain state, position, or activity; e.g.,",different,1,NA
738,thing,"That which is considered to exist as a separate entity, quality or concept.",n00002452,thing,n00034479,3980,an action,different,1,NA
1447,give,To transfer the possession or holding (of an object) to another person.,v02199590,give,v02316868,5362,"cause to have, in the abstract sense or physical sense",different,1,NA
1997,preserve,To protect; to keep; to maintain the condition of.,v02280132,maintain,v02681795,842,"keep in a certain state, position, or activity; e.g.,",different,0,NA
1997,preserve,To protect; to keep; to maintain the condition of.,v02280132,preserve,v02280132,285,"keep in safety and protect from harm, decay, loss, or destruction",same,1,NA
1997,preserve,To protect; to keep; to maintain the condition of.,v02280132,conserve,v02280132,53,"keep in safety and protect from harm, decay, loss, or destruction",same,1,NA
2008,rescue,To free from harm or evil.,v02551144,rescue,v02551144,449,free from harm or evil,same,1,NA
2008,rescue,To free from harm or evil.,v02551144,deliver,v01438304,1117,"bring to a destination, make a delivery",different,0,NA
681,destroy,To damage beyond use or repair.,v01564144,destroy,v01564144,892,destroy completely; damage irreparably,same,1,NA
681,destroy,To damage beyond use or repair.,v01564144,ruin,v01564144,537,destroy completely; damage irreparably,same,1,NA
1468,look for,To try to find something.,v01315613,search,n00945401,1116,the activity of looking thoroughly in order to find something or someone,different,1,NA
1468,look for,To try to find something.,v01315613,seek,v02240481,1242,try to get or reach,different,0,NA
719,find,To encounter something by accident or after searching for it.,v02285629,find,v02285629,5493,come upon after searching; find the location of something that was missed or lost,same,1,NA
719,find,To encounter something by accident or after searching for it.,v02285629,regain,v02247977,356,get or find back; recover the use of,different,0,NA
3072,misplace,To place something in a place where one cannot find it again or in a wrong place; to lose something.,v1503101,lose,v02287789,6031,"fail to keep or to maintain; cease to have, either physically or in an abstract sense",different,0,NA
3072,misplace,To place something in a place where one cannot find it again or in a wrong place; to lose something.,v1503101,mislay,v01503101,10,place (something) where one cannot find it again,different,0,NA
3072,misplace,To place something in a place where one cannot find it again or in a wrong place; to lose something.,v1503101,misplace,v01501793,42,place or position wrongly; put in the wrong position,different,1,NA
1095,let go or set free,To give freedom; to stop holding; to release from confinement or restraint.,v01474550,release,v01474550,467,"release, as from one's grip",same,1,NA
1095,let go or set free,To give freedom; to stop holding; to release from confinement or restraint.,v01474550,relinquish,v02316304,74,part with a possession or right,different,0,NA
1559,money,An unspecified amount in a currency.,n13384557,money,n13384557,7730,the most common medium of exchange; functions as legal tender,same,1,NA
1867,coin,"A piece of currency, usually metallic and in the shape of a disc, but sometimes polygonal, or with a hole in the middle.",n13388245,coin,n13388245,461,a flat metal piece (usually a disc) used as money,same,1,NA
712,rich,Possessing in abundance a particular trait.,a02021905,rich,a02021905,1477,possessing material wealth,same,1,NA
1674,poor,With little or no possessions or money.,a02022953,poor,a02022953,1129,having little money or few possessions,same,1,NA
1934,beggar,A person who begs.,n09847010,beggar,n09847010,56,a pauper who lives by begging,same,1,NA
1934,beggar,A person who begs.,n09847010,mendicant,n10111903,2,a male member of a religious order that originally relied solely on alms,different,0,NA
1774,stingy,Excessively unwilling to spend.,a01112573,ungenerous,a01115081,2,lacking in magnanimity; - Times Litt. Sup.,different,0,NA
1774,stingy,Excessively unwilling to spend.,a01112573,stingy,a01112573,41,unwilling to spend,same,1,NA
582,lend,"To put an item or resource at the disposal of another, with the requirement to have the same or its equivalent returned eventually.",v02324182,loan,n13398953,827,the temporary provision of money (usually at interest),different,0,NA
582,lend,"To put an item or resource at the disposal of another, with the requirement to have the same or its equivalent returned eventually.",v02324182,lend,v02324478,197,bestow a quality on,different,1,NA
1823,borrow,"To receive (something) from somebody temporarily, expecting to return it.",v02324026,borrow,v02324026,477,get temporarily,same,1,NA
369,owe,To be under an obligation to give something back to someone or to perform some action for someone; to have debt.,v02253956,owe,v02254155,564,be obliged to pay or repay,different,1,NA
1914,debt,Something owed to someone else.,n13397174,debt,n13397174,962,money or goods or services owed by one person to another,same,1,NA
718,pay,To give money in exchange for goods or services.,v02251743,pay,v02251743,5640,"give money, usually in exchange for goods or services",same,1,NA
1081,bill,"Sum owed in a restaurant, or the relative bill.",n06516955,bill,n06536853,813,a statute in draft before it becomes law,different,1,NA
1081,bill,"Sum owed in a restaurant, or the relative bill.",n06516955,invoice,n06516955,28,an itemized statement of money owed for goods shipped or services rendered,same,1,NA
1081,bill,"Sum owed in a restaurant, or the relative bill.",n06516955,account,n13929037,735,a formal contractual relationship established to provide for regular banking or brokerage or business services,different,0,NA
873,tax,"An amount of money demanded by a government for its support or for specific facilities or services, most frequently levied upon income, property or sales.",n13308999,tax,n13308999,1801,charge against a citizen's person or property or activity for the support of government,same,1,NA
873,tax,"An amount of money demanded by a government for its support or for specific facilities or services, most frequently levied upon income, property or sales.",n13308999,taxation,n13308999,21,charge against a citizen's person or property or activity for the support of government,same,1,NA
1122,wages,"A fixed amount of money paid to a worker, usually measured on a monthly or annual basis.",n07295629,reward,v00787660,221,strengthen and support with rewards,different,0,NA
1122,wages,"A fixed amount of money paid to a worker, usually measured on a monthly or annual basis.",n07295629,payoff,n13260190,62,the income or profit arising from such transactions as the sale of land or other property,different,0,NA
1122,wages,"A fixed amount of money paid to a worker, usually measured on a monthly or annual basis.",n07295629,wages,NA,NA,NA,different,1,NA
733,earn,"To gain (success, payment) through applied effort or work.",v02289295,make,v00120316,18783,give certain properties to something,different,0,NA
733,earn,"To gain (success, payment) through applied effort or work.",v02289295,clear,a00428404,2494,readily apparent to the mind,different,0,NA
733,earn,"To gain (success, payment) through applied effort or work.",v02289295,gain,v02292125,553,obtain,different,0,NA
733,earn,"To gain (success, payment) through applied effort or work.",v02289295,realise,v00728617,14,be fully aware or cognizant of,different,0,NA
733,earn,"To gain (success, payment) through applied effort or work.",v02289295,realize,v00728617,3668,be fully aware or cognizant of,different,0,NA
733,earn,"To gain (success, payment) through applied effort or work.",v02289295,earn,v02290196,1052,acquire or deserve by one's efforts or actions,different,1,NA
1869,buy,To obtain in exchange for money or goods.,v02207206,buy,v02207206,6150,obtain by purchase; acquire by means of a financial transaction,same,1,NA
1869,buy,To obtain in exchange for money or goods.,v02207206,purchase,v02207206,930,obtain by purchase; acquire by means of a financial transaction,same,1,NA
1571,sell,To provide goods or services in exchange for money.,v02242464,sell,v02242464,4480,exchange or deliver for money or its equivalent,same,1,NA
2135,trade or barter,To exchange goods with or without exchanging money.,v02259241,barter,v02259241,26,exchange goods without involving money,same,1,NA
1082,merchant,A businessperson engaged in trade.,n10309896,merchandiser,n10309896,11,a businessperson engaged in retail trade,same,1,NA
1082,merchant,A businessperson engaged in trade.,n10309896,merchant,n10309896,459,a businessperson engaged in retail trade,same,1,NA
633,market,Place of commercial activity in which articles are bought and sold.,n03722288,marketplace,n01097292,149,the world of commercial activity where goods and services are bought and sold,different,1,NA
633,market,Place of commercial activity in which articles are bought and sold.,n03722288,market,n01097292,2265,the world of commercial activity where goods and services are bought and sold,different,1,NA
633,market,Place of commercial activity in which articles are bought and sold.,n03722288,mart,n03722288,7,an area in a town where a public mercantile establishment is set up,same,1,NA
752,store,"An establishment, either physical or virtual, that sells goods or services to the public.",n04202417,shop,n04202417,1660,a mercantile establishment for the retail sale of goods or services,same,1,NA
752,store,"An establishment, either physical or virtual, that sells goods or services to the public.",n04202417,store,n04202417,3521,a mercantile establishment for the retail sale of goods or services,same,1,NA
657,price,The amount of money paid per unit for a good or service.,n13303315,price,n13303315,2518,the amount of money needed to purchase something,same,1,NA
657,price,The amount of money paid per unit for a good or service.,n13303315,damage,n07420770,914,the occurrence of a change for the worse,different,0,NA
657,price,The amount of money paid per unit for a good or service.,n13303315,terms,n13303315,2,the amount of money needed to purchase something,same,0,NA
1426,expensive,"Having a high price, cost.",a00933154,expensive,a00933154,1319,high in price or charging high prices,same,1,NA
1887,cheap,Low in price.,a00934199,inexpensive,a00934199,199,relatively low in price or charging low prices,same,1,NA
1887,cheap,Low in price.,a00934199,cheap,a00934199,890,relatively low in price or charging low prices,same,1,NA
884,share,To give part of what one has to somebody else to use or consume.,v02295208,partake,v02295208,21,"have, give, or receive a share of",same,1,NA
884,share,To give part of what one has to somebody else to use or consume.,v02295208,share,v02295550,1552,use jointly or in common,different,1,NA
1098,weigh,To determine the weight of an object.,v02704818,weigh,v02704818,463,have a certain weight,same,1,NA
1685,after,"Subsequent, following, in time or space.",r61203,subsequently,r00061203,165,happening at a time subsequent to a reference time,different,1,NA
1685,after,"Subsequent, following, in time or space.",r61203,later,r00061203,8292,happening at a time subsequent to a reference time,different,1,NA
1685,after,"Subsequent, following, in time or space.",r61203,after,r00061203,1864,happening at a time subsequent to a reference time,different,1,NA
1685,after,"Subsequent, following, in time or space.",r61203,afterwards,r00061203,149,happening at a time subsequent to a reference time,different,1,NA
1685,after,"Subsequent, following, in time or space.",r61203,afterward,r00061203,607,happening at a time subsequent to a reference time,different,1,NA
1686,behind,At the back of.,r221985,behind,r00222180,817,remaining in a place or condition that has been left or departed from,different,1,NA
1816,beside,To be positioned at the side of a given object.,a2441215,side,n08649345,7140,a place within a region identified relative to a center or reference location,different,0,use name_clean
1882,before,At a time before that.,r60939,earlier,NA,NA,NA,different,1,NA
1882,before,At a time before that.,r60939,before,r00060939,4425,earlier in time; previously,different,1,NA
1883,in front of,In front of in space,a198147,front,n08573472,3363,the side that is forward or prominent,different,1,NA
1606,inside,Contained or encased by something or inside a building as opposed to outside in the open air.,a1693799,inside,r00110533,1530,within a building,different,1,NA
762,outside,"In the open, not within a building, or outside of something in general.",a1692222,out-of-door,NA,NA,NA,different,0,NA
762,outside,"In the open, not within a building, or outside of something in general.",a1692222,outside,r00110659,2105,outside a building,different,1,NA
762,outside,"In the open, not within a building, or outside of something in general.",a1692222,outdoor,a01692222,255,"located, suited for, or taking place in the open air",different,1,NA
1485,below or under,Situated in a lower place than something else.,r80039,beneath,r00080039,86,in or to a place that is lower,different,1,NA
1485,below or under,Situated in a lower place than something else.,r80039,below,r00080039,955,in or to a place that is lower,different,1,NA
1591,up,Moving to a higher position.,r00096333,upward,r00096333,470,spatially or metaphorically from a lower to a higher position,same,1,NA
1591,up,Moving to a higher position.,r00096333,upwards,r00096333,53,spatially or metaphorically from a lower to a higher position,same,1,NA
1591,up,Moving to a higher position.,r00096333,upwardly,r00096333,13,spatially or metaphorically from a lower to a higher position,same,1,NA
1591,up,Moving to a higher position.,r00096333,up,r00096333,4247,spatially or metaphorically from a lower to a higher position,same,1,NA
723,place (position),A position or area in a space.,n08621598,position,n00586262,750,a job in an organization,different,1,NA
723,place (position),A position or area in a space.,n08621598,place,n08664443,7036,a point located with respect to surface features of some region,different,1,NA
998,put,To set or place an object somewhere.,v01494310,pose,v02722663,408,introduce,different,0,NA
998,put,To set or place an object somewhere.,v01494310,set,v01494310,3534,put into a certain place or abstract location,same,1,NA
998,put,To set or place an object somewhere.,v01494310,position,n00586262,750,a job in an organization,different,0,NA
998,put,To set or place an object somewhere.,v01494310,put,v01494310,9079,put into a certain place or abstract location,same,1,NA
998,put,To set or place an object somewhere.,v01494310,lay,v01494310,1017,put into a certain place or abstract location,same,1,NA
998,put,To set or place an object somewhere.,v01494310,place,n08664443,7036,a point located with respect to surface features of some region,different,0,NA
1416,sit,To be in a position with the upper body upright and the legs resting.,v01984902,sit,v01543123,8712,be seated,different,1,NA
1442,stand,"To be upright in an erect position, supported by the feet.",v01546111,stand,v01546111,9522,be standing; be upright,same,1,NA
987,remain,To continue to be in the same place or state.,v02727462,remain,v00117985,3267,stay the same; remain in a certain state,different,1,NA
987,remain,To continue to be in the same place or state.,v02727462,stay,v00117985,2950,stay the same; remain in a certain state,different,0,NA
987,remain,To continue to be in the same place or state.,v02727462,continue,v02684924,4956,"continue a certain state, condition, or activity",different,0,NA
838,remains,What remains after other things have been taken away (e.g. eaten or destroyed).,n13810818,remainder,n13810818,150,something left after other parts have been taken away,same,1,NA
838,remains,What remains after other things have been taken away (e.g. eaten or destroyed).,n13810818,balance,n14002279,974,a state of equilibrium,different,0,NA
838,remains,What remains after other things have been taken away (e.g. eaten or destroyed).,n13810818,residual,a02835654,63,relating to or indicating a remainder,different,0,NA
838,remains,What remains after other things have been taken away (e.g. eaten or destroyed).,n13810818,residuum,NA,NA,NA,different,0,NA
838,remains,What remains after other things have been taken away (e.g. eaten or destroyed).,n13810818,residue,n15004501,113,matter that remains after something has been removed,different,1,NA
838,remains,What remains after other things have been taken away (e.g. eaten or destroyed).,n13810818,rest,n13810818,3614,something left after other parts have been taken away,same,1,NA
7,gather,"To collect or gather (e.g. work, magazines, etc.).",v01380638,collect,v01380638,441,assemble or get together,same,1,NA
7,gather,"To collect or gather (e.g. work, magazines, etc.).",v01380638,gather,v01380638,1096,assemble or get together,same,1,NA
7,gather,"To collect or gather (e.g. work, magazines, etc.).",v01380638,garner,v02290196,112,acquire or deserve by one's efforts or actions,different,0,NA
1743,join,"To join or unite, as one thing to another, or as several particulars, so as to increase the number, augment the quantity, enlarge the magnitude, or so as to form into one aggregate; to sum up; to put together mentally, as, to add numbers; to add up a column.",v01295275,join,v02434976,2682,become part of; become a member of a group or organization,different,1,NA
1359,separate,To cause something or someone to move away from something or someone else.,v01556921,divide,v02467662,727,separate into parts or portions,different,0,this concept will not be considered
1359,separate,To cause something or someone to move away from something or someone else.,v01556921,part,n13809207,7449,something determined in relation to something that includes it,different,0,NA
1359,separate,To cause something or someone to move away from something or someone else.,v01556921,separate,a02109678,847,independent; not united or joint,different,0,NA
1359,separate,To cause something or someone to move away from something or someone else.,v01556921,disunite,NA,NA,NA,different,0,NA
1119,divide,To split or separate something into two or more parts.,v02467662,separate,a02109678,847,independent; not united or joint,different,0,NA
1119,divide,To split or separate something into two or more parts.,v02467662,divide,v02467662,727,separate into parts or portions,same,1,NA
1119,divide,To split or separate something into two or more parts.,v02467662,dissever,NA,NA,NA,different,0,NA
1119,divide,To split or separate something into two or more parts.,v02467662,split,v02467662,390,separate into parts or portions,same,1,NA
1156,open,"To make the inside something accessible by moving an obstacle aside (e.g. a door or covering), or to move said obstacle.",v01346003,open,v01346003,5233,cause to open or to become open,same,1,NA
1046,shut,"To move (a door, a window, etc.) so that it closes its opening.",v01345109,close,r00409709,2993,near in time or place or relationship,different,0,NA
1046,shut,"To move (a door, a window, etc.) so that it closes its opening.",v01345109,shut,v01345109,1419,move so that an opening or passage is obstructed; make shut,same,1,NA
761,cover,To place something over or upon to conceal or protect.,v01332730,cover,v01332730,2241,provide with a covering or cause to be covered,same,1,NA
602,hide (conceal),To put something in a place where it will be harder to discover or out of sight.,v02144835,conceal,v02144835,387,prevent from being seen or discovered,same,1,NA
602,hide (conceal),To put something in a place where it will be harder to discover or out of sight.,v02144835,hide,v02144835,2367,prevent from being seen or discovered,same,1,NA
1265,high,Being in a position comparatively far above to the ground.,r00356957,high,a01210854,11113,greater than normal in degree or intensity or amount,different,1,?
721,low,Being in a position comparatively close to the ground.,r00393149,low,a01212469,3809,less than normal in degree or intensity or amount,different,1,?
1753,top,Highest and most elevated point.,n08617963,crest,n08547544,71,"the top line of a hill, mountain, or wave",different,0,NA
1753,top,Highest and most elevated point.,n08617963,summit,n08617963,148,the top or extreme point of something (usually a mountain or hill),same,1,NA
1753,top,Highest and most elevated point.,n08617963,peak,n08617963,275,the top or extreme point of something (usually a mountain or hill),same,1,NA
1753,top,Highest and most elevated point.,n08617963,crown,n03138534,142,the part of a hat (the vertex) that covers the crown of the head,different,0,NA
1753,top,Highest and most elevated point.,n08617963,top,a02439949,3148,situated at the top or highest position,different,1,NA
1753,top,Highest and most elevated point.,n08617963,tip,n08663156,757,the extreme end of something; especially something pointed,different,0,NA
690,bottom,The part furthest in the direction toward which an unsupported object would fall.,n08511970,bottom,n08511970,1012,the lowest part of anything,same,1,NA
742,end (of space),Extreme part.,n08565894,end,v02609764,3613,"have an end, in a temporal, spatial, or quantitative sense; either spatial or metaphorical",different,1,NA
372,pointed,Ending in an acute point.,a01809655,pointed,a01809655,95,having a point,same,1,NA
863,edge,The boundary of a surface.,n03264542,edge,n08565701,2289,the boundary of a surface,different,1,NA
682,side,The side of an object or person.,n08649345,side,n08649345,7140,a place within a region identified relative to a center or reference location,same,1,NA
1019,right,Something that is on the right side relative to another object.,r00387828,right,a00631391,3848,free from error; especially conforming to fact or truth,different,0,NA
244,left,Something that is on the left side relative to another object.,r00387666,left,a02032953,2160,being or located on or directed toward the side of the body to the west when facing north,different,1,NA
1942,near,Not far distant in time or space or degree or circumstances.,r00409709,close,r00409709,2993,near in time or place or relationship,same,1,NA
1942,near,Not far distant in time or space or degree or circumstances.,r00409709,near,a00444519,877,not far distant in time or space or degree or circumstances,different,1,NA
1942,near,Not far distant in time or space or degree or circumstances.,r00409709,nigh,a00444519,6,not far distant in time or space or degree or circumstances,different,1,NA
1406,far,Having a large intervening distance with regard to something.,r00101051,far,r00101490,3766,at or to a certain point or degree,different,1,NA
1877,east,"One of the four principal compass points, specifically 90°, conventionally directed to the right on maps. The direction of the rising sun.",n13832355,E,n06831605,30,the 5th letter of the Roman alphabet,different,0,NA
1877,east,"One of the four principal compass points, specifically 90°, conventionally directed to the right on maps. The direction of the rising sun.",n13832355,eastward,r00324135,51,toward the east,different,1,NA
1877,east,"One of the four principal compass points, specifically 90°, conventionally directed to the right on maps. The direction of the rising sun.",n13832355,east,n13832355,483,the cardinal compass point that is at 90 degrees,same,1,NA
1817,west,"One of the four principal compass points, specifically 270°, conventionally directed to the left on maps. The direction of the setting sun.",n13834399,W,NA,NA,NA,different,0,NA
1817,west,"One of the four principal compass points, specifically 270°, conventionally directed to the left on maps. The direction of the setting sun.",n13834399,west,n13834399,573,the cardinal compass point that is a 270 degrees,same,1,NA
1817,west,"One of the four principal compass points, specifically 270°, conventionally directed to the left on maps. The direction of the setting sun.",n13834399,westward,r00324022,53,toward the west,different,1,NA
1598,north,"One of the four major compass points, specifically 0°, directed toward the North Pole, and conventionally upwards on a map.",n13831176,northward,r00244043,36,in a northern direction,different,1,NA
1598,north,"One of the four major compass points, specifically 0°, directed toward the North Pole, and conventionally upwards on a map.",n13831176,north,r00244043,745,in a northern direction,different,1,NA
1598,north,"One of the four major compass points, specifically 0°, directed toward the North Pole, and conventionally upwards on a map.",n13831176,N,NA,NA,NA,different,0,NA
1595,south,"One of the four major compass points, specifically 180°, directed toward the South Pole, and conventionally downwards on a map.",n13833375,southward,r00462954,24,toward the south,different,1,NA
1595,south,"One of the four major compass points, specifically 180°, directed toward the South Pole, and conventionally downwards on a map.",n13833375,S,NA,NA,NA,different,0,NA
1595,south,"One of the four major compass points, specifically 180°, directed toward the South Pole, and conventionally downwards on a map.",n13833375,south,r00243938,847,in a southern direction,different,1,NA
479,grow,(For a living being) To become bigger.,v00231557,grow,v00230746,2988,"become larger, greater, or bigger; expand or gain",different,1,NA
1506,measure,To ascertain the quantity of a unit of material via calculated comparison with respect to a standard.,v00647094,measure,n00174412,532,any maneuver made as part of progress toward a goal,different,1,NA
1506,measure,To ascertain the quantity of a unit of material via calculated comparison with respect to a standard.,v00647094,mensurate,NA,NA,NA,different,0,NA
81,fathom,"A linear unit of measurement, equal to 6 feet, for water depth.",n13660178,fthm,NA,NA,NA,different,0,this concept will not be considered
81,fathom,"A linear unit of measurement, equal to 6 feet, for water depth.",n13660178,fathom,v00728954,75,come to understand,different,0,NA
1202,big,Of a great size.,a01382086,large,a01382086,9720,above average in size or number or quantity or magnitude or extent,same,1,NA
1202,big,Of a great size.,a01382086,big,a01382086,12272,above average in size or number or quantity or magnitude or extent,same,1,NA
1246,small,Not large or big; small in size.,a01391351,small,a01391351,12212,limited or below average in number or quantity or magnitude or extent,same,1,NA
1246,small,Not large or big; small in size.,a01391351,little,a01554510,7965,(quantifier used with mass nouns) small in quantity or degree; not much or almost none or (with `a') at least some,different,0,NA
1203,long,Having much distance from one terminating point on an object or an area to another terminating point.,a01433493,long,r00166025,12367,for an extended time or at a distant time,different,1,NA
711,tall,Having a vertical extent greater than the average.,a02385102,tall,a02385102,3193,great in vertical dimension; high in stature,same,1,NA
1645,short,Small in length by comparison.,a01436003,short,a01436003,2252,(primarily spatial sense) having little length or lacking in length,same,1,NA
1243,wide,"Having a long distance or area between two points, especially horizontally.",a02560548,broad,a02560548,717,having great (or a certain) extent from one side to the other,same,1,NA
1243,wide,"Having a long distance or area between two points, especially horizontally.",a02560548,wide,a02560548,2014,having great (or a certain) extent from one side to the other,same,1,NA
1267,narrow,"(Of a path, cave etc.) having a small width.",a02561888,narrow,a02561888,1312,not wide,same,1,NA
1244,thick,Relatively large distance from one surface to the opposite in its smallest solid dimension.,a02410393,thick,a02410393,1720,not thin; of a specific thickness or of relatively great extent from one surface to the opposite usually in the smallest of the three solid dimensions,same,1,NA
2249,thin (of shape of object),Being narrow (of flat or long objects).,a2412164,thin,a02412164,1002,of relatively small extent from one surface to the opposite or in cross section,different,1,NA
1593,deep,Having a bottom or base that is far away from the top.,a00690058,deep,a00690058,1164,having great spatial extension or penetration downward or inward from an outer surface or backward or laterally or outward from a center; sometimes used in combination,same,1,NA
193,shallow,Having little depth.,a00691696,shallow,a00691696,387,lacking physical depth; having little spatial extension downward or inward from an outer surface or backward or outward from a center,same,1,NA
1633,flat,Having no variations in altitude.,a00910101,level,n05093890,2576,a position on a scale of intensity or amount or quality,different,0,NA
1633,flat,Having no variations in altitude.,a00910101,flat,s00910101,810,"having a surface without slope, tilt in which no part is higher or lower than another",different,1,NA
1633,flat,Having no variations in altitude.,a00910101,plane,n02691156,1671,an aircraft that has a fixed wing and is powered by propellers or jets,different,0,NA
1404,straight,Not crooked or bent; having a constant direction throughout its length.,a02310895,straight,r00051848,977,without deviation,different,1,NA
297,crooked,Opposite of straight.,a02311544,crooked,a02311544,131,having or marked by bends or angles; not straight or aligned,same,1,NA
1071,hook,"A rod bent into a curved shape, for catching, holding, or sustaining anything.",n03532342,hook,v01365549,249,fasten with a hook,different,1,NA
192,corner,The area around the point where two converging walls meet.,n03109881,corner,n08544419,1287,a place off to the side of an area,different,1,NA
192,corner,The area around the point where two converging walls meet.,n03109881,nook,n08643648,74,a sheltered and secluded place,different,0,NA
1367,cross,"A geometrical figure consisting of two straight lines or bars bisecting each other, or any figure or object of similar shape.",n04681387,crisscross,v01913237,60,"cross in a pattern, often random",different,1,NA
1367,cross,"A geometrical figure consisting of two straight lines or bars bisecting each other, or any figure or object of similar shape.",n04681387,cross,v01912159,2005,travel across or pass over,different,0,NA
1367,cross,"A geometrical figure consisting of two straight lines or bars bisecting each other, or any figure or object of similar shape.",n04681387,mark,v00921738,419,designate as if by a mark,different,0,NA
850,square,"A geometrical figure with four sides that meet each other on right angles, or something resembling its shape.",n13878951,square,a02043217,1114,having four equal sides and four right angles or forming a right angle,different,1,NA
1395,round,Circular or having a circular cross-section in at least one direction.,a02040652,circular,a02040652,197,having a circular shape,same,1,NA
1395,round,Circular or having a circular cross-section in at least one direction.,a02040652,round,n15287830,801,an interval during which a recurring sequence of events occurs,different,0,NA
1467,circle,"A two-dimensional, geometric shape that is made up of every point on a plane which is equidistant from the centre. May be drawn with a pair of compasses.",n13873917,circle,n13873502,510,ellipse in which the two axes are of equal length; a plane curve generated by one point moving at a constant distance from a fixed point,different,1,NA
1845,ball,Any spherical object.,n13899404,orb,n13899404,39,an object with a spherical shape,same,1,NA
1845,ball,Any spherical object.,n13899404,ball,n02778669,2135,round object that is hit or thrown or kicked in games,different,1,NA
1845,ball,Any spherical object.,n13899404,globe,n09270894,248,the 3rd planet from the sun; the planet we live on,different,0,NA
1048,line,"An infinitely long, infinitely thin, not bent line in geometry.",n13863771,line,n08430203,1168,a formation of people or things one behind another,different,0,NA
1667,hole,"A, often round, piece of nothingness in some solid.",n09304465,hole,n03526198,942,an opening deliberately made in or through something,different,1,NA
1558,similar,"Having some particular qualities or characteristics in common, but not all of them.",a02071420,similar,a02071420,2136,marked by correspondence or resemblance,same,1,NA
1264,change,To make different or to become different.,v00126264,change,n07296428,3577,an event that occurs when something passes from one state or phase to another,different,1,NA
1264,change,To make different or to become different.,v00126264,alter,v00126264,523,cause to change; make different; cause a transformation,same,1,NA
1264,change,To make different or to become different.,v00126264,modify,v00169806,204,make less severe or harsh or extreme,different,1,NA
1493,one,The natural number one (1).,a02186338,ane,NA,NA,NA,different,0,NA
1493,one,The natural number one (1).,a02186338,1,n13742573,3,the smallest whole number or a numeral representing this number,different,1,NA
1493,one,The natural number one (1).,a02186338,i,n13742573,96,the smallest whole number or a numeral representing this number,different,0,NA
1493,one,The natural number one (1).,a02186338,one,n13742573,14650,the smallest whole number or a numeral representing this number,different,1,NA
1498,two,The natural number two (2).,a02186470,ii,NA,NA,NA,different,0,NA
1498,two,The natural number two (2).,a02186470,two,n13743269,22,the cardinal number that is the sum of one and one or a numeral representing this number,different,1,NA
1498,two,The natural number two (2).,a02186470,2,NA,NA,NA,different,1,NA
492,three,The natural number three (3).,a02186580,three,n13744044,32,the cardinal number that is the sum of one and one and one,different,1,NA
492,three,The natural number three (3).,a02186580,iii,n13744044,3,the cardinal number that is the sum of one and one and one,different,0,NA
492,three,The natural number three (3).,a02186580,3,NA,NA,NA,different,1,NA
1500,four,The natural number four (4).,a02186665,4,NA,NA,NA,different,1,NA
1500,four,The natural number four (4).,a02186665,four,n13744304,85,the cardinal number that is the sum of three and one,different,1,NA
1500,four,The natural number four (4).,a02186665,iv,n01058983,11,administration of nutrients through a vein,different,0,NA
493,five,The natural number five (5).,a02186750,v,n06833436,263,the 22nd letter of the Roman alphabet,different,0,NA
493,five,The natural number five (5).,a02186750,5,NA,NA,NA,different,1,NA
493,five,The natural number five (5).,a02186750,five,n13744521,92,the cardinal number that is the sum of four and one,different,1,NA
1703,six,The natural number six (6).,a02186833,six,n13744722,1,the cardinal number that is the sum of five and one,different,1,NA
1703,six,The natural number six (6).,a02186833,vi,n13744722,2,the cardinal number that is the sum of five and one,different,0,NA
1703,six,The natural number six (6).,a02186833,half-dozen,NA,NA,NA,different,0,NA
1703,six,The natural number six (6).,a02186833,6,NA,NA,NA,different,1,NA
1704,seven,The natural number seven (7).,a02186970,vii,NA,NA,NA,different,0,NA
1704,seven,The natural number seven (7).,a02186970,seven,n13744916,4,the cardinal number that is the sum of six and one,different,1,NA
1704,seven,The natural number seven (7).,a02186970,7,NA,NA,NA,different,1,NA
1705,eight,The natural number eight (8).,a02187073,8,NA,NA,NA,different,1,NA
1705,eight,The natural number eight (8).,a02187073,eight,n13745086,14,the cardinal number that is the sum of seven and one,different,1,NA
1705,eight,The natural number eight (8).,a02187073,viii,n13745086,1,the cardinal number that is the sum of seven and one,different,0,NA
1483,nine,The natural number nine (9).,a02187161,9,n13745270,1,the cardinal number that is the sum of eight and one,different,1,NA
1483,nine,The natural number nine (9).,a02187161,ix,s02187161,1,denoting a quantity consisting of one more than eight and one less than ten,different,0,NA
1483,nine,The natural number nine (9).,a02187161,nine,n13745270,11,the cardinal number that is the sum of eight and one,different,1,NA
1515,ten,The natural number ten (10).,a02187296,ten,n13746512,312,the cardinal number that is the sum of nine and one; the base of the decimal system,different,1,NA
1515,ten,The natural number ten (10).,a02187296,10,n13746512,5,the cardinal number that is the sum of nine and one; the base of the decimal system,different,1,NA
1515,ten,The natural number ten (10).,a02187296,x,n06833663,429,the 24th letter of the Roman alphabet,different,0,NA
1706,eleven,The natural number eleven (11).,a02187379,eleven,n13746672,5,the cardinal number that is the sum of ten and one,different,1,NA
1706,eleven,The natural number eleven (11).,a02187379,11,NA,NA,NA,different,1,NA
1706,eleven,The natural number eleven (11).,a02187379,xi,n13746672,4,the cardinal number that is the sum of ten and one,different,0,NA
1707,twelve,The natural number twelve (12).,a02187465,12,n13746785,2,the cardinal number that is the sum of eleven and one,different,1,NA
1707,twelve,The natural number twelve (12).,a02187465,twelve,n13746785,10,the cardinal number that is the sum of eleven and one,different,1,NA
1707,twelve,The natural number twelve (12).,a02187465,dozen,n13746785,2558,the cardinal number that is the sum of eleven and one,different,0,NA
1707,twelve,The natural number twelve (12).,a02187465,xii,n13746785,5,the cardinal number that is the sum of eleven and one,different,0,NA
1709,fifteen,The natural number fifteen (15).,a02187793,fifteen,s02187793,72,being one more than fourteen,different,1,NA
1709,fifteen,The natural number fifteen (15).,a02187793,xv,NA,NA,NA,different,0,NA
1709,fifteen,The natural number fifteen (15).,a02187793,15,NA,NA,NA,different,1,NA
1710,twenty,The natural number twenty (20).,a02188317,twenty,n13748128,245,the cardinal number that is the sum of nineteen and one,different,1,NA
1710,twenty,The natural number twenty (20).,a02188317,20,n13748128,185,the cardinal number that is the sum of nineteen and one,different,1,NA
1710,twenty,The natural number twenty (20).,a02188317,xx,NA,NA,NA,different,0,NA
1634,hundred,The natural number one hundred (100).,a02196107,100,NA,NA,NA,different,1,NA
1634,hundred,The natural number one hundred (100).,a02196107,c,n13750415,458,ten 10s,different,0,NA
1634,hundred,The natural number one hundred (100).,a02196107,hundred,n13750415,1526,ten 10s,different,1,NA
1843,thousand,The natural number one thousand (1000).,a02198752,1000,NA,NA,NA,different,1,NA
1843,thousand,The natural number one thousand (1000).,a02198752,m,n13659162,165,the basic unit of length adopted under the Systeme International d'Unites (approximately 1.094 yards),different,0,NA
1843,thousand,The natural number one thousand (1000).,a02198752,thousand,n13750844,1826,the cardinal number that is the product of 10 and 100,different,1,NA
1843,thousand,The natural number one thousand (1000).,a02198752,k,n06832248,106,the 11th letter of the Roman alphabet,different,0,NA
1420,count,To determine the amount of something or to enumerate the digits of one's numeral system.,v00948071,numerate,a00832075,1,able to understand and use numbers,different,0,NA
1420,count,To determine the amount of something or to enumerate the digits of one's numeral system.,v00948071,number,n05121418,4402,the property possessed by a sum or total or indefinite quantity of units or individuals,different,0,NA
1420,count,To determine the amount of something or to enumerate the digits of one's numeral system.,v00948071,enumerate,v00946105,18,specify individually,different,0,NA
1420,count,To determine the amount of something or to enumerate the digits of one's numeral system.,v00948071,count,v00948071,969,determine the number or amount of,same,1,NA
98,all,The totality of.,a02269286,all,r00008007,13352,to a complete degree or to the full or entire extent (`whole' is often used informally for `wholly'),different,1,NA
1198,many,An indefinite large number of.,a01551633,many,a01551633,18523,a quantifier that can be used with count nouns and is often preceded by `as' or `too' or `so' or `that'; amounting to a large but indefinite number,same,1,NA
1992,more,[Used in forming the comparative form of many adjectives and almost all comparable adverbs.],a01556355,more,r00099341,19983,used to form the comparative of some adjectives and adverbs,different,1,NA
1242,few,"More than one, but not as many as usual or as expected.",a01552885,few,a01552885,14981,a quantifier that can be used with count nouns and is often preceded by `a'; a small but indefinite number,same,1,NA
1881,enough,"All that is required, needed, or appropriate.",r00145713,plenty,n05115568,1047,a full supply,different,0,NA
1881,enough,"All that is required, needed, or appropriate.",r00145713,enough,r00145713,7004,as much as necessary; ; (`plenty' is nonstandard),same,1,NA
1241,some,An unspecified quantity or number of.,a02267308,some,r00007015,28,(of quantities) imprecise but fairly close to correct,different,1,NA
2023,crowd,A large group of people.,n08182379,crowd,n08182379,2360,a large number of things or people considered together,same,1,NA
1429,full,Containing the most or maximum amount possible in the given available space.,a01083157,full,a01083157,2781,containing as much or as many as is possible or normal,same,1,NA
1624,empty,Without content.,a01086545,empty,a01086545,2379,holding or containing nothing,same,1,NA
779,part,A seperate unit of a larger whole.,n03892891,part,n13809207,7449,something determined in relation to something that includes it,different,1,NA
779,part,A seperate unit of a larger whole.,n03892891,portion,n13809207,400,something determined in relation to something that includes it,different,1,NA
816,half,One of the two equal parts of a whole.,n13736799,half,n13736799,3609,one of two equal parts of a divisible whole,same,1,NA
816,half,One of the two equal parts of a whole.,n13736799,one-half,NA,NA,NA,different,0,NA
1580,only,Nothing more than.,r00008600,only,r00004722,15132,and nothing more,different,1,NA
1580,only,Nothing more than.,r00008600,alone,s02249766,1960,isolated from others,different,0,NA
1580,only,Nothing more than.,r00008600,exclusively,r00008600,233,without any others being included or involved,same,0,NA
1580,only,Nothing more than.,r00008600,solely,r00008600,232,without any others being included or involved,same,1,NA
1580,only,Nothing more than.,r00008600,entirely,r00008007,1160,to a complete degree or to the full or entire extent (`whole' is often used informally for `wholly'),different,0,NA
728,first,Having no predecessor. The ordinal number corresponding to one.,a01010862,first,a01010862,18344,preceding all others in time or space or degree,same,1,NA
1529,last (final),After all the others.,a01013279,last,s01730329,12049,immediately past,different,1,NA
1384,second,That which comes after the first.,a02202146,2nd,s02202146,80,coming next after the first in position in space or time or degree or magnitude,different,1,NA
1384,second,That which comes after the first.,a02202146,second,s02202146,6648,coming next after the first in position in space or time or degree or magnitude,different,1,NA
1384,second,That which comes after the first.,a02202146,2d,NA,NA,NA,different,0,NA
1888,pair,Two similar or identical things taken together.,n07985223,pair,n07985223,1377,a set of two similar things considered as a unit,same,1,NA
1888,pair,Two similar or identical things taken together.,n07985223,brace,v01219993,143,"support or hold steady and make steadfast, with or as if with a brace",different,0,NA
1546,twice,Two times.,r00065294,twice,r00065294,1300,two times,same,1,NA
1859,third,The ordinal form of the cardinal number three.,a02202307,third,s02202307,3033,coming next after the second and just before the fourth in position,different,1,NA
1859,third,The ordinal form of the cardinal number three.,a02202307,tertiary,s02202307,12,coming next after the second and just before the fourth in position,different,1,NA
1859,third,The ordinal form of the cardinal number three.,a02202307,3rd,s02202307,31,coming next after the second and just before the fourth in position,different,1,NA
892,time,"The dimension of the physical universe which, at a given place, orders the sequence of events.",n00028270,time,n07309599,24241,an instance or single occasion for some event,different,1,NA
1789,age,"The amount of time that a person, animal or plant has lived or that an object has existed.",n04924103,age,n15145171,2627,a time of life (usually defined in years) at which some particular qualification or power arises,different,1,NA
1231,new,"Recently made, created or begun.",a01640850,new,a01640850,19941,not of long duration; having just (or relatively recently) come into being or been made or acquired or discovered,same,1,NA
1207,young,In the early part of growth or life.,a01646941,young,a01646941,11126,(used of living things especially persons) in an early period of life or development or growth,same,1,NA
1207,young,In the early part of growth or life.,a01646941,immature,a01492394,43,characteristic of a lack of maturity,different,0,NA
1229,old,Having lived or existed for a relatively long period of time.,a01643620,old,a01643620,13451,(used especially of persons) having lived for a relatively long time or attained a specific age,same,1,NA
672,early,Before the expected time or towards the beginning of a time period.,r00100592,early,a00812952,4426,at or near the beginning of a period of time or course of events or before the usual or expected time,different,1,NA
672,early,Before the expected time or towards the beginning of a time period.,r00100592,betimes,NA,NA,NA,different,0,NA
477,late,Towards the end of a time period.,a819235,late,a00816481,2661,being or occurring at an advanced period of time or after a usual or expected time,different,0,NA
477,late,Towards the end of a time period.,a819235,later,r00061203,8292,happening at a time subsequent to a reference time,different,0,NA
1376,now,At present; at this time.,r00049220,now,r00049433,18752,in the historical present; at this point in the narration of a series of past events,different,1,NA
1963,immediately,In an immediate manner; instantly or without delay.,r00048739,now,r00049433,18752,in the historical present; at this point in the narration of a series of past events,different,0,NA
1963,immediately,In an immediate manner; instantly or without delay.,r00048739,directly,r00504281,875,without anyone or anything intervening,different,0,NA
1963,immediately,In an immediate manner; instantly or without delay.,r00048739,instantly,r00048739,455,without delay or hesitation; with no time intervening,same,1,NA
1963,immediately,In an immediate manner; instantly or without delay.,r00048739,forthwith,r00048739,7,without delay or hesitation; with no time intervening,same,1,NA
1963,immediately,In an immediate manner; instantly or without delay.,r00048739,straightaway,n04331126,27,a straight segment of a roadway or racecourse,different,0,NA
1963,immediately,In an immediate manner; instantly or without delay.,r00048739,immediately,r00048739,2129,without delay or hesitation; with no time intervening,same,1,NA
1631,fast,Occurring or happening within a short time.,r00086000,fast,r00086000,3144,quickly or rapidly (often used as a combining form),same,1,NA
701,slow,With low speed.,r00161630,easy,a00749230,4979,posing no difficulty; requiring little effort,different,0,NA
701,slow,With low speed.,r00161630,slow,a00980527,1703,not moving quickly; taking a comparatively long time,different,1,NA
701,slow,With low speed.,r00161630,tardily,r00100267,1,later than usual or than expected,different,0,NA
701,slow,With low speed.,r00161630,slowly,r00161630,3172,without speed (`slow' is sometimes used informally for `slowly'),same,1,NA
754,hurry,To move or do something at a fast pace.,v00459498,hasten,v02058994,44,move fast,different,0,NA
754,hurry,To move or do something at a fast pace.,v00459498,rush,v02058994,898,move fast,different,1,NA
754,hurry,To move or do something at a fast pace.,v00459498,hurry,v02055649,677,move very fast,different,1,NA
754,hurry,To move or do something at a fast pace.,v00459498,festinate,NA,NA,NA,different,0,NA
425,be late,To be later than the expected time.,r00100267,late,a00816481,2661,being or occurring at an advanced period of time or after a usual or expected time,different,1,NA
425,be late,To be later than the expected time.,r00100267,tardily,r00100267,1,later than usual or than expected,same,1,NA
425,be late,To be later than the expected time.,r00100267,belatedly,r00100267,49,later than usual or than expected,same,1,NA
1186,last (endure),"To endure, continue over time.",v02704928,endure,v00668099,277,put up with something or somebody unpleasant,different,1,NA
1186,last (endure),"To endure, continue over time.",v02704928,last,s01730329,12049,immediately past,different,0,NA
743,end (of time),The last or final part.,n07291794,end,v02609764,3613,"have an end, in a temporal, spatial, or quantitative sense; either spatial or metaphorical",different,0,this concept will not be considered
743,end (of time),The last or final part.,n07291794,last,s01730329,12049,immediately past,different,0,NA
1766,finish,"To end something, to bring something to a conclusion.",v00484166,finish,v00484166,2531,come or bring to a finish or an end,same,1,NA
1766,finish,"To end something, to bring something to a conclusion.",v00484166,complete,v00484166,1266,come or bring to a finish or an end,same,1,NA
1928,cease,"To have an end, in a temporal, spatial, or quantitative sense; either spatial or metaphorical.",v02609764,cease,v02680814,357,put an end to a state or an activity,different,1,NA
1928,cease,"To have an end, in a temporal, spatial, or quantitative sense; either spatial or metaphorical.",v02609764,terminate,v00352826,65,bring to an end or halt,different,1,NA
1928,cease,"To have an end, in a temporal, spatial, or quantitative sense; either spatial or metaphorical.",v02609764,finish,v00484166,2531,come or bring to a finish or an end,different,0,NA
1928,cease,"To have an end, in a temporal, spatial, or quantitative sense; either spatial or metaphorical.",v02609764,stop,v02680814,4078,put an end to a state or an activity,different,0,NA
1928,cease,"To have an end, in a temporal, spatial, or quantitative sense; either spatial or metaphorical.",v02609764,end,v02609764,3613,"have an end, in a temporal, spatial, or quantitative sense; either spatial or metaphorical",same,1,NA
790,ready,Prepared for immediate action or use.,a01930512,ready,a01930512,3863,completely prepared or in condition for immediate action or use or progress,same,1,NA
1676,always,At all times.,r00019339,e'er,NA,NA,NA,different,0,NA
1676,always,At all times.,r00019339,ever,r00146387,9287,at any time,different,0,NA
1676,always,At all times.,r00019339,always,r00019339,13622,at all times; all the time and on every occasion,same,1,NA
1852,often,"Many times, with short intervals between occasions.",r00035058,often,r00035058,7527,many times at short intervals,same,1,NA
1852,often,"Many times, with short intervals between occasions.",r00035058,frequently,r00035058,891,many times at short intervals,same,1,NA
1852,often,"Many times, with short intervals between occasions.",r00035058,oftentimes,NA,NA,NA,different,0,NA
1852,often,"Many times, with short intervals between occasions.",r00035058,ofttimes,NA,NA,NA,different,0,NA
1852,often,"Many times, with short intervals between occasions.",r00035058,oft,r00035058,45,many times at short intervals,same,1,NA
1544,sometimes,"On certain occasions, or in certain circumstances, but not always.",r00021878,sometimes,r00021878,5812,on certain occasions or in certain cases but not always,same,1,NA
703,soon,In a near future.,r00033922,shortly,r00034189,376,for a short time,different,0,NA
703,soon,In a near future.,r00033922,soon,r00033922,6146,in the near future,same,1,NA
703,soon,In a near future.,r00033922,presently,r00048268,92,at this time or period; now,different,0,NA
418,for a long time,(Of an action or state) to last a long period of time.,n15242955,age,n15145171,2627,a time of life (usually defined in years) at which some particular qualification or power arises,different,0,NA
418,for a long time,(Of an action or state) to last a long period of time.,n15242955,years,n15203791,2,a period of time containing 365 (or 366) days,different,0,NA
1656,never,At no time.,r00020759,ne'er,r00020759,4,not ever; at no time in the past or future,same,1,NA
1656,never,At no time.,r00020759,never,r00020759,21077,not ever; at no time in the past or future,same,1,NA
204,again,Once more.,r00040365,again,r00040365,16348,anew,same,1,NA
1225,day (not night),The period between sunrise and sunset where one enjoys daylight.,n15164957,day,n15155220,13698,time for Earth to make a complete rotation on its axis,different,0,NA
1225,day (not night),The period between sunrise and sunset where one enjoys daylight.,n15164957,daylight,n11444038,203,light during the daytime,different,0,NA
1225,day (not night),The period between sunrise and sunset where one enjoys daylight.,n15164957,daytime,n15164957,80,the time after sunrise and before sunset while it is light outside,same,1,NA
1233,night,"The period between sunset and sunrise, when a location faces far away from the sun, thus when the sky is dark.",n15167027,night,n15167027,12803,the time after sunset and before sunrise while it is dark outside,same,1,NA
1233,night,"The period between sunset and sunrise, when a location faces far away from the sun, thus when the sky is dark.",n15167027,nighttime,n15167027,36,the time after sunset and before sunrise while it is dark outside,same,1,NA
1233,night,"The period between sunset and sunrise, when a location faces far away from the sun, thus when the sky is dark.",n15167027,dark,a00409440,2498,(used of color) having a dark hue,different,0,NA
729,dawn,A period of time at the beginning of the day shortly before sunrise during which the light gradually becomes stronger.,n15168790,cockcrow,n15168790,1,the first light of day,same,1,NA
729,dawn,A period of time at the beginning of the day shortly before sunrise during which the light gradually becomes stronger.,n15168790,sunup,n15168790,2,the first light of day,same,1,NA
729,dawn,A period of time at the beginning of the day shortly before sunrise during which the light gradually becomes stronger.,n15168790,dawning,n15168790,15,the first light of day,same,1,NA
729,dawn,A period of time at the beginning of the day shortly before sunrise during which the light gradually becomes stronger.,n15168790,dawn,n15168790,615,the first light of day,same,1,NA
729,dawn,A period of time at the beginning of the day shortly before sunrise during which the light gradually becomes stronger.,n15168790,morning,n15165289,7145,the time period between dawn and noon,different,0,NA
729,dawn,A period of time at the beginning of the day shortly before sunrise during which the light gradually becomes stronger.,n15168790,sunrise,n15168790,125,the first light of day,same,1,NA
729,dawn,A period of time at the beginning of the day shortly before sunrise during which the light gradually becomes stronger.,n15168790,daybreak,n15168790,36,the first light of day,same,1,NA
729,dawn,A period of time at the beginning of the day shortly before sunrise during which the light gradually becomes stronger.,n15168790,aurora,n11427241,62,an atmospheric phenomenon consisting of bands of light caused by charged solar particles following the earth's magnetic lines of force,different,0,NA
729,dawn,A period of time at the beginning of the day shortly before sunrise during which the light gradually becomes stronger.,n15168790,dayspring,NA,NA,NA,different,0,NA
1339,morning,The period of time from the start of the day (midnight) until midday (12:00).,n15165289,morning,n15165289,7145,the time period between dawn and noon,same,1,NA
1339,morning,The period of time from the start of the day (midnight) until midday (12:00).,n15165289,morn,n15165289,26,the time period between dawn and noon,same,1,NA
1339,morning,The period of time from the start of the day (midnight) until midday (12:00).,n15165289,forenoon,n15165289,3,the time period between dawn and noon,same,1,NA
12,midday,Time of day when the sun is in its zenith.,n15165490,noonday,n15165490,14,the middle of the day,same,1,NA
12,midday,Time of day when the sun is in its zenith.,n15165490,noon,n15165490,457,the middle of the day,same,1,NA
12,midday,Time of day when the sun is in its zenith.,n15165490,noontide,NA,NA,NA,different,0,NA
12,midday,Time of day when the sun is in its zenith.,n15165490,midday,n15165490,127,the middle of the day,same,1,NA
1807,afternoon,"The part of the day which follows noon, between noon and evening.",n15166191,afternoon,n15166191,2593,the part of the day between noon and evening,same,1,NA
1629,evening,That part of the day in which daylight decreases and the night falls.,n15166462,eventide,NA,NA,NA,different,0,NA
1629,evening,That part of the day in which daylight decreases and the night falls.,n15166462,eve,n15156424,112,the day before,different,0,NA
1629,evening,That part of the day in which daylight decreases and the night falls.,n15166462,even,r00017445,30082,used as an intensive especially to indicate something unexpected,different,0,NA
1629,evening,That part of the day in which daylight decreases and the night falls.,n15166462,evening,n15166462,2718,the latter part of the day (the period of decreasing daylight from late afternoon until nightfall),same,1,NA
1283,today,On the current day or date.,r00207366,today,n15262921,5144,the present time or age,different,1,NA
1329,tomorrow,The day after the present day.,r00479275,tomorrow,n15155891,1047,the day after today,different,1,NA
1179,day after tomorrow,On the day following tomorrow.,n.a.,NA,NA,NA,NA,different,1,NA
1174,yesterday,The day before today.,r00507716,yesterday,n15156187,985,the day immediately before today,different,1,NA
1180,day before yesterday,On the day before yesterday.,n.a.,NA,NA,NA,NA,different,1,NA
1353,hour,A time period of sixty minutes; one twenty-fourth of a day.,n15227846,hr,n15227846,79,a period of time equal to 1/24th of a day,same,1,NA
1353,hour,A time period of sixty minutes; one twenty-fourth of a day.,n15227846,hour,n15227846,8899,a period of time equal to 1/24th of a day,same,1,NA
1323,clock,An instrument used to measure or keep track of time.,n03046257,clock,n03046257,1061,a timepiece that shows the time of day,same,1,NA
1469,week,A period of seven days.,n15169873,hebdomad,NA,NA,NA,different,0,NA
1469,week,A period of seven days.,n15169873,week,n15169873,11014,any period of seven consecutive days,same,1,NA
1699,sunday,"The seventh day of the week in Europe and in systems using the ISO 8601 standard, or the first day of the week in the United States of America, the Sabbath for most Christians.",n15163797,Dominicus,NA,NA,NA,different,0,NA
1699,sunday,"The seventh day of the week in Europe and in systems using the ISO 8601 standard, or the first day of the week in the United States of America, the Sabbath for most Christians.",n15163797,Sun,NA,NA,NA,different,0,NA
1699,sunday,"The seventh day of the week in Europe and in systems using the ISO 8601 standard, or the first day of the week in the United States of America, the Sabbath for most Christians.",n15163797,Sunday,NA,NA,NA,different,1,NA
1697,monday,The first day of the week in Europe and in systems using the ISO 8601 norm; the second day of the week in the United States of America.,n15163979,Monday,NA,NA,NA,different,1,NA
1697,monday,The first day of the week in Europe and in systems using the ISO 8601 norm; the second day of the week in the United States of America.,n15163979,Mon,NA,NA,NA,different,0,NA
1695,tuesday,The second day of the week in Europe and in systems using the ISO 8601 norm; the third day of the week in the United States of America.,n15164105,Tuesday,NA,NA,NA,different,1,NA
1695,tuesday,The second day of the week in Europe and in systems using the ISO 8601 norm; the third day of the week in the United States of America.,n15164105,Tues,NA,NA,NA,different,0,NA
1694,wednesday,The third day of the week in Europe and in systems using the ISO 8601 norm; the fourth day of the week in the United States of America.,n15164233,Wednesday,NA,NA,NA,different,1,NA
1694,wednesday,The third day of the week in Europe and in systems using the ISO 8601 norm; the fourth day of the week in the United States of America.,n15164233,Wed,NA,NA,NA,different,0,NA
1694,wednesday,The third day of the week in Europe and in systems using the ISO 8601 norm; the fourth day of the week in the United States of America.,n15164233,Midweek,NA,NA,NA,different,0,NA
1693,thursday,The fourth day of the week in Europe and in systems using the ISO 8601 norm; the fifth day of the week in the United States of America.,n15164354,Th,NA,NA,NA,different,0,NA
1693,thursday,The fourth day of the week in Europe and in systems using the ISO 8601 norm; the fifth day of the week in the United States of America.,n15164354,Thursday,NA,NA,NA,different,1,NA
1692,friday,The fifth day of the week in Europe and in systems using the ISO 8601 norm; the sixth day of the week in the United States of America.,n15164463,Fri,NA,NA,NA,different,0,NA
1692,friday,The fifth day of the week in Europe and in systems using the ISO 8601 norm; the sixth day of the week in the United States of America.,n15164463,Friday,NA,NA,NA,different,1,NA
1700,saturday,The sixth day of the week in Europe and in systems using the ISO 8601 norm; the seventh day of the week in the United States of America.,n15164570,Saturday,NA,NA,NA,different,1,NA
1700,saturday,The sixth day of the week in Europe and in systems using the ISO 8601 norm; the seventh day of the week in the United States of America.,n15164570,Sabbatum,NA,NA,NA,different,0,NA
1700,saturday,The sixth day of the week in Europe and in systems using the ISO 8601 norm; the seventh day of the week in the United States of America.,n15164570,Sat,NA,NA,NA,different,0,NA
1370,month,"A period into which a year is divided, historically based on the phases of the moon. In the Gregorian calendar there are twelve months.",n15209413,month,n15209413,6535,one of the twelve divisions of the calendar year,same,1,NA
1226,year,The time it takes the Earth to complete one revolution of the Sun (between 365.24 and 365.26 days depending on the point of reference).,n15203791,yr,n15203791,14,a period of time containing 365 (or 366) days,same,1,NA
1226,year,The time it takes the Earth to complete one revolution of the Sun (between 365.24 and 365.26 days depending on the point of reference).,n15203791,year,n15203791,46681,a period of time containing 365 (or 366) days,same,1,NA
1226,year,The time it takes the Earth to complete one revolution of the Sun (between 365.24 and 365.26 days depending on the point of reference).,n15203791,twelvemonth,n15203791,3,a period of time containing 365 (or 366) days,same,1,NA
1471,winter,"Traditionally, the fourth of the seasons, marked by the applicable hemisphere of the planet being at its minimum angle of exposure to the Sun, resulting in short days, long nights and typically in low temperatures.",n15237782,wintertime,n15237782,8,the coldest season of the year; in the northern hemisphere it extends from the winter solstice to the vernal equinox,same,1,NA
1471,winter,"Traditionally, the fourth of the seasons, marked by the applicable hemisphere of the planet being at its minimum angle of exposure to the Sun, resulting in short days, long nights and typically in low temperatures.",n15237782,winter,n15237782,2238,the coldest season of the year; in the northern hemisphere it extends from the winter solstice to the vernal equinox,same,1,NA
1537,springtime,"Traditionally the first of the four seasons, the season of growth with an ever increasing amount of daytime.",n15237044,springtime,n15237044,64,the season of growth,same,1,NA
1537,springtime,"Traditionally the first of the four seasons, the season of growth with an ever increasing amount of daytime.",n15237044,spring,n15237044,1900,the season of growth,same,1,NA
1342,summer,"Traditionally the second of the four seasons regarded as being from June 21 to September 20 (or just June, July and August) in the Northern Hemisphere and from December 21 to March 20 (or just December, January and February) in the Southern Hemisphere.",n15237250,summer,n15237250,4285,the warmest season of the year; in the northern hemisphere it extends from the summer solstice to the autumnal equinox,same,1,NA
1342,summer,"Traditionally the second of the four seasons regarded as being from June 21 to September 20 (or just June, July and August) in the Northern Hemisphere and from December 21 to March 20 (or just December, January and February) in the Southern Hemisphere.",n15237250,summertime,n15237250,60,the warmest season of the year; in the northern hemisphere it extends from the summer solstice to the autumnal equinox,same,1,NA
1276,autumn,"The season after summer and before winter, traditionally from September 21 to December 20 in the northern hemisphere and from March 21 to June 20 in the southern hemisphere.",n15236859,fall,v01972298,2697,descend in free fall under the influence of gravity,different,0,NA
1276,autumn,"The season after summer and before winter, traditionally from September 21 to December 20 in the northern hemisphere and from March 21 to June 20 in the southern hemisphere.",n15236859,autumn,n15236859,338,the season when the leaves fall from the trees,same,1,NA
691,season,"One of the four equal periods into which the year is divided by the equinoxes and solstices, resulting from the apparent movement of the sun north and south of the equator during the course of the earth's orbit around it. These periods (spring, summer, autumn and winter) have their characteristic weather conditions in different regions, and occur at opposite times of the year in the N and S hemispheres.",n15236475,season,n15239579,4327,a period of the year marked by special events or activities in some field,different,1,NA
1587,smell (stink),To give off a smell that can be perceived by the nose.,v02123672,smell,n05713737,1339,the sensation that results when olfactory receptors in the nose are stimulated by particular chemicals in gaseous form,different,0,NA
375,sniff,"To make a short, audible inhalation, through the nose, as if to smell something.",v02125032,whiff,n11497888,120,a short light gust of air,different,0,NA
375,sniff,"To make a short, audible inhalation, through the nose, as if to smell something.",v02125032,sniff,v02125032,409,perceive by inhaling through the nose,same,1,NA
1586,smell (perceive),To perceive the presence of molecules in the air by inhaling them through the nose.,v02124748,smell,n05713737,1339,the sensation that results when olfactory receptors in the nose are stimulated by particular chemicals in gaseous form,different,1,NA
376,fragrant,Sweet-smelling; having a pleasant (usually strong) scent or fragrance.,a01052248,fragrant,a01052248,142,pleasant-smelling,same,1,NA
42,stinking,Having a bad smell.,a01053634,smelly,s01053634,2,offensively malodorous,different,1,NA
42,stinking,Having a bad smell.,a01053634,foetid,NA,NA,NA,different,0,NA
42,stinking,Having a bad smell.,a01053634,fetid,s01053634,33,offensively malodorous,different,1,NA
42,stinking,Having a bad smell.,a01053634,stinking,NA,NA,NA,different,0,NA
42,stinking,Having a bad smell.,a01053634,funky,s00609750,85,stylish and modern in an unconventional way,different,0,NA
42,stinking,Having a bad smell.,a01053634,foul-smelling,NA,NA,NA,different,0,NA
42,stinking,Having a bad smell.,a01053634,ill-scented,NA,NA,NA,different,0,NA
42,stinking,Having a bad smell.,a01053634,foul,s01625893,70,highly offensive; arousing aversion or disgust,different,0,NA
42,stinking,Having a bad smell.,a01053634,noisome,s02560035,1,causing or able to cause nausea,different,0,NA
21,taste (something),To try the flavor of something.,v02194286,savour,NA,NA,NA,different,0,NA
21,taste (something),To try the flavor of something.,v02194286,savor,v01820302,171,derive or receive pleasure from; get enjoyment from; take pleasure in,different,0,NA
21,taste (something),To try the flavor of something.,v02194286,taste,n05715283,488,the sensation that results when taste buds in the tongue and throat convey information about the chemical composition of a soluble stimulus,different,1,NA
717,sweet,Having the taste characteristic of sugar or honey.,a02368336,sweet,a02368336,890,having or denoting the characteristic taste of sugar,same,1,NA
1091,salty,Containing salt.,a02398773,salty,a01073822,105,containing or filled with salt,different,1,NA
887,bitter,Having an acrid taste.,a02396098,bitter,s02435901,225,very difficult to accept or bear,different,1,NA
1906,sour,"Having an acid, sharp or tangy taste.",a02368787,sour,a02368787,149,having a sharp biting taste,same,1,NA
70,brackish,"(Of water) Salty or slightly salty, as a mixture of fresh and sea water.",a01074062,briny,s01074062,13,slightly salty (especially from containing a mixture of seawater and fresh water),different,1,NA
70,brackish,"(Of water) Salty or slightly salty, as a mixture of fresh and sea water.",a01074062,brackish,s01716845,6,distasteful and unpleasant; spoiled by mixture,different,1,NA
1408,hear,"To perceive sound with the ear, without necessarily paying attention to it.",v02169702,hear,v02169702,11703,perceive (sound) via the auditory sense,same,1,NA
1608,listen,To perceive with the ear (paying attention to what is heard).,v02169891,listen,v02169891,2787,hear with intention,same,1,NA
1811,sound or noise,Any audible noise which is not necessarily unwanted or unpleasant to the hearer and of short or long duration.,n07387509,noise,n07387509,1514,sound of any kind (especially unintelligible or dissonant sound),same,1,NA
377,loud,(Of a sound) to have a high volume.,r00069901,loud,a01452593,1059,characterized by or producing sound of great volume or intensity,different,1,NA
377,loud,(Of a sound) to have a high volume.,r00069901,loudly,r00069901,413,with relatively high volume,same,1,NA
377,loud,(Of a sound) to have a high volume.,r00069901,aloud,r00069771,364,using the voice; not silently,different,1,NA
1409,see,"To perceive [images] with the eye, without necessarily paying attention to them.",v02129289,see,v02129289,27283,perceive by sight or have the power to perceive by sight,same,1,NA
1819,look,To actively use one's eyes.,v02130524,look,v02130524,24782,perceive with attention; direct one's gaze towards,same,1,NA
1039,show,To have somebody see something.,v00923793,designate,v00709379,141,design or destine,different,0,NA
1039,show,To have somebody see something.,v00923793,show,v02148788,2863,give an exhibition of to an interested audience,different,0,NA
1039,show,To have somebody see something.,v00923793,indicate,v00923793,667,"indicate a place, direction, person, or thing; either spatially or figuratively",same,1,NA
1039,show,To have somebody see something.,v00923793,point,v00923793,3111,"indicate a place, direction, person, or thing; either spatially or figuratively",same,1,NA
708,shine,To emit light.,v02763740,shine,v02763740,492,"emit light; be bright, as of the sun or a light",same,1,NA
708,shine,To emit light.,v02763740,beam,n11428023,357,a column of light (as from a beacon),different,0,NA
679,bright,Emitting or reflecting light readily or in large amounts. [WN:679],a00278551,bright,a00278551,1268,emitting or reflecting light readily or in large amounts,same,1,NA
1613,color,"An attribute of things that results from the light they reflect, transmit, or emit in so far as this light causes a visual sensation that depends on its wavelengths.",n04956594,color,n04956594,3791,a visual attribute of things that results from the light they emit or transmit or reflect,same,1,NA
1613,color,"An attribute of things that results from the light they reflect, transmit, or emit in so far as this light causes a visual sensation that depends on its wavelengths.",n04956594,colouring,NA,NA,NA,different,0,NA
1613,color,"An attribute of things that results from the light they reflect, transmit, or emit in so far as this light causes a visual sensation that depends on its wavelengths.",n04956594,colour,n04956594,33,a visual attribute of things that results from the light they emit or transmit or reflect,same,1,NA
1613,color,"An attribute of things that results from the light they reflect, transmit, or emit in so far as this light causes a visual sensation that depends on its wavelengths.",n04956594,coloring,n04956594,42,a visual attribute of things that results from the light they emit or transmit or reflect,same,1,NA
250,light (color),(Of color) having a relatively small amount of color components.,a00269989,light,n11473954,3505,(physics) electromagnetic radiation that can produce a visual sensation,different,0,this concept will not be considered
706,dark,Having an absolute or (more often) relative lack of light.,a273082,dark,a00409440,2498,(used of color) having a dark hue,different,1,NA
1335,white,Bright and colourless; reflecting equal quantities of all frequencies of visible light.,a00393105,white,a00393105,6808,being of the achromatic color of maximum lightness; having little or no hue owing to reflection of almost all incident light,same,1,NA
163,black,Dark and colourless; not reflecting visible light.,a00392812,black,a00392812,6906,being of the achromatic color of maximum darkness; having little or no hue owing to absorption of almost all incident light,same,1,NA
156,red,Having red as its colour.,a00381097,scarlet,s00381097,118,of a color at the end of the color spectrum (next to orange); resembling the color of blood or cherries or tomatoes or rubies,different,0,NA
156,red,Having red as its colour.,a00381097,crimson,n04963588,109,a deep and vivid red color,different,0,NA
156,red,Having red as its colour.,a00381097,cerise,s00381097,2,of a color at the end of the color spectrum (next to orange); resembling the color of blood or cherries or tomatoes or rubies,different,0,NA
156,red,Having red as its colour.,a00381097,ruddy,s01172139,1,inclined to a healthy reddish color often associated with outdoor life,different,0,NA
156,red,Having red as its colour.,a00381097,cherry-red,NA,NA,NA,different,0,NA
156,red,Having red as its colour.,a00381097,ruby,n13372262,60,a transparent piece of ruby that has been cut and polished and is valued as a precious gem,different,0,NA
156,red,Having red as its colour.,a00381097,blood-red,NA,NA,NA,different,0,NA
156,red,Having red as its colour.,a00381097,reddish,s00381097,123,of a color at the end of the color spectrum (next to orange); resembling the color of blood or cherries or tomatoes or rubies,different,0,NA
156,red,Having red as its colour.,a00381097,ruby-red,NA,NA,NA,different,0,NA
156,red,Having red as its colour.,a00381097,carmine,n04963449,5,a variable color averaging a vivid red,different,0,NA
156,red,Having red as its colour.,a00381097,cherry,n07757132,242,a red fruit with a single hard stone,different,0,NA
156,red,Having red as its colour.,a00381097,red,s00381097,5220,of a color at the end of the color spectrum (next to orange); resembling the color of blood or cherries or tomatoes or rubies,different,1,NA
837,blue,"Having the pure color of a clear sky; the primary color between green and violet in the visible spectrum, an effect of light with a wavelength between 450 and 500 nm.",a00370869,bluish,s00370869,70,of the color intermediate between green and violet; having a color similar to that of a clear unclouded sky; - Helen Hunt Jackson,different,0,NA
837,blue,"Having the pure color of a clear sky; the primary color between green and violet in the visible spectrum, an effect of light with a wavelength between 450 and 500 nm.",a00370869,blueish,NA,NA,NA,different,0,NA
837,blue,"Having the pure color of a clear sky; the primary color between green and violet in the visible spectrum, an effect of light with a wavelength between 450 and 500 nm.",a00370869,blue,s00370869,4630,of the color intermediate between green and violet; having a color similar to that of a clear unclouded sky; - Helen Hunt Jackson,different,1,NA
1425,green,"Having green as its colour; having the hue of that portion of the visible spectrum lying between yellow and blue, evoked in the human observer by radiant energy with wavelengths of approximately 490 to 570 nanometers.",a00375969,dark-green,NA,NA,NA,different,0,NA
1425,green,"Having green as its colour; having the hue of that portion of the visible spectrum lying between yellow and blue, evoked in the human observer by radiant energy with wavelengths of approximately 490 to 570 nanometers.",a00375969,green,s00375969,3642,of the color between blue and yellow in the color spectrum; similar to the color of fresh grass,different,1,NA
1425,green,"Having green as its colour; having the hue of that portion of the visible spectrum lying between yellow and blue, evoked in the human observer by radiant energy with wavelengths of approximately 490 to 570 nanometers.",a00375969,greenish,s00375969,61,of the color between blue and yellow in the color spectrum; similar to the color of fresh grass,different,0,NA
1425,green,"Having green as its colour; having the hue of that portion of the visible spectrum lying between yellow and blue, evoked in the human observer by radiant energy with wavelengths of approximately 490 to 570 nanometers.",a00375969,light-green,NA,NA,NA,different,0,NA
1424,yellow,"Having the colour of a yolk, a lemon or gold.",a00385756,yellow,s00385756,2038,of the color intermediate between green and orange in the color spectrum; of something resembling the color of an egg yolk,different,1,NA
1424,yellow,"Having the colour of a yolk, a lemon or gold.",a00385756,xanthous,NA,NA,NA,different,0,NA
1424,yellow,"Having the colour of a yolk, a lemon or gold.",a00385756,yellowish,s00385756,43,of the color intermediate between green and orange in the color spectrum; of something resembling the color of an egg yolk,different,0,NA
1892,touch,To be in physical contact with.,v01206218,touch,v01206218,2639,"make physical contact with, come in contact with",same,1,NA
378,pinch,"To squeeze a small amount of a person's skin and flesh, making it hurt.",v01456771,squeeze,v01447868,493,press firmly,different,0,NA
378,pinch,"To squeeze a small amount of a person's skin and flesh, making it hurt.",v01456771,twinge,n07494972,73,a sudden sharp feeling,different,0,NA
378,pinch,"To squeeze a small amount of a person's skin and flesh, making it hurt.",v01456771,twitch,v00009631,253,"make an uncontrolled, short, jerky motion",different,0,NA
378,pinch,"To squeeze a small amount of a person's skin and flesh, making it hurt.",v01456771,pinch,v01456771,280,squeeze tightly between the fingers,same,1,NA
378,pinch,"To squeeze a small amount of a person's skin and flesh, making it hurt.",v01456771,tweet,n07399027,12,a weak chirping sound as of a small bird,different,0,NA
378,pinch,"To squeeze a small amount of a person's skin and flesh, making it hurt.",v01456771,nip,v01446569,38,give a small sharp bite to,different,0,NA
1079,feel,To be in some emotional state.,v1771535,experience,n05758059,1902,the accumulation of knowledge or skill that results from direct participation in events or activities,different,0,NA
1079,feel,To be in some emotional state.,v1771535,feel,v01771535,8579,undergo an emotional sensation or be in a particular state of mind,different,1,NA
1884,hard,Resistant to pressure.,a01150915,hard,a00744916,4047,not easy; requiring great physical or mental effort to accomplish or comprehend or endure,different,0,?
1856,soft,"A state of consistency allowing alterations of form with ease, no big force required, to bring things into something of this state (such as e.g. soaked loam or clay soil).",a01152746,soft,a01152746,1341,yielding readily to pressure or weight,same,1,NA
1923,rough,Having a texture that has much friction. Not smooth.,a02238462,unsmooth,NA,NA,NA,different,0,NA
1923,rough,Having a texture that has much friction. Not smooth.,a02238462,rough,a02238462,452,having or caused by an irregular surface,same,1,NA
1234,smooth,Not rough; having a surface texture that lacks friction.,a02236842,smooth,a02236842,979,having a surface free from roughness or bumps or ridges or irregularities,same,1,NA
1396,sharp,Having the ability to cut easily.,a00800826,sharp,s00780352,608,(of something seen or heard) clearly defined,different,1,?
379,blunt,"Having a thick edge or point, as an instrument; not sharp.",a00800464,blunt,s00764484,60,characterized by directness in manner or speech; without subtlety or evasion,different,1,?
1210,heavy,"Of a physical object, having great weight.",a01184932,heavy,a01184932,1959,of comparatively great physical weight or density,same,1,NA
1052,light (weight),"With a small mass, little weight or density; the opposite of heavy.",a01186408,light,n11473954,3505,(physics) electromagnetic radiation that can produce a visual sensation,different,0,this concept will not be considered
1726,wet,Covered with or impregnated with liquid.,a02547317,wet,a02547317,1376,covered or soaked with a liquid such as water,same,1,NA
1398,dry,(Almost) free from liquid or moisture.,a02551380,dry,a02551380,1651,free from liquid or moisture; lacking natural or normal moisture or depleted of water; or no longer wet,same,1,NA
1286,hot,Having a very high temperature.,a01247240,hot,a01247240,3265,used of physical heat; having a high or higher than desirable temperature or giving off heat or feeling or causing a sensation of heat or burning,same,1,NA
1232,warm,"Having a temperature slightly higher than usual, still pleasant.",a02529264,warm,a02529264,2279,having or producing a comfortable and agreeable degree of heat or imparting or maintaining heat,same,1,NA
1287,cold,Having a low temperature.,a01251128,cold,a01251128,3077,having a low or inadequate temperature or feeling a sensation of coldness or having been made cold by e.g. ice or refrigeration,same,1,NA
704,clean,Not dirty.,a00417413,clean,a00417413,1255,free from dirt or impurities; or having clean habits,same,1,NA
1230,dirty,Covered with or containing unpleasant substances such as dirt or grime.,a00419289,unclean,a00419289,12,soiled or likely to soil with dirt or grime,same,1,NA
1230,dirty,Covered with or containing unpleasant substances such as dirt or grime.,a00419289,soiled,a00419289,38,soiled or likely to soil with dirt or grime,same,1,NA
1230,dirty,Covered with or containing unpleasant substances such as dirt or grime.,a00419289,dirty,a00419289,641,soiled or likely to soil with dirt or grime,same,1,NA
380,wrinkled,"Uneven, with many furrows and prominent points, often in reference to the skin or hide of animals.",a01360413,wrinkly,a01360413,1,marked by wrinkles,same,1,NA
380,wrinkled,"Uneven, with many furrows and prominent points, often in reference to the skin or hide of animals.",a01360413,wrinkled,a01360413,6,marked by wrinkles,same,1,NA
811,soul,In philosophical or religious belief the immaterial part of a human being.,n10627082,psyche,n05611302,122,that which is responsible for one's thoughts and feelings; the seat of the faculty of reason,different,0,NA
811,soul,In philosophical or religious belief the immaterial part of a human being.,n10627082,soul,n10627082,1231,the immaterial part of a person; the actuating cause of an individual life,same,1,NA
1572,surprised,Feeling that something unexpected has happened.,a02357810,stunned,s02357810,344,filled with the emotional impact of overwhelming surprise or shock,different,1,NA
1572,surprised,Feeling that something unexpected has happened.,a02357810,amazed,s02357810,260,filled with the emotional impact of overwhelming surprise or shock,different,1,NA
1572,surprised,Feeling that something unexpected has happened.,a02357810,astounded,s02357810,29,filled with the emotional impact of overwhelming surprise or shock,different,1,NA
1572,surprised,Feeling that something unexpected has happened.,a02357810,astonished,s02357810,36,filled with the emotional impact of overwhelming surprise or shock,different,1,NA
1572,surprised,Feeling that something unexpected has happened.,a02357810,astonied,NA,NA,NA,different,0,NA
720,good luck,Something positive that happens to someone by chance.,n14473655,luckiness,NA,NA,NA,different,1,NA
56,bad luck,An undesirable event such as an accident.,n14475405,misfortune,n14475405,45,an unfortunate state resulting from unfavorable outcomes,same,1,NA
1495,happy,"Having a feeling of satisfaction, enjoyment or well-being, often arising from a positive situation or set of circumstances.",a01148283,happy,a01148283,3429,enjoying or showing or marked by joy or pleasure,same,1,NA
1355,laugh,"To express pleasure, mirth or derision by peculiar movement of the muscles of the face, particularly of the mouth, causing a lighting up of the face and eyes, and usually accompanied by the emission of explosive or chuckling sounds from the chest and throat.",v00031820,laugh,v00031820,4816,produce laughter,same,1,NA
1451,smile,"To make an upwards movement of the sides of the mouth, that indicates happiness or satisfaction.",v00028565,smile,v00028565,5674,"change one's facial expression by spreading the lips, often to signal pleasure",same,1,NA
1413,play,To act in a manner such that one has fun; to engage in playful activities expressly for the purpose of recreation.,v02418686,play,v01072949,4764,participate in games or sport,different,1,NA
923,love,To have an intense feeling of affection and care towards another person.,v01775535,love,v01775164,4188,have a great affection or liking for,different,1,NA
578,kiss,To touch with the lips to express love or affection.,v01431230,osculate,NA,NA,NA,different,0,NA
578,kiss,To touch with the lips to express love or affection.,v01431230,kiss,v01431230,2013,"touch with the lips or press the lips (against someone's mouth or other body part) as an expression of love, greeting, etc.",same,1,NA
578,kiss,To touch with the lips to express love or affection.,v01431230,snog,v01431230,11,"touch with the lips or press the lips (against someone's mouth or other body part) as an expression of love, greeting, etc.",same,1,NA
578,kiss,To touch with the lips to express love or affection.,v01431230,buss,v01950128,4,send or move around by bus,different,0,NA
928,embrace,To squeeze someone in one's arms.,v01424456,bosom,n05553486,77,a person's breast or chest,different,0,NA
928,embrace,To squeeze someone in one's arms.,v01424456,embrace,v00601822,519,"take up the cause, ideology, practice, method, of someone and use it as one's own",different,0,NA
928,embrace,To squeeze someone in one's arms.,v01424456,hug,v01424456,587,"squeeze (someone) tightly in your arms, usually with fondness",same,1,NA
928,embrace,To squeeze someone in one's arms.,v01424456,squeeze,v01447868,493,press firmly,different,0,NA
1783,pain,"An unpleasant, usually localised physical sensation that is often the result of an injury, disease or other ailment.",n05724694,pain,n14322699,1338,a symptom of some physical hurt or disorder,different,1,NA
1668,grief,"Mental suffering or pain caused by injury, loss, or despair.",n05833683,grief,n07535010,503,intense sorrow caused by loss of a loved one (especially by death),different,1,NA
1668,grief,"Mental suffering or pain caused by injury, loss, or despair.",n05833683,sorrow,n07534430,222,an emotion of great sadness associated with loss or bereavement,different,1,NA
1000,anxiety,"An unpleasant complex combination of emotions that includes fear, apprehension and worry, and is often accompanied by physical sensations such as palpitations, nausea, chest pain and/or shortness of breath.",n07523905,anxiety,n14374432,545,"(psychiatry) a relatively permanent state of worry and nervousness occurring in a variety of mental disorders, usually accompanied by compulsive behavior or attacks of panic",different,1,NA
1875,regret,To wish that a past event had not happened.,v01796582,rue,v01796582,16,feel remorse for; feel sorry for; be contrite about,same,1,NA
1875,regret,To wish that a past event had not happened.,v01796582,repent,v01796582,40,feel remorse for; feel sorry for; be contrite about,same,1,NA
1875,regret,To wish that a past event had not happened.,v01796582,regret,v01796582,378,feel remorse for; feel sorry for; be contrite about,same,1,NA
1141,pity,"Deep awareness of the suffering of another, coupled with the wish to relieve it.",n07553964,pathos,n05211254,17,a quality that arouses emotions (especially pity or sorrow),different,0,NA
1141,pity,"Deep awareness of the suffering of another, coupled with the wish to relieve it.",n07553964,commiseration,n07553964,8,a feeling of sympathy and sorrow for the misfortunes of others,same,1,NA
1141,pity,"Deep awareness of the suffering of another, coupled with the wish to relieve it.",n07553964,pity,n07553964,246,a feeling of sympathy and sorrow for the misfortunes of others,same,1,NA
1141,pity,"Deep awareness of the suffering of another, coupled with the wish to relieve it.",n07553964,ruth,n07553964,3,a feeling of sympathy and sorrow for the misfortunes of others,same,1,NA
1839,cry,To shed tears due to the impact of an emotion.,v00066191,cry,v00066191,2142,"shed tears because of sadness, rage, or pain",same,1,NA
1839,cry,To shed tears due to the impact of an emotion.,v00066191,weep,v00066191,529,"shed tears because of sadness, rage, or pain",same,1,NA
1651,tear (of eye),A drop of liquid produced from the eyes by crying or irritation.,n05405324,teardrop,n13901925,20,anything shaped like a falling drop (as a pendant gem on an earring),different,0,NA
1651,tear (of eye),A drop of liquid produced from the eyes by crying or irritation.,n05405324,tear,n05405324,1859,a drop of the clear salty saline solution secreted by the lacrimal glands,same,1,NA
716,groan,"To utter a low, guttural sound of frustration.",v01045419,groan,v01045419,365,"indicate pain, discomfort, or displeasure",same,1,NA
716,groan,"To utter a low, guttural sound of frustration.",v01045419,moan,v01045419,337,"indicate pain, discomfort, or displeasure",same,1,NA
1607,hate,To dislike intensely; to feel strong hostility towards.,v01774136,hate,v01774136,2603,dislike intensely; feel antipathy or aversion towards,same,1,NA
1607,hate,To dislike intensely; to feel strong hostility towards.,v01774136,detest,v01774136,51,dislike intensely; feel antipathy or aversion towards,same,1,NA
82,anger,Belligerence aroused by a real or supposed wrong (personified as one of the deadly sins).,n14036539,angriness,NA,NA,NA,different,0,NA
82,anger,Belligerence aroused by a real or supposed wrong (personified as one of the deadly sins).,n14036539,anger,n07516354,1081,a strong emotion; a feeling that is oriented toward some real or supposed grievance,different,1,NA
40,envy,"A feeling of discontent or covetousness with regard to another's advantages, success, possessions, etc.",n07550079,jealousy,n07550079,115,a feeling of jealous envy (especially of a rival),same,1,NA
1776,shame,"The consciousness or awareness of dishonor, disgrace, or condemnation.",n07506569,shame,n07506569,269,a painful emotion resulting from an awareness of inadequacy or guilt,same,1,NA
174,proud,"Feeling greatly pleased, or satisfied by something or someone that is highly honorable or creditable to oneself.",a01889256,proud,a01889256,1146,feeling self-respect or pleasure in something by which you measure your self-worth; or being a reason for pride,same,1,NA
1779,dare,To have enough courage (to do something).,v02545045,dare,v02374924,590,"take upon oneself; act presumptuously, without permission",different,1,NA
3,brave,Having or characterized by courage.,a00262792,courageous,a00262792,87,possessing or displaying courage; able to face and deal with danger or fear without flinching; - Herman Melville; - William Wordsworth,same,1,NA
3,brave,Having or characterized by courage.,a00262792,brave,a00262792,489,possessing or displaying courage; able to face and deal with danger or fear without flinching; - Herman Melville; - William Wordsworth,same,1,NA
781,fear (fright),An emotion experienced in anticipation of some specific pain or danger.,n07519253,fearfulness,NA,NA,NA,different,0,NA
781,fear (fright),An emotion experienced in anticipation of some specific pain or danger.,n07519253,fright,n07519253,24,an emotion experienced in anticipation of some specific pain or danger (usually accompanied by a desire to flee or fight),same,1,NA
781,fear (fright),An emotion experienced in anticipation of some specific pain or danger.,n07519253,fear,n07519253,2466,an emotion experienced in anticipation of some specific pain or danger (usually accompanied by a desire to flee or fight),same,1,NA
1810,danger,A situation that constitutes an immediate risk for injury on a person or property.,n14540765,danger,n14540765,579,the condition of being susceptible to harm or injury,same,1,NA
1784,want,To want to do something or to wish for something to happen.,v01825237,desire,n07484265,1119,the feeling that accompanies an unsatisfied state,different,0,NA
1784,want,To want to do something or to wish for something to happen.,v01825237,want,v01825237,31644,feel or have a desire for; want strongly,same,1,NA
1750,choose,To make a choice from a number of alternatives.,v00674607,take,v02599636,5343,carry out,different,0,NA
1750,choose,To make a choice from a number of alternatives.,v00674607,choose,v00674607,2774,"pick out, select, or choose from a number of alternatives",same,1,NA
1750,choose,To make a choice from a number of alternatives.,v00674607,select,v00674607,945,"pick out, select, or choose from a number of alternatives",same,1,NA
100,faithful,Steadfast in affection.,a00958880,faithful,a00958880,221,steadfast in affection or allegiance,same,1,NA
1657,TRUE,Concurring with a given set of facts.,a02460502,TRUE,a02460502,3894,consistent with fact or reality; not false; ; - B. Russell,same,1,NA
601,lie (mislead),To knowingly say something that is untrue.,v00834259,lie,v02690708,1923,be located or situated somewhere; occupy a certain position,different,0,NA
13,deceit,The act or practice of deceiving.,n00752431,dissembling,n00752431,5,the act of deceiving,same,1,NA
13,deceit,The act or practice of deceiving.,n00752431,deception,n00752431,118,the act of deceiving,same,1,NA
13,deceit,The act or practice of deceiving.,n00752431,dissimulation,n00752431,2,the act of deceiving,same,1,NA
13,deceit,The act or practice of deceiving.,n00752431,deceit,n00752431,30,the act of deceiving,same,1,NA
1528,forgive,To stop blaming someone for an offense.,v00903385,forgive,v00903385,603,stop blaming or grant forgiveness,same,1,NA
1035,good,Having desired or positive qualities.,a01123148,good,a01123148,24273,having desirable or positive qualities especially those suitable for a thing specified,same,1,NA
1292,bad,Not good; unfavorable; negative.,a01125429,bad,a01125429,8566,having undesirable or negative qualities,same,1,NA
1725,correct (right),To be in accordance with expectations.,r00203922,right,a00631391,3848,free from error; especially conforming to fact or truth,different,1,NA
1725,correct (right),To be in accordance with expectations.,r00203922,correctly,r00203922,288,in an accurate manner,same,1,NA
1725,correct (right),To be in accordance with expectations.,r00203922,aright,r00203922,1,in an accurate manner,same,1,NA
1390,wrong,Not correct.,a00023854,faulty,s00023854,75,"characterized by errors; not agreeing with a model or not following established rules; ; ; the wrong side of the road""",different,1,NA
1390,wrong,Not correct.,a00023854,incorrect,a00632438,76,not correct; not in conformity with fact or truth,different,1,NA
1390,wrong,Not correct.,a00023854,wrong,a00632438,1637,not correct; not in conformity with fact or truth,different,1,NA
134,fault,Responsibility for a wrong act done deliberately or a good act omitted deliberately.,n04669692,fault,n04669692,686,responsibility for a bad situation or event,same,1,NA
1293,mistake,"A mistake, an oversight, a slight; usually apologetic, referring to one's own failures.",n00070965,mistake,n00070965,1505,a wrong action attributable to bad judgment or ignorance or inattention,same,1,NA
1293,mistake,"A mistake, an oversight, a slight; usually apologetic, referring to one's own failures.",n00070965,fault,n04669692,686,responsibility for a bad situation or event,different,0,NA
1293,mistake,"A mistake, an oversight, a slight; usually apologetic, referring to one's own failures.",n00070965,error,n00070965,391,a wrong action attributable to bad judgment or ignorance or inattention,same,1,NA
381,blame,Accusation for something negative or undesirable.,n07237758,incrimination,n07237758,9,an accusation that you are responsible for some lapse or misdeed,same,1,NA
381,blame,Accusation for something negative or undesirable.,n07237758,inculpation,NA,NA,NA,different,0,NA
381,blame,Accusation for something negative or undesirable.,n07237758,blame,v00842538,769,put or pin the blame on,different,1,NA
1687,praise,The act of expressing approval or admiration; commendation; laudation.,n06693198,extolment,NA,NA,NA,different,0,NA
1687,praise,The act of expressing approval or admiration; commendation; laudation.,n06693198,praise,v00856824,379,express approval of,different,1,NA
1687,praise,The act of expressing approval or admiration; commendation; laudation.,n06693198,kudos,NA,NA,NA,different,0,NA
1687,praise,The act of expressing approval or admiration; commendation; laudation.,n06693198,congratulations,NA,NA,NA,different,0,NA
1427,beautiful,"Having nice or positive properties (specifically with regard to the senses, and most commonly, that of sight).",a00217728,beautiful,a00217728,3326,delighting the senses or exciting intellectual or emotional admiration,same,1,NA
1548,ugly,Not good looking.,a00220956,ugly,a00220956,765,displeasing to the senses,same,1,NA
2018,greedy,"Excessively desirous of money, wealth or possessions.",a00029933,prehensile,a00128882,8,adapted for grasping especially by wrapping around an object,different,0,NA
2018,greedy,"Excessively desirous of money, wealth or possessions.",a00029933,grabby,s00029933,4,immoderately desirous of acquiring e.g. wealth,different,0,NA
2018,greedy,"Excessively desirous of money, wealth or possessions.",a00029933,covetous,s00888765,3,showing extreme cupidity; painfully desirous of another's advantages,different,0,NA
2018,greedy,"Excessively desirous of money, wealth or possessions.",a00029933,avaricious,s00029933,4,immoderately desirous of acquiring e.g. wealth,different,0,NA
2018,greedy,"Excessively desirous of money, wealth or possessions.",a00029933,greedy,s00029933,121,immoderately desirous of acquiring e.g. wealth,different,1,NA
2018,greedy,"Excessively desirous of money, wealth or possessions.",a00029933,grasping,n00812274,9,the act of gripping something firmly with the hands (or the tentacles),different,0,NA
1310,clever,Mentally agile.,a01334958,clever,s00439252,214,showing self-interest and shrewdness in dealing with others,different,1,NA
1310,clever,Mentally agile.,a01334958,apt,s01292411,57,(usually followed by `to') naturally disposed toward,different,0,NA
1562,mind,The ability for rational thought.,n05611302,psyche,n05611302,122,that which is responsible for one's thoughts and feelings; the seat of the faculty of reason,same,1,NA
1562,mind,The ability for rational thought.,n05611302,mind,n05611302,5155,that which is responsible for one's thoughts and feelings; the seat of the faculty of reason,same,1,NA
1562,mind,The ability for rational thought.,n05611302,head,n05538625,14052,the upper part of the human body or the front part of the body in animals; contains the face and brains,different,0,NA
1562,mind,The ability for rational thought.,n05611302,brain,n05481095,1854,that part of the central nervous system that includes all the higher nervous centers; enclosed within the skull; continuous with the spinal cord,different,0,NA
1562,mind,The ability for rational thought.,n05611302,nous,NA,NA,NA,different,0,NA
1415,think (reflect),"To actively and consciously use one's mental powers, usually to form ideas.",v00628491,think,v00689344,15256,judge or regard; look upon; judge,different,1,NA
1415,think (reflect),"To actively and consciously use one's mental powers, usually to form ideas.",v00628491,cogitate,v00703512,2,consider carefully and deeply; reflect upon; turn over in one's mind,different,0,NA
1415,think (reflect),"To actively and consciously use one's mental powers, usually to form ideas.",v00628491,cerebrate,NA,NA,NA,different,0,NA
1513,think (believe),"To have as opinion, belief, or idea.",v00631737,suppose,v00631737,3589,"expect, believe, or suppose",same,1,NA
1513,think (believe),"To have as opinion, belief, or idea.",v00631737,guess,v00631737,2069,"expect, believe, or suppose",same,1,NA
1513,think (believe),"To have as opinion, belief, or idea.",v00631737,opine,v01027668,26,express one's opinion openly and without fear or hesitation,different,0,NA
1513,think (believe),"To have as opinion, belief, or idea.",v00631737,imagine,v01636397,3166,form a mental image of something that is not present or that is not the case,different,0,NA
1513,think (believe),"To have as opinion, belief, or idea.",v00631737,think,v00689344,15256,judge or regard; look upon; judge,different,0,NA
1513,think (believe),"To have as opinion, belief, or idea.",v00631737,reckon,v00631737,140,"expect, believe, or suppose",same,1,NA
1890,believe,To be confident about something.,v00683280,believe,v00683280,5442,accept as true; take to be true,same,1,NA
1536,understand,To be aware of the meaning of.,v00588888,understand,v00588888,5154,know and comprehend the nature or meaning of,same,1,NA
1410,know (something),To be sure about something or be acquainted with something.,v00594621,cognize,v00594621,1,be cognizant or aware of a fact or a specific piece of information; possess knowledge or information about,same,1,NA
1410,know (something),To be sure about something or be acquainted with something.,v00594621,know,v00594621,36019,be cognizant or aware of a fact or a specific piece of information; possess knowledge or information about,same,1,NA
1410,know (something),To be sure about something or be acquainted with something.,v00594621,cognise,NA,NA,NA,different,0,NA
1932,guess,"To suppose, to estimate or to make a surmise.",v00672433,approximate,s00915976,43,not quite exact or correct,different,0,NA
1932,guess,"To suppose, to estimate or to make a surmise.",v00672433,guess,v00631737,2069,"expect, believe, or suppose",different,1,NA
1932,guess,"To suppose, to estimate or to make a surmise.",v00672433,estimate,v00672433,981,judge tentatively or form an estimate of (quantities or time),same,0,NA
1932,guess,"To suppose, to estimate or to make a surmise.",v00672433,judge,n10225219,1125,a public official authorized to decide questions brought before a court of justice,different,0,NA
1932,guess,"To suppose, to estimate or to make a surmise.",v00672433,gauge,v00672433,116,judge tentatively or form an estimate of (quantities or time),same,0,NA
117,imitate,To follow as a model or a pattern.,v01742886,copy,n03104594,799,a thing made to be similar or identical to another thing,different,0,NA
117,imitate,To follow as a model or a pattern.,v01742886,imitate,v01742886,133,reproduce someone's behavior or looks,same,1,NA
117,imitate,To follow as a model or a pattern.,v01742886,simulate,v01722980,59,create a representation or model of,different,0,NA
1521,seem,To have a given outward appearance.,v02133435,appear,v02133435,2503,give a certain impression or have a certain outward aspect,same,1,NA
1521,seem,To have a given outward appearance.,v02133435,seem,v02133435,13856,give a certain impression or have a certain outward aspect,same,1,NA
1521,seem,To have a given outward appearance.,v02133435,look,v02130524,24782,perceive with attention; direct one's gaze towards,different,0,NA
1609,idea,A plan or notion that is formed and exists in the mind as a result of mental activity.,n05833840,thought,n05833840,2861,the content of cognition; the main thing you are thinking about,same,1,NA
1609,idea,A plan or notion that is formed and exists in the mind as a result of mental activity.,n05833840,idea,n05833840,6324,the content of cognition; the main thing you are thinking about,same,1,NA
698,wise,Showing good judgement or the benefit of experience.,a02569130,wise,a02569130,606,having or prompted by wisdom or discernment,same,1,NA
1518,stupid,Lacking in intelligence.,a00439588,stupid,a00439588,1327,lacking or marked by lack of intellectual acuity,same,1,NA
1899,mad,Mentally ill.,a02075321,disturbed,s02457167,44,afflicted with or marked by anxious uneasiness or trouble or grief,different,0,NA
1899,mad,Mentally ill.,a02075321,brainsick,NA,NA,NA,different,0,NA
1899,mad,Mentally ill.,a02075321,sick,a02541302,1073,affected by an impairment of normal physical or mental function,different,0,NA
1899,mad,Mentally ill.,a02075321,demented,s02075321,14,affected with madness or insanity,different,1,NA
1899,mad,Mentally ill.,a02075321,unbalanced,a00894757,47,being or thrown out of equilibrium,different,0,NA
1899,mad,Mentally ill.,a02075321,unhinged,s02075321,10,affected with madness or insanity,different,1,NA
1899,mad,Mentally ill.,a02075321,mad,s00115193,577,roused to anger; - Mark Twain,different,0,NA
1899,mad,Mentally ill.,a02075321,crazy,s02075321,919,affected with madness or insanity,different,1,NA
504,learn,"To acquire, or attempt to acquire knowledge or an ability to do something.",v00597915,learn,v00597915,5236,gain knowledge or skills,same,1,NA
504,learn,"To acquire, or attempt to acquire knowledge or an ability to do something.",v00597915,larn,NA,NA,NA,different,0,NA
504,learn,"To acquire, or attempt to acquire knowledge or an ability to do something.",v00597915,acquire,v02210855,668,come into the possession of something concrete or abstract,different,0,NA
1929,study,To follow a course of study; to be enrolled at an institute of learning.,v00607114,study,n00644503,3607,a detailed critical inspection,different,1,NA
709,teach,To pass on knowledge and skills.,v00829107,learn,v00597915,5236,gain knowledge or skills,different,0,NA
709,teach,To pass on knowledge and skills.,v00829107,teach,v00829107,3532,impart skills or knowledge to,same,1,NA
709,teach,To pass on knowledge and skills.,v00829107,instruct,v00749963,313,give instructions or directions for some task,different,0,NA
753,pupil (student),A student under the supervision of a teacher or professor.,n10665698,student,n10665698,8241,a learner who is enrolled in an educational institution,same,1,NA
753,pupil (student),A student under the supervision of a teacher or professor.,n10665698,pupil,n10665698,104,a learner who is enrolled in an educational institution,same,1,NA
753,pupil (student),A student under the supervision of a teacher or professor.,n10665698,educatee,NA,NA,NA,different,0,NA
1038,teacher,"A person who passes on knowledge, especially one employed in a school.",n10694258,teacher,n10694258,3937,a person whose occupation is teaching,same,1,NA
1038,teacher,"A person who passes on knowledge, especially one employed in a school.",n10694258,instructor,n10694258,381,a person whose occupation is teaching,same,0,NA
673,school,An institution or building at which children and young people receive education.,n8276720,school,n08276720,11678,an educational institution,different,1,NA
707,remember,To recall from memory.,v00607780,remember,v00607780,6610,recall knowledge from memory; have a recollection,same,1,NA
707,remember,To recall from memory.,v00607780,retrieve,v02247977,388,get or find back; recover the use of,different,0,NA
707,remember,To recall from memory.,v00607780,recollect,v00607780,31,recall knowledge from memory; have a recollection,same,1,NA
707,remember,To recall from memory.,v00607780,think,v00689344,15256,judge or regard; look upon; judge,different,0,NA
707,remember,To recall from memory.,v00607780,recall,v00607780,2044,recall knowledge from memory; have a recollection,same,1,NA
1523,forget,To lose memory of something.,v00609100,forget,v00610167,2500,dismiss from the mind; stop remembering,different,1,NA
1523,forget,To lose memory of something.,v00609100,block,n08642145,1063,a rectangular area in a city surrounded by streets and usually containing several buildings,different,0,NA
989,clear,Free of ambiguity or doubt.,a00428404,clear,a00428404,2494,readily apparent to the mind,same,1,NA
1764,obscure,"Known vaguely or incompletely, if at all.",a00431004,vague,s00431004,319,not clearly understood or expressed; ; -Anatole Broyard; - P.A.Sorokin; - John Locke,different,1,NA
1764,obscure,"Known vaguely or incompletely, if at all.",a00431004,obscure,v02157731,180,make less visible or unclear,different,1,NA
1121,secret,Being or kept hidden from public perception.,a02090069,secret,n06673142,1328,something that should remain hidden from others (especially information that is not to be passed on),different,1,NA
509,certain,Without any doubt or possibility of deviation.,a00335421,certain,s00700884,2315,definite but not specified or identified,different,1,NA
1626,explain,"To inform about the reason for something, how something works, or how to do something.",v00939277,explicate,v00939277,12,make plain and comprehensible,same,1,NA
1626,explain,"To inform about the reason for something, how something works, or how to do something.",v00939277,explain,v00939277,4391,make plain and comprehensible,same,1,NA
1162,intention,An anticipated outcome that is intended to obtain or that guides your planned actions.,n00163233,intention,n05982152,572,an anticipated outcome that is intended or that guides your planned actions,different,1,NA
860,cause,That which brings about any condition or produces any effect.,n07326557,cause,v01645601,2888,"give rise to; cause to happen or occur, not always intentionally",different,1,NA
1308,doubt,Uncertainty about the truth or accuracy of a matter.,n05698247,dubiety,NA,NA,NA,different,0,NA
1308,doubt,Uncertainty about the truth or accuracy of a matter.,n05698247,dubiousness,n04757522,1,uncertainty about the truth or factuality or existence of something,different,1,NA
1308,doubt,Uncertainty about the truth or accuracy of a matter.,n05698247,incertitude,n05698247,1,the state of being unsure of something,same,1,NA
1308,doubt,Uncertainty about the truth or accuracy of a matter.,n05698247,doubt,n05698247,765,the state of being unsure of something,same,1,NA
1308,doubt,Uncertainty about the truth or accuracy of a matter.,n05698247,uncertainty,n04756887,199,being unsettled or in doubt or dependent on chance,different,1,NA
1308,doubt,Uncertainty about the truth or accuracy of a matter.,n05698247,doubtfulness,n05698247,1,the state of being unsure of something,same,1,NA
1841,suspect,To assume something to be true without direct evidence.,v00921072,surmise,v00689205,53,infer from incomplete evidence,different,0,NA
1841,suspect,To assume something to be true without direct evidence.,v00921072,suspect,v00921072,898,imagine to be the case or true or probable,same,1,NA
1902,betray,To harm someone or hurt their feelings by violating their trust or being disloyal to them.,v01799235,fail,v02529284,1245,fail to do something; leave something undone,different,0,NA
1902,betray,To harm someone or hurt their feelings by violating their trust or being disloyal to them.,v01799235,betray,v02537407,179,deliver to an enemy by treachery,different,1,NA
643,need (noun),The fact or an instance of feeling the lack of something.,n9367991,want,v01825237,31644,feel or have a desire for; want strongly,different,0,this concept will not be considered
643,need (noun),The fact or an instance of feeling the lack of something.,n9367991,need,v01188725,12635,have need of,different,0,NA
686,easy,Requiring little skill or effort; posing no difficulty.,a749230,easy,a00749230,4979,posing no difficulty; requiring little effort,different,1,NA
584,difficult,"Not easy, which needs hard work, patience and effort of either the physical or mental kind.",a00744916,hard,a00744916,4047,not easy; requiring great physical or mental effort to accomplish or comprehend or endure,same,1,NA
584,difficult,"Not easy, which needs hard work, patience and effort of either the physical or mental kind.",a00744916,difficult,a00744916,2671,not easy; requiring great physical or mental effort to accomplish or comprehend or endure,same,1,NA
1812,try,To attempt to do something.,v02530167,assay,n00791527,20,a quantitative or qualitative test of a substance (especially an ore or a drug) to determine its components; frequently used to test for the presence or concentration of infectious agents or antibodies etc.,different,0,NA
1812,try,To attempt to do something.,v02530167,try,v02530167,17811,make an effort or attempt,same,1,NA
1812,try,To attempt to do something.,v02530167,seek,v02240481,1242,try to get or reach,different,0,NA
1812,try,To attempt to do something.,v02530167,attempt,n00786195,1305,earnest and conscientious activity intended to do or accomplish something,different,1,NA
1812,try,To attempt to do something.,v02530167,essay,n06409562,461,an analytic or interpretive literary composition,different,0,NA
488,manner,Way of performing or effecting anything.,n04928903,fashion,n05750657,731,the latest and most admired style in clothes and cosmetics and behavior,different,0,NA
488,manner,Way of performing or effecting anything.,n04928903,way,n04928903,11047,how something is done or how it happens,same,1,?
488,manner,Way of performing or effecting anything.,n04928903,mode,n04928903,387,how something is done or how it happens,same,0,NA
488,manner,Way of performing or effecting anything.,n04928903,manner,n04928903,674,how something is done or how it happens,same,1,?
488,manner,Way of performing or effecting anything.,n04928903,style,n04928903,1474,how something is done or how it happens,same,0,NA
1577,and,Used to connect two homogeneous words or phrases.,n.a.,NA,NA,NA,NA,different,1,NA
1157,because,Conjunction initiating a causal phrase.,n.a.,NA,NA,NA,NA,different,1,NA
1459,if,[The introduction of a condition or decision.],n.a.,NA,NA,NA,NA,different,1,NA
1014,or,[Conjunction that indicates an alternative.],n.a.,NA,NA,NA,NA,different,1,NA
1268,yes,A word used to show agreement or affirmation of something.,n7203900,yes,n07203900,31,an affirmative,different,1,NA
1269,no,A word used to show disagreement of something.,r00024356,no,r00050681,5368,referring to the degree to which a certain quality is present,different,1,NA
1239,how,In what way?,n.a.,NA,NA,NA,NA,different,1,NA
1236,what,Which thing.,n.a.,NA,NA,NA,NA,different,1,NA
1238,when,At what time?,n.a.,NA,NA,NA,NA,different,1,NA
1237,where,At what place?,n.a.,NA,NA,NA,NA,different,1,NA
727,which,What one or ones (of those mentioned or implied).,n.a.,NA,NA,NA,NA,different,1,NA
1235,who,What person or people; which person or people.,n.a.,NA,NA,NA,NA,different,1,NA
1270,why,For what reason.,n.a.,NA,NA,NA,NA,different,1,NA
1363,voice,The sound and tones human beings are able to produce with the vocal cords.,n07110615,phonation,n07110615,1,the sound made by the vibration of vocal folds modified by the resonance of the vocal tract,same,0,NA
1363,voice,The sound and tones human beings are able to produce with the vocal cords.,n07110615,vocalism,NA,NA,NA,different,0,NA
1363,voice,The sound and tones human beings are able to produce with the vocal cords.,n07110615,vocalization,n07110615,7,the sound made by the vibration of vocal folds modified by the resonance of the vocal tract,same,0,NA
1363,voice,The sound and tones human beings are able to produce with the vocal cords.,n07110615,vox,n07110615,4,the sound made by the vibration of vocal folds modified by the resonance of the vocal tract,same,0,NA
1363,voice,The sound and tones human beings are able to produce with the vocal cords.,n07110615,vocalisation,n07110615,1,the sound made by the vibration of vocal folds modified by the resonance of the vocal tract,same,0,NA
1363,voice,The sound and tones human beings are able to produce with the vocal cords.,n07110615,voice,n04981941,7038,the distinctive quality or pitch or condition of a person's speech,different,1,NA
1261,sing,To produce harmonious sounds with one's voice.,v01729431,sing,v01729431,836,produce tones with the voice,same,1,NA
715,shout,To say something in a loud voice.,v00912048,outcry,n07120524,50,a loud utterance; often in protest or opposition,different,0,NA
715,shout,To say something in a loud voice.,v00912048,cry,v00066191,2142,"shed tears because of sadness, rage, or pain",different,0,NA
715,shout,To say something in a loud voice.,v00912048,shout,v00912473,1638,utter in a loud voice; talk in a loud voice (usually denoting characteristic manner of speaking),different,1,NA
715,shout,To say something in a loud voice.,v00912048,exclaim,v00977336,173,state or announce,different,0,NA
55,whisper,"To speak in a quiet voice, without vibration of the vocal cords.",v00915830,whisper,v00915830,2154,speak softly; in a low voice,same,1,NA
128,mumble,To speak unintelligibly and without articulating.,v01044533,mussitate,NA,NA,NA,different,0,NA
128,mumble,To speak unintelligibly and without articulating.,v01044533,mutter,v01044533,555,talk indistinctly; usually in a low voice,same,1,NA
128,mumble,To speak unintelligibly and without articulating.,v01044533,mumble,v01044533,280,talk indistinctly; usually in a low voice,same,1,NA
128,mumble,To speak unintelligibly and without articulating.,v01044533,maunder,v01036804,1,speak (about unimportant matters) rapidly and incessantly,different,0,NA
1025,whistle,To make a sound or a melody by forcing the breath out between closed lips.,v01043441,whistle,n06806098,130,"the act of signalling (e.g., summoning) by whistling or blowing a whistle",different,1,NA
298,shriek,"To make a short, loud and high-pitched sound in reaction to something.",v00914420,pipe,n03945167,402,a tube with a small bowl at one end; used for smoking tobacco,different,0,NA
298,shriek,"To make a short, loud and high-pitched sound in reaction to something.",v00914420,shriek,v00914420,229,utter a shrill cry,same,1,NA
298,shriek,"To make a short, loud and high-pitched sound in reaction to something.",v00914420,shrill,s01214430,112,having or emitting a high-pitched and sharp tone or tones,different,0,NA
526,howl,"To cry like a wolf, dog, or other canids.",v01047381,wrawl,NA,NA,NA,different,0,NA
526,howl,"To cry like a wolf, dog, or other canids.",v01047381,yowl,v00914634,19,"utter shrieks, as of cats",different,0,NA
526,howl,"To cry like a wolf, dog, or other canids.",v01047381,howl,v01046932,250,emit long loud cries,different,1,NA
526,howl,"To cry like a wolf, dog, or other canids.",v01047381,yammer,v00907930,13,complain whiningly,different,0,NA
1623,speak,To communicate by the use of words.,v00963570,talk,v00962447,10192,exchange thoughts; talk with,different,1,NA
1623,speak,To communicate by the use of words.,v00963570,speak,v00962447,3554,exchange thoughts; talk with,different,1,NA
1866,stutter,"To have problems articulating the words, repeting sometimes some syllables.",v00981544,stammer,v00981544,82,speak haltingly,same,1,NA
1866,stutter,"To have problems articulating the words, repeting sometimes some syllables.",v00981544,stutter,v00981544,85,speak haltingly,same,1,NA
1866,stutter,"To have problems articulating the words, repeting sometimes some syllables.",v00981544,bumble,v02527651,21,"make a mess of, destroy or ruin",different,0,NA
1866,stutter,"To have problems articulating the words, repeting sometimes some syllables.",v00981544,falter,v02740204,88,be unsure or weak,different,0,NA
1458,say,To utter specific words or notions.,v01016002,allege,v01016002,331,report or maintain,same,0,NA
1458,say,To utter specific words or notions.,v01016002,aver,v01011031,12,to declare or affirm solemnly and formally as true,different,0,NA
1458,say,To utter specific words or notions.,v01016002,say,v01009240,115354,express in words,different,1,NA
1711,tell,To talk about a story giving its details; to give a detailed account of.,v00953216,recount,v00953216,212,narrate or give a detailed account of,same,1,NA
1711,tell,To talk about a story giving its details; to give a detailed account of.,v00953216,narrate,v00953216,58,narrate or give a detailed account of,same,1,NA
1711,tell,To talk about a story giving its details; to give a detailed account of.,v00953216,tell,v01009240,10974,express in words,different,1,NA
1711,tell,To talk about a story giving its details; to give a detailed account of.,v00953216,recite,v00945255,259,repeat aloud from memory,different,0,NA
1115,speech,"An address or form of oral communication in which a speaker makes his thoughts and emotions known before an audience, often for a given purpose. (Source: RHW)",n07238694,address,v01033527,621,act on verbally or in some form of artistic expression,different,0,NA
1115,speech,"An address or form of oral communication in which a speaker makes his thoughts and emotions known before an audience, often for a given purpose. (Source: RHW)",n07238694,speech,n07238694,850,the act of delivering a formal spoken communication to an audience,same,1,NA
48,be silent,To stop speaking or making noise.,s175123,unsounded,NA,NA,NA,different,0,NA
48,be silent,To stop speaking or making noise.,s175123,silent,s01919428,1164,marked by absence of sound,different,0,this concept will not be considered
1307,language,"A system of communication using the spoken or signed word or using symbols that represent words, signs or sounds.",n06282651,language,n06282651,2082,a systematic means of communicating by the use of sounds or conventional symbols,same,1,NA
1599,word,"A distinct unit of language (sounds in speech or written letters) with a particular meaning, composed of one or more morphemes, and also of one or more phonemes that determine its sound pattern.",n06286395,word,n06286395,7960,a unit of language that native speakers can identify,same,1,NA
1405,name,"Any word or phrase which designates a particular person, place, class or thing.",n06333653,name,n06333653,10095,a language unit by which a person or thing is known,same,1,NA
1309,ask (inquire),To ask (a question) to somebody; to seek an answer to.,v00897746,ask,v00784342,14562,inquire about,different,1,NA
1275,answer,"To communicate a message of any form in reaction to something that has been asked or expressed, to the being who expressed it; to react verbally.",v00815686,answer,v00815686,2962,react verbally,same,1,NA
1275,answer,"To communicate a message of any form in reaction to something that has been asked or expressed, to the being who expressed it; to react verbally.",v00815686,reply,v00815686,1858,react verbally,same,1,NA
1275,answer,"To communicate a message of any form in reaction to something that has been asked or expressed, to the being who expressed it; to react verbally.",v00815686,respond,v00717358,1153,show a response or a reaction to something,different,0,NA
2022,admit,To admit to be true.,v00817311,acknowledge,v00817311,552,declare to be true or admit the existence or reality or truth of,same,1,NA
2022,admit,To admit to be true.,v00817311,admit,v00817311,2110,declare to be true or admit the existence or reality or truth of,same,1,NA
755,deny,To refuse strongly and solemnly to own or acknowledge.,v02212825,refuse,v00797430,1423,show unwillingness towards,different,1,NA
755,deny,To refuse strongly and solemnly to own or acknowledge.,v02212825,deny,v00816556,482,declare untrue; contradict,different,1,NA
1828,ask (request),"To ask for a service or physical goods, often without returning the favor in kind.",v00752493,ask,v00784342,14562,inquire about,different,0,this concept will not be considered
1675,promise,To commit to doing something or assure that something will happen.,v00884011,assure,v00776268,384,assure somebody of the truth of something with the intention of giving the listener confidence,different,0,NA
1675,promise,To commit to doing something or assure that something will happen.,v00884011,promise,v00884011,1481,make a promise or commitment,same,1,NA
49,refuse,To not do what is being asked.,v00797430,refuse,v00797430,1423,show unwillingness towards,same,1,NA
49,refuse,To not do what is being asked.,v00797430,decline,v00797430,342,show unwillingness towards,same,1,NA
83,forbid,To tell not to do something.,v00795863,prohibit,v00795863,261,command against,same,1,NA
83,forbid,To tell not to do something.,v00795863,proscribe,v00795863,8,command against,same,1,NA
83,forbid,To tell not to do something.,v00795863,forbid,v00795863,426,command against,same,1,NA
83,forbid,To tell not to do something.,v00795863,nix,v00795863,21,command against,same,1,NA
83,forbid,To tell not to do something.,v00795863,disallow,v00795863,12,command against,same,1,NA
83,forbid,To tell not to do something.,v00795863,interdict,v00795863,6,command against,same,1,NA
83,forbid,To tell not to do something.,v00795863,veto,n00209546,53,a vote that blocks a decision,different,0,NA
299,scold,To rebuke.,v00824767,rebuke,n06711855,42,an act or expression of criticism and censure,different,0,NA
299,scold,To rebuke.,v00824767,reproof,n06711855,4,an act or expression of criticism and censure,different,0,NA
299,scold,To rebuke.,v00824767,remonstrate,v00910555,7,argue in protest or opposition,different,0,NA
299,scold,To rebuke.,v00824767,lecture,n07240549,222,a speech that is open to the public,different,0,NA
299,scold,To rebuke.,v00824767,chide,v00824767,73,censure severely or angrily,same,1,NA
299,scold,To rebuke.,v00824767,lambaste,v00824767,11,censure severely or angrily,same,1,NA
299,scold,To rebuke.,v00824767,trounce,v01411085,10,beat severely with a whip or rod,different,0,NA
299,scold,To rebuke.,v00824767,reprimand,n06711855,33,an act or expression of criticism and censure,different,0,NA
299,scold,To rebuke.,v00824767,lambast,NA,NA,NA,different,0,NA
299,scold,To rebuke.,v00824767,jaw,n05546040,772,the part of the skull of a vertebrate that frames the mouth and holds the teeth,different,0,NA
299,scold,To rebuke.,v00824767,scold,v00824767,151,censure severely or angrily,same,1,NA
299,scold,To rebuke.,v00824767,rag,n04045941,318,a small piece of cloth or paper,different,0,NA
299,scold,To rebuke.,v00824767,berate,v00824767,58,censure severely or angrily,same,1,NA
1084,call,To address or summon someone.,v00792471,call,v01028748,8502,assign a specified (usually proper) proper name to,different,0,this concept will not be considered
180,call by name,"To give a name or designation of a common noun that, e.g., reflects a quality.",v01028748,name,n06333653,10095,a language unit by which a person or thing is known,different,0,NA
180,call by name,"To give a name or designation of a common noun that, e.g., reflects a quality.",v01028748,call,v01028748,8502,assign a specified (usually proper) proper name to,same,1,NA
9,announce,To make known by stating or announcing.,v00974367,announce,v00974367,1712,make known; make an announcement,same,1,NA
9,announce,To make known by stating or announcing.,v00974367,denote,v00931467,51,have as a meaning,different,0,NA
1192,threaten,To make a threat of injury or punishment against someone.,v00871405,threaten,v02697120,539,pose a threat to; present a danger to,different,1,NA
101,boast,To show off.,v00883226,brag,v00883226,160,show off,same,1,NA
101,boast,To show off.,v00883226,swash,n07344528,3,the movement or sound of water,different,0,NA
101,boast,To show off.,v00883226,tout,v00971460,113,advertize in strongly positive terms,different,0,NA
101,boast,To show off.,v00883226,boast,v02631659,244,wear or display in an ostentatious or proud manner,different,0,NA
101,boast,To show off.,v00883226,vaunt,v00883226,2,show off,same,1,NA
101,boast,To show off.,v00883226,gasconade,NA,NA,NA,different,0,NA
101,boast,To show off.,v00883226,bluster,n06889591,16,a swaggering show of courage,different,0,NA
101,boast,To show off.,v00883226,gas,n14877585,781,a fluid in the gaseous state having neither independent shape nor volume and being able to expand indefinitely,different,0,NA
101,boast,To show off.,v00883226,blow,v02769241,608,be blowing or storming,different,0,NA
1672,write,"To form (letters, words or symbols) on a surface in order to communicate.",v00993014,write,v01698271,4055,produce a literary work,different,1,NA
724,read,To look at and interpret letters or other information that is written.,v00625119,read,v00625119,6244,interpret something that is written or printed,same,1,NA
648,paper,"Felted or matted sheets of cellulose fibers, formed on a fine-wire screen from a dilute water suspension, and bonded together as the water is removed and the sheet is dried.",n14974264,paper,n14974264,3031,a material made of cellulose pulp derived mainly from wood or rags or certain grasses,same,1,NA
794,pen,"A utensil, usually tubular in form, containing ink used to write or make marks.",n03906997,pen,n03906997,588,a writing implement with a point from which ink flows,same,1,NA
963,book,"A collection of leaves of paper, parchment or other material, usually bound or fastened together within covers, containing writing of any type or blank pages for future inscription.",n06410904,book,n06410904,5137,a written work or composition that has been published (printed on pages bound together),same,1,NA
1045,poet,A person who writes poems.,n10444194,poet,n10444194,551,a writer of poems (the term is usually reserved for writers of good poetry),same,1,NA
777,flute,A musical instrument of the woodwind family.,n03372029,flute,n03372029,115,a high-pitched woodwind instrument; a slender tube closed at one end with finger holes on one end and an opening near the closed end across which the breath is blown,same,1,NA
908,drum,A percussion instrument consisting of at least one membrane that is stretched over a shell and struck directly with the player's hands or with a drumstick.,n03249569,membranophone,NA,NA,NA,different,0,NA
908,drum,A percussion instrument consisting of at least one membrane that is stretched over a shell and struck directly with the player's hands or with a drumstick.,n03249569,tympan,NA,NA,NA,different,0,NA
908,drum,A percussion instrument consisting of at least one membrane that is stretched over a shell and struck directly with the player's hands or with a drumstick.,n03249569,drum,n03249569,309,a musical percussion instrument; usually consists of a hollow cylinder with a membrane stretched across each end,same,1,NA
2136,brass instrument (horn or trumpet),"Any musical instrument that is a member of the brass family of musical instruments, usually a horn or a trumpet.",n03110669,trumpet,n03110669,129,a brass musical instrument with a brilliant tone; has a narrow tube and a flared bell and is played by means of valves,same,1,NA
2136,brass instrument (horn or trumpet),"Any musical instrument that is a member of the brass family of musical instruments, usually a horn or a trumpet.",n03110669,horn,n03537085,179,a noisemaker (as at parties or games) that makes a loud noise when you blow through it,different,0,NA
2136,brass instrument (horn or trumpet),"Any musical instrument that is a member of the brass family of musical instruments, usually a horn or a trumpet.",n03110669,trump,v01109259,62,get the better of,different,0,NA
2136,brass instrument (horn or trumpet),"Any musical instrument that is a member of the brass family of musical instruments, usually a horn or a trumpet.",n03110669,cornet,n03110669,6,a brass musical instrument with a brilliant tone; has a narrow tube and a flared bell and is played by means of valves,same,1,NA
300,rattle,A wooden instrument that makes a loud knocking noise [used by people watching football games].,n04056289,rattle,v02175057,321,make short successive sounds,different,1,NA
1300,country,"A political entity asserting authority over a geographical area, or the area itself. Can be same as or part of a state.",n08544813,state,n08654360,5019,the territory occupied by one of the constituent administrative districts of a nation,different,1,NA
1300,country,"A political entity asserting authority over a geographical area, or the area itself. Can be same as or part of a state.",n08544813,country,n08168978,3463,a politically organized body of people under a single government,different,1,NA
1300,country,"A political entity asserting authority over a geographical area, or the area itself. Can be same as or part of a state.",n08544813,land,n13250048,1211,the land on which real estate is located,different,0,NA
1391,town,"An area with residential districts, shops and amenities, and its own local government.",n08665504,town,n08665504,5641,an urban area with a fixed boundary that is smaller than a city,same,1,NA
930,village,"A group of houses and other buildings, such as a church, a school and some shops, which is smaller than a town, usually in the countryside.",n08672738,hamlet,n08226978,43,a community of people smaller than a village,different,1,NA
930,village,"A group of houses and other buildings, such as a church, a school and some shops, which is smaller than a town, usually in the countryside.",n08672738,village,n08226699,1407,a community of people smaller than a town,different,1,NA
1010,boundary,The dividing line or location between two areas.,n13903079,boundary,n08512259,400,the line or plane indicating the limit or extent of something,different,1,NA
1010,boundary,The dividing line or location between two areas.,n13903079,bound,v01963942,140,move forward by leaps and bounds,different,0,NA
1010,boundary,The dividing line or location between two areas.,n13903079,edge,n08565701,2289,the boundary of a surface,different,0,NA
789,people,"A group of persons forming or belonging to a particular nation, class, ethnic group, country, family, etc.",n08160276,citizenry,n08160276,53,the body of citizens of a state or country,same,1,NA
789,people,"A group of persons forming or belonging to a particular nation, class, ethnic group, country, family, etc.",n08160276,people,n07942152,25371,(plural) any group of human beings (men or women or children) collectively,different,1,NA
302,clan,Extended family.,n07969695,clan,n07969695,330,group of people related by blood or marriage,same,1,NA
302,clan,Extended family.,n07969695,tribe,n08372411,500,a social division of (usually preliterate) people,different,0,NA
302,clan,Extended family.,n07969695,kin,n10236304,70,a person having kinship with another or others,different,0,NA
302,clan,Extended family.,n07969695,kindred,NA,NA,NA,different,0,NA
301,chieftain,The leader/ruler of a tribe/clan.,n10164025,chief,s01277426,1109,most important element,different,0,NA
301,chieftain,The leader/ruler of a tribe/clan.,n10164025,chieftain,n10164025,31,the head of a tribe or clan,same,1,NA
301,chieftain,The leader/ruler of a tribe/clan.,n10164025,headman,n10164025,26,the head of a tribe or clan,same,1,NA
1846,rule,"To exercise power or authority over a person, a group of persons, animals, territories or an organization.",v02586619,rule,n05846054,1701,a principle or condition that customarily governs behavior,different,0,NA
1846,rule,"To exercise power or authority over a person, a group of persons, animals, territories or an organization.",v02586619,govern,v02586619,156,exercise authority over; as of nations,same,1,NA
1508,king,A male member of a Royal Family and supreme ruler of his nation.,n10231515,Rex,NA,NA,NA,different,0,NA
1508,king,A male member of a Royal Family and supreme ruler of his nation.,n10231515,king,n10231515,1372,a male sovereign; ruler of a kingdom,same,1,NA
1306,queen,A female monarch.,n10499355,queen,n10499355,266,a female sovereign ruler,same,1,NA
482,noble,Someone of aristocratic blood.,n10271677,Lord,NA,NA,NA,different,0,NA
482,noble,Someone of aristocratic blood.,n10271677,nobleman,n10271677,49,a titled peer of the realm,same,1,NA
482,noble,Someone of aristocratic blood.,n10271677,noble,a01588172,229,having or showing or indicative of high or elevated character,different,0,NA
1032,citizen,"A native or naturalized member of a state or nation who owes allegiance, bears responsibilities and obtains rights, including protection, from the government.",n09923673,citizen,n09923673,1350,a native or naturalized member of a state or other political community,same,1,NA
383,master,Someone who has control over something or someone; the owner of an animal or slave or someone who employs others.,n10388440,master,n10280130,474,an artist of consummate skill,different,0,NA
383,master,Someone who has control over something or someone; the owner of an animal or slave or someone who employs others.,n10388440,overlord,n10388440,16,a person who has general authority over others,same,1,NA
383,master,Someone who has control over something or someone; the owner of an animal or slave or someone who employs others.,n10388440,lord,n10388440,148,a person who has general authority over others,same,1,NA
812,slave,"A person who is owned and forced to work, usually without pay, by another.",n10609325,slave,n10609325,1173,a person who is owned by someone,same,1,NA
255,servant,A person performing duties for others. For example a person employed in a household which cares about the domestic duties.,n10582154,retainer,n10582154,32,a person working in the service of another (especially in the household),same,1,NA
255,servant,A person performing duties for others. For example a person employed in a household which cares about the domestic duties.,n10582154,servant,n10582154,696,a person working in the service of another (especially in the household),same,1,NA
384,freeman,"A free man, one who is not a serf or slave.",n10111023,freewoman,NA,NA,NA,different,0,NA
384,freeman,"A free man, one who is not a serf or slave.",n10111023,freeman,n10111023,12,a person who is not a serf or a slave,same,1,NA
1998,command,To order someone or several persons by a superior authority to do something.,v751567,require,v02627934,2990,"require as useful, just, or proper",different,0,NA
1998,command,To order someone or several persons by a superior authority to do something.,v751567,command,n07168131,301,an authoritative direction or instruction to do something,different,0,dominant POS is noun
1635,obey,To do as you are told.,v02542795,obey,v02542795,326,be obedient to,same,1,NA
1325,friend,"A person other than a family member, spouse or lover whose company one enjoys and towards whom one feels affection.",n10112591,friend,n10112591,10736,a person you know well and regard with affection and trust,same,1,NA
1358,enemy,"Someone who is hostile to, feels hatred towards, opposes the interests of, or intends injury to someone else.",n10098710,enemy,n08190482,1031,an opposing military force,different,1,NA
1358,enemy,"Someone who is hostile to, feels hatred towards, opposes the interests of, or intends injury to someone else.",n10098710,foe,n10098710,114,a personal enemy,same,1,NA
1332,neighbour,A person living in a house that is adjacent or nearby another person's house.,n10352299,neighbour,n10352299,25,a person who lives (or is located) near another,same,1,NA
1332,neighbour,A person living in a house that is adjacent or nearby another person's house.,n10352299,neighbor,n10352299,1640,a person who lives (or is located) near another,same,1,NA
791,stranger,Someone who is not known.,n10661216,stranger,n10661002,1274,anyone who does not belong in the environment in which they are found,different,1,NA
1782,guest,"A person that visits and stays at a house, usually for one or more nights.",n10150940,invitee,n10150940,4,a visitor to whom hospitality is extended,same,1,NA
1782,guest,"A person that visits and stays at a house, usually for one or more nights.",n10150940,guest,n10150940,1531,a visitor to whom hospitality is extended,same,1,NA
1545,host,Person at whose place guests stay.,n10187130,host,v01194418,540,be the host of or for,different,1,NA
1897,help,To give assistance or aid to.,v02547586,assist,v02547586,368,give help or assistance; be of service,same,1,NA
1897,help,To give assistance or aid to.,v02547586,aid,n01207609,670,the activity of contributing to the fulfillment of a need or furtherance of an effort or purpose,different,0,NA
1897,help,To give assistance or aid to.,v02547586,help,v02547586,10760,give help or assistance; be of service,same,1,NA
1747,custom,A pattern of behavior inherited or acquired through frequent repetition.,n00413239,custom,n00413239,245,accepted or habitual practice,same,1,NA
1747,custom,A pattern of behavior inherited or acquired through frequent repetition.,n00413239,usage,n00947128,92,the act of using,different,0,NA
1747,custom,A pattern of behavior inherited or acquired through frequent repetition.,n00413239,usance,NA,NA,NA,different,0,NA
1848,quarrel,A loud or noisy verbal confrontation between two or more people.,n07184149,words,n06738162,7,a brief statement,different,0,NA
1848,quarrel,A loud or noisy verbal confrontation between two or more people.,n07184149,quarrel,n07184149,73,an angry dispute,same,1,NA
1848,quarrel,A loud or noisy verbal confrontation between two or more people.,n07184149,run-in,NA,NA,NA,different,0,NA
1848,quarrel,A loud or noisy verbal confrontation between two or more people.,n07184149,dustup,n07184149,10,an angry dispute,same,1,NA
1848,quarrel,A loud or noisy verbal confrontation between two or more people.,n07184149,wrangle,v00774344,21,"to quarrel noisily, angrily or disruptively",different,0,NA
1848,quarrel,A loud or noisy verbal confrontation between two or more people.,n07184149,row,n08431437,1340,an arrangement of objects or people side by side in a line,different,0,NA
2024,plot,Agreement on a secret plot.,n05907682,game,n00455599,3184,a contest with rules to determine a winner,different,0,this concept will not be considered
2024,plot,Agreement on a secret plot.,n05907682,plot,n06373314,245,the story that is told in a novel or play or movie etc.,different,0,NA
1831,meet,"To encounter a person, either intentionally or by chance.",v02022804,meet,v02023107,2242,come together,different,1,NA
1610,prostitute,A woman who sells sexual services for money.,n10485440,harlot,n10485440,14,a woman who engages in sexual intercourse for money,same,1,NA
1610,prostitute,A woman who sells sexual services for money.,n10485440,tart,s02369460,47,tasting sour like a lemon,different,0,NA
1610,prostitute,A woman who sells sexual services for money.,n10485440,cocotte,n03062336,1,a small casserole in which individual portions can be cooked and served,different,0,NA
1610,prostitute,A woman who sells sexual services for money.,n10485440,bawd,n10485440,6,a woman who engages in sexual intercourse for money,same,1,NA
1610,prostitute,A woman who sells sexual services for money.,n10485440,prostitute,n10485440,167,a woman who engages in sexual intercourse for money,same,1,NA
1610,prostitute,A woman who sells sexual services for money.,n10485440,cyprian,n09699020,2,a native or inhabitant of Cyprus,different,0,NA
1610,prostitute,A woman who sells sexual services for money.,n10485440,whore,n10485440,194,a woman who engages in sexual intercourse for money,same,0,NA
1423,fight,To be involved in a physical confrontation.,v01090335,fight,v01090335,1985,be engaged in a fight; carry on a fight,same,1,NA
1423,fight,To be involved in a physical confrontation.,v01090335,struggle,v02407338,1353,make a strenuous or labored effort,different,0,NA
1423,fight,To be involved in a physical confrontation.,v01090335,contend,v00756898,195,maintain or assert,different,0,NA
579,battle,An instance of combat in warfare between two or more parties wherein each group will seek to defeat the others.,n00953559,fight,v01090335,1985,be engaged in a fight; carry on a fight,different,0,NA
579,battle,An instance of combat in warfare between two or more parties wherein each group will seek to defeat the others.,n00953559,engagement,n07228211,152,a mutual promise to marry,different,0,NA
579,battle,An instance of combat in warfare between two or more parties wherein each group will seek to defeat the others.,n00953559,conflict,n00958896,623,an open clash between two opposing groups (or individuals); --Thomas Paine,different,0,NA
579,battle,An instance of combat in warfare between two or more parties wherein each group will seek to defeat the others.,n00953559,battle,n00953559,1365,a hostile meeting of opposing military forces in the course of a war,same,1,NA
1338,peace,"A state free of war, in particular war between different countries.",n13970236,peace,n13969700,757,harmonious relations; freedom from disputes,different,1,NA
1561,army,"A large, military force concerned mainly with ground operations.",n08191230,army,n08191230,1468,a permanent organization of the military land forces of a nation or state,same,1,NA
1941,soldier,"A person who is actively engaged in battle, conflict or warfare.",n10622053,soldier,n10622053,2624,an enlisted man or woman who serves in an army,same,1,NA
951,weapons,"An instrument of attack or defense in combat, as a gun, missile, or sword.",n04565375,arm,n05563770,7996,a human limb; technically the part of the superior limb between the shoulder and the elbow but commonly used to refer to the whole superior limb,different,0,NA
951,weapons,"An instrument of attack or defense in combat, as a gun, missile, or sword.",n04565375,weapon,n04565375,2041,any instrument or instrumentality used in fighting or hunting,same,1,NA
1763,club,A short heavy club with a rounded head used as a weapon.,n03053474,club,n08227214,734,a formal association of people with similar interests,different,0,this concept will not be considered
386,battle-axe,An ancient military weapon.,n02811468,battle-ax,NA,NA,NA,different,1,NA
386,battle-axe,An ancient military weapon.,n02811468,battle-axe,NA,NA,NA,different,1,NA
387,sling,"An instrument for throwing stones or other missiles, consisting of a short strap with two strings fastened to its ends, or with a string fastened to one end and a light stick to the other.",n04239639,sling,v02105453,135,hang loosely or freely; let swing,different,0,this concept will not be considered
994,bow,"A weapon made of a curved piece of wood or other flexible material whose ends are connected by a string, used for shooting arrows.",n02879718,bow,v00898691,382,"bend one's knee or body, or lower one's head",different,0,this concept will not be considered
977,arrow,Pointed projectile that is shot with a bow.,n02742753,arrow,n02742753,341,a projectile with a straight thin shaft and an arrowhead on one end and stabilizing vanes on the other; intended to be shot from a bow,same,1,NA
945,spear,"a long, stabbing weapon for thrusting or throwing, consisting of a wooden shaft to which a sharp-pointed head, as of iron or steel, is attached.",n04270891,shaft,n11428023,81,a column of light (as from a beacon),different,0,NA
945,spear,"a long, stabbing weapon for thrusting or throwing, consisting of a wooden shaft to which a sharp-pointed head, as of iron or steel, is attached.",n04270891,lance,n04270891,78,a long pointed rod used as a tool or weapon,same,1,NA
945,spear,"a long, stabbing weapon for thrusting or throwing, consisting of a wooden shaft to which a sharp-pointed head, as of iron or steel, is attached.",n04270891,spear,n04270891,223,a long pointed rod used as a tool or weapon,same,1,NA
1535,sword,"A long-bladed weapon that has a handle (and sometimes a hilt) and is designed to stab, cut or slash.",n04373894,brand,n06845599,889,a name given to a product or service,different,0,NA
1535,sword,"A long-bladed weapon that has a handle (and sometimes a hilt) and is designed to stab, cut or slash.",n04373894,steel,n14802450,1421,an alloy of iron with small amounts of carbon; widely used in construction; mechanical properties can be varied over a wide range,different,0,NA
1535,sword,"A long-bladed weapon that has a handle (and sometimes a hilt) and is designed to stab, cut or slash.",n04373894,blade,n02848216,551,the flat part of a tool or weapon that (usually) has a cutting edge,different,0,NA
1535,sword,"A long-bladed weapon that has a handle (and sometimes a hilt) and is designed to stab, cut or slash.",n04373894,sword,n04373894,780,a cutting or thrusting weapon that has a long metal blade and a hilt with a hand guard,same,1,NA
1061,armour,"Clothing that soldiers wear to protect themselves during combat. Historically made of leather or metal, today special materials like kevlar are used.",n02739668,armour,n02739668,6,protective covering made of metal and used in combat,same,1,NA
1061,armour,"Clothing that soldiers wear to protect themselves during combat. Historically made of leather or metal, today special materials like kevlar are used.",n02739668,armor,n02739668,429,protective covering made of metal and used in combat,same,1,NA
1680,helmet,"Any of various forms of protective head covering worn e.g.  by soldiers, firefighters, divers, cyclists, etc.",n03513137,helmet,n03513376,313,armor plate that protects the head,different,1,NA
1064,shield,"A large plate made of metal or wood, held in the left hand during melee combat to protect the body from incoming attacks.",n04192698,shield,v01130169,274,"protect, hide, or conceal from danger or harm",different,0,NA
1064,shield,"A large plate made of metal or wood, held in the left hand during melee combat to protect the body from incoming attacks.",n04192698,buckler,NA,NA,NA,different,0,NA
1938,fortress,"A fortified place; a large and permanent fortification, sometimes including a town.",n03386011,fort,n03420559,153,a fortified military post where troops are stationed,different,0,NA
1938,fortress,"A fortified place; a large and permanent fortification, sometimes including a town.",n03386011,fortress,n03386011,137,a fortified defensive structure,same,1,NA
1671,tower,"Structure, usually taller than it is wide, often used as a lookout.",n04460130,tower,n04460130,906,a structure taller than its diameter; can stand alone or be attached to a larger building,same,1,NA
783,victory,An end to a struggle or contest that did end in success.,n07473441,triumph,n07473441,258,a successful ending of a struggle or contest,same,1,NA
783,victory,An end to a struggle or contest that did end in success.,n07473441,victory,n07473441,1380,a successful ending of a struggle or contest,same,1,NA
782,defeat,An end to a struggle or contest that did not end in success.,n07475364,defeat,v01108148,461,win a victory over,different,1,NA
782,defeat,An end to a struggle or contest that did not end in success.,n07475364,licking,n01160729,9,the act of inflicting corporal punishment with repeated blows,different,0,NA
722,attack,The application of violent force to someone or something.,n00773814,attack,n00972621,1152,(military) an offensive against an enemy (using weapons),different,1,NA
722,attack,The application of violent force to someone or something.,n00773814,attempt,n00786195,1305,earnest and conscientious activity intended to do or accomplish something,different,0,NA
1330,defend,To keep something or someone safe or prevent harm coming to someone or something.,v01129876,guard,n10150071,1279,a person who keeps watch over something or someone,different,0,NA
1330,defend,To keep something or someone safe or prevent harm coming to someone or something.,v01129876,hold,v01216670,4490,have or hold in one's hands or grip,different,0,NA
1330,defend,To keep something or someone safe or prevent harm coming to someone or something.,v01129876,defend,v00895304,378,argue or speak in defense of,different,1,NA
421,retreat,"To retreat unwillingly and/or suddenly, often caused by sudden pain, shock, scare, fright, surprise, or similar.",v01994442,retreat,v01994442,350,pull back or move away or backward,same,1,NA
421,retreat,"To retreat unwillingly and/or suddenly, often caused by sudden pain, shock, scare, fright, surprise, or similar.",v01994442,recede,v01994442,145,pull back or move away or backward,same,1,NA
421,retreat,"To retreat unwillingly and/or suddenly, often caused by sudden pain, shock, scare, fright, surprise, or similar.",v01994442,withdraw,v01994442,200,pull back or move away or backward,same,1,NA
421,retreat,"To retreat unwillingly and/or suddenly, often caused by sudden pain, shock, scare, fright, surprise, or similar.",v01994442,retire,v02379753,1019,go into retirement; stop performing one's work or withdraw from one's position,different,0,NA
1696,surrender,To give up to the enemy.,v01115585,surrender,v01115585,188,give up or agree to forgo to the power or possession of another,same,1,NA
1072,prisoner,"A person confined in a prison, while on trial or serving a sentence.",n10476086,captive,s01065126,105,being in captivity,different,0,NA
1072,prisoner,"A person confined in a prison, while on trial or serving a sentence.",n10476086,prisoner,n10476086,808,a person who is confined; especially a prisoner of war,same,1,NA
1940,guard,A person who protects or watches over something.,n10150071,guard,n10150071,1279,a person who keeps watch over something or someone,same,1,NA
1022,booty,"Profits from burglary, looting and raids.",n13262663,loot,n13262663,64,goods or money obtained illegally,same,1,NA
1022,booty,"Profits from burglary, looting and raids.",n13262663,booty,n13262663,49,goods or money obtained illegally,same,1,NA
1022,booty,"Profits from burglary, looting and raids.",n13262663,pillage,v02344568,14,steal goods; take as spoils,different,0,NA
1022,booty,"Profits from burglary, looting and raids.",n13262663,plunder,v02344568,49,steal goods; take as spoils,different,0,NA
1022,booty,"Profits from burglary, looting and raids.",n13262663,prize,n13268146,522,something given for victory or superiority in a contest or competition or for winning a lottery,different,0,NA
1022,booty,"Profits from burglary, looting and raids.",n13262663,swag,n04368109,27,a bundle containing the personal belongings of a swagman,different,0,NA
65,ambush,The act of concealing yourself and lying in wait to attack by surprise.,n01246926,trap,n04474466,402,a device in which something (usually an animal) can be caught and penned,different,0,NA
65,ambush,The act of concealing yourself and lying in wait to attack by surprise.,n01246926,ambuscade,n01246926,2,the act of concealing yourself and lying in wait to attack by surprise,same,1,NA
65,ambush,The act of concealing yourself and lying in wait to attack by surprise.,n01246926,ambush,n01246926,111,the act of concealing yourself and lying in wait to attack by surprise,same,1,NA
1858,fisherman,A person whose profession is catching fish.,n10093658,fisher,n10093658,24,someone whose occupation is catching fish,same,1,NA
1858,fisherman,A person whose profession is catching fish.,n10093658,fisherman,n10093658,310,someone whose occupation is catching fish,same,1,NA
1074,fishhook,A metal hook for catching fish.,n03351151,fishhook,n03351151,10,a sharp barbed hook for catching fish,same,1,NA
388,fishnet,A net used to catch fish.,n03352628,fishnet,n03352628,18,a net that will enclose fish when it is pulled in,same,1,NA
2013,bait,Anything that serves as an enticement.,n02776205,decoy,n09995573,39,a beguiler who leads someone into danger (usually as part of a plot),different,0,NA
2013,bait,Anything that serves as an enticement.,n02776205,bait,n05695232,210,anything that serves as an enticement,different,1,NA
2013,bait,Anything that serves as an enticement.,n02776205,lure,v00782527,314,provoke someone to do something through (often false or exaggerated) promises or persuasion,different,0,NA
1435,hunt,To chase down prey and (usually) kill it.,v01143838,hunt,v01143838,828,pursue for food or sport (as of wild animals),same,1,NA
1435,hunt,To chase down prey and (usually) kill it.,v01143838,run,v01926311,4322,"move fast by using one's feet, with one foot off the ground at any given time",different,0,NA
1172,shoot,"To fire a shot from a firearm, bow or other weapon.",v01137138,hit,v01236164,1457,hit against; come into sudden contact with,different,0,NA
1172,shoot,"To fire a shot from a firearm, bow or other weapon.",v01137138,pip,n14203269,11,a minor nonspecific ailment,different,0,NA
1172,shoot,"To fire a shot from a firearm, bow or other weapon.",v01137138,shoot,v02484570,1486,kill by firing a missile,different,1,NA
161,miss (a target),"To fail to hit (a target, a bell, etc.).",v01237901,miss,v01805523,1127,feel or suffer from the lack of,different,0,this concept will not be considered
1075,trap (pitfall),A device for catching and holding animals.,n04474466,trap,n04474466,402,a device in which something (usually an animal) can be caught and penned,same,1,NA
1170,trap (catch),"To catch in a trap, to immobilize.",v01480770,entrap,v02578008,7,take or catch as if in a snare or trap,different,0,NA
1170,trap (catch),"To catch in a trap, to immobilize.",v01480770,trap,n04474466,402,a device in which something (usually an animal) can be caught and penned,different,0,NA
1170,trap (catch),"To catch in a trap, to immobilize.",v01480770,trammel,v01480770,2,catch in or as if in a trap,same,1,NA
1170,trap (catch),"To catch in a trap, to immobilize.",v01480770,ensnare,v01480770,28,catch in or as if in a trap,same,1,NA
1170,trap (catch),"To catch in a trap, to immobilize.",v01480770,snare,v01480770,47,catch in or as if in a trap,same,1,NA
1062,law,"A body of rules of action or conduct prescribed by a legislative authority, and having binding legal force.",n08441203,law,n08441203,2079,the collection of rules imposed by authority,same,1,NA
1062,law,"A body of rules of action or conduct prescribed by a legislative authority, and having binding legal force.",n08441203,jurisprudence,n06161718,13,the branch of philosophy concerned with the law and the principles that lead courts to make the decisions they do,different,0,NA
1068,court,"An organ of the government, belonging to the judicial department, whose function is the application of the laws to controversies brought before it and the public administration of justice.",n03649459,court,n08329453,1202,an assembly (including one or more judges) to conduct judicial business,different,1,NA
1068,court,"An organ of the government, belonging to the judicial department, whose function is the application of the laws to controversies brought before it and the public administration of justice.",n03649459,lawcourt,NA,NA,NA,different,0,NA
1818,adjudicate,To act as a judge.,v00698855,resolve,v00698855,336,bring to an end; settle conclusively,same,0,NA
1818,adjudicate,To act as a judge.,v00698855,decide,v00697589,4727,"reach, make, or come to a decision about something",different,0,NA
1818,adjudicate,To act as a judge.,v00698855,settle,v01988458,985,"settle into a position, usually on a surface or ground",different,0,NA
1818,adjudicate,To act as a judge.,v00698855,adjudicate,v00698855,13,bring to an end; settle conclusively,same,1,NA
1067,judgment,"The official and authentic decision of a court of justice upon the respective rights and claims of the parties to an action or suit therein litigated and submitted to its determination, the final decision of the court resolving the dispute and determining the rights and obligations of the parties.",n01187810,judgement,n00874067,7,the act of judging or assessing a person or situation or event,different,1,?
1067,judgment,"The official and authentic decision of a court of justice upon the respective rights and claims of the parties to an action or suit therein litigated and submitted to its determination, the final decision of the court resolving the dispute and determining the rights and obligations of the parties.",n01187810,judgment,n05837957,304,an opinion formed by judging something,different,1,?
861,judge,A person who decides the fate of someone or something that has been called into question.,n10225219,judge,n10225219,1125,a public official authorized to decide questions brought before a court of justice,same,1,NA
861,judge,A person who decides the fate of someone or something that has been called into question.,n10225219,jurist,n10227985,13,a legal scholar versed in civil law or the law of nations,different,0,NA
861,judge,A person who decides the fate of someone or something that has been called into question.,n10225219,justice,n04850117,498,the quality of being just or fair,different,0,NA
2020,plaintiff,One who commences a legal process by a complaint.,n10437852,plaintiff,n10437852,214,a person who brings an action in a court of law,same,1,NA
2020,plaintiff,One who commences a legal process by a complaint.,n10437852,complainant,n10437852,7,a person who brings an action in a court of law,same,1,NA
1034,defendant,Any party who is required to answer the complaint of a plaintiff in a civil lawsuit before a court.,n09762101,defendant,n09762101,285,a person or institution against whom an action is brought in a court of law; the person being sued or accused,same,1,NA
1034,defendant,Any party who is required to answer the complaint of a plaintiff in a civil lawsuit before a court.,n09762101,suspect,v00921072,898,imagine to be the case or true or probable,different,0,NA
1144,witness,Someone who has a personal knowledge of something.,n10786033,witnesser,NA,NA,NA,different,1,NA
1144,witness,Someone who has a personal knowledge of something.,n10786033,witness,v02128286,406,be a witness to,different,0,NA
1144,witness,Someone who has a personal knowledge of something.,n10786033,informant,n10205985,93,a person who supplies information,different,0,NA
1939,swear,To declare or affirm solemnly and formally as true.,v00889947,swear,v01011031,457,to declare or affirm solemnly and formally as true,different,1,NA
1712,oath,"Promise or solemn declaration in front of an authority, another person or to oneself.",n07226841,oath,n07226841,113,"a solemn promise, usually invoking a divine witness, regarding your future acts or behavior",same,1,NA
1814,accuse,To lay a charge against; bring an accusation against.,v00842989,criminate,NA,NA,NA,different,0,NA
1814,accuse,To lay a charge against; bring an accusation against.,v00842989,impeach,v00844744,10,charge (a public official) with an offense or misdemeanor committed while in office,different,0,NA
1814,accuse,To lay a charge against; bring an accusation against.,v00842989,incriminate,v02636921,27,suggest that someone is guilty,different,0,NA
1814,accuse,To lay a charge against; bring an accusation against.,v00842989,accuse,v00842989,682,bring an accusation against; level a charge against,same,1,NA
484,condemn,"To declare, after a judgment, that somebody is guilty of committing a crime.",v00906735,condemn,v00864159,213,express strong disapproval of,different,0,this concept will not be considered
484,condemn,"To declare, after a judgment, that somebody is guilty of committing a crime.",v00906735,doom,v00890855,138,make certain of the failure or destruction of,different,0,NA
484,condemn,"To declare, after a judgment, that somebody is guilty of committing a crime.",v00906735,sentence,n06285090,572,a string of words satisfying the grammatical rules of a language,different,0,NA
983,convict,To find guilty of a crime as a result of legal proceedings.,v00906367,convict,v00906367,337,find or declare guilty,same,1,NA
988,acquit,To pronounce not guilty of criminal charges.,v00904046,exculpate,NA,NA,NA,different,0,NA
988,acquit,To pronounce not guilty of criminal charges.,v00904046,acquit,v00904046,53,pronounce not guilty of criminal charges,same,1,NA
988,acquit,To pronounce not guilty of criminal charges.,v00904046,clear,a00428404,2494,readily apparent to the mind,different,0,NA
988,acquit,To pronounce not guilty of criminal charges.,v00904046,exonerate,v00904046,17,pronounce not guilty of criminal charges,same,1,NA
988,acquit,To pronounce not guilty of criminal charges.,v00904046,assoil,v00904046,1,pronounce not guilty of criminal charges,same,1,NA
988,acquit,To pronounce not guilty of criminal charges.,v00904046,discharge,n00216174,38,the termination of someone's employment (leaving them free to depart),different,0,NA
1682,guilty,"Having committed an offense, crime, violation, or wrong, especially against moral or penal law.",a01320988,guilty,a01320988,465,responsible for or chargeable with a reprehensible act,same,1,NA
90,innocent,Not guilty.,a01319874,guiltless,a01319874,1,free from evil or guilt,same,1,NA
90,innocent,Not guilty.,a01319874,innocent,s02272670,317,lacking in sophistication or worldliness,different,0,NA
90,innocent,Not guilty.,a01319874,clean-handed,NA,NA,NA,different,0,NA
390,punishment,"The act or process of punishing, imposing and/or applying a sanction; a penalty to punish wrongdoing, especially for crime.",n01160342,penalisation,NA,NA,NA,different,0,NA
390,punishment,"The act or process of punishing, imposing and/or applying a sanction; a penalty to punish wrongdoing, especially for crime.",n01160342,penalization,NA,NA,NA,different,0,NA
390,punishment,"The act or process of punishing, imposing and/or applying a sanction; a penalty to punish wrongdoing, especially for crime.",n01160342,punishment,n01160342,606,the act of punishing,same,1,NA
390,punishment,"The act or process of punishing, imposing and/or applying a sanction; a penalty to punish wrongdoing, especially for crime.",n01160342,penalty,n01160342,292,the act of punishing,same,1,NA
218,fine (penalty),A pecuniary punishment or penalty imposed by lawful tribunal upon person convicted of crime or misdemeanor.,n13301328,fine,s00850183,1650,characterized by elegance or refinement or accomplishment,different,0,use name_clean
218,fine (penalty),A pecuniary punishment or penalty imposed by lawful tribunal upon person convicted of crime or misdemeanor.,n13301328,mulct,NA,NA,NA,different,0,NA
218,fine (penalty),A pecuniary punishment or penalty imposed by lawful tribunal upon person convicted of crime or misdemeanor.,n13301328,amercement,NA,NA,NA,different,0,NA
1281,prison,A place in which individual persons have restricted personal freedom.,n04005630,prison,n04005630,1399,a correctional institution where persons are confined while on trial or for punishment,same,1,NA
845,murder,The intentional or premeditated killing of another person.,n00220522,slaying,n00220522,23,unlawful premeditated killing of a human being by a human being,same,1,NA
845,murder,The intentional or premeditated killing of another person.,n00220522,murder,n00220522,1366,unlawful premeditated killing of a human being by a human being,same,1,NA
845,murder,The intentional or premeditated killing of another person.,n00220522,execution,n01163779,286,putting a condemned person to death,different,0,NA
902,adultery,Sex by a married person with someone other than their spouse.,n00848466,fornication,n00848745,11,voluntary sexual intercourse between persons not married to each other,different,0,NA
902,adultery,Sex by a married person with someone other than their spouse.,n00848466,adultery,n00848466,70,extramarital sex that willfully and maliciously interferes with marriage relations,same,1,NA
953,rape,The act of forcing sexual intercourse or other sexual activity upon another person against their will.,n00773402,rape,n00773402,360,the crime of forcing a woman to submit to sexual intercourse against her will,same,1,NA
953,rape,The act of forcing sexual intercourse or other sexual activity upon another person against their will.,n00773402,violation,n00770543,258,an act that disregards an agreement or a right,different,0,NA
953,rape,The act of forcing sexual intercourse or other sexual activity upon another person against their will.,n00773402,ravishment,n00773402,2,the crime of forcing a woman to submit to sexual intercourse against her will,same,1,NA
953,rape,The act of forcing sexual intercourse or other sexual activity upon another person against their will.,n00773402,assault,n00767826,357,a threatened or attempted physical attack by someone who appears to be able to cause bodily harm if not stopped,different,0,NA
1889,arson,The crime of setting fire to a building or a property on purpose.,n00378296,fire-raising,NA,NA,NA,different,0,NA
1889,arson,The crime of setting fire to a building or a property on purpose.,n00378296,arson,n00378296,37,malicious burning to destroy property,same,1,NA
1889,arson,The crime of setting fire to a building or a property on purpose.,n00378296,incendiarism,NA,NA,NA,different,0,NA
1792,perjury,The deliberate giving of false or misleading testimony under oath.,n00772381,perjury,n00772381,26,criminal offense of making false statements under oath,same,1,NA
713,steal,"To take possession of property belonging to another without the consent of this owner; most typically when not observed, rather than by force.",v02321757,steal,v02321757,1555,take without the owner's consent,same,1,NA
1160,thief,Someone who takes property belonging to someone else with the intention of keeping it or selling it.,n10707804,thief,n10707804,441,a criminal who takes property belonging to someone else with the intention of keeping it or selling it,same,1,NA
1160,thief,Someone who takes property belonging to someone else with the intention of keeping it or selling it.,n10707804,stealer,n10707804,7,a criminal who takes property belonging to someone else with the intention of keeping it or selling it,same,1,NA
661,religion,The expression of man's belief in and reverence for a superhuman power recognized as the creator and governor of the universe.,n08081668,faith,n05946687,739,a strong belief in a supernatural power or powers that control human destiny,different,0,NA
661,religion,The expression of man's belief in and reverence for a superhuman power recognized as the creator and governor of the universe.,n08081668,religion,n05946687,775,a strong belief in a supernatural power or powers that control human destiny,different,1,NA
911,temple,A house of worship and spiritual activities.,n04407435,temple,n04407435,313,place of worship consisting of an edifice for the worship of a deity,same,1,NA
853,altar,Table for religious ceremonies.,n02699494,altar,n02699629,208,the table in Christian churches where communion is given,different,1,NA
1103,sacrifice,Something surrendered or lost in order to gain an objective.,n00227595,sacrifice,v02343595,265,endure the loss of,different,1,NA
257,worship,To show devotion and obeisance to.,v01778990,worship,n01028655,235,the activity of worshipping,different,1,NA
24,pray,"To address God or a higher being with praise, thanksgiving, confession or supplication.",v00759944,pray,v00759944,1048,"address a deity, a prophet, a saint or an object of worship; say a prayer",same,1,NA
852,priest,"A minister of the Catholic church empowered to administer the sacraments, most particularly that of the Eucharist or Holy Communion, as well as those of confession and extreme unction.",n10471250,priest,n10470779,764,a clergyman in Christian churches who has the authority to perform or administer various religious rites; one of the Holy Orders,different,1,NA
1702,holy,Specially recognized as or declared sacred by religious use or authority.,a02053818,holy,a02053818,450,belonging to or derived from or associated with a divine power,same,1,NA
304,preach,To deliver a sermon.,v00828003,preach,v00828003,234,deliver a sermon,same,1,NA
304,preach,To deliver a sermon.,v00828003,prophesy,v00926702,18,"predict or reveal through, or as if through, divine inspiration",different,0,NA
391,bless,To make something blessed; to confer blessing upon.,v00866505,bless,v00866505,344,give a benediction to,same,1,NA
8,curse,"To imprecate evil or misfortune upon someone or something, usually by means of a prayer or implication.",v00865958,damn,s00670530,626,used as expletives,different,0,NA
8,curse,"To imprecate evil or misfortune upon someone or something, usually by means of a prayer or implication.",v00865958,curse,n07160424,221,an evil spell,different,1,NA
8,curse,"To imprecate evil or misfortune upon someone or something, usually by means of a prayer or implication.",v00865958,bedamn,NA,NA,NA,different,0,NA
8,curse,"To imprecate evil or misfortune upon someone or something, usually by means of a prayer or implication.",v00865958,anathemize,NA,NA,NA,different,0,NA
8,curse,"To imprecate evil or misfortune upon someone or something, usually by means of a prayer or implication.",v00865958,beshrew,NA,NA,NA,different,0,NA
8,curse,"To imprecate evil or misfortune upon someone or something, usually by means of a prayer or implication.",v00865958,maledict,NA,NA,NA,different,0,NA
8,curse,"To imprecate evil or misfortune upon someone or something, usually by means of a prayer or implication.",v00865958,imprecate,NA,NA,NA,different,0,NA
8,curse,"To imprecate evil or misfortune upon someone or something, usually by means of a prayer or implication.",v00865958,anathemise,NA,NA,NA,different,0,NA
303,abstain from food,To refrain from eating.,v01189604,fast,r00086000,3144,quickly or rapidly (often used as a combining form),different,0,this concept will not be considered
1565,heaven,"Outer space visible from the Earth's surface, infinitely extending above us and limited by the horizon.",n05627785,Heaven,NA,NA,NA,different,1,NA
878,hell,"In various religions, the place where sinners are said to go after death.",n05629682,pit,n09393108,327,a sizeable hole (usually in the ground),different,0,NA
878,hell,"In various religions, the place where sinners are said to go after death.",n05629682,Hell,NA,NA,NA,different,1,NA
878,hell,"In various religions, the place where sinners are said to go after death.",n05629682,perdition,n05629682,8,(Christianity) the abode of Satan and the forces of evil; where sinners suffer eternal punishment; - John Milton; ; -Dr. Johnson,same,0,NA
878,hell,"In various religions, the place where sinners are said to go after death.",n05629682,Inferno,NA,NA,NA,different,0,NA
1973,demon,Evil spirit or person that is wicked or cruel in their actions.,n09542339,fiend,n10329945,33,a cruel wicked and inhuman person,different,0,NA
1973,demon,Evil spirit or person that is wicked or cruel in their actions.,n09542339,devil,n09543353,390,(Judeo-Christian and Islamic religions) chief spirit of evil and adversary of God; tempter of mankind; master of Hell,different,0,NA
1973,demon,Evil spirit or person that is wicked or cruel in their actions.,n09542339,demon,n09542339,582,an evil supernatural being,same,1,NA
1973,demon,Evil spirit or person that is wicked or cruel in their actions.,n09542339,daimon,n09542339,11,an evil supernatural being,same,1,NA
1973,demon,Evil spirit or person that is wicked or cruel in their actions.,n09542339,daemon,n09506216,4,a person who is part mortal and part god,different,0,NA
1945,idol,"A representation of a deity, notably a statue or a statuette.",n03560161,god,n09505418,536,any supernatural being worshipped as controlling some part of the world or some aspect of life or who is the personification of a force,different,0,this concept will not be considered
1945,idol,"A representation of a deity, notably a statue or a statuette.",n03560161,idol,n10198437,71,someone who is adored blindly and excessively,different,0,NA
392,magic,"The use of rituals or actions, especially based on supernatural or occult knowledge, to manipulate or obtain information about the natural world, especially when seen as falling outside the realm of religion.",n05967977,magic,n05967977,657,any art that invokes supernatural powers,same,1,NA
392,magic,"The use of rituals or actions, especially based on supernatural or occult knowledge, to manipulate or obtain information about the natural world, especially when seen as falling outside the realm of religion.",n05967977,thaumaturgy,n05967977,1,any art that invokes supernatural powers,same,1,NA
2137,magician,A person who practices magic.,n10625860,sorcerer,n10625860,82,one who practices magic or sorcery,same,1,NA
2137,magician,A person who practices magic.,n10625860,necromancer,n10351152,4,one who practices divination by conjuring up the dead,different,0,NA
2137,magician,A person who practices magic.,n10625860,wizard,n10625860,255,one who practices magic or sorcery,same,1,NA
2137,magician,A person who practices magic.,n10625860,thaumaturgist,NA,NA,NA,different,0,NA
2137,magician,A person who practices magic.,n10625860,magician,n10280674,117,someone who performs magic tricks to amuse an audience,different,0,NA
2137,magician,A person who practices magic.,n10625860,thaumaturge,n10625860,11,one who practices magic or sorcery,same,0,NA
3206,elf or fairy,"A mythical being similar to but distinct from human, related to nature, and usually with supernatural or magic powers.",n9540430,faery,n09540430,6,"a small being, human in form, playful and having magical powers",different,1,NA
3206,elf or fairy,"A mythical being similar to but distinct from human, related to nature, and usually with supernatural or magic powers.",n9540430,sprite,n09540430,22,"a small being, human in form, playful and having magical powers",different,0,NA
3206,elf or fairy,"A mythical being similar to but distinct from human, related to nature, and usually with supernatural or magic powers.",n9540430,fairy,n09540430,420,"a small being, human in form, playful and having magical powers",different,1,NA
3206,elf or fairy,"A mythical being similar to but distinct from human, related to nature, and usually with supernatural or magic powers.",n9540430,faerie,n09540430,27,"a small being, human in form, playful and having magical powers",different,1,NA
3206,elf or fairy,"A mythical being similar to but distinct from human, related to nature, and usually with supernatural or magic powers.",n9540430,fay,n09540430,11,"a small being, human in form, playful and having magical powers",different,1,NA
1175,ghost,The visible disembodied soul of a dead person.,n09545976,ghost,n09545976,607,the visible disembodied soul of a dead person,same,1,NA
107,omen,A sign that is supposed to reveal whether the future will be favourable or not.,n07286368,prognostication,n06748969,6,a statement made about the future,different,0,NA
107,omen,A sign that is supposed to reveal whether the future will be favourable or not.,n07286368,presage,v00871942,19,indicate by signs,different,0,NA
107,omen,A sign that is supposed to reveal whether the future will be favourable or not.,n07286368,portent,n07286368,28,a sign of something about to happen,same,1,NA
107,omen,A sign that is supposed to reveal whether the future will be favourable or not.,n07286368,prodigy,n10479783,50,an unusually gifted or intelligent (young) person; someone whose talents excite wonder and admiration,different,0,NA
107,omen,A sign that is supposed to reveal whether the future will be favourable or not.,n07286368,omen,n07286368,25,a sign of something about to happen,same,1,NA
107,omen,A sign that is supposed to reveal whether the future will be favourable or not.,n07286368,prognostic,s01883325,1,of or relating to prediction; having value for making predictions,different,0,NA
