concepticon_id	name	description	final_synset	synonym	wordnet_id	count	definition	same_synset	taxonomic_depth
2	dust	Any kind of solid material divided in particles of very small size.	n14839846	dust	n14839846	1353.0	fine powdery material such as dry earth or pollen that can be blown about in the air	same	6.0
3	brave	Having or characterized by courage.	a00262792	brave	a00262792	489.0	possessing or displaying courage; able to face and deal with danger or fear without flinching; - Herman Melville; - William Wordsworth	same	0.0
3	brave	Having or characterized by courage.	a00262792	courageous	a00262792	87.0	possessing or displaying courage; able to face and deal with danger or fear without flinching; - Herman Melville; - William Wordsworth	same	0.0
6	earthquake	The violent shaking of the ground produced by deep seismic waves, originating from the epicentre.	n07428954	earthquake	n07428954	280.0	shaking and vibration at the surface of the earth resulting from underground movement along a fault plane of from volcanic activity	same	6.0
6	earthquake	The violent shaking of the ground produced by deep seismic waves, originating from the epicentre.	n07428954	quake	n07428954	96.0	shaking and vibration at the surface of the earth resulting from underground movement along a fault plane of from volcanic activity	same	6.0
6	earthquake	The violent shaking of the ground produced by deep seismic waves, originating from the epicentre.	n07428954	seism				different	6.0
6	earthquake	The violent shaking of the ground produced by deep seismic waves, originating from the epicentre.	n07428954	temblor	n07428954	13.0	shaking and vibration at the surface of the earth resulting from underground movement along a fault plane of from volcanic activity	same	6.0
7	gather	To collect or gather (e.g. work, magazines, etc.).	v01380638	collect	v01380638	441.0	assemble or get together	same	0.0
7	gather	To collect or gather (e.g. work, magazines, etc.).	v01380638	garner	v02290196	112.0	acquire or deserve by one's efforts or actions	different	0.0
7	gather	To collect or gather (e.g. work, magazines, etc.).	v01380638	gather	v01380638	1096.0	assemble or get together	same	0.0
8	curse	To imprecate evil or misfortune upon someone or something, usually by means of a prayer or implication.	v00865958	anathemise				different	2.0
8	curse	To imprecate evil or misfortune upon someone or something, usually by means of a prayer or implication.	v00865958	anathemize				different	2.0
8	curse	To imprecate evil or misfortune upon someone or something, usually by means of a prayer or implication.	v00865958	bedamn				different	2.0
8	curse	To imprecate evil or misfortune upon someone or something, usually by means of a prayer or implication.	v00865958	beshrew				different	2.0
8	curse	To imprecate evil or misfortune upon someone or something, usually by means of a prayer or implication.	v00865958	curse	n07160424	221.0	an evil spell	different	2.0
8	curse	To imprecate evil or misfortune upon someone or something, usually by means of a prayer or implication.	v00865958	damn	s00670530	626.0	used as expletives	different	2.0
8	curse	To imprecate evil or misfortune upon someone or something, usually by means of a prayer or implication.	v00865958	imprecate				different	2.0
8	curse	To imprecate evil or misfortune upon someone or something, usually by means of a prayer or implication.	v00865958	maledict				different	2.0
9	announce	To make known by stating or announcing.	v00974367	announce	v00974367	1712.0	make known; make an announcement	same	4.0
9	announce	To make known by stating or announcing.	v00974367	denote	v00931467	51.0	have as a meaning	different	4.0
10	firewood	Wood intended to be burned.	n15100644	firewood	n15100644	75.0	wood used for fuel	same	5.0
11	darkness	Absence of light.	n13983515	dark	a00409440	2498.0	(used of color) having a dark hue	different	5.0
11	darkness	Absence of light.	n13983515	darkness	n13983515	1356.0	absence of light or illumination	same	5.0
12	midday	Time of day when the sun is in its zenith.	n15165490	midday	n15165490	127.0	the middle of the day	same	9.0
12	midday	Time of day when the sun is in its zenith.	n15165490	noon	n15165490	457.0	the middle of the day	same	9.0
12	midday	Time of day when the sun is in its zenith.	n15165490	noonday	n15165490	14.0	the middle of the day	same	9.0
12	midday	Time of day when the sun is in its zenith.	n15165490	noontide				different	9.0
13	deceit	The act or practice of deceiving.	n00752431	deceit	n00752431	30.0	the act of deceiving	same	8.0
13	deceit	The act or practice of deceiving.	n00752431	deception	n00752431	118.0	the act of deceiving	same	8.0
13	deceit	The act or practice of deceiving.	n00752431	dissembling	n00752431	5.0	the act of deceiving	same	8.0
13	deceit	The act or practice of deceiving.	n00752431	dissimulation	n00752431	2.0	the act of deceiving	same	8.0
14	yoke	A device for joining together a pair of draft animals.	n04613350	yoke	n13996909	16.0	an oppressive power	different	8.0
17	eyelid	A skin flap that can be closed over an eye.	n05313822	eyelid	n05313822	212.0	either of two folds of skin that can be moved to cover or open the eye	same	9.0
17	eyelid	A skin flap that can be closed over an eye.	n05313822	lid	n03661340	428.0	a movable top or cover (hinged or separate) for closing the opening at the top of a box, chest, jar, pan, etc.	different	9.0
17	eyelid	A skin flap that can be closed over an eye.	n05313822	palpebra				different	9.0
18	earlobe	The lower fleshy part of the human ear.	n05323588	earlobe	n05323588	63.0	the fleshy pendulous part of the external human ear	same	6.0
21	taste (something)	To try the flavor of something.	v02194286	savor	v01820302	171.0	derive or receive pleasure from; get enjoyment from; take pleasure in	different	0.0
21	taste (something)	To try the flavor of something.	v02194286	savour				different	0.0
21	taste (something)	To try the flavor of something.	v02194286	taste	n05715283	488.0	the sensation that results when taste buds in the tongue and throat convey information about the chemical composition of a soluble stimulus	different	0.0
23	rye	Biennial plant from the genus Secale of the family Poaceae, used as a cereal or for forage.	n12134025	rye	n12157179	38.0	the seed of the cereal grass	different	12.0
24	pray	To address God or a higher being with praise, thanksgiving, confession or supplication.	v00759944	pray	v00759944	1048.0	address a deity, a prophet, a saint or an object of worship; say a prayer	same	4.0
27	air	A predominantly mechanical mixture of a variety of individual gases forming the earth's enveloping atmosphere.	n14841267	air	n14841267	3700.0	a mixture of gases (especially oxygen) required for breathing; the stuff that the wind consists of	same	5.0
31	pan	Cooking utensil relatively flat, having a handle, used to cook food such as meat, vegetables or eggs, usually in oil or butter.	n03880531	pan	n03880531	876.0	cooking utensil consisting of a wide metal vessel	same	10.0
32	earwax	A yellowish, waxlike secretion from certain glands in the external auditory canal.	n15095103	cerumen				different	8.0
32	earwax	A yellowish, waxlike secretion from certain glands in the external auditory canal.	n15095103	earwax	n15095103	2.0	a soft yellow wax secreted by glands in the ear canal	same	8.0
33	nettle	Any of numerous plants having stinging hairs that cause skin irritation on contact (especially of the genus Urtica or family Urticaceae). [B:33]	n12392070	nettle	v01787955	11.0	cause annoyance in; disturb, especially by minor irritations	different	9.0
40	envy	A feeling of discontent or covetousness with regard to another's advantages, success, possessions, etc.	n07550079	jealousy	n07550079	115.0	a feeling of jealous envy (especially of a rival)	same	10.0
42	stinking	Having a bad smell.	a01053634	fetid	s01053634	33.0	offensively malodorous	different	0.0
42	stinking	Having a bad smell.	a01053634	foetid				different	0.0
42	stinking	Having a bad smell.	a01053634	foul	s01625893	70.0	highly offensive; arousing aversion or disgust	different	0.0
42	stinking	Having a bad smell.	a01053634	foul-smelling				different	0.0
42	stinking	Having a bad smell.	a01053634	funky	s00609750	85.0	stylish and modern in an unconventional way	different	0.0
42	stinking	Having a bad smell.	a01053634	ill-scented				different	0.0
42	stinking	Having a bad smell.	a01053634	noisome	s02560035	1.0	causing or able to cause nausea	different	0.0
42	stinking	Having a bad smell.	a01053634	smelly	s01053634	2.0	offensively malodorous	different	0.0
42	stinking	Having a bad smell.	a01053634	stinking				different	0.0
43	lead (guide)	To guide by moving in front.	v01999798	conduct	v02445509	1003.0	direct the course of; manage or control	different	0.0
43	lead (guide)	To guide by moving in front.	v01999798	direct	s00770480	559.0	having no intervening persons, agents, conditions	different	0.0
43	lead (guide)	To guide by moving in front.	v01999798	guide	v01999798	498.0	take somebody somewhere	same	0.0
43	lead (guide)	To guide by moving in front.	v01999798	lead	v01999798	2086.0	take somebody somewhere	same	0.0
43	lead (guide)	To guide by moving in front.	v01999798	take	v02599636	5343.0	carry out	different	0.0
48	be silent	To stop speaking or making noise.	s175123	silent	s01919428	1164.0	marked by absence of sound	different	0.0
48	be silent	To stop speaking or making noise.	s175123	unsounded				different	0.0
49	refuse	To not do what is being asked.	v00797430	decline	v00797430	342.0	show unwillingness towards	same	2.0
49	refuse	To not do what is being asked.	v00797430	refuse	v00797430	1423.0	show unwillingness towards	same	2.0
52	shiver	To shake nervously, as if from fear.	v01888946	shiver	v00014201	397.0	shake, as from cold	different	3.0
52	shiver	To shake nervously, as if from fear.	v01888946	shudder	v01888946	218.0	tremble convulsively, as from fear or excitement	same	3.0
52	shiver	To shake nervously, as if from fear.	v01888946	thrill	n07528470	175.0	the swift release of a store of affective force	different	3.0
52	shiver	To shake nervously, as if from fear.	v01888946	throb	v02122665	87.0	pulsate or pound with abnormal force	different	3.0
55	whisper	To speak in a quiet voice, without vibration of the vocal cords.	v00915830	whisper	v00915830	2154.0	speak softly; in a low voice	same	4.0
56	bad luck	An undesirable event such as an accident.	n14475405	misfortune	n14475405	45.0	an unfortunate state resulting from unfavorable outcomes	same	6.0
60	oat	A species of grass (Avena sativa) grown for its seed.	n12109827	oat	n12109827	44.0	annual grass of Europe and North Africa; grains used as food and fodder (referred to primarily in the plural: `oats')	same	12.0
65	ambush	The act of concealing yourself and lying in wait to attack by surprise.	n01246926	ambuscade	n01246926	2.0	the act of concealing yourself and lying in wait to attack by surprise	same	9.0
65	ambush	The act of concealing yourself and lying in wait to attack by surprise.	n01246926	ambush	n01246926	111.0	the act of concealing yourself and lying in wait to attack by surprise	same	9.0
65	ambush	The act of concealing yourself and lying in wait to attack by surprise.	n01246926	trap	n04474466	402.0	a device in which something (usually an animal) can be caught and penned	different	9.0
66	kneel	To go down on one or both knees.	v01545649	kneel	v01545649	332.0	rest one's weight on one's knees	same	2.0
67	embers	A small, glowing piece of coal or wood, as in a dying fire.	n09273130	coal	n14814616	632.0	fossil fuel consisting of carbonized vegetable matter deposited in the Carboniferous period	different	5.0
67	embers	A small, glowing piece of coal or wood, as in a dying fire.	n09273130	ember	n09273130	85.0	a hot fragment of wood or coal that is left from a fire and is glowing or smoldering	same	5.0
68	tattoo	A marking made by inserting ink into the layers of skin to change the pigment permanently for decorative or other reasons.	n04395651	tattoo	n04395651	210.0	a design on the skin made by tattooing	same	7.0
70	brackish	(Of water) Salty or slightly salty, as a mixture of fresh and sea water.	a01074062	brackish	s01716845	6.0	distasteful and unpleasant; spoiled by mixture	different	0.0
70	brackish	(Of water) Salty or slightly salty, as a mixture of fresh and sea water.	a01074062	briny	s01074062	13.0	slightly salty (especially from containing a mixture of seawater and fresh water)	different	0.0
72	claw	The hard, keratin part growing at the feet of animals.	n02156140	claw	n02156140	229.0	sharp curved horny process on the toe of a bird or some mammals or reptiles	same	7.0
73	beak	External anatomical structure of birds which is used for taking food and for eating.	n01758308	beak	n01758308	100.0	horny projecting mouth of a bird	same	9.0
73	beak	External anatomical structure of birds which is used for taking food and for eating.	n01758308	bill	n06536853	813.0	a statute in draft before it becomes law	different	9.0
73	beak	External anatomical structure of birds which is used for taking food and for eating.	n01758308	neb	n01758308	3.0	horny projecting mouth of a bird	same	9.0
73	beak	External anatomical structure of birds which is used for taking food and for eating.	n01758308	nib	n03823111	15.0	the writing point of a pen	different	9.0
73	beak	External anatomical structure of birds which is used for taking food and for eating.	n01758308	pecker	n01758308	11.0	horny projecting mouth of a bird	same	9.0
80	doorpost	The frame that supports a door.	n03222857	doorjamb	n03222857	9.0	a jamb for a door	same	11.0
80	doorpost	The frame that supports a door.	n03222857	doorpost	n03222857	5.0	a jamb for a door	same	11.0
81	fathom	A linear unit of measurement, equal to 6 feet, for water depth.	n13660178	fathom	v00728954	75.0	come to understand	different	6.0
81	fathom	A linear unit of measurement, equal to 6 feet, for water depth.	n13660178	fthm				different	6.0
82	anger	Belligerence aroused by a real or supposed wrong (personified as one of the deadly sins).	n14036539	anger	n07516354	1081.0	a strong emotion; a feeling that is oriented toward some real or supposed grievance	different	8.0
82	anger	Belligerence aroused by a real or supposed wrong (personified as one of the deadly sins).	n14036539	angriness				different	8.0
83	forbid	To tell not to do something.	v00795863	disallow	v00795863	12.0	command against	same	9.0
83	forbid	To tell not to do something.	v00795863	forbid	v00795863	426.0	command against	same	9.0
83	forbid	To tell not to do something.	v00795863	interdict	v00795863	6.0	command against	same	9.0
83	forbid	To tell not to do something.	v00795863	nix	v00795863	21.0	command against	same	9.0
83	forbid	To tell not to do something.	v00795863	prohibit	v00795863	261.0	command against	same	9.0
83	forbid	To tell not to do something.	v00795863	proscribe	v00795863	8.0	command against	same	9.0
83	forbid	To tell not to do something.	v00795863	veto	n00209546	53.0	a vote that blocks a decision	different	9.0
88	beehive	A structure that provides a natural habitation for bees; as in a hollow tree.	n02822865	beehive	n02823030	7.0	any workplace where people are very busy	different	8.0
88	beehive	A structure that provides a natural habitation for bees; as in a hollow tree.	n02822865	hive	n02822865	53.0	a man-made receptacle that houses a swarm of bees	same	8.0
90	innocent	Not guilty.	a01319874	clean-handed				different	0.0
90	innocent	Not guilty.	a01319874	guiltless	a01319874	1.0	free from evil or guilt	same	0.0
90	innocent	Not guilty.	a01319874	innocent	s02272670	317.0	lacking in sophistication or worldliness	different	0.0
93	draw milk	To draw milk from (a mammal, especially a cow).	v00194170	milk	n07844042	1214.0	a white nutritious liquid secreted by mammals and used as food by human beings	different	2.0
95	sandfly	A tiny flying insect from one of several species in the Nematocera suborder, including the families Mycetophilidae, Anisopodidae and Sciaridae.	n2204249	sandfly	n02204249	1.0	any of various small dipterous flies; bloodsucking females can transmit sandfly fever and leishmaniasis	different	12.0
98	all	The totality of.	a02269286	all	r00008007	13352.0	to a complete degree or to the full or entire extent (`whole' is often used informally for `wholly')	different	0.0
100	faithful	Steadfast in affection.	a00958880	faithful	a00958880	221.0	steadfast in affection or allegiance	same	0.0
101	boast	To show off.	v00883226	blow	v02769241	608.0	be blowing or storming	different	6.0
101	boast	To show off.	v00883226	bluster	n06889591	16.0	a swaggering show of courage	different	6.0
101	boast	To show off.	v00883226	boast	v02631659	244.0	wear or display in an ostentatious or proud manner	different	6.0
101	boast	To show off.	v00883226	brag	v00883226	160.0	show off	same	6.0
101	boast	To show off.	v00883226	gas	n14877585	781.0	a fluid in the gaseous state having neither independent shape nor volume and being able to expand indefinitely	different	6.0
101	boast	To show off.	v00883226	gasconade				different	6.0
101	boast	To show off.	v00883226	swash	n07344528	3.0	the movement or sound of water	different	6.0
101	boast	To show off.	v00883226	tout	v00971460	113.0	advertize in strongly positive terms	different	6.0
101	boast	To show off.	v00883226	vaunt	v00883226	2.0	show off	same	6.0
102	common cold (disease)	A contagious, viral infectious disease of the upper respiratory system; common symptoms include cough, sore throat, runny nose, nasal congestion and sneezing.	n14145501	cold	a01251128	3077.0	having a low or inadequate temperature or feeling a sensation of coldness or having been made cold by e.g. ice or refrigeration	different	11.0
107	omen	A sign that is supposed to reveal whether the future will be favourable or not.	n07286368	omen	n07286368	25.0	a sign of something about to happen	same	7.0
107	omen	A sign that is supposed to reveal whether the future will be favourable or not.	n07286368	portent	n07286368	28.0	a sign of something about to happen	same	7.0
107	omen	A sign that is supposed to reveal whether the future will be favourable or not.	n07286368	presage	v00871942	19.0	indicate by signs	different	7.0
107	omen	A sign that is supposed to reveal whether the future will be favourable or not.	n07286368	prodigy	n10479783	50.0	an unusually gifted or intelligent (young) person; someone whose talents excite wonder and admiration	different	7.0
107	omen	A sign that is supposed to reveal whether the future will be favourable or not.	n07286368	prognostic	s01883325	1.0	of or relating to prediction; having value for making predictions	different	7.0
107	omen	A sign that is supposed to reveal whether the future will be favourable or not.	n07286368	prognostication	n06748969	6.0	a statement made about the future	different	7.0
108	rudder	An underwater vane used to steer a vessel. The rudder is controlled by means of a wheel, tiller or other apparatus.	n03837422	oar	n03837422	95.0	an implement used to propel or steer a boat	same	7.0
112	turtle	A reptile of the order Testudines (the crown group of the superorder Chelonia), characterised by a special bony or cartilaginous shell developed from their ribs that acts as a shield.	n01662784	turtle	n01662784	246.0	any of various aquatic and land reptiles having a bony shell and flipper-like limbs for swimming	same	12.0
113	shore	The margin or shore of a river, lake, or ocean.	n09433442	shore	n09433442	740.0	the land along the edge of a body of water	same	4.0
117	imitate	To follow as a model or a pattern.	v01742886	copy	n03104594	799.0	a thing made to be similar or identical to another thing	different	2.0
117	imitate	To follow as a model or a pattern.	v01742886	imitate	v01742886	133.0	reproduce someone's behavior or looks	same	2.0
117	imitate	To follow as a model or a pattern.	v01742886	simulate	v01722980	59.0	create a representation or model of	different	2.0
119	dive	To swim under water.	v01962671	dive	v01967373	254.0	drop steeply	different	2.0
121	spin	To make (yarn) by drawing out, twisting, and winding fibers.	v01518772	spin	v02046755	724.0	revolve quickly and repeatedly around one's own axis	different	3.0
122	cart	A two-wheeled vehicle, commonly without springs, drawn by mules, oxen, or the like, used for the conveyance of heavy goods.	n04543158	waggon	n04543158	1.0	any of various kinds of wheeled vehicles drawn by an animal or a tractor	same	8.0
122	cart	A two-wheeled vehicle, commonly without springs, drawn by mules, oxen, or the like, used for the conveyance of heavy goods.	n04543158	wagon	n04543158	547.0	any of various kinds of wheeled vehicles drawn by an animal or a tractor	same	8.0
123	forehead	The part of the face between the hairline and the eyebrows.	n05602548	brow	n05313535	354.0	the arch of hair above each eye	different	6.0
123	forehead	The part of the face between the hairline and the eyebrows.	n05602548	forehead	n05602548	1078.0	the part of the face above the eyes	same	6.0
126	sweat (perspire)	To secrete sweat.	v00067545	perspire	v00067545	30.0	excrete perspiration through the pores in the skin	same	2.0
126	sweat (perspire)	To secrete sweat.	v00067545	sudate				different	2.0
126	sweat (perspire)	To secrete sweat.	v00067545	sweat	n05405751	971.0	salty fluid secreted by sweat glands	different	2.0
127	extinguish	To make something stop burning.	v02761897	extinguish	v02761897	87.0	put out, as of fires, flames, or lights	same	0.0
127	extinguish	To make something stop burning.	v02761897	quench	v01204021	28.0	satisfy (thirst)	different	0.0
128	mumble	To speak unintelligibly and without articulating.	v01044533	maunder	v01036804	1.0	speak (about unimportant matters) rapidly and incessantly	different	4.0
128	mumble	To speak unintelligibly and without articulating.	v01044533	mumble	v01044533	280.0	talk indistinctly; usually in a low voice	same	4.0
128	mumble	To speak unintelligibly and without articulating.	v01044533	mussitate				different	4.0
128	mumble	To speak unintelligibly and without articulating.	v01044533	mutter	v01044533	555.0	talk indistinctly; usually in a low voice	same	4.0
129	choke	To squeeze the neck in order to compress the carotide and/or trachea, possibly leading to unconsciousness or death.	v00077950	choke	v00002724	337.0	breathe with great difficulty, as when experiencing a strong emotion	different	3.0
129	choke	To squeeze the neck in order to compress the carotide and/or trachea, possibly leading to unconsciousness or death.	v00077950	strangle	v01570935	163.0	kill by squeezing the throat of so as to cut off the air	different	3.0
133	weave	To create a fabric by interlacing threads.	v01673891	tissue	n05267345	492.0	part of an organism consisting of an aggregate of cells having a similar structure and function	different	2.0
133	weave	To create a fabric by interlacing threads.	v01673891	weave	v01518924	231.0	interlace by or as if by weaving	different	2.0
134	fault	Responsibility for a wrong act done deliberately or a good act omitted deliberately.	n04669692	fault	n04669692	686.0	responsibility for a bad situation or event	same	6.0
138	bathe	To clean oneself by immersion in water.	v00035603	bathe	v00035603	156.0	cleanse the entire body	same	5.0
139	gums	The mucosal tissue that partly lies over the teeth in the mouth.	n05304932	gingiva				different	7.0
139	gums	The mucosal tissue that partly lies over the teeth in the mouth.	n05304932	gum	n07599998	144.0	a preparation (usually made of sweetened chicle) for chewing	different	7.0
141	burn (something)	To cause to undergo fire combustion.	v00378042	burn	v00378664	922.0	destroy by fire	different	2.0
141	burn (something)	To cause to undergo fire combustion.	v00378042	incinerate	v00378361	33.0	become reduced to ashes	different	2.0
148	itch	An unpleasant sensation on the skin that provokes the desire to scratch.	n05723563	itch	n05723563	58.0	an irritating cutaneous sensation that produces a desire to scratch	same	9.0
148	itch	An unpleasant sensation on the skin that provokes the desire to scratch.	n05723563	itchiness	n05723563	4.0	an irritating cutaneous sensation that produces a desire to scratch	same	9.0
148	itch	An unpleasant sensation on the skin that provokes the desire to scratch.	n05723563	itching	n05723563	33.0	an irritating cutaneous sensation that produces a desire to scratch	same	9.0
151	razor	A bladed tool used for the removal of body hair through the act of shaving.	n04057047	razor	n04057047	246.0	edge tool used in shaving	same	11.0
154	udder	An organ in female quadruped mammals which consists of mammary glands and has several teats.	n02370360	bag	n02773037	2168.0	a flexible container with a single opening	different	9.0
154	udder	An organ in female quadruped mammals which consists of mammary glands and has several teats.	n02370360	udder	n02370360	16.0	mammary gland of bovids (cows and sheep and goats)	same	9.0
155	chop	To chop wood, or to chop meat, vegetables etc. into small pieces.	v01258091	chop	v01258091	715.0	cut into pieces	same	3.0
156	red	Having red as its colour.	a00381097	blood-red				different	0.0
156	red	Having red as its colour.	a00381097	carmine	n04963449	5.0	a variable color averaging a vivid red	different	0.0
156	red	Having red as its colour.	a00381097	cerise	s00381097	2.0	of a color at the end of the color spectrum (next to orange); resembling the color of blood or cherries or tomatoes or rubies	different	0.0
156	red	Having red as its colour.	a00381097	cherry	n07757132	242.0	a red fruit with a single hard stone	different	0.0
156	red	Having red as its colour.	a00381097	cherry-red				different	0.0
156	red	Having red as its colour.	a00381097	crimson	n04963588	109.0	a deep and vivid red color	different	0.0
156	red	Having red as its colour.	a00381097	red	s00381097	5220.0	of a color at the end of the color spectrum (next to orange); resembling the color of blood or cherries or tomatoes or rubies	different	0.0
156	red	Having red as its colour.	a00381097	reddish	s00381097	123.0	of a color at the end of the color spectrum (next to orange); resembling the color of blood or cherries or tomatoes or rubies	different	0.0
156	red	Having red as its colour.	a00381097	ruby	n13372262	60.0	a transparent piece of ruby that has been cut and polished and is valued as a precious gem	different	0.0
156	red	Having red as its colour.	a00381097	ruby-red				different	0.0
156	red	Having red as its colour.	a00381097	ruddy	s01172139	1.0	inclined to a healthy reddish color often associated with outdoor life	different	0.0
156	red	Having red as its colour.	a00381097	scarlet	s00381097	118.0	of a color at the end of the color spectrum (next to orange); resembling the color of blood or cherries or tomatoes or rubies	different	0.0
157	dye	To modify the color of something by applying dye.	v00283090	dye	v00283090	192.0	color with dye	same	2.0
161	miss (a target)	To fail to hit (a target, a bell, etc.).	v01237901	miss	v01805523	1127.0	feel or suffer from the lack of	different	0.0
162	hiccough	To have spasms of the diaphragm.	v00003826	hiccough	v00003826	3.0	breathe spasmodically, and make a sound	same	1.0
162	hiccough	To have spasms of the diaphragm.	v00003826	hiccup	n14359459	35.0	(usually plural) the state of having reflex spasms of the diaphragm accompanied by a rapid closure of the glottis producing an audible sound; sometimes a symptom of indigestion	different	1.0
163	black	Dark and colourless; not reflecting visible light.	a00392812	black	a00392812	6906.0	being of the achromatic color of maximum darkness; having little or no hue owing to absorption of almost all incident light	same	0.0
166	mainland	A large and continuous mass of land representing most of a region or a country but excluding outlying islands.	n09346120	mainland	n09346120	167.0	the main land mass of a country or continent; as distinguished from an island or peninsula	same	4.0
168	rest	To cease working, moving or thinking for some time in order to relieve fatigue.	v00014405	rest	n13810818	3614.0	something left after other parts have been taken away	different	2.0
172	shoulderblade	A large flat bone located at the back of each shoulder.	n05279688	scapula	n05279688	7.0	either of two flat triangular bones one on each side of the shoulder in human beings	same	9.0
174	proud	Feeling greatly pleased, or satisfied by something or someone that is highly honorable or creditable to oneself.	a01889256	proud	a01889256	1146.0	feeling self-respect or pleasure in something by which you measure your self-worth; or being a reason for pride	same	0.0
175	blow (of wind)	(Of the wind or a current of air) To move.	v02769241	blow	v02769241	608.0	be blowing or storming	same	0.0
178	ripe	(Of fruits, seeds, etc.) Having reached the stage of development suitable for harvesting and eating.	a01493173	mature	a01491775	168.0	characteristic of maturity	different	0.0
178	ripe	(Of fruits, seeds, etc.) Having reached the stage of development suitable for harvesting and eating.	a01493173	ripe	a01493173	239.0	fully developed or matured and ready to be eaten or used	same	0.0
180	call by name	To give a name or designation of a common noun that, e.g., reflects a quality.	v01028748	call	v01028748	8502.0	assign a specified (usually proper) proper name to	same	2.0
180	call by name	To give a name or designation of a common noun that, e.g., reflects a quality.	v01028748	name	n06333653	10095.0	a language unit by which a person or thing is known	different	2.0
183	bake	To cook (something) in an oven, but not in fat.	v01663749	bake	v01663749	455.0	prepare with dry heat in an oven	same	2.0
184	mast	Post of wood or steel, long, round and straight, standing on a ship, intended to carry the sails, flags, floodlights, or communications equipment.	n03726760	mast	n03726760	105.0	a vertical spar for supporting sails	same	10.0
185	fireplace	An open recess in a wall at the base of a chimney where a fire may be built, or a hearth.	n03346455	fireplace	n03346455	456.0	an open recess in a wall at the base of a chimney where a fire can be built	same	9.0
185	fireplace	An open recess in a wall at the base of a chimney where a fire may be built, or a hearth.	n03346455	hearth	n03346455	77.0	an open recess in a wall at the base of a chimney where a fire can be built	same	9.0
190	mow	To cut all the grass, crop or any thin plants of a surface area of the ground.	v01319562	mow	v01319562	131.0	cut with a blade or mower	same	3.0
191	nut	A hard-shelled seed.	n13136556	nut	n13136556	290.0	usually large hard-shelled seed	same	10.0
192	corner	The area around the point where two converging walls meet.	n03109881	corner	n08544419	1287.0	a place off to the side of an area	different	7.0
192	corner	The area around the point where two converging walls meet.	n03109881	nook	n08643648	74.0	a sheltered and secluded place	different	7.0
193	shallow	Having little depth.	a00691696	shallow	a00691696	387.0	lacking physical depth; having little spatial extension downward or inward from an outer surface or backward or outward from a center	same	0.0
194	family	A group comprising parents, offsprings and others closely related or associated with them.	n07970406	family	n08078020	6059.0	a social unit living together	different	5.0
195	mat	A flat object laid on the floor to protect a person from the hard floor.	n03727837	mat	n03727837	147.0	a thick flat pad used as a floor covering	same	7.0
199	famine	A severe shortage of food, as through crop failure or over population. It may be due to poor harvests following drought, floods, earthquake, war, social conflict, etc.	n07315790	famine	n07315790	110.0	a severe shortage of food (as through crop failure) resulting in violent hunger and starvation and death	same	8.0
203	marry	To enter marriage; to take a husband or a wife.	v02488834	conjoin	v01291069	29.0	make contact or come together	different	2.0
203	marry	To enter marriage; to take a husband or a wife.	v02488834	espouse	v02346895	38.0	choose and follow; as of theories, ideas, policies, strategies or plans	different	2.0
203	marry	To enter marriage; to take a husband or a wife.	v02488834	marry	v02488834	3264.0	take in marriage	same	2.0
203	marry	To enter marriage; to take a husband or a wife.	v02488834	wed	v02488834	32.0	take in marriage	same	2.0
204	again	Once more.	r00040365	again	r00040365	16348.0	anew	same	0.0
205	trough	A long, narrow container, open on top, for feeding or watering animals.	n03717131	manger	n03717131	13.0	a container (usually in a barn or stable) from which cattle or horses feed	same	7.0
205	trough	A long, narrow container, open on top, for feeding or watering animals.	n03717131	trough	n04488427	45.0	a long narrow shallow receptacle	different	7.0
206	firefly	A nocturnal, bioluminescent beetle of the family Lampyridae.	n2168245	firefly	n02168245	56.0	nocturnal beetle common in warm regions having luminescent abdominal organs	different	11.0
208	nasal mucus (snot)	Mucus from the nose.	n05416048	snot	n05416048	33.0	nasal mucus	same	8.0
211	cast	To pour [a hardenable liquid material, like metal, plaster, glass, concrete etc.] into a mold in order to produce a solid object of the shape of the mold.	v01662771	cast	v01632897	688.0	put or send forth	different	3.0
211	cast	To pour [a hardenable liquid material, like metal, plaster, glass, concrete etc.] into a mold in order to produce a solid object of the shape of the mold.	v01662771	mold	n03779370	103.0	container into which liquid is poured to create a given shape when it hardens	different	3.0
211	cast	To pour [a hardenable liquid material, like metal, plaster, glass, concrete etc.] into a mold in order to produce a solid object of the shape of the mold.	v01662771	mould	v01697027	1.0	form in clay, wax, etc	different	3.0
212	field	A limited area of land with grass or crops growing on it, which is usually surrounded by fences or closely planted bushes when it is part of a farm.	n08569998	field	n08569998	1311.0	a piece of land cleared of trees and usually enclosed	same	7.0
213	fin	An appendage of a fish used for swimming.	n02466132	fin	n02466132	117.0	organ of locomotion and balance in fishes and some other aquatic animals	same	7.0
214	stretch	To lengthen by pulling.	v00318816	elongate	v00318816	83.0	make long or longer by pulling and stretching	same	3.0
214	stretch	To lengthen by pulling.	v00318816	stretch	v00027268	562.0	extend one's limbs or muscles, or the entire body	different	3.0
218	fine (penalty)	A pecuniary punishment or penalty imposed by lawful tribunal upon person convicted of crime or misdemeanor.	n13301328	amercement				different	9.0
218	fine (penalty)	A pecuniary punishment or penalty imposed by lawful tribunal upon person convicted of crime or misdemeanor.	n13301328	fine	s00850183	1650.0	characterized by elegance or refinement or accomplishment	different	9.0
218	fine (penalty)	A pecuniary punishment or penalty imposed by lawful tribunal upon person convicted of crime or misdemeanor.	n13301328	mulct				different	9.0
221	fire	The state of combustion in which inflammable material burns, producing heat, flames and often smoke.	n13480848	fire	n07302836	2226.0	the event of something burning (often destructive)	different	8.0
221	fire	The state of combustion in which inflammable material burns, producing heat, flames and often smoke.	n13480848	flame	n13480848	978.0	the process of combustion of inflammable materials producing heat and light and (often) smoke	same	8.0
221	fire	The state of combustion in which inflammable material burns, producing heat, flames and often smoke.	n13480848	flaming	s01256735	15.0	very intense	different	8.0
224	mortar	A bowl used to crush and grind ingredients with a pestle.	n03786901	mortar	n03786715	93.0	a muzzle-loading high-angle gun with a short barrel that fires shells at high elevations for a short range	different	8.0
225	pestle	A heavy cylindrical object with a rounded end used for crushing and grinding.	n03919289	pestle	n03919289	7.0	a club-shaped hand tool for grinding and mixing substances in a mortar	same	9.0
227	fish	A cold-blooded vertebrate animal that lives in water that moves with the help of fins and breathes using gills (Pisces).	n02512053	fish	n02512053	1644.0	any of various mostly cold-blooded aquatic vertebrates usually having scales and breathing through gills	same	10.0
228	carve	To cut or to chip in order to form something.	v01256157	carve	v01256157	543.0	form by carving	same	3.0
230	sweep	To clean a surface with a broom.	v01393996	sweep	v01870043	542.0	sweep across or over	different	2.0
232	flea	Any of the wingless insects composing the order Siphonaptera; most are ectoparasites of mammals and birds. (Source: MGH)	n02186153	flea	n02186153	147.0	any wingless bloodsucking parasitic insect noted for ability to leap	same	8.0
234	paddle	A pole with a blade at one or both ends, the pole itself being not attached to the boat but held by both hands, used to row or steer a boat.	n03873416	paddle	v01947887	136.0	propel with a paddle	different	8.0
236	stepmother	The wife of one's biological father, other than one's biological mother.	n10654827	stepmother	n10654827	125.0	the wife of your father by a subsequent marriage	same	10.0
237	stepfather	The husband of one's biological mother, other than one's biological father.	n10654701	stepfather	n10654701	121.0	the husband of your mother by a subsequent marriage	same	7.0
239	flower	The reproductive structure of angiosperm plants, consisting of stamens and carpels surrounded by petals and sepals all borne on the receptacle.	n11669335	bloom	v00294245	240.0	produce or yield flowers	different	8.0
239	flower	The reproductive structure of angiosperm plants, consisting of stamens and carpels surrounded by petals and sepals all borne on the receptacle.	n11669335	blossom	n11669335	203.0	reproductive organ of angiosperm plants especially one having showy or colorful parts	same	8.0
239	flower	The reproductive structure of angiosperm plants, consisting of stamens and carpels surrounded by petals and sepals all borne on the receptacle.	n11669335	flower	n11669921	1183.0	a plant cultivated for its blooms or blossoms	different	8.0
244	left	Something that is on the left side relative to another object.	r00387666	left	a02032953	2160.0	being or located on or directed toward the side of the body to the west when facing north	different	0.0
245	broom	A tool used to sweep and clean the floor, made of a bundle of straws or twigs attached to a long handle.	n02906734	broom	n02906734	125.0	a cleaning implement for sweeping; bundle of straws or twigs attached to a long handle	same	8.0
249	fog	Water droplets or, rarely, ice crystals suspended in the air in sufficient concentration to reduce visibility appreciably.	n11458314	fog	n11458314	348.0	droplets of water vapor suspended in the air near the ground	same	8.0
250	light (color)	(Of color) having a relatively small amount of color components.	a00269989	light	n11473954	3505.0	(physics) electromagnetic radiation that can produce a visual sensation	different	0.0
255	servant	A person performing duties for others. For example a person employed in a household which cares about the domestic duties.	n10582154	retainer	n10582154	32.0	a person working in the service of another (especially in the household)	same	5.0
255	servant	A person performing duties for others. For example a person employed in a household which cares about the domestic duties.	n10582154	servant	n10582154	696.0	a person working in the service of another (especially in the household)	same	5.0
256	food	A substance that can be ingested and utilized by the organism as a source of nutrition and energy.	n07555863	food	n00021265	6124.0	any substance that can be metabolized by an animal to give energy and build tissue	different	4.0
257	worship	To show devotion and obeisance to.	v01778990	worship	n01028655	235.0	the activity of worshipping	different	6.0
259	rough (of sea)	With large waves (of sea).	a00304949	boisterous	s02279360	38.0	full of rough and exuberant animal spirits	different	0.0
259	rough (of sea)	With large waves (of sea).	a00304949	fierce	s01511854	313.0	marked by extreme intensity of emotions or convictions; inclined to react violently; fervid	different	0.0
259	rough (of sea)	With large waves (of sea).	a00304949	rough	a02238462	452.0	having or caused by an irregular surface	different	0.0
262	he or she or it	Third person singular pronoun, regardless of gender/sex.	n.a.					different	
263	herdsman	A man who looks after a herd of animals.	n10171567	drover	n10171567	4.0	someone who drives a herd	same	9.0
263	herdsman	A man who looks after a herd of animals.	n10171567	herder	n10171567	31.0	someone who drives a herd	same	9.0
263	herdsman	A man who looks after a herd of animals.	n10171567	herdsman	n10171567	6.0	someone who drives a herd	same	9.0
265	fowl	A bird that is kept for its meat and eggs.	n01789740	fowl	n01789740	21.0	a domesticated gallinaceous bird thought to be descended from the red jungle fowl	same	11.0
265	fowl	A bird that is kept for its meat and eggs.	n01789740	poultry	n01789740	100.0	a domesticated gallinaceous bird thought to be descended from the red jungle fowl	same	11.0
267	nit	An egg of a louse that is sometimes found in people's hair.	n01461146	nit	n01461146	8.0	egg or young of an insect parasitic on mammals especially a sucking louse; often attached to a hair or item of clothing	same	10.0
268	dribble	To let saliva flow out of one’s mouth onto one’s chin.	v00102974	dribble	v01611516	34.0	let or cause to fall in drops	different	3.0
268	dribble	To let saliva flow out of one’s mouth onto one’s chin.	v00102974	drivel	n06612266	12.0	a worthless message	different	3.0
268	dribble	To let saliva flow out of one’s mouth onto one’s chin.	v00102974	drool	v00102974	89.0	let saliva drivel from the mouth	same	3.0
268	dribble	To let saliva flow out of one’s mouth onto one’s chin.	v00102974	slabber				different	3.0
268	dribble	To let saliva flow out of one’s mouth onto one’s chin.	v00102974	slaver	n10610201	34.0	a person engaged in slave trade	different	3.0
268	dribble	To let saliva flow out of one’s mouth onto one’s chin.	v00102974	slobber	v00102974	30.0	let saliva drivel from the mouth	same	3.0
269	cooked	Contrasting with 'raw'.	a00615757	cooked	a00615757	47.0	having been prepared for eating by the application of heat	same	0.0
270	jug	A container for holding and pouring liquids with a handle and a spout.	n3603722	jug	n03603722	152.0	a large bottle with a narrow mouth	different	9.0
271	saucer	A small dish for placing a cup.	n04139291	saucer	n04139291	68.0	a small shallow dish for holding a cup at the table	same	9.0
272	tongs	A tool that consists of two movable bars joined at one end, used to pick up an object.	n04450749	tongs				different	7.0
273	dough	A mixture of flour and water ready to be baked into bread, pastry etc.	n07860988	dough	n07860988	422.0	a flour mixture stiff enough to knead or roll	same	7.0
274	knead	To press a dough many times with one's hands.	v01235355	knead	v01232738	41.0	manually manipulate (someone's body), usually for medicinal or relaxation purposes	different	3.0
274	knead	To press a dough many times with one's hands.	v01235355	work	v02410855	6724.0	be employed	different	3.0
275	peel	To remove the skin from food or vegetables.	v01262936	pare	v00233089	38.0	decrease gradually or bit by bit	different	2.0
275	peel	To remove the skin from food or vegetables.	v01262936	peel	v01262936	505.0	strip the skin off	same	2.0
275	peel	To remove the skin from food or vegetables.	v01262936	skin	n05238282	3673.0	a natural protective body covering and site of the sense of touch	different	2.0
277	spindle	A stick used in spinning fiber into thread.	n04277352	spindle	n04277352	28.0	a stick or pin used to twist the yarn in spinning	same	8.0
278	awl	Pointed tool for marking or piercing wood or leather.	n02763714	awl	n02763714	8.0	a pointed tool for marking surfaces or for punching small holes	same	9.0
279	thatch	Natural roofing material such as straw, reeds, leaves, etc.	n15069712	thatch	v01233838	37.0	cover with thatch	different	7.0
280	ridgepole	The highest horizontal beam in a roof.	n04089152	ridge	n09409512	378.0	a long narrow natural elevation or striation	different	6.0
280	ridgepole	The highest horizontal beam in a roof.	n04089152	ridgepole	n04089152	2.0	a beam laid along the edge where two sloping sides of a roof meet at the top; provides an attachment for the upper ends of rafters	same	6.0
280	ridgepole	The highest horizontal beam in a roof.	n04089152	rooftree				different	6.0
281	post	A strong upright piece of wood, metal etc. that is fixed into the ground, especially to support something.	n3988170	post	n03988170	380.0	an upright consisting of a piece of timber or metal fixed firmly in an upright position	different	10.0
284	hoe	A tool with handle and blade with two or more prongs used for weeding, raking, etc.	n03524574	hoe	n03524574	93.0	a tool with a flat blade attached at right angles to a long handle	same	8.0
285	thresh	Separating the grain from the straw or husks by beating.	v01416364	thrash	v01890792	98.0	move or stir about violently	different	3.0
285	thresh	Separating the grain from the straw or husks by beating.	v01416364	thresh	v01416364	7.0	beat the seeds out of a grain	same	3.0
288	forge	To create and mold by hammering.	v01675245	forge	v01675245	116.0	create by hammering	same	4.0
288	forge	To create and mold by hammering.	v01675245	hammer	n03481172	303.0	a hand tool with a heavy rigid head and a handle; used to deliver an impulsive force by striking	different	4.0
289	mold	To create something, usually for a specific function.	v01662771	cast	v01632897	688.0	put or send forth	different	3.0
289	mold	To create something, usually for a specific function.	v01662771	mold	n03779370	103.0	container into which liquid is poured to create a given shape when it hardens	different	3.0
289	mold	To create something, usually for a specific function.	v01662771	mould	v01697027	1.0	form in clay, wax, etc	different	3.0
290	adze	A sharp tool with the blade at a right angle to the handle, used to shape pieces of wood.	n02682311	adz				different	11.0
290	adze	A sharp tool with the blade at a right angle to the handle, used to shape pieces of wood.	n02682311	adze	n02682311	1.0	an edge tool used to cut and shape wood	same	11.0
291	pull off (skin)	To strip or pull off the skin or hide of.	v01274657	flay	v01274657	27.0	strip the skin off	same	3.0
292	rug	A piece of thick cloth or wool that is smaller than a carpet and is put on the floor as decoration.	n04118021	carpet	n04118021	709.0	floor covering consisting of a piece of thick heavy fabric (usually with nap or pile)	same	7.0
292	rug	A piece of thick cloth or wool that is smaller than a carpet and is put on the floor as decoration.	n04118021	carpeting	n04118021	59.0	floor covering consisting of a piece of thick heavy fabric (usually with nap or pile)	same	7.0
292	rug	A piece of thick cloth or wool that is smaller than a carpet and is put on the floor as decoration.	n04118021	rug	n04118021	406.0	floor covering consisting of a piece of thick heavy fabric (usually with nap or pile)	same	7.0
293	netbag	Bag made of net used to carry things.	n.a.					different	
296	crouch	To lower one's body close to the ground by bending one's knees completely.	v01545314	crouch	v02062632	317.0	bend one's back forward from the waist on down	different	1.0
296	crouch	To lower one's body close to the ground by bending one's knees completely.	v01545314	hunker	v01545314	78.0	sit on one's heels	same	1.0
296	crouch	To lower one's body close to the ground by bending one's knees completely.	v01545314	scrunch	v01278427	61.0	make wrinkles or creases on a smooth surface; make a pressed, folded or wrinkled line in	different	1.0
296	crouch	To lower one's body close to the ground by bending one's knees completely.	v01545314	squat	v01545314	232.0	sit on one's heels	same	1.0
297	crooked	Opposite of straight.	a02311544	crooked	a02311544	131.0	having or marked by bends or angles; not straight or aligned	same	0.0
298	shriek	To make a short, loud and high-pitched sound in reaction to something.	v00914420	pipe	n03945167	402.0	a tube with a small bowl at one end; used for smoking tobacco	different	2.0
298	shriek	To make a short, loud and high-pitched sound in reaction to something.	v00914420	shriek	v00914420	229.0	utter a shrill cry	same	2.0
298	shriek	To make a short, loud and high-pitched sound in reaction to something.	v00914420	shrill	s01214430	112.0	having or emitting a high-pitched and sharp tone or tones	different	2.0
299	scold	To rebuke.	v00824767	berate	v00824767	58.0	censure severely or angrily	same	5.0
299	scold	To rebuke.	v00824767	chide	v00824767	73.0	censure severely or angrily	same	5.0
299	scold	To rebuke.	v00824767	jaw	n05546040	772.0	the part of the skull of a vertebrate that frames the mouth and holds the teeth	different	5.0
299	scold	To rebuke.	v00824767	lambast				different	5.0
299	scold	To rebuke.	v00824767	lambaste	v00824767	11.0	censure severely or angrily	same	5.0
299	scold	To rebuke.	v00824767	lecture	n07240549	222.0	a speech that is open to the public	different	5.0
299	scold	To rebuke.	v00824767	rag	n04045941	318.0	a small piece of cloth or paper	different	5.0
299	scold	To rebuke.	v00824767	rebuke	n06711855	42.0	an act or expression of criticism and censure	different	5.0
299	scold	To rebuke.	v00824767	remonstrate	v00910555	7.0	argue in protest or opposition	different	5.0
299	scold	To rebuke.	v00824767	reprimand	n06711855	33.0	an act or expression of criticism and censure	different	5.0
299	scold	To rebuke.	v00824767	reproof	n06711855	4.0	an act or expression of criticism and censure	different	5.0
299	scold	To rebuke.	v00824767	scold	v00824767	151.0	censure severely or angrily	same	5.0
299	scold	To rebuke.	v00824767	trounce	v01411085	10.0	beat severely with a whip or rod	different	5.0
300	rattle	A wooden instrument that makes a loud knocking noise [used by people watching football games].	n04056289	rattle	v02175057	321.0	make short successive sounds	different	6.0
301	chieftain	The leader/ruler of a tribe/clan.	n10164025	chief	s01277426	1109.0	most important element	different	5.0
301	chieftain	The leader/ruler of a tribe/clan.	n10164025	chieftain	n10164025	31.0	the head of a tribe or clan	same	5.0
301	chieftain	The leader/ruler of a tribe/clan.	n10164025	headman	n10164025	26.0	the head of a tribe or clan	same	5.0
302	clan	Extended family.	n07969695	clan	n07969695	330.0	group of people related by blood or marriage	same	4.0
302	clan	Extended family.	n07969695	kin	n10236304	70.0	a person having kinship with another or others	different	4.0
302	clan	Extended family.	n07969695	kindred				different	4.0
302	clan	Extended family.	n07969695	tribe	n08372411	500.0	a social division of (usually preliterate) people	different	4.0
303	abstain from food	To refrain from eating.	v01189604	fast	r00086000	3144.0	quickly or rapidly (often used as a combining form)	different	1.0
304	preach	To deliver a sermon.	v00828003	preach	v00828003	234.0	deliver a sermon	same	6.0
304	preach	To deliver a sermon.	v00828003	prophesy	v00926702	18.0	predict or reveal through, or as if through, divine inspiration	different	6.0
307	hawk	A predatory bird of the family Accipitridae.	n01605630	hawk	n01605630	186.0	diurnal bird of prey typically having short rounded wings and a long tail	same	11.0
309	opossum	A mammal being a member of the family Didelphidae.	n01874928	opossum	n01874928	10.0	nocturnal arboreal marsupial having a naked prehensile tail found from southern North America to northern South America	same	12.0
309	opossum	A mammal being a member of the family Didelphidae.	n01874928	possum	n01874928	39.0	nocturnal arboreal marsupial having a naked prehensile tail found from southern North America to northern South America	same	12.0
318	footprint	The impression of the foot in a soft substance such as sand or snow.	n06645039	footmark				different	5.0
318	footprint	The impression of the foot in a soft substance such as sand or snow.	n06645039	footprint	n06645039	150.0	a mark of a foot or shoe on a surface	same	5.0
318	footprint	The impression of the foot in a soft substance such as sand or snow.	n06645039	step	v01928838	3647.0	shift or move by taking a step	different	5.0
319	lick	To stroke with the tongue.	v01432176	lap	n05562595	760.0	the upper side of the thighs of a seated person	different	2.0
319	lick	To stroke with the tongue.	v01432176	lick	v01432176	453.0	pass the tongue over	same	2.0
320	lame	Moving with pain or difficulty on account of injury, defect or temporary obstruction of a function.	a01018788	crippled	s01018788	108.0	disabled in the feet or legs	different	0.0
320	lame	Moving with pain or difficulty on account of injury, defect or temporary obstruction of a function.	a01018788	game	n00455599	3184.0	a contest with rules to determine a winner	different	0.0
320	lame	Moving with pain or difficulty on account of injury, defect or temporary obstruction of a function.	a01018788	gimpy	s01018788	8.0	disabled in the feet or legs	different	0.0
320	lame	Moving with pain or difficulty on account of injury, defect or temporary obstruction of a function.	a01018788	halt	n07365849	237.0	the event of something ending	different	0.0
320	lame	Moving with pain or difficulty on account of injury, defect or temporary obstruction of a function.	a01018788	halting	s00290784	13.0	fragmentary or halting from emotional strain	different	0.0
320	lame	Moving with pain or difficulty on account of injury, defect or temporary obstruction of a function.	a01018788	lame	s02325304	111.0	pathetically lacking in force or effectiveness	different	0.0
321	chew	To crush with the teeth by repeated closing and opening of the jaws; done to food to soften it and break it down by the action of saliva before it is swallowed.	v01201089	chew	v01201089	642.0	chew (food); to bite and grind with the teeth	same	5.0
321	chew	To crush with the teeth by repeated closing and opening of the jaws; done to food to soften it and break it down by the action of saliva before it is swallowed.	v01201089	jaw	n05546040	772.0	the part of the skull of a vertebrate that frames the mouth and holds the teeth	different	5.0
321	chew	To crush with the teeth by repeated closing and opening of the jaws; done to food to soften it and break it down by the action of saliva before it is swallowed.	v01201089	manducate				different	5.0
321	chew	To crush with the teeth by repeated closing and opening of the jaws; done to food to soften it and break it down by the action of saliva before it is swallowed.	v01201089	masticate	v01201089	2.0	chew (food); to bite and grind with the teeth	same	5.0
322	fig	The fruit of the fig tree, pear-shaped and containing many small seeds.	n07753113	fig	n12401684	58.0	Mediterranean tree widely cultivated for its edible fruit	different	7.0
323	fat (organic substance)	Esters of three fatty acid chains and the alcohol glycerol which form a semi-solid substance in room temperature and occur in animals and plants.	n14864360	fat	n14864360	1128.0	a soft greasy substance occurring in organic tissue and consisting of a mixture of lipids (mostly triglycerides)	same	7.0
325	felt	A cloth or stuff made of matted fibres of wool, or wool and fur, fulled or wrought into a compact substance by rolling and pressure, with lees or size, without spinning or weaving.	n03326795	felt	n03326795	17.0	a fabric made of compressed matted animal fibers	same	6.0
326	cloak	A long outer garment worn over the shoulders covering the back; a cape, often with a hood.	n03045337	cloak	n03045337	289.0	a loose outer garment	same	9.0
327	poncho	A simple garment, made from a rectangle of cloth, with a slit in the middle for the head.	n03980874	poncho	n03980874	30.0	a blanket-like cloak with a hole in the center for the head	same	10.0
329	stocking	A soft garment worn on the foot and lower leg, usually knit or woven, worn under shoes or other footwear.	n04323819	stocking	n04323819	199.0	close-fitting hosiery to cover the foot and leg; come in matched pairs (usually used in the plural)	same	9.0
332	rag	A piece of old cloth; a tattered piece of cloth; a shred, a tatter.	n04045941	rag	n04045941	318.0	a small piece of cloth or paper	same	6.0
332	rag	A piece of old cloth; a tattered piece of cloth; a shred, a tatter.	n04045941	shred	v01573891	220.0	tear into shreds	different	6.0
332	rag	A piece of old cloth; a tattered piece of cloth; a shred, a tatter.	n04045941	tag	n07273136	377.0	a label written or printed on paper, cardboard, or plastic that is attached to something to indicate its owner, nature, price, etc.	different	6.0
332	rag	A piece of old cloth; a tattered piece of cloth; a shred, a tatter.	n04045941	tatter	n04045941	36.0	a small piece of cloth or paper	same	6.0
334	cookhouse	A small house where cooking takes place; a kitchen house.	n03101375	cookhouse	n03101375	11.0	a detached or outdoor shelter for cooking	same	7.0
337	pitchfork	An agricultural tool comprising a fork attached to a long handle used for pitching hay or bales of hay high up onto a haystack.	n03950359	pitchfork	n03950359	41.0	a long-handled hand tool with sharp widely spaced prongs for lifting and pitching hay	same	9.0
338	rake	A garden tool with a row of pointed teeth fixed to a long handle, used for collecting grass or debris, or for loosening soil.	n04050066	rake	v02099669	102.0	move through with or as if with a rake	different	8.0
342	hay	Cut and dried grass for use as animal fodder.	n07802026	hay	n07802026	220.0	grass mowed and cured for use as fodder	same	7.0
345	sap	The juice of plants of any kind, especially the ascending and descending juices or circulating fluid essential to nutrition.	n15038127	sap	v02280869	48.0	deplete	different	6.0
346	banyan	A tropical Indian fig tree, Ficus benghalensis, that has many aerial roots.	n12402348	banian				different	11.0
346	banyan	A tropical Indian fig tree, Ficus benghalensis, that has many aerial roots.	n12402348	banyan	n12402348	1.0	East Indian tree that puts out aerial shoots that grow down into the soil forming additional trunks	same	11.0
352	untie	To loosen, as something interlaced or knotted; to disengage the parts of. To unbind, to free from restraint.	v01284461	unbrace				different	3.0
352	untie	To loosen, as something interlaced or knotted; to disengage the parts of. To unbind, to free from restraint.	v01284461	unlace	v01284461	6.0	undo the ties of	same	3.0
352	untie	To loosen, as something interlaced or knotted; to disengage the parts of. To unbind, to free from restraint.	v01284461	untie	v01284461	81.0	undo the ties of	same	3.0
354	pound	To strike hard, usually repeatedly.	v01414626	poke	v01229976	321.0	poke or thrust abruptly	different	2.0
354	pound	To strike hard, usually repeatedly.	v01414626	pound	n13720096	2073.0	16 ounces avoirdupois	different	2.0
354	pound	To strike hard, usually repeatedly.	v01414626	thump	n07396945	125.0	a heavy dull sound (as made by impact of heavy objects)	different	2.0
356	shears	A tool consisting of two blades with bevel edges, connected by a pivot, used for cutting cloth, or for removing the fleece from sheep etc.	n04186848	shears				different	11.0
359	potter	One who makes pots and other ceramic wares.	n10460806	ceramicist	n10460806	3.0	a craftsman who shapes pottery on a potter's wheel and bakes them it a kiln	same	7.0
359	potter	One who makes pots and other ceramic wares.	n10460806	ceramist	n10460806	10.0	a craftsman who shapes pottery on a potter's wheel and bakes them it a kiln	same	7.0
359	potter	One who makes pots and other ceramic wares.	n10460806	potter	n10460806	114.0	a craftsman who shapes pottery on a potter's wheel and bakes them it a kiln	same	7.0
359	potter	One who makes pots and other ceramic wares.	n10460806	thrower	n10709529	32.0	someone who projects something (especially by a rapid motion of the arm)	different	7.0
360	fan (action)	To blow air on (something) by means of a fan (hand-held, mechanical or electrical) or otherwise.	v01885580	fan	n10639925	1329.0	an enthusiastic devotee of sports	different	2.0
363	dwell (live, reside)	To live; to reside; to remain or continue.	v02649830	dwell	v00704249	84.0	think moodily or anxiously about something	different	1.0
363	dwell (live, reside)	To live; to reside; to remain or continue.	v02649830	inhabit	v02649830	190.0	inhabit or live in; be an inhabitant of	same	1.0
363	dwell (live, reside)	To live; to reside; to remain or continue.	v02649830	live	v02649830	7190.0	inhabit or live in; be an inhabitant of	same	1.0
363	dwell (live, reside)	To live; to reside; to remain or continue.	v02649830	populate	v02649830	127.0	inhabit or live in; be an inhabitant of	same	1.0
365	splash	To cause a liquid to spatter about. [WN:365]	v01374767	splash	v01374020	120.0	dash a liquid upon or against	different	3.0
365	splash	To cause a liquid to spatter about. [WN:365]	v01374767	splosh				different	3.0
365	splash	To cause a liquid to spatter about. [WN:365]	v01374767	sprinkle	v01376245	434.0	distribute loosely	different	3.0
366	limp	To walk lamely, as if favouring one leg.	v01917244	gimp	n14549937	7.0	disability of walking due to crippling of the legs or feet	different	2.0
366	limp	To walk lamely, as if favouring one leg.	v01917244	hitch	v01327816	94.0	to hook or entangle	different	2.0
366	limp	To walk lamely, as if favouring one leg.	v01917244	hobble	v01917244	108.0	walk impeded by some physical limitation or injury	same	2.0
366	limp	To walk lamely, as if favouring one leg.	v01917244	limp	s01070002	180.0	not firm	different	2.0
367	ride	To transport oneself by sitting on and directing an animal.	v01957529	ride	v01957529	1587.0	sit and travel on the back of animal, usually while controlling its motions	same	1.0
367	ride	To transport oneself by sitting on and directing an animal.	v01957529	sit	v01543123	8712.0	be seated	different	1.0
369	owe	To be under an obligation to give something back to someone or to perform some action for someone; to have debt.	v02253956	owe	v02254155	564.0	be obliged to pay or repay	different	1.0
372	pointed	Ending in an acute point.	a01809655	pointed	a01809655	95.0	having a point	same	0.0
375	sniff	To make a short, audible inhalation, through the nose, as if to smell something.	v02125032	sniff	v02125032	409.0	perceive by inhaling through the nose	same	2.0
375	sniff	To make a short, audible inhalation, through the nose, as if to smell something.	v02125032	whiff	n11497888	120.0	a short light gust of air	different	2.0
376	fragrant	Sweet-smelling; having a pleasant (usually strong) scent or fragrance.	a01052248	fragrant	a01052248	142.0	pleasant-smelling	same	0.0
377	loud	(Of a sound) to have a high volume.	r00069901	aloud	r00069771	364.0	using the voice; not silently	different	0.0
377	loud	(Of a sound) to have a high volume.	r00069901	loud	a01452593	1059.0	characterized by or producing sound of great volume or intensity	different	0.0
377	loud	(Of a sound) to have a high volume.	r00069901	loudly	r00069901	413.0	with relatively high volume	same	0.0
378	pinch	To squeeze a small amount of a person's skin and flesh, making it hurt.	v01456771	nip	v01446569	38.0	give a small sharp bite to	different	3.0
378	pinch	To squeeze a small amount of a person's skin and flesh, making it hurt.	v01456771	pinch	v01456771	280.0	squeeze tightly between the fingers	same	3.0
378	pinch	To squeeze a small amount of a person's skin and flesh, making it hurt.	v01456771	squeeze	v01447868	493.0	press firmly	different	3.0
378	pinch	To squeeze a small amount of a person's skin and flesh, making it hurt.	v01456771	tweet	n07399027	12.0	a weak chirping sound as of a small bird	different	3.0
378	pinch	To squeeze a small amount of a person's skin and flesh, making it hurt.	v01456771	twinge	n07494972	73.0	a sudden sharp feeling	different	3.0
378	pinch	To squeeze a small amount of a person's skin and flesh, making it hurt.	v01456771	twitch	v00009631	253.0	make an uncontrolled, short, jerky motion	different	3.0
379	blunt	Having a thick edge or point, as an instrument; not sharp.	a00800464	blunt	s00764484	60.0	characterized by directness in manner or speech; without subtlety or evasion	different	0.0
380	wrinkled	Uneven, with many furrows and prominent points, often in reference to the skin or hide of animals.	a01360413	wrinkled	a01360413	6.0	marked by wrinkles	same	0.0
380	wrinkled	Uneven, with many furrows and prominent points, often in reference to the skin or hide of animals.	a01360413	wrinkly	a01360413	1.0	marked by wrinkles	same	0.0
381	blame	Accusation for something negative or undesirable.	n07237758	blame	v00842538	769.0	put or pin the blame on	different	8.0
381	blame	Accusation for something negative or undesirable.	n07237758	incrimination	n07237758	9.0	an accusation that you are responsible for some lapse or misdeed	same	8.0
381	blame	Accusation for something negative or undesirable.	n07237758	inculpation				different	8.0
383	master	Someone who has control over something or someone; the owner of an animal or slave or someone who employs others.	n10388440	lord	n10388440	148.0	a person who has general authority over others	same	5.0
383	master	Someone who has control over something or someone; the owner of an animal or slave or someone who employs others.	n10388440	master	n10280130	474.0	an artist of consummate skill	different	5.0
383	master	Someone who has control over something or someone; the owner of an animal or slave or someone who employs others.	n10388440	overlord	n10388440	16.0	a person who has general authority over others	same	5.0
384	freeman	A free man, one who is not a serf or slave.	n10111023	freeman	n10111023	12.0	a person who is not a serf or a slave	same	6.0
384	freeman	A free man, one who is not a serf or slave.	n10111023	freewoman				different	6.0
386	battle-axe	An ancient military weapon.	n02811468	battle-ax				different	13.0
386	battle-axe	An ancient military weapon.	n02811468	battle-axe				different	13.0
387	sling	An instrument for throwing stones or other missiles, consisting of a short strap with two strings fastened to its ends, or with a string fastened to one end and a light stick to the other.	n04239639	sling	v02105453	135.0	hang loosely or freely; let swing	different	9.0
388	fishnet	A net used to catch fish.	n03352628	fishnet	n03352628	18.0	a net that will enclose fish when it is pulled in	same	9.0
390	punishment	The act or process of punishing, imposing and/or applying a sanction; a penalty to punish wrongdoing, especially for crime.	n01160342	penalisation				different	6.0
390	punishment	The act or process of punishing, imposing and/or applying a sanction; a penalty to punish wrongdoing, especially for crime.	n01160342	penalization				different	6.0
390	punishment	The act or process of punishing, imposing and/or applying a sanction; a penalty to punish wrongdoing, especially for crime.	n01160342	penalty	n01160342	292.0	the act of punishing	same	6.0
390	punishment	The act or process of punishing, imposing and/or applying a sanction; a penalty to punish wrongdoing, especially for crime.	n01160342	punishment	n01160342	606.0	the act of punishing	same	6.0
391	bless	To make something blessed; to confer blessing upon.	v00866505	bless	v00866505	344.0	give a benediction to	same	2.0
392	magic	The use of rituals or actions, especially based on supernatural or occult knowledge, to manipulate or obtain information about the natural world, especially when seen as falling outside the realm of religion.	n05967977	magic	n05967977	657.0	any art that invokes supernatural powers	same	7.0
392	magic	The use of rituals or actions, especially based on supernatural or occult knowledge, to manipulate or obtain information about the natural world, especially when seen as falling outside the realm of religion.	n05967977	thaumaturgy	n05967977	1.0	any art that invokes supernatural powers	same	7.0
403	garden-house	A small building in a garden, such as a shed, which is not usually build to be inhabitated for long times.	n.a.					different	
410	yam	It is the common name for a versatile vegetable which is mainly grown in West Africa, Asia and Latin America.	n07711907	yam	n07712267	21.0	sweet potato with deep orange flesh that remains moist when baked	different	8.0
411	gourd	A plant belonging to the family Cucurbitaceae, native to tropical Africa. It represents a creeping vine, usually grown for its fruits that, as a rule, can have a variety of shapes: from rounded to globular, bottle- or club-shaped or even slim and coiled.	n03449451	calabash				different	9.0
411	gourd	A plant belonging to the family Cucurbitaceae, native to tropical Africa. It represents a creeping vine, usually grown for its fruits that, as a rule, can have a variety of shapes: from rounded to globular, bottle- or club-shaped or even slim and coiled.	n03449451	gourd	n03449451	32.0	bottle made from the dried shell of a bottle gourd	same	9.0
412	carry in hand	To hold or to take something from one place to another by hands.	n.a.					different	
413	carry on shoulder	To hold or to take something from one place to another on one shoulder.	n.a.					different	
414	carry on head	To hold or to take something from one place to another on top of the head.	n.a.					different	
415	carry under arm	To hold or to take something from one place to another under the arm.	n.a.					different	
416	outrigger	A stabilizer for a canoe; spars attach to a shaped log or float parallel to the hull.	n03861271	outrigger	n03861271	11.0	a stabilizer for a canoe; spars attach to a shaped log or float parallel to the hull	same	8.0
418	for a long time	(Of an action or state) to last a long period of time.	n15242955	age	n15145171	2627.0	a time of life (usually defined in years) at which some particular qualification or power arises	different	5.0
418	for a long time	(Of an action or state) to last a long period of time.	n15242955	years	n15203791	2.0	a period of time containing 365 (or 366) days	different	5.0
420	forest	A vegetation community dominated by trees and other woody shrubs, growing close enough together that the tree tops touch or overlap, creating various degrees of shade on the forest floor.	n08438533	forest	n08438533	1191.0	the trees and other plants in a large densely wooded area	same	5.0
420	forest	A vegetation community dominated by trees and other woody shrubs, growing close enough together that the tree tops touch or overlap, creating various degrees of shade on the forest floor.	n08438533	wood	n15098161	1716.0	the hard fibrous lignified substance under the bark of trees	different	5.0
420	forest	A vegetation community dominated by trees and other woody shrubs, growing close enough together that the tree tops touch or overlap, creating various degrees of shade on the forest floor.	n08438533	woods	n15098161	10.0	the hard fibrous lignified substance under the bark of trees	different	5.0
421	retreat	To retreat unwillingly and/or suddenly, often caused by sudden pain, shock, scare, fright, surprise, or similar.	v01994442	recede	v01994442	145.0	pull back or move away or backward	same	1.0
421	retreat	To retreat unwillingly and/or suddenly, often caused by sudden pain, shock, scare, fright, surprise, or similar.	v01994442	retire	v02379753	1019.0	go into retirement; stop performing one's work or withdraw from one's position	different	1.0
421	retreat	To retreat unwillingly and/or suddenly, often caused by sudden pain, shock, scare, fright, surprise, or similar.	v01994442	retreat	v01994442	350.0	pull back or move away or backward	same	1.0
421	retreat	To retreat unwillingly and/or suddenly, often caused by sudden pain, shock, scare, fright, surprise, or similar.	v01994442	withdraw	v01994442	200.0	pull back or move away or backward	same	1.0
425	be late	To be later than the expected time.	r00100267	belatedly	r00100267	49.0	later than usual or than expected	same	0.0
425	be late	To be later than the expected time.	r00100267	late	a00816481	2661.0	being or occurring at an advanced period of time or after a usual or expected time	different	0.0
425	be late	To be later than the expected time.	r00100267	tardily	r00100267	1.0	later than usual or than expected	same	0.0
471	upper leg (thigh)	The part of the leg between the pelvis and the knee.	n5562249	thigh	n05562249	755.0	the part of the leg between the hip and the knee	different	8.0
474	dress	A one-piece garment for a woman that has a skirt and a body section.	n03236735	dress	n03236735	1756.0	a one-piece garment for a woman; has skirt and bodice	same	8.0
474	dress	A one-piece garment for a woman that has a skirt and a body section.	n03236735	frock	n03236735	53.0	a one-piece garment for a woman; has skirt and bodice	same	8.0
476	cup	A concave vessel for holding liquid, generally adorned with either a handle or a stem.	n03147509	cup	n13766733	2016.0	the quantity a cup will hold	different	7.0
477	late	Towards the end of a time period.	a819235	late	a00816481	2661.0	being or occurring at an advanced period of time or after a usual or expected time	different	0.0
477	late	Towards the end of a time period.	a819235	later	r00061203	8292.0	happening at a time subsequent to a reference time	different	0.0
478	lip	Either of the two fleshy protrusions around the opening of the mouth.	n05305806	lip	n05305806	3377.0	either of two fleshy folds of tissue that surround the mouth and play a role in speaking	same	6.0
479	grow	(For a living being) To become bigger.	v00231557	grow	v00230746	2988.0	become larger, greater, or bigger; expand or gain	different	5.0
480	plate	A flat dish on which food is served or from which food is eaten.	n03959485	plate	n03959485	1201.0	dish on which food is served or from which food is eaten	same	9.0
481	dish	Any kind of vessel for holding or serving meals.	n03206908	dish	n03206908	686.0	a piece of dishware normally used as a container for holding or serving food	same	7.0
482	noble	Someone of aristocratic blood.	n10271677	Lord				different	7.0
482	noble	Someone of aristocratic blood.	n10271677	noble	a01588172	229.0	having or showing or indicative of high or elevated character	different	7.0
482	noble	Someone of aristocratic blood.	n10271677	nobleman	n10271677	49.0	a titled peer of the realm	same	7.0
484	condemn	To declare, after a judgment, that somebody is guilty of committing a crime.	v00906735	condemn	v00864159	213.0	express strong disapproval of	different	3.0
484	condemn	To declare, after a judgment, that somebody is guilty of committing a crime.	v00906735	doom	v00890855	138.0	make certain of the failure or destruction of	different	3.0
484	condemn	To declare, after a judgment, that somebody is guilty of committing a crime.	v00906735	sentence	n06285090	572.0	a string of words satisfying the grammatical rules of a language	different	3.0
485	disappear	To cease to appear, to not be visible anymore.	v00426958	disappear	v00426958	1647.0	get lost, as without warning or explanation	same	0.0
485	disappear	To cease to appear, to not be visible anymore.	v00426958	vanish	v00426958	608.0	get lost, as without warning or explanation	same	0.0
488	manner	Way of performing or effecting anything.	n04928903	fashion	n05750657	731.0	the latest and most admired style in clothes and cosmetics and behavior	different	4.0
488	manner	Way of performing or effecting anything.	n04928903	manner	n04928903	674.0	how something is done or how it happens	same	4.0
488	manner	Way of performing or effecting anything.	n04928903	mode	n04928903	387.0	how something is done or how it happens	same	4.0
488	manner	Way of performing or effecting anything.	n04928903	style	n04928903	1474.0	how something is done or how it happens	same	4.0
488	manner	Way of performing or effecting anything.	n04928903	way	n04928903	11047.0	how something is done or how it happens	same	4.0
489	kidney	An organ in the body that produces urine.	n05332802	kidney	n05332802	281.0	either of two bean-shaped excretory organs that filter wastes (especially urea) from the blood and excrete them and water in urine	same	8.0
490	descendants	One who is the progeny of someone at any distance of time.	n08369220	descendants				different	4.0
490	descendants	One who is the progeny of someone at any distance of time.	n08369220	posterity	n08369142	26.0	all future generations	different	4.0
492	three	The natural number three (3).	a02186580	3				different	0.0
492	three	The natural number three (3).	a02186580	iii	n13744044	3.0	the cardinal number that is the sum of one and one and one	different	0.0
492	three	The natural number three (3).	a02186580	three	n13744044	32.0	the cardinal number that is the sum of one and one and one	different	0.0
493	five	The natural number five (5).	a02186750	5				different	0.0
493	five	The natural number five (5).	a02186750	five	n13744521	92.0	the cardinal number that is the sum of four and one	different	0.0
493	five	The natural number five (5).	a02186750	v	n06833436	263.0	the 22nd letter of the Roman alphabet	different	0.0
497	scar	A permanent mark on the skin resulting from a wound.	n14363483	cicatrice				different	7.0
497	scar	A permanent mark on the skin resulting from a wound.	n14363483	cicatrix	n14363483	2.0	a mark left (usually on the skin) by the healing of injured tissue	same	7.0
497	scar	A permanent mark on the skin resulting from a wound.	n14363483	scar	n14363483	491.0	a mark left (usually on the skin) by the healing of injured tissue	same	7.0
499	cure	To remedy an illness using medical or medicamentous treatment; to provide a cure for.	v00081725	cure	n04074482	341.0	a medicine or therapy that cures disease or relieve pain	different	3.0
499	cure	To remedy an illness using medical or medicamentous treatment; to provide a cure for.	v00081725	heal	v00270561	231.0	heal or recover	different	3.0
501	lift	To cause an object to have a higher location than previously.	v01974062	elevate	v00544549	126.0	raise in rank or condition	different	1.0
501	lift	To cause an object to have a higher location than previously.	v01974062	lift	v01974062	2002.0	raise from a lower to a higher position	same	1.0
501	lift	To cause an object to have a higher location than previously.	v01974062	raise	v01974062	2335.0	raise from a lower to a higher position	same	1.0
502	nail (tool)	A spike-shaped metal fastener used for joining wood or similar materials.	n03804744	nail	n05581693	517.0	horny plate covering and protecting part of the dorsal surface of the digits	different	9.0
503	frog	Any insectivorous anuran amphibian of the family Ranidae, such as Rana temporaria of Europe, having a short squat tailless body with a moist smooth skin and very long hind legs specialized for hopping.	n01639765	anuran				different	10.0
503	frog	Any insectivorous anuran amphibian of the family Ranidae, such as Rana temporaria of Europe, having a short squat tailless body with a moist smooth skin and very long hind legs specialized for hopping.	n01639765	batrachian				different	10.0
503	frog	Any insectivorous anuran amphibian of the family Ranidae, such as Rana temporaria of Europe, having a short squat tailless body with a moist smooth skin and very long hind legs specialized for hopping.	n01639765	frog	n01639765	333.0	any of various tailless stout-bodied amphibians with long hind limbs for leaping; semiaquatic and terrestrial species	same	10.0
503	frog	Any insectivorous anuran amphibian of the family Ranidae, such as Rana temporaria of Europe, having a short squat tailless body with a moist smooth skin and very long hind legs specialized for hopping.	n01639765	salientian				different	10.0
503	frog	Any insectivorous anuran amphibian of the family Ranidae, such as Rana temporaria of Europe, having a short squat tailless body with a moist smooth skin and very long hind legs specialized for hopping.	n01639765	toad	n01639765	80.0	any of various tailless stout-bodied amphibians with long hind limbs for leaping; semiaquatic and terrestrial species	same	10.0
504	learn	To acquire, or attempt to acquire knowledge or an ability to do something.	v00597915	acquire	v02210855	668.0	come into the possession of something concrete or abstract	different	0.0
504	learn	To acquire, or attempt to acquire knowledge or an ability to do something.	v00597915	larn				different	0.0
504	learn	To acquire, or attempt to acquire knowledge or an ability to do something.	v00597915	learn	v00597915	5236.0	gain knowledge or skills	same	0.0
505	parents	Father and mother of a child.	n10399491	parent	n10399491	6543.0	a father or mother; one who begets or one who gives birth to or nurtures and raises a child; a relative who plays the role of guardian	same	8.0
506	maize	A type of grain of the species Zea mays.	n12143676	corn	n12143676	471.0	tall annual cereal grass bearing kernels on large ears: widely cultivated in America in many varieties; the principal cereal in Mexico and Central and South America since pre-Columbian times	same	12.0
506	maize	A type of grain of the species Zea mays.	n12143676	maize	n12143676	40.0	tall annual cereal grass bearing kernels on large ears: widely cultivated in America in many varieties; the principal cereal in Mexico and Central and South America since pre-Columbian times	same	12.0
509	certain	Without any doubt or possibility of deviation.	a00335421	certain	s00700884	2315.0	definite but not specified or identified	different	0.0
522	wolf	A large wild canid (Canidae), closely related to the dog.	n02114100	wolf	n02114100	534.0	any of various predatory carnivorous canine mammals of North America and Eurasia that usually hunt in packs	same	13.0
525	blood vessel	The blood vessels are the part of the circulatory system that transports blood throughout the human body or an animal body.	n05333777	arteria				different	9.0
525	blood vessel	The blood vessels are the part of the circulatory system that transports blood throughout the human body or an animal body.	n05333777	artery	n05333777	248.0	a blood vessel that carries blood from the heart to the body	same	9.0
526	howl	To cry like a wolf, dog, or other canids.	v01047381	howl	v01046932	250.0	emit long loud cries	different	1.0
526	howl	To cry like a wolf, dog, or other canids.	v01047381	wrawl				different	1.0
526	howl	To cry like a wolf, dog, or other canids.	v01047381	yammer	v00907930	13.0	complain whiningly	different	1.0
526	howl	To cry like a wolf, dog, or other canids.	v01047381	yowl	v00914634	19.0	utter shrieks, as of cats	different	1.0
539	nest	A nest is a structure built by vertebrates to hold its eggs, its offspring, or occasionally the animal itself and may be composed of organic material such as twigs, grass, and leaves, or may be a simple depression in the ground, or a hole in a rock, tree, or building.	n09369169	nest	n09369169	436.0	a structure in which animals lay eggs or give birth to their young	same	5.0
568	rise (move upwards)	(Of a heavenly body) To appear to move upwards from behind the horizon of a planet as a result of the planet's rotation.	v01968569	arise	v02624263	359.0	come into existence; take on form or shape	different	1.0
568	rise (move upwards)	(Of a heavenly body) To appear to move upwards from behind the horizon of a planet as a result of the planet's rotation.	v01968569	lift	v01974062	2002.0	raise from a lower to a higher position	different	1.0
568	rise (move upwards)	(Of a heavenly body) To appear to move upwards from behind the horizon of a planet as a result of the planet's rotation.	v01968569	rise	v01968569	1335.0	move upward	same	1.0
568	rise (move upwards)	(Of a heavenly body) To appear to move upwards from behind the horizon of a planet as a result of the planet's rotation.	v01968569	uprise				different	1.0
576	dandruff	Small portion of dead skin cells shedding from the scalp.	n09262955	dandruff	n09262955	8.0	loose scales shed from the scalp	same	7.0
578	kiss	To touch with the lips to express love or affection.	v01431230	buss	v01950128	4.0	send or move around by bus	different	1.0
578	kiss	To touch with the lips to express love or affection.	v01431230	kiss	v01431230	2013.0	touch with the lips or press the lips (against someone's mouth or other body part) as an expression of love, greeting, etc.	same	1.0
578	kiss	To touch with the lips to express love or affection.	v01431230	osculate				different	1.0
578	kiss	To touch with the lips to express love or affection.	v01431230	snog	v01431230	11.0	touch with the lips or press the lips (against someone's mouth or other body part) as an expression of love, greeting, etc.	same	1.0
579	battle	An instance of combat in warfare between two or more parties wherein each group will seek to defeat the others.	n00953559	battle	n00953559	1365.0	a hostile meeting of opposing military forces in the course of a war	same	6.0
579	battle	An instance of combat in warfare between two or more parties wherein each group will seek to defeat the others.	n00953559	conflict	n00958896	623.0	an open clash between two opposing groups (or individuals); --Thomas Paine	different	6.0
579	battle	An instance of combat in warfare between two or more parties wherein each group will seek to defeat the others.	n00953559	engagement	n07228211	152.0	a mutual promise to marry	different	6.0
579	battle	An instance of combat in warfare between two or more parties wherein each group will seek to defeat the others.	n00953559	fight	v01090335	1985.0	be engaged in a fight; carry on a fight	different	6.0
580	fur	The body-hair of an animal (excluding humans) or a piece of clothing made thereof.	n03404149	fur	n14764061	339.0	the dressed hairy coat of a mammal	different	8.0
582	lend	To put an item or resource at the disposal of another, with the requirement to have the same or its equivalent returned eventually.	v02324182	lend	v02324478	197.0	bestow a quality on	different	2.0
582	lend	To put an item or resource at the disposal of another, with the requirement to have the same or its equivalent returned eventually.	v02324182	loan	n13398953	827.0	the temporary provision of money (usually at interest)	different	2.0
584	difficult	Not easy, which needs hard work, patience and effort of either the physical or mental kind.	a00744916	difficult	a00744916	2671.0	not easy; requiring great physical or mental effort to accomplish or comprehend or endure	same	0.0
584	difficult	Not easy, which needs hard work, patience and effort of either the physical or mental kind.	a00744916	hard	a00744916	4047.0	not easy; requiring great physical or mental effort to accomplish or comprehend or endure	same	0.0
585	boot	A shoe that covers part of the leg.	n02872752	boot	n02872752	1663.0	footwear that covers the whole foot and lower leg	same	7.0
586	garden	A piece of land next to a house where flowers and other plants are grown and which often has an area of grass.	n03417749	garden	n03417345	1733.0	a plot of ground where plants are cultivated	different	9.0
587	ant	Any of the black, red, brown, or yellow insects of the family Formicidae characterized by a large head and by living in organized colonies.	n02219486	ant	n02219486	186.0	social insect living in organized colonies; characteristically the males and fertile queen have wings during breeding season; wingless sterile females are the workers	same	11.0
587	ant	Any of the black, red, brown, or yellow insects of the family Formicidae characterized by a large head and by living in organized colonies.	n02219486	emmet	n02219486	1.0	social insect living in organized colonies; characteristically the males and fertile queen have wings during breeding season; wingless sterile females are the workers	same	11.0
587	ant	Any of the black, red, brown, or yellow insects of the family Formicidae characterized by a large head and by living in organized colonies.	n02219486	pismire				different	11.0
590	naked	Without clothing.	a00457998	bare	s00457998	493.0	completely unclothed	different	0.0
590	naked	Without clothing.	a00457998	naked	s00457998	853.0	completely unclothed	different	0.0
590	naked	Without clothing.	a00457998	nude	s00457998	141.0	completely unclothed	different	0.0
592	piss	To allow urine to flow from the bladder out of the body.	v00072012	make	v00120316	18783.0	give certain properties to something	different	2.0
592	piss	To allow urine to flow from the bladder out of the body.	v00072012	micturate	v00072012	1.0	eliminate urine	same	2.0
592	piss	To allow urine to flow from the bladder out of the body.	v00072012	pee	v00072012	144.0	eliminate urine	same	2.0
592	piss	To allow urine to flow from the bladder out of the body.	v00072012	pee-pee				different	2.0
592	piss	To allow urine to flow from the bladder out of the body.	v00072012	piddle	v02708123	11.0	waste time; spend one's time idly or inefficiently	different	2.0
592	piss	To allow urine to flow from the bladder out of the body.	v00072012	piss	v00072012	372.0	eliminate urine	same	2.0
592	piss	To allow urine to flow from the bladder out of the body.	v00072012	puddle	n09397607	206.0	a small body of standing water (rainwater) or other liquid	different	2.0
592	piss	To allow urine to flow from the bladder out of the body.	v00072012	urinate	v00072012	60.0	eliminate urine	same	2.0
592	piss	To allow urine to flow from the bladder out of the body.	v00072012	wee	s00815849	43.0	very early	different	2.0
592	piss	To allow urine to flow from the bladder out of the body.	v00072012	wee-wee				different	2.0
593	potato	A tuberous plant, Solanum tuberosum, often eaten as a starchy vegetable, particularly in the Americas and Europe.	n07710616	murphy	n07710616	4.0	an edible tuber native to South America; a staple food of Ireland	same	7.0
593	potato	A tuberous plant, Solanum tuberosum, often eaten as a starchy vegetable, particularly in the Americas and Europe.	n07710616	potato	n07710616	860.0	an edible tuber native to South America; a staple food of Ireland	same	7.0
593	potato	A tuberous plant, Solanum tuberosum, often eaten as a starchy vegetable, particularly in the Americas and Europe.	n07710616	spud	n04289964	4.0	a sharp hand shovel for digging out roots and weeds	different	7.0
593	potato	A tuberous plant, Solanum tuberosum, often eaten as a starchy vegetable, particularly in the Americas and Europe.	n07710616	tater	n07710616	9.0	an edible tuber native to South America; a staple food of Ireland	same	7.0
597	physician	A person who has completed a study of medicine, and as such tries to diagnose and cure diseases in patients.	n10020890	Dr.				different	8.0
597	physician	A person who has completed a study of medicine, and as such tries to diagnose and cure diseases in patients.	n10020890	MD				different	8.0
597	physician	A person who has completed a study of medicine, and as such tries to diagnose and cure diseases in patients.	n10020890	doc	n10020890	42.0	a licensed medical practitioner	same	8.0
597	physician	A person who has completed a study of medicine, and as such tries to diagnose and cure diseases in patients.	n10020890	doctor	n10020890	4090.0	a licensed medical practitioner	same	8.0
597	physician	A person who has completed a study of medicine, and as such tries to diagnose and cure diseases in patients.	n10020890	medico				different	8.0
597	physician	A person who has completed a study of medicine, and as such tries to diagnose and cure diseases in patients.	n10020890	physician	n10020890	818.0	a licensed medical practitioner	same	8.0
598	shell	A hard outer covering of an animal, as the hard case of a mollusk.	n01904182	shell	n01903756	295.0	hard outer covering or case of certain organisms such as arthropods and turtles	different	6.0
601	lie (mislead)	To knowingly say something that is untrue.	v00834259	lie	v02690708	1923.0	be located or situated somewhere; occupy a certain position	different	5.0
602	hide (conceal)	To put something in a place where it will be harder to discover or out of sight.	v02144835	conceal	v02144835	387.0	prevent from being seen or discovered	same	0.0
602	hide (conceal)	To put something in a place where it will be harder to discover or out of sight.	v02144835	hide	v02144835	2367.0	prevent from being seen or discovered	same	0.0
603	coat	An outer garment covering the upper torso and arms.	n03057021	coat	n03057021	1473.0	an outer garment that has sleeves and covers the body from shoulder down; worn outdoors	same	9.0
604	glass	A hard, amorphous, inorganic, usually transparent, brittle substance made by fusing silicates, sometimes borates and phosphates, with certain basic oxides and then rapidly cooling to prevent crystallization.	n14881303	glass	n14881303	2491.0	a brittle transparent solid with irregular atomic structure	same	4.0
605	grain	Edible, starchy seeds of the grass family (Graminae) usable as food by man and his livestock.	n12141385	grain	n07802417	263.0	foodstuff prepared from the starchy grains of cereal grasses	different	12.0
606	grass	A very large and widespread family of Monocotyledoneae, with more than 10.000 species, most of which are herbaceous, but a few are woody. The stems are jointed, the long, narrow leaves originating at the nodes. The flowers are inconspicuous, with a much reduced perianth, and are wind-pollinated or cleistogamous.	n12102133	grass	n12102133	1620.0	narrow-leaved green herbage: grown as lawns; used as pasture for grazing animals; cut and dried as hay	same	10.0
607	grasshopper	A plant-eating insect with long back legs that can jump very high and makes a sharp high noise using its back legs or wings.	n02226429	grasshopper	n02226429	80.0	terrestrial plant-eating insect with hind legs adapted for leaping	same	11.0
607	grasshopper	A plant-eating insect with long back legs that can jump very high and makes a sharp high noise using its back legs or wings.	n02226429	hopper	n03535284	30.0	funnel-shaped receptacle; contents pass by gravity into a receptacle below	different	11.0
610	port	Area of water next to the coast, often surrounded by thick walls, where ships and boats can be sheltered.	n08633957	port	n08633957	460.0	a place (seaport or airport) where people and merchandise can enter or leave a country	same	6.0
613	high tide	The level of water when the tide is at its highest level.	n07401960	highwater	n07401960	3.0	the tide when the water is highest	same	7.0
615	horse	A large animal with four legs of the Equus caballus species which people ride on or use for carrying things or pulling vehicles.	n02374451	horse	n02374451	2915.0	solid-hoofed herbivorous quadruped domesticated since prehistoric times	same	14.0
617	ice	The dense substance formed by the freezing of water to the solid state; it commonly occurs in the form of hexagonal crystals.	n14915184	ice	n14915184	1739.0	water frozen in the solid state	same	5.0
618	precipice	A very steep decline, typically found in the mountains or on shores.	n09398677	precipice	n09398677	36.0	a very steep cliff	same	5.0
619	animal	Any living organism characterized by voluntary movement, the possession of cells with noncellulose cell walls and specialized sense organs enabling rapid response to stimuli, and the ingestion of complex organic substances such as plants and other animals.	n00015388	animal	n00015388	3266.0	a living organism characterized by voluntary movement	same	6.0
619	animal	Any living organism characterized by voluntary movement, the possession of cells with noncellulose cell walls and specialized sense organs enabling rapid response to stimuli, and the ingestion of complex organic substances such as plants and other animals.	n00015388	beast	n00015388	648.0	a living organism characterized by voluntary movement	same	6.0
619	animal	Any living organism characterized by voluntary movement, the possession of cells with noncellulose cell walls and specialized sense organs enabling rapid response to stimuli, and the ingestion of complex organic substances such as plants and other animals.	n00015388	brute	n09845589	40.0	a cruelly rapacious person	different	6.0
619	animal	Any living organism characterized by voluntary movement, the possession of cells with noncellulose cell walls and specialized sense organs enabling rapid response to stimuli, and the ingestion of complex organic substances such as plants and other animals.	n00015388	creature	n00015388	1369.0	a living organism characterized by voluntary movement	same	6.0
619	animal	Any living organism characterized by voluntary movement, the possession of cells with noncellulose cell walls and specialized sense organs enabling rapid response to stimuli, and the ingestion of complex organic substances such as plants and other animals.	n00015388	fauna	n00015388	29.0	a living organism characterized by voluntary movement	same	6.0
620	insect	A class of the Arthropoda typically having a segmented body with an external chitinous covering, a pair of compound eyes, a pair of antennae, three pairs of mouthparts, and two pairs of wings.	n02159955	insect	n02159955	667.0	small air-breathing arthropod	same	9.0
621	iron	A malleable ductile silvery-white ferromagnetic metallic element with symbol Fe and atomic number 26, occurring principally in haematite and magnetite. It is widely used for structural and engineering purposes.	n14642417	Fe				different	6.0
621	iron	A malleable ductile silvery-white ferromagnetic metallic element with symbol Fe and atomic number 26, occurring principally in haematite and magnetite. It is widely used for structural and engineering purposes.	n14642417	iron	n14642417	1145.0	a heavy ductile magnetic metallic element; is silver-white in pure form but readily rusts; used in construction and tools and armament; plays a role in the transport of oxygen by the blood	same	6.0
622	island	A land mass, especially one smaller than a continent, entirely surrounded by water.	n09316454	island	n09316454	1649.0	a land mass (smaller than a continent) that is surrounded by water	same	4.0
623	lagoon	A body of water cut off from the open sea by coral reefs or sand bars.	n09328746	lagoon	n09328746	87.0	a body of water cut off from a larger body by a reef of sand or coral	same	5.0
623	lagoon	A body of water cut off from the open sea by coral reefs or sand bars.	n09328746	laguna				different	5.0
623	lagoon	A body of water cut off from the open sea by coral reefs or sand bars.	n09328746	lagune				different	5.0
624	lake	An enclosed body of water, usually but not necessarily fresh water, from which the sea is excluded.	n09328904	lake	n09328904	1125.0	a body of (usually fresh) water surrounded by land	same	4.0
626	land	A specified geographical tract of the Earth's surface including all its attributes, comprising its geology, superficial deposits, topography, hydrology, soils, flora and fauna, together with the results of past and present human activity, to the extent that these attributes exert a significant influence on the present and future land utilization. (Source: WHIT)	n09334396	earth	n09270894	669.0	the 3rd planet from the sun; the planet we live on	different	3.0
626	land	A specified geographical tract of the Earth's surface including all its attributes, comprising its geology, superficial deposits, topography, hydrology, soils, flora and fauna, together with the results of past and present human activity, to the extent that these attributes exert a significant influence on the present and future land utilization. (Source: WHIT)	n09334396	ground	n09334396	3751.0	the solid part of the earth's surface	same	3.0
626	land	A specified geographical tract of the Earth's surface including all its attributes, comprising its geology, superficial deposits, topography, hydrology, soils, flora and fauna, together with the results of past and present human activity, to the extent that these attributes exert a significant influence on the present and future land utilization. (Source: WHIT)	n09334396	land	n13250048	1211.0	the land on which real estate is located	different	3.0
627	lead (chemical element)	A heavy toxic bluish-white metallic element with symbol Pb and atomic number 82 that is highly malleable; occurs principally as galena and is used in alloys, accumulators, cable sheaths, paints, and as a radiation shield.	n14643467	Pb				different	6.0
627	lead (chemical element)	A heavy toxic bluish-white metallic element with symbol Pb and atomic number 82 that is highly malleable; occurs principally as galena and is used in alloys, accumulators, cable sheaths, paints, and as a radiation shield.	n14643467	lead	v01999798	2086.0	take somebody somewhere	different	6.0
628	leaf	The main organ of photosynthesis and transpiration in higher plants, usually consisting of a flat green blade attached to the stem directly or by a stalk.	n13131883	blade	n02848216	551.0	the flat part of a tool or weapon that (usually) has a cutting edge	different	8.0
629	leather	The dressed or tanned hide of an animal, usually with the hair removed.	n14759722	leather	n14759722	1614.0	an animal skin made smooth and flexible by removing the hair and then tanning	same	8.0
630	light (radiation)	Electromagnetic radiation that is capable of causing a visual sensation. (Source: CED)	n05018103	brightness	n04952242	160.0	the location of a visual perception along a continuum from black to white	different	5.0
630	light (radiation)	Electromagnetic radiation that is capable of causing a visual sensation. (Source: CED)	n05018103	light	n11473954	3505.0	(physics) electromagnetic radiation that can produce a visual sensation	different	5.0
630	light (radiation)	Electromagnetic radiation that is capable of causing a visual sensation. (Source: CED)	n05018103	luminance	n05018103	3.0	the quality of being luminous; emitting or reflecting light	same	5.0
630	light (radiation)	Electromagnetic radiation that is capable of causing a visual sensation. (Source: CED)	n05018103	luminosity	n05018103	29.0	the quality of being luminous; emitting or reflecting light	same	5.0
630	light (radiation)	Electromagnetic radiation that is capable of causing a visual sensation. (Source: CED)	n05018103	luminousness				different	5.0
631	livestock	Cattle, horses, and similar animals kept for domestic use especially on a farm.	n01887474	livestock	n01887474	183.0	any animals kept for use or profit	same	11.0
631	livestock	Cattle, horses, and similar animals kept for domestic use especially on a farm.	n01887474	stock	n13333833	1406.0	the capital raised by a corporation through the issue of shares entitling holders to an ownership interest (equity)	different	11.0
632	lizard	Any reptile of the suborder Lacertilia, especially those of the family Lacertidae, typically having an elongated body, four limbs, and a small tail: includes the gechos, iguanas, chameleons, monitors, and slow worms.	n01674464	lizard	n01674464	231.0	relatively long-bodied reptile with usually two pairs of legs and a tapering tail	same	12.0
633	market	Place of commercial activity in which articles are bought and sold.	n03722288	market	n01097292	2265.0	the world of commercial activity where goods and services are bought and sold	different	9.0
633	market	Place of commercial activity in which articles are bought and sold.	n03722288	marketplace	n01097292	149.0	the world of commercial activity where goods and services are bought and sold	different	9.0
633	market	Place of commercial activity in which articles are bought and sold.	n03722288	mart	n03722288	7.0	an area in a town where a public mercantile establishment is set up	same	9.0
634	meat	The edible flesh of animals, especially that of mammals.	n07649854	meat	n07649854	1418.0	the flesh of animals (including fishes and birds and snails) used as food	same	5.0
635	milk	The whitish fluid secreted by the mammary gland for the nourishment of the young; composed of carbohydrates, proteins, fats, mineral salts, vitamins, and antibodies.	n07844042	milk	n07844042	1214.0	a white nutritious liquid secreted by mammals and used as food by human beings	same	6.0
636	mill	A mill is a device that breaks solid materials into smaller pieces by grinding, crushing, or cutting.	n03765561	grinder	n03460040	25.0	a machine tool that polishes metal	different	9.0
636	mill	A mill is a device that breaks solid materials into smaller pieces by grinding, crushing, or cutting.	n03765561	mill	n03316406	349.0	a plant consisting of one or more buildings with facilities for manufacturing	different	9.0
640	mud	A mixture of clay and/or silt with water to form a plastic mass with a particle size preponderantly below 0.06 mm diameter. It is deposited in low-energy environments in lakes, estuaries and lagoons. It may also be deposited in deep-sea environments. (Source: WHIT)	n14956325	clay	n14813182	362.0	a very fine-grained soil that is plastic when moist but hard when fired	different	7.0
640	mud	A mixture of clay and/or silt with water to form a plastic mass with a particle size preponderantly below 0.06 mm diameter. It is deposited in low-energy environments in lakes, estuaries and lagoons. It may also be deposited in deep-sea environments. (Source: WHIT)	n14956325	mud	n14956325	829.0	water soaked soil; soft wet earth	same	7.0
641	mushroom	An organism belonging to a family of Basidiomycetes that are characterized by the production of spores on gills.	n13000891	mushroom	n07734744	262.0	fleshy body of any of numerous edible fungi	different	9.0
643	need (noun)	The fact or an instance of feeling the lack of something.	n9367991	need	v01188725	12635.0	have need of	different	4.0
643	need (noun)	The fact or an instance of feeling the lack of something.	n9367991	want	v01825237	31644.0	feel or have a desire for; want strongly	different	4.0
644	oak	Any tree of the genus Quercus in the order Fagales, characterized by simple, usually lobed leaves, scaly winter buds, a star-shaped pith, and its fruit, the acorn, which is a nut; the wood is tough, hard, and durable, generally having a distinct pattern.	n12268246	oak	n12268246	464.0	a deciduous tree of the genus Quercus; has acorns and lobed leaves	same	10.0
645	ocean	The mass of water occupying all of the Earth's surface not occupied by land, but excluding all lakes and inland seas.	n09376198	ocean	n09376198	1201.0	a large body of water constituting a principal part of the hydrosphere	same	4.0
646	ash	The incombustible matter remaining after a substance has been incinerated.	n14769160	ash	n14769160	182.0	the residue that remains when something is burned	same	4.0
647	paint (pigments)	A mixture of pigment and a vehicle, such as oil or water, that together form a liquid or paste that can be applied to a surface to provide an adherent coating that imparts colour, protects the surface and/or gives the surface different features.	n03875218	paint	v01362736	1143.0	apply paint to; coat with paint	different	6.0
647	paint (pigments)	A mixture of pigment and a vehicle, such as oil or water, that together form a liquid or paste that can be applied to a surface to provide an adherent coating that imparts colour, protects the surface and/or gives the surface different features.	n03875218	pigment	n14989820	97.0	dry coloring material (especially a powder to be mixed with a liquid to produce paint, etc.)	different	6.0
648	paper	Felted or matted sheets of cellulose fibers, formed on a fine-wire screen from a dilute water suspension, and bonded together as the water is removed and the sheet is dried.	n14974264	paper	n14974264	3031.0	a material made of cellulose pulp derived mainly from wood or rags or certain grasses	same	5.0
649	pasture	Land covered with grass or herbage and grazed by or suitable for grazing by livestock.	n08616050	lea	n13654571	2.0	a unit of length of thread or yarn	different	6.0
649	pasture	Land covered with grass or herbage and grazed by or suitable for grazing by livestock.	n08616050	ley	n08616050	1.0	a field covered with grass or herbage and suitable for grazing by livestock	same	6.0
649	pasture	Land covered with grass or herbage and grazed by or suitable for grazing by livestock.	n08616050	pasture	n08616050	264.0	a field covered with grass or herbage and suitable for grazing by livestock	same	6.0
649	pasture	Land covered with grass or herbage and grazed by or suitable for grazing by livestock.	n08616050	pastureland	n08616050	11.0	a field covered with grass or herbage and suitable for grazing by livestock	same	6.0
652	plain	Level or rolling open land, usually at a low elevation.	n09393605	champaign				different	4.0
652	plain	Level or rolling open land, usually at a low elevation.	n09393605	field	n08569998	1311.0	a piece of land cleared of trees and usually enclosed	different	4.0
652	plain	Level or rolling open land, usually at a low elevation.	n09393605	plain	a01791911	337.0	not elaborate or elaborated; simple	different	4.0
653	plant (vegetation)	Any living organism that synthesizes its food from inorganic substances, possesses cellulose cell walls, responds slowly and often permanently to a stimulus, lacks specialized sense organs and nervous system, and has no powers of locomotion.	n00017222	flora	n00017222	24.0	(botany) a living organism lacking the power of locomotion	same	6.0
653	plant (vegetation)	Any living organism that synthesizes its food from inorganic substances, possesses cellulose cell walls, responds slowly and often permanently to a stimulus, lacks specialized sense organs and nervous system, and has no powers of locomotion.	n00017222	plant	n00017222	1812.0	(botany) a living organism lacking the power of locomotion	same	6.0
655	poison	A substance which, when ingested, inhaled, or absorbed, or when applied to, injected into, or developed within the body, in relatively small amounts, may cause injury, harm, or destruction to organs, tissue, or life.	n15032376	poison	n15032376	239.0	any substance that causes injury or illness or death of a living organism	same	4.0
655	poison	A substance which, when ingested, inhaled, or absorbed, or when applied to, injected into, or developed within the body, in relatively small amounts, may cause injury, harm, or destruction to organs, tissue, or life.	n15032376	toxicant	n15032376	3.0	any substance that causes injury or illness or death of a living organism	same	4.0
657	price	The amount of money paid per unit for a good or service.	n13303315	damage	n07420770	914.0	the occurrence of a change for the worse	different	7.0
657	price	The amount of money paid per unit for a good or service.	n13303315	price	n13303315	2518.0	the amount of money needed to purchase something	same	7.0
657	price	The amount of money paid per unit for a good or service.	n13303315	terms	n13303315	2.0	the amount of money needed to purchase something	same	7.0
658	rain (precipitation)	Precipitation in the form of liquid water drops with diameters greater than 0.5 millimeters.	n11501381	rain	n11501381	1889.0	water falling in drops from vapor condensed in the atmosphere	same	9.0
658	rain (precipitation)	Precipitation in the form of liquid water drops with diameters greater than 0.5 millimeters.	n11501381	rainfall	n11501381	85.0	water falling in drops from vapor condensed in the atmosphere	same	9.0
660	reef	A line of rocks in the tidal zone of a coast, submerged at high water but partly uncovered at low water.	n09406793	reef	n09406793	126.0	a submerged ridge of rock or coral near the surface of the water	same	6.0
661	religion	The expression of man's belief in and reverence for a superhuman power recognized as the creator and governor of the universe.	n08081668	faith	n05946687	739.0	a strong belief in a supernatural power or powers that control human destiny	different	6.0
661	religion	The expression of man's belief in and reverence for a superhuman power recognized as the creator and governor of the universe.	n08081668	religion	n05946687	775.0	a strong belief in a supernatural power or powers that control human destiny	different	6.0
663	bay	An open, curving indentation made by the sea or a lake into a coastline.	n09215664	bay	n09215664	377.0	an indentation of a shoreline larger than a cove but smaller than a gulf	same	4.0
663	bay	An open, curving indentation made by the sea or a lake into a coastline.	n09215664	embayment	n09215664	1.0	an indentation of a shoreline larger than a cove but smaller than a gulf	same	4.0
665	bee	Any of the membranous-winged insects which compose the superfamily Apoidea in the order Hymenoptera characterized by a hairy body and by sucking and chewing mouthparts.	n02206856	bee	n02206856	283.0	any of numerous hairy-bodied insects including social and solitary species	same	11.0
667	road	A long piece of hard ground that people can drive along from one place to another.	n04096066	road	n04096066	4951.0	an open way (generally public) for travel or transportation	same	6.0
667	road	A long piece of hard ground that people can drive along from one place to another.	n04096066	route	n08616311	916.0	an established line of travel or access	different	6.0
670	root	The absorbing and anchoring organ of a vascular plant; it bears neither leaves nor flowers and is usually subterranean.	n13125117	root	n13125117	641.0	(botany) the usually underground organ that lacks buds or leaves or nodes; absorbs water and mineral salts; usually it anchors the plant to the ground	same	7.0
671	sand	A loose material consisting of small mineral particles, or rock and mineral particles, distinguishable by the naked eye; grains vary from almost spherical to angular, with a diameter range from 1/16 to 2 millimeters.	n15019030	sand	n15019030	1240.0	a loose material consisting of grains of rock or coral	same	7.0
672	early	Before the expected time or towards the beginning of a time period.	r00100592	betimes				different	0.0
672	early	Before the expected time or towards the beginning of a time period.	r00100592	early	a00812952	4426.0	at or near the beginning of a period of time or course of events or before the usual or expected time	different	0.0
673	school	An institution or building at which children and young people receive education.	n8276720	school	n08276720	11678.0	an educational institution	different	7.0
674	mouth	Opening in the lower half of a human face which is used for food ingestion and articulation.	n05302499	mouth	n05302499	3735.0	the opening through which food is taken in and vocalizations emerge	same	9.0
676	shit (defecate)	To excrete faeces from one's body through the anus.	v00074038	ca-ca				different	2.0
676	shit (defecate)	To excrete faeces from one's body through the anus.	v00074038	crap	n06611376	316.0	obscene words for unacceptable behavior	different	2.0
676	shit (defecate)	To excrete faeces from one's body through the anus.	v00074038	defecate	v00074038	15.0	have a bowel movement	same	2.0
676	shit (defecate)	To excrete faeces from one's body through the anus.	v00074038	make	v00120316	18783.0	give certain properties to something	different	2.0
676	shit (defecate)	To excrete faeces from one's body through the anus.	v00074038	shit	n06611376	613.0	obscene words for unacceptable behavior	different	2.0
676	shit (defecate)	To excrete faeces from one's body through the anus.	v00074038	stool	n04326896	362.0	a simple seat without a back or arms	different	2.0
677	axe	A tool for felling trees or chopping wood consisting of a heavy metallic or stone head flattened to a blade on one side, and which is attached to a usually wooden handle.	n02764044	ax	n02764044	112.0	an edge tool with a heavy bladed head mounted across a handle	same	11.0
677	axe	A tool for felling trees or chopping wood consisting of a heavy metallic or stone head flattened to a blade on one side, and which is attached to a usually wooden handle.	n02764044	axe	n02764044	116.0	an edge tool with a heavy bladed head mounted across a handle	same	11.0
678	beard	Facial hair of humans on the chin, cheeks and jaw.	n05261566	beard	n05261566	482.0	the hair growing on the lower part of a man's face	same	9.0
678	beard	Facial hair of humans on the chin, cheeks and jaw.	n05261566	whiskers				different	9.0
679	bright	Emitting or reflecting light readily or in large amounts. [WN:679]	a00278551	bright	a00278551	1268.0	emitting or reflecting light readily or in large amounts	same	0.0
680	break (destroy or get destroyed)	To divide or be divided into pieces and thereby damaged.	v00334996	break	v00334996	676.0	destroy the integrity of; usually by force; cause to separate into pieces or fragments	same	1.0
681	destroy	To damage beyond use or repair.	v01564144	destroy	v01564144	892.0	destroy completely; damage irreparably	same	0.0
681	destroy	To damage beyond use or repair.	v01564144	ruin	v01564144	537.0	destroy completely; damage irreparably	same	0.0
682	side	The side of an object or person.	n08649345	side	n08649345	7140.0	a place within a region identified relative to a center or reference location	same	5.0
683	person	A human being.	n00007846	individual	n00007846	1496.0	a human being	same	3.0
683	person	A human being.	n00007846	mortal	a01557614	147.0	subject to death	different	3.0
683	person	A human being.	n00007846	person	n00007846	5327.0	a human being	same	3.0
683	person	A human being.	n00007846	somebody	n00007846	3.0	a human being	same	3.0
683	person	A human being.	n00007846	someone	n00007846	7.0	a human being	same	3.0
683	person	A human being.	n00007846	soul	n10627082	1231.0	the immaterial part of a person; the actuating cause of an individual life	different	3.0
684	own	To have rightful possession of property, goods or capital.	v02204692	have	v02203362	2611.0	have or possess, either in a concrete or an abstract sense	different	0.0
684	own	To have rightful possession of property, goods or capital.	v02204692	own	s01768724	15029.0	belonging to or on behalf of a specified person (especially yourself); preceded by a possessive	different	0.0
684	own	To have rightful possession of property, goods or capital.	v02204692	possess	v02632167	475.0	have as an attribute, knowledge, or skill	different	0.0
686	easy	Requiring little skill or effort; posing no difficulty.	a749230	easy	a00749230	4979.0	posing no difficulty; requiring little effort	different	0.0
688	lung	A biological organ that extracts oxygen from the air.	n05387544	lung	n05387544	738.0	either of two saclike respiratory organs in the chest of vertebrates; serves to remove carbon dioxide and provide oxygen to the blood	same	8.0
690	bottom	The part furthest in the direction toward which an unsupported object would fall.	n08511970	bottom	n08511970	1012.0	the lowest part of anything	same	5.0
691	season	One of the four equal periods into which the year is divided by the equinoxes and solstices, resulting from the apparent movement of the sun north and south of the equator during the course of the earth's orbit around it. These periods (spring, summer, autumn and winter) have their characteristic weather conditions in different regions, and occur at opposite times of the year in the N and S hemispheres.	n15236475	season	n15239579	4327.0	a period of the year marked by special events or activities in some field	different	5.0
692	bring	To transport toward somewhere; to take something or somebody with oneself somewhere.	v02077656	bring	v02077656	6428.0	take something or somebody with oneself somewhere	same	2.0
692	bring	To transport toward somewhere; to take something or somebody with oneself somewhere.	v02077656	convey	v01061017	151.0	serve as a means for expressing something	different	2.0
692	bring	To transport toward somewhere; to take something or somebody with oneself somewhere.	v02077656	take	v02599636	5343.0	carry out	different	2.0
694	get	To get or obtain an item; to come into the possession of something.	v02210855	acquire	v02210855	668.0	come into the possession of something concrete or abstract	same	0.0
694	get	To get or obtain an item; to come into the possession of something.	v02210855	get	v00149583	21476.0	enter or assume a certain state or condition	different	0.0
695	go	To get from one place to another by any means.	v01835496	go	v01835496	24273.0	change location; move, travel, or proceed, also metaphorically	same	0.0
695	go	To get from one place to another by any means.	v01835496	locomote				different	0.0
695	go	To get from one place to another by any means.	v01835496	move	v01835496	4510.0	change location; move, travel, or proceed, also metaphorically	same	0.0
695	go	To get from one place to another by any means.	v01835496	travel	v01835496	1628.0	change location; move, travel, or proceed, also metaphorically	same	0.0
698	wise	Showing good judgement or the benefit of experience.	a02569130	wise	a02569130	606.0	having or prompted by wisdom or discernment	same	0.0
700	carry	To lift and bring to somewhere else; to transport by lifting.	v01449974	carry	v01449974	2443.0	move while supporting, either in a vehicle or in one's hands or on one's body	same	1.0
700	carry	To lift and bring to somewhere else; to transport by lifting.	v01449974	transport	n03100490	140.0	something that serves as a means of transportation	different	1.0
701	slow	With low speed.	r00161630	easy	a00749230	4979.0	posing no difficulty; requiring little effort	different	0.0
701	slow	With low speed.	r00161630	slow	a00980527	1703.0	not moving quickly; taking a comparatively long time	different	0.0
701	slow	With low speed.	r00161630	slowly	r00161630	3172.0	without speed (`slow' is sometimes used informally for `slowly')	same	0.0
701	slow	With low speed.	r00161630	tardily	r00100267	1.0	later than usual or than expected	different	0.0
702	catch	To take hold of, especially in the hands, so as to seize or restrain or stop the motion of.	v01439190	catch	v00725748	1020.0	discover or come upon accidentally, suddenly, or unexpectedly; catch somebody doing something or in a certain state	different	2.0
702	catch	To take hold of, especially in the hands, so as to seize or restrain or stop the motion of.	v01439190	grab	v01439190	2192.0	take hold of so as to seize or restrain or stop the motion of	same	2.0
703	soon	In a near future.	r00033922	presently	r00048268	92.0	at this time or period; now	different	0.0
703	soon	In a near future.	r00033922	shortly	r00034189	376.0	for a short time	different	0.0
703	soon	In a near future.	r00033922	soon	r00033922	6146.0	in the near future	same	0.0
704	clean	Not dirty.	a00417413	clean	a00417413	1255.0	free from dirt or impurities; or having clean habits	same	0.0
706	dark	Having an absolute or (more often) relative lack of light.	a273082	dark	a00409440	2498.0	(used of color) having a dark hue	different	0.0
707	remember	To recall from memory.	v00607780	recall	v00607780	2044.0	recall knowledge from memory; have a recollection	same	0.0
707	remember	To recall from memory.	v00607780	recollect	v00607780	31.0	recall knowledge from memory; have a recollection	same	0.0
707	remember	To recall from memory.	v00607780	remember	v00607780	6610.0	recall knowledge from memory; have a recollection	same	0.0
707	remember	To recall from memory.	v00607780	retrieve	v02247977	388.0	get or find back; recover the use of	different	0.0
707	remember	To recall from memory.	v00607780	think	v00689344	15256.0	judge or regard; look upon; judge	different	0.0
708	shine	To emit light.	v02763740	beam	n11428023	357.0	a column of light (as from a beacon)	different	0.0
708	shine	To emit light.	v02763740	shine	v02763740	492.0	emit light; be bright, as of the sun or a light	same	0.0
709	teach	To pass on knowledge and skills.	v00829107	instruct	v00749963	313.0	give instructions or directions for some task	different	4.0
709	teach	To pass on knowledge and skills.	v00829107	learn	v00597915	5236.0	gain knowledge or skills	different	4.0
709	teach	To pass on knowledge and skills.	v00829107	teach	v00829107	3532.0	impart skills or knowledge to	same	4.0
710	wheel	A circular object that spins around a central axe thereby allowing relatively low-friction movement.	n04574999	wheel	n04574999	1095.0	a simple machine consisting of a circular frame with spokes (or a solid disc) that can rotate on a shaft or axle (as in vehicles or other machines)	same	10.0
711	tall	Having a vertical extent greater than the average.	a02385102	tall	a02385102	3193.0	great in vertical dimension; high in stature	same	0.0
712	rich	Possessing in abundance a particular trait.	a02021905	rich	a02021905	1477.0	possessing material wealth	same	0.0
713	steal	To take possession of property belonging to another without the consent of this owner; most typically when not observed, rather than by force.	v02321757	steal	v02321757	1555.0	take without the owner's consent	same	1.0
714	seed	A mature fertilized plant ovule, consisting of an embryo and its food store surrounded by a protective seed coat (testa).	n11683989	seed	n11683989	484.0	a mature fertilized plant ovule consisting of an embryo and its food source and having a protective coat or testa	same	9.0
715	shout	To say something in a loud voice.	v00912048	cry	v00066191	2142.0	shed tears because of sadness, rage, or pain	different	1.0
715	shout	To say something in a loud voice.	v00912048	exclaim	v00977336	173.0	state or announce	different	1.0
715	shout	To say something in a loud voice.	v00912048	outcry	n07120524	50.0	a loud utterance; often in protest or opposition	different	1.0
715	shout	To say something in a loud voice.	v00912048	shout	v00912473	1638.0	utter in a loud voice; talk in a loud voice (usually denoting characteristic manner of speaking)	different	1.0
716	groan	To utter a low, guttural sound of frustration.	v01045419	groan	v01045419	365.0	indicate pain, discomfort, or displeasure	same	1.0
716	groan	To utter a low, guttural sound of frustration.	v01045419	moan	v01045419	337.0	indicate pain, discomfort, or displeasure	same	1.0
717	sweet	Having the taste characteristic of sugar or honey.	a02368336	sweet	a02368336	890.0	having or denoting the characteristic taste of sugar	same	0.0
718	pay	To give money in exchange for goods or services.	v02251743	pay	v02251743	5640.0	give money, usually in exchange for goods or services	same	2.0
719	find	To encounter something by accident or after searching for it.	v02285629	find	v02285629	5493.0	come upon after searching; find the location of something that was missed or lost	same	1.0
719	find	To encounter something by accident or after searching for it.	v02285629	regain	v02247977	356.0	get or find back; recover the use of	different	1.0
720	good luck	Something positive that happens to someone by chance.	n14473655	luckiness				different	6.0
721	low	Being in a position comparatively close to the ground.	r00393149	low	a01212469	3809.0	less than normal in degree or intensity or amount	different	0.0
722	attack	The application of violent force to someone or something.	n00773814	attack	n00972621	1152.0	(military) an offensive against an enemy (using weapons)	different	9.0
722	attack	The application of violent force to someone or something.	n00773814	attempt	n00786195	1305.0	earnest and conscientious activity intended to do or accomplish something	different	9.0
723	place (position)	A position or area in a space.	n08621598	place	n08664443	7036.0	a point located with respect to surface features of some region	different	5.0
723	place (position)	A position or area in a space.	n08621598	position	n00586262	750.0	a job in an organization	different	5.0
724	read	To look at and interpret letters or other information that is written.	v00625119	read	v00625119	6244.0	interpret something that is written or printed	same	2.0
727	which	What one or ones (of those mentioned or implied).	n.a.					different	
728	first	Having no predecessor. The ordinal number corresponding to one.	a01010862	first	a01010862	18344.0	preceding all others in time or space or degree	same	0.0
729	dawn	A period of time at the beginning of the day shortly before sunrise during which the light gradually becomes stronger.	n15168790	aurora	n11427241	62.0	an atmospheric phenomenon consisting of bands of light caused by charged solar particles following the earth's magnetic lines of force	different	9.0
729	dawn	A period of time at the beginning of the day shortly before sunrise during which the light gradually becomes stronger.	n15168790	cockcrow	n15168790	1.0	the first light of day	same	9.0
729	dawn	A period of time at the beginning of the day shortly before sunrise during which the light gradually becomes stronger.	n15168790	dawn	n15168790	615.0	the first light of day	same	9.0
729	dawn	A period of time at the beginning of the day shortly before sunrise during which the light gradually becomes stronger.	n15168790	dawning	n15168790	15.0	the first light of day	same	9.0
729	dawn	A period of time at the beginning of the day shortly before sunrise during which the light gradually becomes stronger.	n15168790	daybreak	n15168790	36.0	the first light of day	same	9.0
729	dawn	A period of time at the beginning of the day shortly before sunrise during which the light gradually becomes stronger.	n15168790	dayspring				different	9.0
729	dawn	A period of time at the beginning of the day shortly before sunrise during which the light gradually becomes stronger.	n15168790	morning	n15165289	7145.0	the time period between dawn and noon	different	9.0
729	dawn	A period of time at the beginning of the day shortly before sunrise during which the light gradually becomes stronger.	n15168790	sunrise	n15168790	125.0	the first light of day	same	9.0
729	dawn	A period of time at the beginning of the day shortly before sunrise during which the light gradually becomes stronger.	n15168790	sunup	n15168790	2.0	the first light of day	same	9.0
730	snake	Any reptile of the suborder Serpentes, typically having a scaly cylindrical limbless body, fused eyelids, and a jaw modified for swallowing large prey.	n01726692	ophidian				different	11.0
730	snake	Any reptile of the suborder Serpentes, typically having a scaly cylindrical limbless body, fused eyelids, and a jaw modified for swallowing large prey.	n01726692	serpent	n01726692	77.0	limbless scaly elongate reptile; some are venomous	same	11.0
730	snake	Any reptile of the suborder Serpentes, typically having a scaly cylindrical limbless body, fused eyelids, and a jaw modified for swallowing large prey.	n01726692	snake	n01726692	597.0	limbless scaly elongate reptile; some are venomous	same	11.0
731	beverage	Any one of various liquids for drinking.	n07881800	beverage	n07881800	134.0	any liquid suitable for drinking	same	5.0
731	beverage	Any one of various liquids for drinking.	n07881800	drink	v01170052	2027.0	take in liquids	different	5.0
731	beverage	Any one of various liquids for drinking.	n07881800	drinkable	a00797113	5.0	suitable for drinking	different	5.0
731	beverage	Any one of various liquids for drinking.	n07881800	potable	a00797113	10.0	suitable for drinking	different	5.0
733	earn	To gain (success, payment) through applied effort or work.	v02289295	clear	a00428404	2494.0	readily apparent to the mind	different	1.0
733	earn	To gain (success, payment) through applied effort or work.	v02289295	earn	v02290196	1052.0	acquire or deserve by one's efforts or actions	different	1.0
733	earn	To gain (success, payment) through applied effort or work.	v02289295	gain	v02292125	553.0	obtain	different	1.0
733	earn	To gain (success, payment) through applied effort or work.	v02289295	make	v00120316	18783.0	give certain properties to something	different	1.0
733	earn	To gain (success, payment) through applied effort or work.	v02289295	realise	v00728617	14.0	be fully aware or cognizant of	different	1.0
733	earn	To gain (success, payment) through applied effort or work.	v02289295	realize	v00728617	3668.0	be fully aware or cognizant of	different	1.0
735	owl	A solitary, mainly nocturnal bird of prey, belonging to the order Strigiformes; it has large forward-facing eyes and ears and a hawk-like beak, and it can turn its head 180 degrees around.	n01621127	hooter	n02761834	1.0	a device on an automobile for making a warning noise	different	11.0
735	owl	A solitary, mainly nocturnal bird of prey, belonging to the order Strigiformes; it has large forward-facing eyes and ears and a hawk-like beak, and it can turn its head 180 degrees around.	n01621127	owl	n01621127	182.0	nocturnal bird of prey with hawk-like beak and claws and large head with front-facing eyes	same	11.0
736	yard	A small, usually uncultivated area adjoining or within the precincts of a house or other building.	n03120198	court	n08329453	1202.0	an assembly (including one or more judges) to conduct judicial business	different	7.0
736	yard	A small, usually uncultivated area adjoining or within the precincts of a house or other building.	n03120198	courtyard	n03120198	396.0	an area wholly or partly surrounded by walls or buildings	same	7.0
737	light (ignite)	To start a fire or light a flame.	v02759614	ignite	v02759614	54.0	cause to start burning; subject to fire or great heat	same	1.0
737	light (ignite)	To start a fire or light a flame.	v02759614	light	n11473954	3505.0	(physics) electromagnetic radiation that can produce a visual sensation	different	1.0
738	thing	That which is considered to exist as a separate entity, quality or concept.	n00002452	thing	n00034479	3980.0	an action	different	2.0
740	ship	A vessel propelled by engines or sails for navigating on the water, especially a large vessel that can not be carried aboard another, as distinguished from a boat.	n04194289	ship	n04194289	2865.0	a vessel that carries passengers or freight	same	10.0
741	drive	To operate a vehicle.	v01930874	drive	v01930874	2419.0	operate or control a vehicle	same	4.0
742	end (of space)	Extreme part.	n08565894	end	v02609764	3613.0	have an end, in a temporal, spatial, or quantitative sense; either spatial or metaphorical	different	7.0
743	end (of time)	The last or final part.	n07291794	end	v02609764	3613.0	have an end, in a temporal, spatial, or quantitative sense; either spatial or metaphorical	different	6.0
743	end (of time)	The last or final part.	n07291794	last	s01730329	12049.0	immediately past	different	6.0
744	egg	Egg (either fertilized or not) from domesticated birds, most commonly hens, seen as food.	n07840804	egg	n07840804	1370.0	oval reproductive body of a fowl (especially a hen) used as food	same	6.0
744	egg	Egg (either fertilized or not) from domesticated birds, most commonly hens, seen as food.	n07840804	eggs	n05524615	2.0	one of the two male reproductive glands that produce spermatozoa and secrete androgens	different	6.0
745	shelf	A flat, rigid, rectangular structure, fixed at right angles to a wall, and used to support, store or display objects.	n04190052	shelf	n04190052	893.0	a support that consists of a horizontal surface for holding objects	same	8.0
748	sow seeds	To scatter or disperse seeds on a field.	v01500873	seed	n11683989	484.0	a mature fertilized plant ovule consisting of an embryo and its food source and having a protective coat or testa	different	2.0
748	sow seeds	To scatter or disperse seeds on a field.	v01500873	sow	v01500873	81.0	place (seeds) in or on the ground for future growth	same	2.0
749	enter	To go into.	v02016523	enter	v02016523	2960.0	to come or go into	same	0.0
752	store	An establishment, either physical or virtual, that sells goods or services to the public.	n04202417	shop	n04202417	1660.0	a mercantile establishment for the retail sale of goods or services	same	9.0
752	store	An establishment, either physical or virtual, that sells goods or services to the public.	n04202417	store	n04202417	3521.0	a mercantile establishment for the retail sale of goods or services	same	9.0
753	pupil (student)	A student under the supervision of a teacher or professor.	n10665698	educatee				different	5.0
753	pupil (student)	A student under the supervision of a teacher or professor.	n10665698	pupil	n10665698	104.0	a learner who is enrolled in an educational institution	same	5.0
753	pupil (student)	A student under the supervision of a teacher or professor.	n10665698	student	n10665698	8241.0	a learner who is enrolled in an educational institution	same	5.0
754	hurry	To move or do something at a fast pace.	v00459498	festinate				different	1.0
754	hurry	To move or do something at a fast pace.	v00459498	hasten	v02058994	44.0	move fast	different	1.0
754	hurry	To move or do something at a fast pace.	v00459498	hurry	v02055649	677.0	move very fast	different	1.0
754	hurry	To move or do something at a fast pace.	v00459498	rush	v02058994	898.0	move fast	different	1.0
755	deny	To refuse strongly and solemnly to own or acknowledge.	v02212825	deny	v00816556	482.0	declare untrue; contradict	different	2.0
755	deny	To refuse strongly and solemnly to own or acknowledge.	v02212825	refuse	v00797430	1423.0	show unwillingness towards	different	2.0
757	button	A fastener consisting of a knob or disc that is passed through a slit in the adjacent material.	n02928608	button	n04027023	719.0	an electrical switch operated by pressing	different	9.0
758	heron	A long-legged, long-necked wading bird of the family Ardeidae.	n02008041	heron	n02008041	61.0	grey or white wading bird with long neck and long legs and (usually) long bill	same	12.0
759	silver	A very ductile malleable brilliant greyish-white element with symbol Ar and atomic number 47 having the highest electrical and thermal conductivity of any metal.	n14654954	Ag				different	6.0
759	silver	A very ductile malleable brilliant greyish-white element with symbol Ar and atomic number 47 having the highest electrical and thermal conductivity of any metal.	n14654954	silver	n14654954	385.0	a soft white precious univalent metallic element having the highest electrical and thermal conductivity of any metal; occurs in argentite and in free form; used in coins and jewelry and tableware and photography	same	6.0
760	knot	A loop of string or any other long flexible material which cannot be untied without pulling part of the string through the loops.	n03627232	knot	n03627232	227.0	any of various fastenings formed by looping and tying a rope (or cord) upon itself or to another rope or to another object	same	9.0
761	cover	To place something over or upon to conceal or protect.	v01332730	cover	v01332730	2241.0	provide with a covering or cause to be covered	same	0.0
762	outside	In the open, not within a building, or outside of something in general.	a1692222	out-of-door				different	0.0
762	outside	In the open, not within a building, or outside of something in general.	a1692222	outdoor	a01692222	255.0	located, suited for, or taking place in the open air	different	0.0
762	outside	In the open, not within a building, or outside of something in general.	a1692222	outside	r00110659	2105.0	outside a building	different	0.0
763	skin	The tissue forming the outer covering of the vertebrate body: it consists of two layers, the outermost of which may be covered with hair, scales, feathers, etc. It is mainly protective and sensory in function.	n01895735	hide	v02144835	2367.0	prevent from being seen or discovered	different	7.0
763	skin	The tissue forming the outer covering of the vertebrate body: it consists of two layers, the outermost of which may be covered with hair, scales, feathers, etc. It is mainly protective and sensory in function.	n01895735	pelt	v01507914	74.0	cast, hurl, or throw repeatedly with some missile	different	7.0
763	skin	The tissue forming the outer covering of the vertebrate body: it consists of two layers, the outermost of which may be covered with hair, scales, feathers, etc. It is mainly protective and sensory in function.	n01895735	skin	n05238282	3673.0	a natural protective body covering and site of the sense of touch	different	7.0
765	move	To change the location of an object.	v01850315	displace	v01850315	88.0	cause to move or shift into a new position or place, both in a concrete and in an abstract sense	same	0.0
765	move	To change the location of an object.	v01850315	move	v01835496	4510.0	change location; move, travel, or proceed, also metaphorically	different	0.0
767	corpse	A dead body.	n05218119	cadaver	n05218119	28.0	the dead body of a human being	same	6.0
767	corpse	A dead body.	n05218119	clay	n14813182	362.0	a very fine-grained soil that is plastic when moist but hard when fired	different	6.0
767	corpse	A dead body.	n05218119	corpse	n05218119	526.0	the dead body of a human being	same	6.0
767	corpse	A dead body.	n05218119	remains				different	6.0
767	corpse	A dead body.	n05218119	stiff	s01023706	352.0	incapable of or resistant to bending	different	6.0
768	lunch	Meal usually eaten at midday.	n07575076	dejeuner				different	7.0
768	lunch	Meal usually eaten at midday.	n07575076	lunch	n07575076	1785.0	a midday meal	same	7.0
768	lunch	Meal usually eaten at midday.	n07575076	luncheon	n07575076	105.0	a midday meal	same	7.0
768	lunch	Meal usually eaten at midday.	n07575076	tiffin	n07575076	1.0	a midday meal	same	7.0
769	roof	The structure covering a building.	n04105068	roof	n04105068	1352.0	a protective covering that covers or forms the top of a building	same	7.0
770	earring	A piece of jewelry worn on the ear.	n03262349	earring	n03262349	275.0	jewelry to ornament the ear; usually clipped to the earlobe or fastened through a hole in the lobe	same	8.0
772	belt	A clothing accessory, usually made of leather or heavy cloth, worn around the waist and used to support trousers or other articles of clothing.	n02827606	belt	n02827606	781.0	a band to tie or buckle around the body (usually at the waist)	same	8.0
773	have	To be in possession (of an object).	v02203362	have	v02203362	2611.0	have or possess, either in a concrete or an abstract sense	same	0.0
773	have	To be in possession (of an object).	v02203362	hold	v01216670	4490.0	have or hold in one's hands or grip	different	0.0
777	flute	A musical instrument of the woodwind family.	n03372029	flute	n03372029	115.0	a high-pitched woodwind instrument; a slender tube closed at one end with finger holes on one end and an opening near the closed end across which the breath is blown	same	10.0
778	smoke (exhaust)	An aerosol, consisting of visible particles and gases, produced by the incomplete burning of carbon-based materials, such as wood and fossil fuels.	n13556893	smoke	v01198101	976.0	inhale and exhale smoke from cigarettes, cigars, pipes	different	6.0
778	smoke (exhaust)	An aerosol, consisting of visible particles and gases, produced by the incomplete burning of carbon-based materials, such as wood and fossil fuels.	n13556893	smoking	n00834636	465.0	the act of smoking tobacco or other substances	different	6.0
779	part	A seperate unit of a larger whole.	n03892891	part	n13809207	7449.0	something determined in relation to something that includes it	different	3.0
779	part	A seperate unit of a larger whole.	n03892891	portion	n13809207	400.0	something determined in relation to something that includes it	different	3.0
781	fear (fright)	An emotion experienced in anticipation of some specific pain or danger.	n07519253	fear	n07519253	2466.0	an emotion experienced in anticipation of some specific pain or danger (usually accompanied by a desire to flee or fight)	same	6.0
781	fear (fright)	An emotion experienced in anticipation of some specific pain or danger.	n07519253	fearfulness				different	6.0
781	fear (fright)	An emotion experienced in anticipation of some specific pain or danger.	n07519253	fright	n07519253	24.0	an emotion experienced in anticipation of some specific pain or danger (usually accompanied by a desire to flee or fight)	same	6.0
782	defeat	An end to a struggle or contest that did not end in success.	n07475364	defeat	v01108148	461.0	win a victory over	different	6.0
782	defeat	An end to a struggle or contest that did not end in success.	n07475364	licking	n01160729	9.0	the act of inflicting corporal punishment with repeated blows	different	6.0
783	victory	An end to a struggle or contest that did end in success.	n07473441	triumph	n07473441	258.0	a successful ending of a struggle or contest	same	6.0
783	victory	An end to a struggle or contest that did end in success.	n07473441	victory	n07473441	1380.0	a successful ending of a struggle or contest	same	6.0
784	snow	The most common form of frozen precipitation, usually flakes or starlike crystals, matted ice needles, or combinations, and often rime-coated.	n11508382	snow	n15043763	1377.0	a layer of snowflakes (white crystals of frozen water) covering the ground	different	9.0
784	snow	The most common form of frozen precipitation, usually flakes or starlike crystals, matted ice needles, or combinations, and often rime-coated.	n11508382	snowfall	n11508382	62.0	precipitation falling from clouds in the form of ice crystals	same	9.0
786	sailcloth	A large piece of fabric (as canvas) by means of which wind is used to propel a sailing vessel.	n04127904	canvas	n02954068	265.0	an oil painting on canvas fabric	different	6.0
786	sailcloth	A large piece of fabric (as canvas) by means of which wind is used to propel a sailing vessel.	n04127904	canvass	v02454312	20.0	get the opinions (of people) by asking specific questions	different	6.0
786	sailcloth	A large piece of fabric (as canvas) by means of which wind is used to propel a sailing vessel.	n04127904	sail	v01846658	303.0	traverse or travel on (a body of water)	different	6.0
786	sailcloth	A large piece of fabric (as canvas) by means of which wind is used to propel a sailing vessel.	n04127904	sheet	n04188179	677.0	bed linen consisting of a large rectangular piece of cotton or linen cloth; used in pairs	different	6.0
787	sail	To traverse or travel by ship on a body of water.	v01945516	sail	v01846658	303.0	traverse or travel on (a body of water)	different	4.0
788	soap	A cleansing agent, manufactured in bars, granules, flakes, or liquid form, made from a mixture of the sodium salts of various fatty acids of natural oils and fats.	n04253437	soap	n04253437	523.0	a cleansing agent made from the salts of vegetable or animal fats	same	9.0
789	people	A group of persons forming or belonging to a particular nation, class, ethnic group, country, family, etc.	n08160276	citizenry	n08160276	53.0	the body of citizens of a state or country	same	3.0
789	people	A group of persons forming or belonging to a particular nation, class, ethnic group, country, family, etc.	n08160276	people	n07942152	25371.0	(plural) any group of human beings (men or women or children) collectively	different	3.0
790	ready	Prepared for immediate action or use.	a01930512	ready	a01930512	3863.0	completely prepared or in condition for immediate action or use or progress	same	0.0
791	stranger	Someone who is not known.	n10661216	stranger	n10661002	1274.0	anyone who does not belong in the environment in which they are found	different	4.0
792	boil (of liquid)	To be at a temperature (as a liquid) where it moves into the gaseous phase.	v00375021	boil	n05014099	238.0	the temperature at which a liquid boils at sea level	different	2.0
793	boil (of skin)	A painful, local inflammation of the skin, caused by infection of a hair follicle. Usually, a hard core and pus are present.	n14183210	boil	n05014099	238.0	the temperature at which a liquid boils at sea level	different	10.0
793	boil (of skin)	A painful, local inflammation of the skin, caused by infection of a hair follicle. Usually, a hard core and pus are present.	n14183210	furuncle				different	10.0
794	pen	A utensil, usually tubular in form, containing ink used to write or make marks.	n03906997	pen	n03906997	588.0	a writing implement with a point from which ink flows	same	8.0
796	nipple	The projection of a mammary gland from which, on female mammals, milk can be secreted.	n05554653	mamilla				different	7.0
796	nipple	The projection of a mammary gland from which, on female mammals, milk can be secreted.	n05554653	mammilla				different	7.0
796	nipple	The projection of a mammary gland from which, on female mammals, milk can be secreted.	n05554653	nipple	n05554653	213.0	the small projection of a mammary gland	same	7.0
796	nipple	The projection of a mammary gland from which, on female mammals, milk can be secreted.	n05554653	pap	n06612174	15.0	worthless or oversimplified ideas	different	7.0
796	nipple	The projection of a mammary gland from which, on female mammals, milk can be secreted.	n05554653	teat	n05554653	13.0	the small projection of a mammary gland	same	7.0
796	nipple	The projection of a mammary gland from which, on female mammals, milk can be secreted.	n05554653	tit	n05554405	77.0	either of two soft fleshy milk-secreting glandular organs on the chest of a woman	different	7.0
797	testicles	The male sex gland that produces sperm and male hormones, found in some types of animals and humans.	n05524615	ball	n02778669	2135.0	round object that is hit or thrown or kicked in games	different	8.0
797	testicles	The male sex gland that produces sperm and male hormones, found in some types of animals and humans.	n05524615	ballock	n05524615	2.0	one of the two male reproductive glands that produce spermatozoa and secrete androgens	same	8.0
797	testicles	The male sex gland that produces sperm and male hormones, found in some types of animals and humans.	n05524615	bollock	n05524615	8.0	one of the two male reproductive glands that produce spermatozoa and secrete androgens	same	8.0
797	testicles	The male sex gland that produces sperm and male hormones, found in some types of animals and humans.	n05524615	egg	n07840804	1370.0	oval reproductive body of a fowl (especially a hen) used as food	different	8.0
797	testicles	The male sex gland that produces sperm and male hormones, found in some types of animals and humans.	n05524615	nut	n13136556	290.0	usually large hard-shelled seed	different	8.0
797	testicles	The male sex gland that produces sperm and male hormones, found in some types of animals and humans.	n05524615	orchis				different	8.0
797	testicles	The male sex gland that produces sperm and male hormones, found in some types of animals and humans.	n05524615	testicle	n05524615	81.0	one of the two male reproductive glands that produce spermatozoa and secrete androgens	same	8.0
797	testicles	The male sex gland that produces sperm and male hormones, found in some types of animals and humans.	n05524615	testis	n05524615	10.0	one of the two male reproductive glands that produce spermatozoa and secrete androgens	same	8.0
798	jaw	Either of the two opposable structures forming, or near the entrance to, the mouth.	n05546040	jaw	n05546040	772.0	the part of the skull of a vertebrate that frames the mouth and holds the teeth	same	9.0
799	wrist	The flexible and narrower connection between the forearm and the hand.	n05584928	carpus				different	8.0
799	wrist	The flexible and narrower connection between the forearm and the hand.	n05584928	wrist	n05584928	978.0	a joint between the distal end of the radius and the proximal row of carpal bones	same	8.0
801	rib	One of the long curved bones which form the rib cage.	n05279026	costa	n05592126	1.0	a riblike part of a plant or animal (such as a middle rib of a leaf or a thickened vein of an insect wing)	different	9.0
801	rib	One of the long curved bones which form the rib cage.	n05279026	rib	n05279026	438.0	any of the 12 pairs of curved arches of bone extending from the spine to or toward the sternum in humans (and similar bones in most vertebrates)	same	9.0
803	ankle	A joint formed where the foot and the leg meet.	n05578442	ankle	n05578442	720.0	a gliding joint between the distal ends of the tibia and fibula and the proximal end of the talus	same	8.0
804	womb	The major female reproductive organ of most mammals, including humans. It is a large muscle enveloping the phoetus during pregnancy.	n05519085	uterus	n05519085	80.0	a hollow muscular organ in the pelvic cavity of females; contains the developing fetus	same	8.0
804	womb	The major female reproductive organ of most mammals, including humans. It is a large muscle enveloping the phoetus during pregnancy.	n05519085	womb	n05519085	130.0	a hollow muscular organ in the pelvic cavity of females; contains the developing fetus	same	8.0
805	spine	The body part that consists of a row of vertebrae, that support the head and torso and that forms a canal for nerves.	n05588174	back	r00075161	17640.0	in or to or toward a former location	different	7.0
805	spine	The body part that consists of a row of vertebrae, that support the head and torso and that forms a canal for nerves.	n05588174	backbone	n05032351	31.0	fortitude and determination	different	7.0
805	spine	The body part that consists of a row of vertebrae, that support the head and torso and that forms a canal for nerves.	n05588174	rachis				different	7.0
805	spine	The body part that consists of a row of vertebrae, that support the head and torso and that forms a canal for nerves.	n05588174	spine	n05588174	425.0	the series of vertebrae forming the axis of the skeleton and protecting the spinal cord	same	7.0
806	blanket	A large cloth used for warmth and for sleeping.	n02849154	blanket	n02849154	896.0	bedding that keeps a person warm in bed	same	8.0
806	blanket	A large cloth used for warmth and for sleeping.	n02849154	cover	v01332730	2241.0	provide with a covering or cause to be covered	different	8.0
809	trousers	An item of clothing worn on the lower part of the body and covering both legs separately.	n04489008	pant	n04489008	1252.0	(usually in the plural) a garment extending from the waist to the knee or ankle, covering each leg separately	same	8.0
809	trousers	An item of clothing worn on the lower part of the body and covering both legs separately.	n04489008	trouser	n04489008	301.0	(usually in the plural) a garment extending from the waist to the knee or ankle, covering each leg separately	same	8.0
811	soul	In philosophical or religious belief the immaterial part of a human being.	n10627082	psyche	n05611302	122.0	that which is responsible for one's thoughts and feelings; the seat of the faculty of reason	different	5.0
811	soul	In philosophical or religious belief the immaterial part of a human being.	n10627082	soul	n10627082	1231.0	the immaterial part of a person; the actuating cause of an individual life	same	5.0
812	slave	A person who is owned and forced to work, usually without pay, by another.	n10609325	slave	n10609325	1173.0	a person who is owned by someone	same	4.0
816	half	One of the two equal parts of a whole.	n13736799	half	n13736799	3609.0	one of two equal parts of a divisible whole	same	10.0
816	half	One of the two equal parts of a whole.	n13736799	one-half				different	10.0
817	they	The third person plural of the personal pronoun that designates more than one person or animal, thing or idea which have already been mentioned previously.	n.a.					different	
819	stomach	An organ in the body, involved in digestion of food.	n05395690	breadbasket	n08516767	2.0	a geographic region serving as the principal source of grain	different	7.0
819	stomach	An organ in the body, involved in digestion of food.	n05395690	stomach	n05395690	1101.0	an enlarged and muscular saclike organ of the alimentary canal; the principal organ of digestion	same	7.0
819	stomach	An organ in the body, involved in digestion of food.	n05395690	tum				different	7.0
819	stomach	An organ in the body, involved in digestion of food.	n05395690	tummy	n05395690	48.0	an enlarged and muscular saclike organ of the alimentary canal; the principal organ of digestion	same	7.0
820	lamb	Young sheep.	n02412440	lamb	n02412440	70.0	young sheep	same	9.0
827	roll	To tip laterally.	v01866610	revolve	v02043982	60.0	move in an orbit	different	1.0
827	roll	To tip laterally.	v01866610	roll	v01866192	1679.0	move by turning over or rotating	different	1.0
829	rafter	One of several parallel sloping beams that extend from the ridge to the wall-plate, to support the roof and its associated loads; the sloping top member of a roof truss, which carries the purlins.	n04045644	balk	v02583545	98.0	refuse to comply	different	6.0
829	rafter	One of several parallel sloping beams that extend from the ridge to the wall-plate, to support the roof and its associated loads; the sloping top member of a roof truss, which carries the purlins.	n04045644	baulk	v02583545	1.0	refuse to comply	different	6.0
829	rafter	One of several parallel sloping beams that extend from the ridge to the wall-plate, to support the roof and its associated loads; the sloping top member of a roof truss, which carries the purlins.	n04045644	rafter	n04045644	101.0	one of several parallel sloping beams that support a roof	same	6.0
832	bean	Any of various leguminous plants grown for their edible seeds and pods.	n07724943	bean	n07724943	554.0	any of various edible seeds of plants of the family Leguminosae used for food	same	8.0
834	buttocks	The fleshy part of the human body that one sits on.	n05559256	arse	n05559256	19.0	the fleshy part of the human body that you sit on	same	5.0
834	buttocks	The fleshy part of the human body that one sits on.	n05559256	ass	n05559256	754.0	the fleshy part of the human body that you sit on	same	5.0
834	buttocks	The fleshy part of the human body that one sits on.	n05559256	backside	n05559256	89.0	the fleshy part of the human body that you sit on	same	5.0
834	buttocks	The fleshy part of the human body that one sits on.	n05559256	behind	r00222180	817.0	remaining in a place or condition that has been left or departed from	different	5.0
834	buttocks	The fleshy part of the human body that one sits on.	n05559256	bottom	n08511970	1012.0	the lowest part of anything	different	5.0
834	buttocks	The fleshy part of the human body that one sits on.	n05559256	bum	n10539715	85.0	a person who is deemed to be despicable or contemptible	different	5.0
834	buttocks	The fleshy part of the human body that one sits on.	n05559256	buns	n07680932	1.0	small rounded bread either plain or sweet	different	5.0
834	buttocks	The fleshy part of the human body that one sits on.	n05559256	butt	n05559256	397.0	the fleshy part of the human body that you sit on	same	5.0
834	buttocks	The fleshy part of the human body that one sits on.	n05559256	buttocks				different	5.0
834	buttocks	The fleshy part of the human body that one sits on.	n05559256	can	n02946921	687.0	airtight sealed metal container for food or drink or paint etc.	different	5.0
834	buttocks	The fleshy part of the human body that one sits on.	n05559256	derriere	n05559256	9.0	the fleshy part of the human body that you sit on	same	5.0
834	buttocks	The fleshy part of the human body that one sits on.	n05559256	fanny	n05559256	27.0	the fleshy part of the human body that you sit on	same	5.0
834	buttocks	The fleshy part of the human body that one sits on.	n05559256	fundament	n05793554	1.0	the fundamental assumptions from which something is begun or developed or calculated or explained	different	5.0
834	buttocks	The fleshy part of the human body that one sits on.	n05559256	hindquarters				different	5.0
834	buttocks	The fleshy part of the human body that one sits on.	n05559256	keister	n05559256	3.0	the fleshy part of the human body that you sit on	same	5.0
834	buttocks	The fleshy part of the human body that one sits on.	n05559256	nates				different	5.0
834	buttocks	The fleshy part of the human body that one sits on.	n05559256	posterior	a00131426	42.0	located at or near or behind a part or near the end of a structure	different	5.0
834	buttocks	The fleshy part of the human body that one sits on.	n05559256	prat				different	5.0
834	buttocks	The fleshy part of the human body that one sits on.	n05559256	rear	s00197891	696.0	located in or toward the back or rear	different	5.0
834	buttocks	The fleshy part of the human body that one sits on.	n05559256	rump	n02463611	32.0	the part of an animal that corresponds to the human buttocks	different	5.0
834	buttocks	The fleshy part of the human body that one sits on.	n05559256	seat	n04161358	1895.0	any support where you can sit (especially the part of a chair or bench etc. on which you sit)	different	5.0
834	buttocks	The fleshy part of the human body that one sits on.	n05559256	stern	s00711308	94.0	severe and unremitting in making demands	different	5.0
834	buttocks	The fleshy part of the human body that one sits on.	n05559256	tail	n02157557	825.0	the posterior part of the body of a vertebrate especially when elongated and extending beyond the trunk or main part of the body	different	5.0
834	buttocks	The fleshy part of the human body that one sits on.	n05559256	tooshie				different	5.0
834	buttocks	The fleshy part of the human body that one sits on.	n05559256	tush	n05559256	7.0	the fleshy part of the human body that you sit on	same	5.0
837	blue	Having the pure color of a clear sky; the primary color between green and violet in the visible spectrum, an effect of light with a wavelength between 450 and 500 nm.	a00370869	blue	s00370869	4630.0	of the color intermediate between green and violet; having a color similar to that of a clear unclouded sky; - Helen Hunt Jackson	different	0.0
837	blue	Having the pure color of a clear sky; the primary color between green and violet in the visible spectrum, an effect of light with a wavelength between 450 and 500 nm.	a00370869	blueish				different	0.0
837	blue	Having the pure color of a clear sky; the primary color between green and violet in the visible spectrum, an effect of light with a wavelength between 450 and 500 nm.	a00370869	bluish	s00370869	70.0	of the color intermediate between green and violet; having a color similar to that of a clear unclouded sky; - Helen Hunt Jackson	different	0.0
838	remains	What remains after other things have been taken away (e.g. eaten or destroyed).	n13810818	balance	n14002279	974.0	a state of equilibrium	different	4.0
838	remains	What remains after other things have been taken away (e.g. eaten or destroyed).	n13810818	remainder	n13810818	150.0	something left after other parts have been taken away	same	4.0
838	remains	What remains after other things have been taken away (e.g. eaten or destroyed).	n13810818	residual	a02835654	63.0	relating to or indicating a remainder	different	4.0
838	remains	What remains after other things have been taken away (e.g. eaten or destroyed).	n13810818	residue	n15004501	113.0	matter that remains after something has been removed	different	4.0
838	remains	What remains after other things have been taken away (e.g. eaten or destroyed).	n13810818	residuum				different	4.0
838	remains	What remains after other things have been taken away (e.g. eaten or destroyed).	n13810818	rest	n13810818	3614.0	something left after other parts have been taken away	same	4.0
843	spider	Any predatory silk-producing arachnid of the order Araneae, having four pairs of legs and a rounded unsegmented body consisting of abdomen and cephalothorax.	n01772222	spider	n01772222	273.0	predatory arachnid with eight legs, two poison fangs, two feelers, and usually two silk-spinning organs at the back end of the body; they spin silk to make cocoons for eggs or traps for prey	same	10.0
845	murder	The intentional or premeditated killing of another person.	n00220522	execution	n01163779	286.0	putting a condemned person to death	different	11.0
845	murder	The intentional or premeditated killing of another person.	n00220522	murder	n00220522	1366.0	unlawful premeditated killing of a human being by a human being	same	11.0
845	murder	The intentional or premeditated killing of another person.	n00220522	slaying	n00220522	23.0	unlawful premeditated killing of a human being by a human being	same	11.0
850	square	A geometrical figure with four sides that meet each other on right angles, or something resembling its shape.	n13878951	square	a02043217	1114.0	having four equal sides and four right angles or forming a right angle	different	4.0
851	stable	A building or structure usually with stalls that is used to house and feed horses, cattle or other animals.	n04299370	stall	n04299370	209.0	a compartment in a stable where a single animal is confined and fed	same	9.0
852	priest	A minister of the Catholic church empowered to administer the sacraments, most particularly that of the Eucharist or Holy Communion, as well as those of confession and extreme unction.	n10471250	priest	n10470779	764.0	a clergyman in Christian churches who has the authority to perform or administer various religious rites; one of the Holy Orders	different	6.0
853	altar	Table for religious ceremonies.	n02699494	altar	n02699629	208.0	the table in Christian churches where communion is given	different	6.0
854	kettle	A metal container used to boil any kind of liquid.	n03612814	boiler	n02863750	80.0	sealed vessel where water is converted to steam	different	9.0
854	kettle	A metal container used to boil any kind of liquid.	n03612814	kettle	n03612814	110.0	a metal pot for stewing or boiling; usually has a lid	same	9.0
855	seize	To grasp and hold firmly.	v1212572	clutch	v01212572	600.0	take hold of; grab	different	1.0
855	seize	To grasp and hold firmly.	v1212572	prehend				different	1.0
855	seize	To grasp and hold firmly.	v1212572	seize	v01212572	243.0	take hold of; grab	different	1.0
858	storm	An atmospheric disturbance involving perturbations of the prevailing pressure and wind fields on scales ranging from tornadoes to extratropical cyclones; also the associated weather and the like. (Source: MGH)	n11462526	storm	n11462526	1179.0	a violent weather condition with winds 64-72 knots (11 on the Beaufort scale) and precipitation and thunder and lightning	same	7.0
859	stove	A chamber within which a fuel-air mixture is burned to provide heat, the heat itself being radiated outward from the chamber; used for space heating, process-fluid heating, and steel blast furnaces.	n04330340	range	n05125377	993.0	an area in which something acts or operates or has power or control:	different	11.0
859	stove	A chamber within which a fuel-air mixture is burned to provide heat, the heat itself being radiated outward from the chamber; used for space heating, process-fluid heating, and steel blast furnaces.	n04330340	stove	n04330340	405.0	a kitchen appliance used for cooking food	same	11.0
860	cause	That which brings about any condition or produces any effect.	n07326557	cause	v01645601	2888.0	give rise to; cause to happen or occur, not always intentionally	different	7.0
861	judge	A person who decides the fate of someone or something that has been called into question.	n10225219	judge	n10225219	1125.0	a public official authorized to decide questions brought before a court of justice	same	5.0
861	judge	A person who decides the fate of someone or something that has been called into question.	n10225219	jurist	n10227985	13.0	a legal scholar versed in civil law or the law of nations	different	5.0
861	judge	A person who decides the fate of someone or something that has been called into question.	n10225219	justice	n04850117	498.0	the quality of being just or fair	different	5.0
862	sugar	A sweet crystalline or powdered substance, white when pure, consisting of sucrose obtained mainly from sugar cane and sugar beets and used in many foods, drinks, and medicines to improve their taste.	n07859284	sugar	n07859284	1256.0	a white crystalline carbohydrate used as a sweetener and preservative	same	9.0
863	edge	The boundary of a surface.	n03264542	edge	n08565701	2289.0	the boundary of a surface	different	8.0
864	pumpkin	A squash fruit of the Cucurbita genus, most commonly orange in colour when ripe and traditionally used during Halloween.	n07715561	squash	v01593937	137.0	to compress with violence, out of natural shape or condition	different	7.0
867	glove	A garment for a hand, often extending to the wrist and sometimes up to the elbow, which either covers each finger individually, or separates the thumb from the other fingers.	n03441112	glove	n03441112	779.0	handwear: covers the hand and wrist	same	8.0
873	tax	An amount of money demanded by a government for its support or for specific facilities or services, most frequently levied upon income, property or sales.	n13308999	tax	n13308999	1801.0	charge against a citizen's person or property or activity for the support of government	same	7.0
873	tax	An amount of money demanded by a government for its support or for specific facilities or services, most frequently levied upon income, property or sales.	n13308999	taxation	n13308999	21.0	charge against a citizen's person or property or activity for the support of government	same	7.0
875	shoemaker	A person whose profession is making and repairing footwear.	n09933098	cobbler	n09933098	28.0	a person who makes or repairs shoes	same	6.0
875	shoemaker	A person whose profession is making and repairing footwear.	n09933098	shoemaker	n09933098	30.0	a person who makes or repairs shoes	same	6.0
876	arch	An arch-shaped arrangement of trapezoidal stones, designed to redistribute downward force outward.	n02733524	arch	v02034986	282.0	form an arch or curve	different	6.0
877	mason	A craftsman who builds in stone or brick otherwise known as masonry.	n10297531	mason	n10297531	22.0	a craftsman who works with stone or brick	same	7.0
877	mason	A craftsman who builds in stone or brick otherwise known as masonry.	n10297531	stonemason	n10297531	5.0	a craftsman who works with stone or brick	same	7.0
878	hell	In various religions, the place where sinners are said to go after death.	n05629682	Hell				different	8.0
878	hell	In various religions, the place where sinners are said to go after death.	n05629682	Inferno				different	8.0
878	hell	In various religions, the place where sinners are said to go after death.	n05629682	perdition	n05629682	8.0	(Christianity) the abode of Satan and the forces of evil; where sinners suffer eternal punishment; - John Milton; ; -Dr. Johnson	same	8.0
878	hell	In various religions, the place where sinners are said to go after death.	n05629682	pit	n09393108	327.0	a sizeable hole (usually in the ground)	different	8.0
879	cough	To force air from the lungs out the mouth, sometimes involuntarily, accompanied by a rough sound.	v00005815	cough	v00005815	465.0	exhale abruptly, as when one has a chest cold or congestion	same	2.0
881	tailor	Someone who professionally manufactures clothing.	n10689564	sartor				different	8.0
881	tailor	Someone who professionally manufactures clothing.	n10689564	seamster				different	8.0
881	tailor	Someone who professionally manufactures clothing.	n10689564	tailor	v01666717	113.0	style and tailor in a certain fashion	different	8.0
882	parrot	Any bird of the order Psittaciformes, many species of which are colourful and able to mimic human speech.	n01816887	parrot	n01816887	71.0	usually brightly colored zygodactyl tropical birds with short hooked beaks and the ability to mimic sounds	same	10.0
884	share	To give part of what one has to somebody else to use or consume.	v02295208	partake	v02295208	21.0	have, give, or receive a share of	same	1.0
884	share	To give part of what one has to somebody else to use or consume.	v02295208	share	v02295550	1552.0	use jointly or in common	different	1.0
887	bitter	Having an acrid taste.	a02396098	bitter	s02435901	225.0	very difficult to accept or bear	different	0.0
889	flame	A bright yellow, red or bluish light which emerges during combustion processes.	n13480848	fire	n07302836	2226.0	the event of something burning (often destructive)	different	8.0
889	flame	A bright yellow, red or bluish light which emerges during combustion processes.	n13480848	flame	n13480848	978.0	the process of combustion of inflammable materials producing heat and light and (often) smoke	same	8.0
889	flame	A bright yellow, red or bluish light which emerges during combustion processes.	n13480848	flaming	s01256735	15.0	very intense	different	8.0
890	mule	The offspring of a male donkey and a female horse.	n02390101	mule	n02390101	116.0	hybrid offspring of a male donkey and a female horse; usually sterile	same	14.0
891	tide	The periodic rise and fall of the water resulting from gravitational interaction between the sun, moon and earth.	n07402519	tide	n07402519	331.0	the periodic rise and fall of the sea level under the gravitational pull of the moon	same	6.0
892	time	The dimension of the physical universe which, at a given place, orders the sequence of events.	n00028270	time	n07309599	24241.0	an instance or single occasion for some event	different	3.0
897	swallow	The reflex in the human body that makes something pass from the mouth to the pharynx and into the esophagus, with the shutting of the epiglottis.	v01201856	swallow	v01201856	800.0	pass through the esophagus as part of eating or drinking	same	1.0
901	adobe	An unburnt brick dried in the sun made of clay and dried grasses.	n02681392	adobe	n02681392	52.0	sun-dried brick; used in hot dry climates	same	7.0
902	adultery	Sex by a married person with someone other than their spouse.	n00848466	adultery	n00848466	70.0	extramarital sex that willfully and maliciously interferes with marriage relations	same	9.0
902	adultery	Sex by a married person with someone other than their spouse.	n00848466	fornication	n00848745	11.0	voluntary sexual intercourse between persons not married to each other	different	9.0
906	tree	Any large woody perennial plant with a distinct trunk giving rise to branches or leaves at some distance from the ground.	n13104059	tree	n13104059	5315.0	a tall perennial woody plant having a main trunk and branches forming a distinct elevated crown; includes both gymnosperms and angiosperms	same	9.0
908	drum	A percussion instrument consisting of at least one membrane that is stretched over a shell and struck directly with the player's hands or with a drumstick.	n03249569	drum	n03249569	309.0	a musical percussion instrument; usually consists of a hollow cylinder with a membrane stretched across each end	same	9.0
908	drum	A percussion instrument consisting of at least one membrane that is stretched over a shell and struck directly with the player's hands or with a drumstick.	n03249569	membranophone				different	9.0
908	drum	A percussion instrument consisting of at least one membrane that is stretched over a shell and struck directly with the player's hands or with a drumstick.	n03249569	tympan				different	9.0
911	temple	A house of worship and spiritual activities.	n04407435	temple	n04407435	313.0	place of worship consisting of an edifice for the worship of a deity	same	8.0
913	crow	A bird, usually black, of the genus Corvus, having a strong conical beak, with projecting bristles; it has a harsh, croaking call.	n01579028	crow	n01579028	166.0	black birds having a raucous call	same	13.0
914	sculptor	A person who practices the art of sculpture.	n10566072	carver	n10789963	25.0	makes decorative wooden panels	different	6.0
914	sculptor	A person who practices the art of sculpture.	n10566072	sculptor	n10566072	92.0	an artist who creates sculptures	same	6.0
914	sculptor	A person who practices the art of sculpture.	n10566072	sculpturer				different	6.0
917	ornament	An element of decoration.	n02681518	adornment	n02681518	23.0	a decoration of color or interest that is added to relieve plainness	same	6.0
920	grape	A small, round, smooth-skinned edible fruit, usually purple, red, or green, that grows in bunches on certain vines.	n07758680	grape	n07758680	338.0	any of various juicy fruit of the genus Vitis with green or purple skins; grow in clusters	same	7.0
921	valley	Any low-lying land bordered by higher ground; especially an elongate, relatively large, gently sloping depression of the Earth's surface, commonly situated between two mountains or between ranges of hills or mountains, and often containing a stream with an outlet.	n09468604	vale	n09468604	12.0	a long depression in the surface of the land that usually contains a river	same	5.0
921	valley	Any low-lying land bordered by higher ground; especially an elongate, relatively large, gently sloping depression of the Earth's surface, commonly situated between two mountains or between ranges of hills or mountains, and often containing a stream with an outlet.	n09468604	valley	n09468604	771.0	a long depression in the surface of the land that usually contains a river	same	5.0
923	love	To have an intense feeling of affection and care towards another person.	v01775535	love	v01775164	4188.0	have a great affection or liking for	different	1.0
924	vegetables	Any of various herbaceous plants having parts that are used as food.	n07707451	veg	n07707451	3.0	edible seeds or roots or stems or leaves or bulbs or tubers or nonsweet fruits of any of numerous herbaceous plant	same	6.0
924	vegetables	Any of various herbaceous plants having parts that are used as food.	n07707451	vegetable	n07707451	1077.0	edible seeds or roots or stems or leaves or bulbs or tubers or nonsweet fruits of any of numerous herbaceous plant	same	6.0
924	vegetables	Any of various herbaceous plants having parts that are used as food.	n07707451	veggie	n07707451	88.0	edible seeds or roots or stems or leaves or bulbs or tubers or nonsweet fruits of any of numerous herbaceous plant	same	6.0
925	cassava	Shrub (Manihot esculenta) whose roots are rich in starch.	n12927013	cassava	n12926480	12.0	any of several plants of the genus Manihot having fleshy roots yielding a nutritious starch	different	8.0
925	cassava	Shrub (Manihot esculenta) whose roots are rich in starch.	n12927013	manioc				different	8.0
926	rice	Seeds of the rice plant (Oryza sativa) used as food.	n12125890	rice	n07804323	611.0	grains used as food either unpolished or more often polished	different	12.0
928	embrace	To squeeze someone in one's arms.	v01424456	bosom	n05553486	77.0	a person's breast or chest	different	3.0
928	embrace	To squeeze someone in one's arms.	v01424456	embrace	v00601822	519.0	take up the cause, ideology, practice, method, of someone and use it as one's own	different	3.0
928	embrace	To squeeze someone in one's arms.	v01424456	hug	v01424456	587.0	squeeze (someone) tightly in your arms, usually with fondness	same	3.0
928	embrace	To squeeze someone in one's arms.	v01424456	squeeze	v01447868	493.0	press firmly	different	3.0
930	village	A group of houses and other buildings, such as a church, a school and some shops, which is smaller than a town, usually in the countryside.	n08672738	hamlet	n08226978	43.0	a community of people smaller than a village	different	7.0
930	village	A group of houses and other buildings, such as a church, a school and some shops, which is smaller than a town, usually in the countryside.	n08672738	village	n08226699	1407.0	a community of people smaller than a town	different	7.0
932	barley	A strong cereal of the genus Hordeum, or its grains, often used as food or to make malted drinks.	n12123244	barley	n07803093	58.0	a grain of barley	different	12.0
933	wall (of house)	The outer structure which encloses a building.	n04546855	wall	n04546855	5689.0	an architectural partition with a height and length greater than its thickness; used to divide or enclose an area or to support another structure	same	7.0
936	stallion	An uncastrated male horse.	n02377181	entire	s00515380	2689.0	constituting the full quantity or extent; complete	different	9.0
936	stallion	An uncastrated male horse.	n02377181	stallion	n02377181	108.0	uncastrated adult male horse	same	9.0
937	bird	Any of the bipedal, warm-blooded vertebrates that lay eggs having wings which, for most species, enables them to fly.	n01503061	bird	n01503061	2458.0	warm-blooded egg-laying vertebrates characterized by feathers and forelimbs modified as wings	same	9.0
938	mare	An adult female horse.	n02377480	mare	n02377480	145.0	female equine animal	same	15.0
941	mead	Wine made of honey.	n07890750	mead	n07890750	7.0	made of fermented honey and water	same	8.0
942	honey	A viscous, sweet substance produced from nectar or honeydew by bees.	n07858978	honey	n09849598	398.0	a beloved person; used as terms of endearment	different	9.0
943	waterfall	A perpendicular or steep descent of the water of a stream.	n09475292	falls				different	4.0
943	waterfall	A perpendicular or steep descent of the water of a stream.	n09475292	waterfall	n09475292	161.0	a steep descent of the water of a river	same	4.0
945	spear	a long, stabbing weapon for thrusting or throwing, consisting of a wooden shaft to which a sharp-pointed head, as of iron or steel, is attached.	n04270891	lance	n04270891	78.0	a long pointed rod used as a tool or weapon	same	9.0
945	spear	a long, stabbing weapon for thrusting or throwing, consisting of a wooden shaft to which a sharp-pointed head, as of iron or steel, is attached.	n04270891	shaft	n11428023	81.0	a column of light (as from a beacon)	different	9.0
945	spear	a long, stabbing weapon for thrusting or throwing, consisting of a wooden shaft to which a sharp-pointed head, as of iron or steel, is attached.	n04270891	spear	n04270891	223.0	a long pointed rod used as a tool or weapon	same	9.0
946	blood	A fluid connective tissue consisting of the plasma and cells that circulate in the blood vessels.	n05399847	blood	n05399847	4551.0	the fluid (red in vertebrates) that is pumped through the body by the heart and contains plasma, blood cells, and platelets	same	6.0
948	water	Common liquid (H₂O) which forms rain, rivers, the sea, etc., and which makes up a large part of the bodies of organisms.	n07935504	water	n14845743	8068.0	binary compound that occurs at room temperature as a clear colorless odorless tasteless liquid; freezes into ice below 0 degrees centigrade and boils above 100 degrees centigrade; widely used as a solvent	different	5.0
950	seagull	A seabird of the genus Larus or of the family Laridae.	n02041246	gull	n02041246	92.0	mostly white aquatic bird having long pointed wings and short legs	same	14.0
950	seagull	A seabird of the genus Larus or of the family Laridae.	n02041246	seagull	n02041246	30.0	mostly white aquatic bird having long pointed wings and short legs	same	14.0
951	weapons	An instrument of attack or defense in combat, as a gun, missile, or sword.	n04565375	arm	n05563770	7996.0	a human limb; technically the part of the superior limb between the shoulder and the elbow but commonly used to refer to the whole superior limb	different	8.0
951	weapons	An instrument of attack or defense in combat, as a gun, missile, or sword.	n04565375	weapon	n04565375	2041.0	any instrument or instrumentality used in fighting or hunting	same	8.0
952	weather	The day-to-day meteorological conditions, especially temperature, cloudiness, and rainfall, affecting a specific place.	n11524662	conditions				different	7.0
952	weather	The day-to-day meteorological conditions, especially temperature, cloudiness, and rainfall, affecting a specific place.	n11524662	weather	n11524662	1598.0	the atmospheric conditions that comprise the state of the atmosphere in terms of temperature and wind and clouds and precipitation	same	7.0
953	rape	The act of forcing sexual intercourse or other sexual activity upon another person against their will.	n00773402	assault	n00767826	357.0	a threatened or attempted physical attack by someone who appears to be able to cause bodily harm if not stopped	different	11.0
953	rape	The act of forcing sexual intercourse or other sexual activity upon another person against their will.	n00773402	rape	n00773402	360.0	the crime of forcing a woman to submit to sexual intercourse against her will	same	11.0
953	rape	The act of forcing sexual intercourse or other sexual activity upon another person against their will.	n00773402	ravishment	n00773402	2.0	the crime of forcing a woman to submit to sexual intercourse against her will	same	11.0
953	rape	The act of forcing sexual intercourse or other sexual activity upon another person against their will.	n00773402	violation	n00770543	258.0	an act that disregards an agreement or a right	different	11.0
956	flee	Leaving a dangerous or unpleasant situation.	v02075462	flee	v02075462	786.0	run away quickly	same	2.0
956	flee	Leaving a dangerous or unpleasant situation.	v02075462	fly	v01940403	2428.0	travel through the air; be airborne	different	2.0
957	whale	Large marine mammals of the order Cetacea; the body is streamlined, the broad flat tail is used for propulsion, and the limbs are balancing structures.	n02062744	whale	n02062744	312.0	any of the larger cetacean mammals having a streamlined body and breathing through a blowhole on the head	same	13.0
960	wind	The motion of air relative to the earth's surface; usually means horizontal air motion, as distinguished from vertical motion.	n11525955	wind	n11525955	3321.0	air moving (sometimes with considerable force) from an area of high pressure to an area of low pressure	same	8.0
962	woman	An adult human member of the sex that produces ova and bears young.	n10787470	woman	n10787470	20794.0	an adult female person (as opposed to a man)	same	5.0
963	book	A collection of leaves of paper, parchment or other material, usually bound or fastened together within covers, containing writing of any type or blank pages for future inscription.	n06410904	book	n06410904	5137.0	a written work or composition that has been published (printed on pages bound together)	same	9.0
964	wool	The soft, curly hair that forms the fleece of sheep, lamas and other animals and which is used to produce clothing.	n15104217	wool	n04599235	391.0	a fabric made from the hair of sheep	different	8.0
965	world	The Earth with all its inhabitants and all things upon it.	n9270894	Earth				different	8.0
965	world	The Earth with all its inhabitants and all things upon it.	n9270894	earth	n09270894	669.0	the 3rd planet from the sun; the planet we live on	different	8.0
965	world	The Earth with all its inhabitants and all things upon it.	n9270894	globe	n09270894	248.0	the 3rd planet from the sun; the planet we live on	different	8.0
965	world	The Earth with all its inhabitants and all things upon it.	n9270894	world	n09270894	6440.0	the 3rd planet from the sun; the planet we live on	different	8.0
968	acorn	Fruit of the oak tree.	n12267677	acorn	n12267677	20.0	fruit of the oak tree: a smooth thin-walled nut in a woody cup-shaped base	same	9.0
970	coconut	The large hard-shelled oval nut with a fibrous husk of the cocos palm.	n07772935	cocoanut				different	12.0
970	coconut	The large hard-shelled oval nut with a fibrous husk of the cocos palm.	n07772935	coconut	n07773238	87.0	the edible white meat of a coconut; often shredded for use in e.g. cakes and curries	different	12.0
974	tobacco	Leaves of certain varieties of the tobacco plant, cultivated and harvested to make cigarettes, cigars, snuff, for smoking in pipes or for chewing.	n04442831	baccy				different	6.0
974	tobacco	Leaves of certain varieties of the tobacco plant, cultivated and harvested to make cigarettes, cigars, snuff, for smoking in pipes or for chewing.	n04442831	tobacco	n04442831	506.0	leaves of the tobacco plant dried and prepared for smoking or ingestion	same	6.0
977	arrow	Pointed projectile that is shot with a bow.	n02742753	arrow	n02742753	341.0	a projectile with a straight thin shaft and an arrowhead on one end and stabilizing vanes on the other; intended to be shot from a bow	same	10.0
978	wave	A disturbance in an fluid medium.	n07352190	wave	v01041415	1134.0	signal with the hands or nod	different	6.0
979	farmer	A person who works the land or who keeps livestock, especially on a farm.	n10078806	farmer	n10078806	1233.0	a person who operates a farm	same	5.0
979	farmer	A person who works the land or who keeps livestock, especially on a farm.	n10078806	granger				different	5.0
979	farmer	A person who works the land or who keeps livestock, especially on a farm.	n10078806	husbandman	n10078806	1.0	a person who operates a farm	same	5.0
979	farmer	A person who works the land or who keeps livestock, especially on a farm.	n10078806	sodbuster	n10078806	2.0	a person who operates a farm	same	5.0
980	heel	The part of the human foot on the backside where it becomes the leg.	n05578095	heel	n03511426	540.0	the bottom of a shoe or boot; the back part of a shoe or boot that touches the ground and provides elevation	different	7.0
981	elbow	The joint between arm and forearm.	n05579944	cubitus				different	8.0
981	elbow	The joint between arm and forearm.	n05579944	elbow	n05579944	842.0	hinge joint between the forearm and upper arm and the corresponding joint in the forelimb of a quadruped	same	8.0
983	convict	To find guilty of a crime as a result of legal proceedings.	v00906367	convict	v00906367	337.0	find or declare guilty	same	4.0
984	work (labour)	Productive activity, service, trade, or craft for which one is regularly paid.	n00575741	work	v02410855	6724.0	be employed	different	6.0
987	remain	To continue to be in the same place or state.	v02727462	continue	v02684924	4956.0	continue a certain state, condition, or activity	different	1.0
987	remain	To continue to be in the same place or state.	v02727462	remain	v00117985	3267.0	stay the same; remain in a certain state	different	1.0
987	remain	To continue to be in the same place or state.	v02727462	stay	v00117985	2950.0	stay the same; remain in a certain state	different	1.0
988	acquit	To pronounce not guilty of criminal charges.	v00904046	acquit	v00904046	53.0	pronounce not guilty of criminal charges	same	4.0
988	acquit	To pronounce not guilty of criminal charges.	v00904046	assoil	v00904046	1.0	pronounce not guilty of criminal charges	same	4.0
988	acquit	To pronounce not guilty of criminal charges.	v00904046	clear	a00428404	2494.0	readily apparent to the mind	different	4.0
988	acquit	To pronounce not guilty of criminal charges.	v00904046	discharge	n00216174	38.0	the termination of someone's employment (leaving them free to depart)	different	4.0
988	acquit	To pronounce not guilty of criminal charges.	v00904046	exculpate				different	4.0
988	acquit	To pronounce not guilty of criminal charges.	v00904046	exonerate	v00904046	17.0	pronounce not guilty of criminal charges	same	4.0
989	clear	Free of ambiguity or doubt.	a00428404	clear	a00428404	2494.0	readily apparent to the mind	same	0.0
994	bow	A weapon made of a curved piece of wood or other flexible material whose ends are connected by a string, used for shooting arrows.	n02879718	bow	v00898691	382.0	bend one's knee or body, or lower one's head	different	9.0
996	deaf	Not having the faculty of hearing, or only having a restricted capability to hear.	a00681930	deaf	a00681930	150.0	lacking or deprived of the sense of hearing wholly or in part	same	0.0
998	put	To set or place an object somewhere.	v01494310	lay	v01494310	1017.0	put into a certain place or abstract location	same	1.0
998	put	To set or place an object somewhere.	v01494310	place	n08664443	7036.0	a point located with respect to surface features of some region	different	1.0
998	put	To set or place an object somewhere.	v01494310	pose	v02722663	408.0	introduce	different	1.0
998	put	To set or place an object somewhere.	v01494310	position	n00586262	750.0	a job in an organization	different	1.0
998	put	To set or place an object somewhere.	v01494310	put	v01494310	9079.0	put into a certain place or abstract location	same	1.0
998	put	To set or place an object somewhere.	v01494310	set	v01494310	3534.0	put into a certain place or abstract location	same	1.0
1000	anxiety	An unpleasant complex combination of emotions that includes fear, apprehension and worry, and is often accompanied by physical sensations such as palpitations, nausea, chest pain and/or shortness of breath.	n07523905	anxiety	n14374432	545.0	(psychiatry) a relatively permanent state of worry and nervousness occurring in a variety of mental disorders, usually accompanied by compulsive behavior or attacks of panic	different	6.0
1001	blacksmith	A craftsman expert in iron and other metals work.	n09859152	blacksmith	n09859152	20.0	a smith who forges and shapes iron with a hammer and anvil	same	7.0
1002	statue	A three-dimension work of art, usually of a person or animal, usually created by sculpting, carving, moulding, or casting.	n04306847	statue	n04306847	446.0	a sculpture representing a human or animal	same	7.0
1005	twins	A case of multiple birth in which the mother gives birth to two offspring from the same pregnancy.	n10734394	twin	n10734394	540.0	either of two offspring born at the same time from the same pregnancy	same	6.0
1006	brick	A building material usually made from clay, molded as a rectangular block, and baked or burned in a kiln.	n02897820	brick	n02897820	964.0	rectangular block of clay baked by the sun or in a kiln; used as a building or paving material	same	6.0
1007	cow	Female bovine animal (Bos taurus) of the subfamily Bovinae of the family Bovidae.	n02403454	cow	n02403454	828.0	female of domestic cattle:	same	17.0
1007	cow	Female bovine animal (Bos taurus) of the subfamily Bovinae of the family Bovidae.	n02403454	moo-cow				different	17.0
1008	bull	Male bovine animal.	n02403325	bull	n02403325	376.0	uncastrated adult male of domestic cattle	same	17.0
1010	boundary	The dividing line or location between two areas.	n13903079	bound	v01963942	140.0	move forward by leaps and bounds	different	5.0
1010	boundary	The dividing line or location between two areas.	n13903079	boundary	n08512259	400.0	the line or plane indicating the limit or extent of something	different	5.0
1010	boundary	The dividing line or location between two areas.	n13903079	edge	n08565701	2289.0	the boundary of a surface	different	5.0
1011	bridge	A structure that spans and provides a passage over a road, railway, river, or some other obstacle.	n02898711	bridge	n02898711	1003.0	a structure that allows people or vehicles to cross an obstacle such as a river or canal or railway etc.	same	6.0
1011	bridge	A structure that spans and provides a passage over a road, railway, river, or some other obstacle.	n02898711	span	n15134340	188.0	the complete duration of something	different	6.0
1012	latch	A fastening for a door that has a bar that fits into a notch or slot, and is lifted by a lever or string from either side.	n3645011	latch	n03644858	108.0	catch for fastening a door or gate; a bar that can be lowered or slid into a groove	different	10.0
1014	or	[Conjunction that indicates an alternative.]	n.a.					different	
1019	right	Something that is on the right side relative to another object.	r00387828	right	a00631391	3848.0	free from error; especially conforming to fact or truth	different	0.0
1021	towel	Piece of absorbent fabric or paper used for drying or wiping.	n04459362	towel	n04459362	884.0	a rectangular piece of absorbent cloth (or paper) for drying or wiping	same	6.0
1022	booty	Profits from burglary, looting and raids.	n13262663	booty	n13262663	49.0	goods or money obtained illegally	same	6.0
1022	booty	Profits from burglary, looting and raids.	n13262663	loot	n13262663	64.0	goods or money obtained illegally	same	6.0
1022	booty	Profits from burglary, looting and raids.	n13262663	pillage	v02344568	14.0	steal goods; take as spoils	different	6.0
1022	booty	Profits from burglary, looting and raids.	n13262663	plunder	v02344568	49.0	steal goods; take as spoils	different	6.0
1022	booty	Profits from burglary, looting and raids.	n13262663	prize	n13268146	522.0	something given for victory or superiority in a contest or competition or for winning a lottery	different	6.0
1022	booty	Profits from burglary, looting and raids.	n13262663	swag	n04368109	27.0	a bundle containing the personal belongings of a swagman	different	6.0
1025	whistle	To make a sound or a melody by forcing the breath out between closed lips.	v01043441	whistle	n06806098	130.0	the act of signalling (e.g., summoning) by whistling or blowing a whistle	different	3.0
1028	yawn	To open the mouth widely and take a long, deep breath because of tiredness or boredom.	v00007328	yawn	v00007328	162.0	utter a yawn, as from lack of oxygen or when one is tired	same	1.0
1029	jewel	A precious stone such as a diamond, a sapphire or an agate.	n03596787	gem	n03596787	96.0	a precious or semiprecious stone incorporated into a piece of jewelry	same	8.0
1029	jewel	A precious stone such as a diamond, a sapphire or an agate.	n03596787	jewel	n03596787	284.0	a precious or semiprecious stone incorporated into a piece of jewelry	same	8.0
1032	citizen	A native or naturalized member of a state or nation who owes allegiance, bears responsibilities and obtains rights, including protection, from the government.	n09923673	citizen	n09923673	1350.0	a native or naturalized member of a state or other political community	same	5.0
1033	grind	To break something into small pieces by pressing it flat, or grinding it to powder.	v00331082	bray	v01054553	22.0	braying characteristic of donkeys	different	4.0
1033	grind	To break something into small pieces by pressing it flat, or grinding it to powder.	v00331082	comminute				different	4.0
1033	grind	To break something into small pieces by pressing it flat, or grinding it to powder.	v00331082	crunch	v01058224	136.0	make a crushing noise	different	4.0
1033	grind	To break something into small pieces by pressing it flat, or grinding it to powder.	v00331082	grind	v00331082	195.0	reduce to small pieces or particles by pounding or abrading	same	4.0
1033	grind	To break something into small pieces by pressing it flat, or grinding it to powder.	v00331082	mash	v00331082	71.0	reduce to small pieces or particles by pounding or abrading	same	4.0
1034	defendant	Any party who is required to answer the complaint of a plaintiff in a civil lawsuit before a court.	n09762101	defendant	n09762101	285.0	a person or institution against whom an action is brought in a court of law; the person being sued or accused	same	6.0
1034	defendant	Any party who is required to answer the complaint of a plaintiff in a civil lawsuit before a court.	n09762101	suspect	v00921072	898.0	imagine to be the case or true or probable	different	6.0
1035	good	Having desired or positive qualities.	a01123148	good	a01123148	24273.0	having desirable or positive qualities especially those suitable for a thing specified	same	0.0
1038	teacher	A person who passes on knowledge, especially one employed in a school.	n10694258	instructor	n10694258	381.0	a person whose occupation is teaching	same	7.0
1038	teacher	A person who passes on knowledge, especially one employed in a school.	n10694258	teacher	n10694258	3937.0	a person whose occupation is teaching	same	7.0
1039	show	To have somebody see something.	v00923793	designate	v00709379	141.0	design or destine	different	4.0
1039	show	To have somebody see something.	v00923793	indicate	v00923793	667.0	indicate a place, direction, person, or thing; either spatially or figuratively	same	4.0
1039	show	To have somebody see something.	v00923793	point	v00923793	3111.0	indicate a place, direction, person, or thing; either spatially or figuratively	same	4.0
1039	show	To have somebody see something.	v00923793	show	v02148788	2863.0	give an exhibition of to an interested audience	different	4.0
1042	carpenter	Artisan who works with wood.	n09896685	carpenter	n09896685	156.0	a woodworker who makes or repairs wooden objects	same	8.0
1043	braid	A hair style formed by interweaving three or more strands of hair.	n5259512	braid	n05259512	197.0	a hairdo formed by braiding or twisting the hair	different	9.0
1043	braid	A hair style formed by interweaving three or more strands of hair.	n5259512	plait	n05259512	24.0	a hairdo formed by braiding or twisting the hair	different	9.0
1043	braid	A hair style formed by interweaving three or more strands of hair.	n5259512	tress	n05259512	51.0	a hairdo formed by braiding or twisting the hair	different	9.0
1043	braid	A hair style formed by interweaving three or more strands of hair.	n5259512	twist	v01868370	476.0	to move in a twisting or contorted motion, (especially when struggling)	different	9.0
1044	pillow	Cushion placed under the head for sleeping.	n03938244	pillow	n03938244	786.0	a cushion to support the head of a sleeping person	same	7.0
1045	poet	A person who writes poems.	n10444194	poet	n10444194	551.0	a writer of poems (the term is usually reserved for writers of good poetry)	same	6.0
1046	shut	To move (a door, a window, etc.) so that it closes its opening.	v01345109	close	r00409709	2993.0	near in time or place or relationship	different	0.0
1046	shut	To move (a door, a window, etc.) so that it closes its opening.	v01345109	shut	v01345109	1419.0	move so that an opening or passage is obstructed; make shut	same	0.0
1047	pursue	Trying to achieve, to catch, or to reach something or someone.	v02000868	follow	v01998432	2650.0	to travel behind, go after, come after	different	1.0
1047	pursue	Trying to achieve, to catch, or to reach something or someone.	v02000868	pursue	v02375131	416.0	carry out or participate in an activity; be involved in	different	1.0
1048	line	An infinitely long, infinitely thin, not bent line in geometry.	n13863771	line	n08430203	1168.0	a formation of people or things one behind another	different	4.0
1049	molar tooth	A tooth located in the back of the mouth used for crushing and grinding food.	n05307773	grinder	n03460040	25.0	a machine tool that polishes metal	different	10.0
1049	molar tooth	A tooth located in the back of the mouth used for crushing and grinding food.	n05307773	molar	n05307773	17.0	grinding tooth with a broad crown; located behind the premolars	same	10.0
1052	light (weight)	With a small mass, little weight or density; the opposite of heavy.	a01186408	light	n11473954	3505.0	(physics) electromagnetic radiation that can produce a visual sensation	different	0.0
1058	stepdaughter	The daughter of one's spouse and his or her previous partner.	n10654596	stepdaughter	n10654596	30.0	a daughter of your spouse by a former marriage	same	8.0
1059	stepson	The son of one's spouse and his or her previous partner.	n10655075	stepson	n10655075	24.0	the son your spouse by a former marriage	same	8.0
1061	armour	Clothing that soldiers wear to protect themselves during combat. Historically made of leather or metal, today special materials like kevlar are used.	n02739668	armor	n02739668	429.0	protective covering made of metal and used in combat	same	7.0
1061	armour	Clothing that soldiers wear to protect themselves during combat. Historically made of leather or metal, today special materials like kevlar are used.	n02739668	armour	n02739668	6.0	protective covering made of metal and used in combat	same	7.0
1062	law	A body of rules of action or conduct prescribed by a legislative authority, and having binding legal force.	n08441203	jurisprudence	n06161718	13.0	the branch of philosophy concerned with the law and the principles that lead courts to make the decisions they do	different	4.0
1062	law	A body of rules of action or conduct prescribed by a legislative authority, and having binding legal force.	n08441203	law	n08441203	2079.0	the collection of rules imposed by authority	same	4.0
1063	nephew	A son of someone's brother or sister.	n10353355	nephew	n10353355	286.0	a son of your brother or sister	same	6.0
1064	shield	A large plate made of metal or wood, held in the left hand during melee combat to protect the body from incoming attacks.	n04192698	buckler				different	8.0
1064	shield	A large plate made of metal or wood, held in the left hand during melee combat to protect the body from incoming attacks.	n04192698	shield	v01130169	274.0	protect, hide, or conceal from danger or harm	different	8.0
1067	judgment	The official and authentic decision of a court of justice upon the respective rights and claims of the parties to an action or suit therein litigated and submitted to its determination, the final decision of the court resolving the dispute and determining the rights and obligations of the parties.	n01187810	judgement	n00874067	7.0	the act of judging or assessing a person or situation or event	different	6.0
1067	judgment	The official and authentic decision of a court of justice upon the respective rights and claims of the parties to an action or suit therein litigated and submitted to its determination, the final decision of the court resolving the dispute and determining the rights and obligations of the parties.	n01187810	judgment	n05837957	304.0	an opinion formed by judging something	different	6.0
1068	court	An organ of the government, belonging to the judicial department, whose function is the application of the laws to controversies brought before it and the public administration of justice.	n03649459	court	n08329453	1202.0	an assembly (including one or more judges) to conduct judicial business	different	7.0
1068	court	An organ of the government, belonging to the judicial department, whose function is the application of the laws to controversies brought before it and the public administration of justice.	n03649459	lawcourt				different	7.0
1069	glue	Substance used for sticking objects together.	n14702875	glue	n14702875	208.0	cement consisting of a sticky substance that is used as an adhesive	same	7.0
1069	glue	Substance used for sticking objects together.	n14702875	gum	n07599998	144.0	a preparation (usually made of sweetened chicle) for chewing	different	7.0
1069	glue	Substance used for sticking objects together.	n14702875	mucilage				different	7.0
1071	hook	A rod bent into a curved shape, for catching, holding, or sustaining anything.	n03532342	hook	v01365549	249.0	fasten with a hook	different	7.0
1072	prisoner	A person confined in a prison, while on trial or serving a sentence.	n10476086	captive	s01065126	105.0	being in captivity	different	5.0
1072	prisoner	A person confined in a prison, while on trial or serving a sentence.	n10476086	prisoner	n10476086	808.0	a person who is confined; especially a prisoner of war	same	5.0
1074	fishhook	A metal hook for catching fish.	n03351151	fishhook	n03351151	10.0	a sharp barbed hook for catching fish	same	8.0
1075	trap (pitfall)	A device for catching and holding animals.	n04474466	trap	n04474466	402.0	a device in which something (usually an animal) can be caught and penned	same	7.0
1077	wheat	Plant belonging to genus Triticum and to family Poaceae (also known as Gramineae).	n12142085	wheat	n12142085	218.0	annual or biennial grass having erect flower spikes and light brown grains	same	12.0
1079	feel	To be in some emotional state.	v1771535	experience	n05758059	1902.0	the accumulation of knowledge or skill that results from direct participation in events or activities	different	0.0
1079	feel	To be in some emotional state.	v1771535	feel	v01771535	8579.0	undergo an emotional sensation or be in a particular state of mind	different	0.0
1081	bill	Sum owed in a restaurant, or the relative bill.	n06516955	account	n13929037	735.0	a formal contractual relationship established to provide for regular banking or brokerage or business services	different	8.0
1081	bill	Sum owed in a restaurant, or the relative bill.	n06516955	bill	n06536853	813.0	a statute in draft before it becomes law	different	8.0
1081	bill	Sum owed in a restaurant, or the relative bill.	n06516955	invoice	n06516955	28.0	an itemized statement of money owed for goods shipped or services rendered	same	8.0
1082	merchant	A businessperson engaged in trade.	n10309896	merchandiser	n10309896	11.0	a businessperson engaged in retail trade	same	6.0
1082	merchant	A businessperson engaged in trade.	n10309896	merchant	n10309896	459.0	a businessperson engaged in retail trade	same	6.0
1084	call	To address or summon someone.	v00792471	call	v01028748	8502.0	assign a specified (usually proper) proper name to	different	8.0
1085	follow	To go or come after (in physical space) someone or something.	v01998432	follow	v01998432	2650.0	to travel behind, go after, come after	same	1.0
1087	conceive	To become pregnant.	v00054285	conceive	v01633343	219.0	have the idea for	different	2.0
1088	sink (descend)	To go down in water, mud, quicksand etc. or to cause something to go down in it.	v01985923	drop	v01977701	1772.0	let fall to the ground	different	2.0
1088	sink (descend)	To go down in water, mud, quicksand etc. or to cause something to go down in it.	v01985923	sink	n04223580	659.0	plumbing fixture consisting of a water basin fixed to a wall or floor and having a drainpipe	different	2.0
1091	salty	Containing salt.	a02398773	salty	a01073822	105.0	containing or filled with salt	different	0.0
1095	let go or set free	To give freedom; to stop holding; to release from confinement or restraint.	v01474550	release	v01474550	467.0	release, as from one's grip	same	0.0
1095	let go or set free	To give freedom; to stop holding; to release from confinement or restraint.	v01474550	relinquish	v02316304	74.0	part with a possession or right	different	0.0
1098	weigh	To determine the weight of an object.	v02704818	weigh	v02704818	463.0	have a certain weight	same	2.0
1100	cook (something)	To prepare a meal or a single dish.	v01664172	cook	v01664172	782.0	prepare for eating by applying heat	same	2.0
1100	cook (something)	To prepare a meal or a single dish.	v01664172	fix	v00260648	840.0	restore by replacing a part or putting together what is torn or broken	different	2.0
1100	cook (something)	To prepare a meal or a single dish.	v01664172	make	v00120316	18783.0	give certain properties to something	different	2.0
1100	cook (something)	To prepare a meal or a single dish.	v01664172	prepare	v00406243	1548.0	make ready or suitable or equip in advance for a particular purpose or for some use, event, etc	different	2.0
1100	cook (something)	To prepare a meal or a single dish.	v01664172	ready	a01930512	3863.0	completely prepared or in condition for immediate action or use or progress	different	2.0
1102	climb	To mount to a high or little accessible place using feet and hands, e.g. a tree, a mountain or a ladder.	v01921964	climb	v01921964	1689.0	go upward with gradual or continuous progress	same	2.0
1102	climb	To mount to a high or little accessible place using feet and hands, e.g. a tree, a mountain or a ladder.	v01921964	mount	v01343204	221.0	attach to a support	different	2.0
1103	sacrifice	Something surrendered or lost in order to gain an objective.	n00227595	sacrifice	v02343595	265.0	endure the loss of	different	10.0
1109	wound	A type of injury in which in skin or tisue is torn, cut,  punctured or otherwise hurt.	n14298815	lesion	n14211294	24.0	any localized abnormal structural change in a bodily part	different	9.0
1109	wound	A type of injury in which in skin or tisue is torn, cut,  punctured or otherwise hurt.	n14298815	wound	n14298815	678.0	an injury to living tissue (especially an injury involving a cut or break in the skin)	same	9.0
1110	shark	A scaleless fish with a cartilaginous skeleton that has 5 to 7 gill slits on each side of its head.	n01482330	shark	n01482330	303.0	any of numerous elongate mostly marine carnivorous fishes with heterocercal caudal fins and tough skin covered with small toothlike scales	same	13.0
1113	wrap	To surround on all sides.	v01522276	roll	v01866192	1679.0	move by turning over or rotating	different	1.0
1113	wrap	To surround on all sides.	v01522276	twine	n04337974	70.0	a lightweight cord	different	1.0
1113	wrap	To surround on all sides.	v01522276	wind	n11525955	3321.0	air moving (sometimes with considerable force) from an area of high pressure to an area of low pressure	different	1.0
1113	wrap	To surround on all sides.	v01522276	wrap	v01522276	779.0	arrange or or coil around	same	1.0
1115	speech	An address or form of oral communication in which a speaker makes his thoughts and emotions known before an audience, often for a given purpose. (Source: RHW)	n07238694	address	v01033527	621.0	act on verbally or in some form of artistic expression	different	6.0
1115	speech	An address or form of oral communication in which a speaker makes his thoughts and emotions known before an audience, often for a given purpose. (Source: RHW)	n07238694	speech	n07238694	850.0	the act of delivering a formal spoken communication to an audience	same	6.0
1119	divide	To split or separate something into two or more parts.	v02467662	dissever				different	2.0
1119	divide	To split or separate something into two or more parts.	v02467662	divide	v02467662	727.0	separate into parts or portions	same	2.0
1119	divide	To split or separate something into two or more parts.	v02467662	separate	a02109678	847.0	independent; not united or joint	different	2.0
1119	divide	To split or separate something into two or more parts.	v02467662	split	v02467662	390.0	separate into parts or portions	same	2.0
1121	secret	Being or kept hidden from public perception.	a02090069	secret	n06673142	1328.0	something that should remain hidden from others (especially information that is not to be passed on)	different	0.0
1122	wages	A fixed amount of money paid to a worker, usually measured on a monthly or annual basis.	n07295629	payoff	n13260190	62.0	the income or profit arising from such transactions as the sale of land or other property	different	8.0
1122	wages	A fixed amount of money paid to a worker, usually measured on a monthly or annual basis.	n07295629	reward	v00787660	221.0	strengthen and support with rewards	different	8.0
1122	wages	A fixed amount of money paid to a worker, usually measured on a monthly or annual basis.	n07295629	wages				different	8.0
1123	pregnant	Carrying developing offspring within the body.	a00173220	pregnant	a00173220	865.0	carrying developing offspring within the body or being about to produce new life	same	0.0
1124	pipe	A device consisting of a mouthpiece, a long pipe stem and a pipe bowl, that is used to smoke tobacco.	n03945167	pipe	n03945167	402.0	a tube with a small bowl at one end; used for smoking tobacco	same	9.0
1125	bald	Without hair on the head.	a00210848	bald	s00210848	264.0	lacking hair on all or most of the scalp	different	0.0
1125	bald	Without hair on the head.	a00210848	bald-headed				different	0.0
1125	bald	Without hair on the head.	a00210848	bald-pated				different	0.0
1127	send	To make something (an object, a message) go from one place to another.	v01031256	mail	n06264398	1040.0	the system whereby messages are transmitted via the post office	different	2.0
1127	send	To make something (an object, a message) go from one place to another.	v01031256	post	n03988170	380.0	an upright consisting of a piece of timber or metal fixed firmly in an upright position	different	2.0
1127	send	To make something (an object, a message) go from one place to another.	v01031256	send	v01951480	4087.0	cause to go somewhere	different	2.0
1130	we (exclusive)	Exclusive we: I and at least one other person, but not the addressed person (you) (pronoun 1st person plural without 2nd person).	n.a.					different	
1131	we (inclusive)	Inclusive we: I and at least one other person, including the addressed person(s) (pronoun 1st person plural with 2nd person).	n.a.					different	
1132	beam	A structural member loaded on its narrow face, and typically used in a horizontal or sloping position to span between bearing points.	n02815950	beam	n11428023	357.0	a column of light (as from a beacon)	different	5.0
1133	match	A stick with inflammable substance on one end that can be set on fire by friction.	n03728437	lucifer	n03728437	1.0	lighter consisting of a thin piece of wood or cardboard tipped with combustible chemical; ignites with friction	same	8.0
1133	match	A stick with inflammable substance on one end that can be set on fire by friction.	n03728437	match	v02657219	643.0	be compatible, similar or consistent; coincide in their characteristics	different	8.0
1134	divorce	Legal dissolution of a marriage.	n01201271	divorce	n01201271	798.0	the legal dissolution of a marriage	same	6.0
1134	divorce	Legal dissolution of a marriage.	n01201271	divorcement	n01201271	1.0	the legal dissolution of a marriage	same	6.0
1135	kick	To strike somebody or something with the foot.	v01370561	kick	v01370561	906.0	strike with the foot	same	2.0
1136	rabbit	One of several small mammals of the family Leporidae, with long ears, long hind legs and a short, fluffy tail.	n02324045	coney				different	13.0
1136	rabbit	One of several small mammals of the family Leporidae, with long ears, long hind legs and a short, fluffy tail.	n02324045	cony	n02324045	7.0	any of various burrowing animals of the family Leporidae having long ears and short tails; some domesticated and raised for pets or food	same	13.0
1136	rabbit	One of several small mammals of the family Leporidae, with long ears, long hind legs and a short, fluffy tail.	n02324045	rabbit	n02324045	414.0	any of various burrowing animals of the family Leporidae having long ears and short tails; some domesticated and raised for pets or food	same	13.0
1141	pity	Deep awareness of the suffering of another, coupled with the wish to relieve it.	n07553964	commiseration	n07553964	8.0	a feeling of sympathy and sorrow for the misfortunes of others	same	6.0
1141	pity	Deep awareness of the suffering of another, coupled with the wish to relieve it.	n07553964	pathos	n05211254	17.0	a quality that arouses emotions (especially pity or sorrow)	different	6.0
1141	pity	Deep awareness of the suffering of another, coupled with the wish to relieve it.	n07553964	pity	n07553964	246.0	a feeling of sympathy and sorrow for the misfortunes of others	same	6.0
1141	pity	Deep awareness of the suffering of another, coupled with the wish to relieve it.	n07553964	ruth	n07553964	3.0	a feeling of sympathy and sorrow for the misfortunes of others	same	6.0
1143	oven	An enclosed heated compartment usually lined with a refractory material used for baking or drying substances, firing ceramics, heat-treating, etc.	n03862676	oven	n03862676	238.0	kitchen appliance used for baking or roasting	same	11.0
1144	witness	Someone who has a personal knowledge of something.	n10786033	informant	n10205985	93.0	a person who supplies information	different	5.0
1144	witness	Someone who has a personal knowledge of something.	n10786033	witness	v02128286	406.0	be a witness to	different	5.0
1144	witness	Someone who has a personal knowledge of something.	n10786033	witnesser				different	5.0
1145	swamp	A permanently waterlogged area in which there is often associated tree growth, e.g. mangroves in hot climates.	n09452395	swamp	n09452395	266.0	low land that is seasonally flooded; has more woody plants than a marsh and better drainage than a bog	same	5.0
1145	swamp	A permanently waterlogged area in which there is often associated tree growth, e.g. mangroves in hot climates.	n09452395	swampland	n09452395	11.0	low land that is seasonally flooded; has more woody plants than a marsh and better drainage than a bog	same	5.0
1148	bruise	A collection of blood in the body tissue outside the blood vessels	n14288871	bruise	n14288871	247.0	an injury that doesn't break the skin but results in some discoloration	same	9.0
1148	bruise	A collection of blood in the body tissue outside the blood vessels	n14288871	contusion	n14288871	11.0	an injury that doesn't break the skin but results in some discoloration	same	9.0
1149	orphan	A person one or both of whose parents have died, especially a minor.	n10384392	orphan	n10384392	207.0	a child who has lost both parents	same	6.0
1150	thunder	Sound produced by fast air expansion induced by a lightning.	n07397355	thunder	n07397355	272.0	a booming or crashing noise caused by air expanding along the path of a bolt of lightning	same	7.0
1151	veil	A head covering.	n03502331	veil	n03502331	214.0	a garment that covers the head and face	same	8.0
1152	beget	(Especially of a male parent) to procreate or generate.	v00054628	beget	v00054628	25.0	make children	same	1.0
1152	beget	(Especially of a male parent) to procreate or generate.	v00054628	engender	v01649024	56.0	call forth	different	1.0
1152	beget	(Especially of a male parent) to procreate or generate.	v00054628	father	n10080869	12039.0	a male parent (also used as a term of address to your father)	different	1.0
1152	beget	(Especially of a male parent) to procreate or generate.	v00054628	generate	v01627355	807.0	bring into existence	different	1.0
1152	beget	(Especially of a male parent) to procreate or generate.	v00054628	get	v00149583	21476.0	enter or assume a certain state or condition	different	1.0
1152	beget	(Especially of a male parent) to procreate or generate.	v00054628	mother	n10332385	14200.0	a woman who has given birth to a child (also used as a term of address to your mother)	different	1.0
1152	beget	(Especially of a male parent) to procreate or generate.	v00054628	sire	v00054628	22.0	make children	same	1.0
1153	cattle	Domesticated bovine animals, including cows, steers and bulls, raised and bred on a ranch or farm.	n02402425	cattle	n02402425	490.0	domesticated bovine animals as a group regardless of sex or age; ; ; - Bible	same	16.0
1153	cattle	Domesticated bovine animals, including cows, steers and bulls, raised and bred on a ranch or farm.	n02402425	cows				different	16.0
1153	cattle	Domesticated bovine animals, including cows, steers and bulls, raised and bred on a ranch or farm.	n02402425	kine				different	16.0
1153	cattle	Domesticated bovine animals, including cows, steers and bulls, raised and bred on a ranch or farm.	n02402425	oxen	n02402425	43.0	domesticated bovine animals as a group regardless of sex or age; ; ; - Bible	same	16.0
1154	olive	The small oval fruit of the olive tree, Olea europaea.	n12301445	olive	n07767344	544.0	one-seeded fruit of the European olive tree usually pickled and used as a relish	different	9.0
1155	cave	1) An underground hollow with access from the ground surface or from the sea, often found in limestone areas and on rocky coastlines.2) A natural cavity, chamber or recess which leads beneath the surface of the earth, generally in a horizontal or obliquely inclined direction. It may be in the form of a passage or a gallery, its shape depending in part on the joint pattern or structure of the rock and partly on the type of process involved in its excavation. Thus, caves worn by subterranean rivers may be different in character from, and of considerably greater extent than, a sea-cave eroded by marine waves.3) A natural underground open space, generally with a connection to the surface and large enough for a person to enter. The most common type of cave is formed in a limestone by dissolution. (Source: CED /  WHIT /  BJGEO)	n09238926	cave	n09238926	800.0	a geological formation consisting of an underground enclosure with access from the surface of the ground or from the sea	same	4.0
1156	open	To make the inside something accessible by moving an obstacle aside (e.g. a door or covering), or to move said obstacle.	v01346003	open	v01346003	5233.0	cause to open or to become open	same	0.0
1157	because	Conjunction initiating a causal phrase.	n.a.					different	
1159	fart	To emit digestive gases through the anus.	v00101629	fart	n00839597	55.0	a reflex that expels intestinal gas through the anus	different	2.0
1160	thief	Someone who takes property belonging to someone else with the intention of keeping it or selling it.	n10707804	stealer	n10707804	7.0	a criminal who takes property belonging to someone else with the intention of keeping it or selling it	same	8.0
1160	thief	Someone who takes property belonging to someone else with the intention of keeping it or selling it.	n10707804	thief	n10707804	441.0	a criminal who takes property belonging to someone else with the intention of keeping it or selling it	same	8.0
1161	thread	A long, thin and flexible form of material, generally with a round cross-section, used in sewing, weaving or in the construction of string.	n04426788	thread	n04426788	335.0	a fine cord of twisted fibers (of cotton or silk or wool or nylon etc.) used in sewing and weaving	same	7.0
1161	thread	A long, thin and flexible form of material, generally with a round cross-section, used in sewing, weaving or in the construction of string.	n04426788	yarn	n04426788	86.0	a fine cord of twisted fibers (of cotton or silk or wool or nylon etc.) used in sewing and weaving	same	7.0
1162	intention	An anticipated outcome that is intended to obtain or that guides your planned actions.	n00163233	intention	n05982152	572.0	an anticipated outcome that is intended or that guides your planned actions	different	8.0
1169	ox	A castrated bull.	n02403003	ox	n02403003	52.0	an adult castrated bull of the genus Bos; especially Bos taurus	same	17.0
1170	trap (catch)	To catch in a trap, to immobilize.	v01480770	ensnare	v01480770	28.0	catch in or as if in a trap	same	2.0
1170	trap (catch)	To catch in a trap, to immobilize.	v01480770	entrap	v02578008	7.0	take or catch as if in a snare or trap	different	2.0
1170	trap (catch)	To catch in a trap, to immobilize.	v01480770	snare	v01480770	47.0	catch in or as if in a trap	same	2.0
1170	trap (catch)	To catch in a trap, to immobilize.	v01480770	trammel	v01480770	2.0	catch in or as if in a trap	same	2.0
1170	trap (catch)	To catch in a trap, to immobilize.	v01480770	trap	n04474466	402.0	a device in which something (usually an animal) can be caught and penned	different	2.0
1171	mirror	A smooth surface, usually made of glass with reflective material painted on the underside, that reflects light so as to give an image of what is in front of it.	n03773035	mirror	n03773035	1852.0	polished surface that forms images by reflecting light	same	8.0
1172	shoot	To fire a shot from a firearm, bow or other weapon.	v01137138	hit	v01236164	1457.0	hit against; come into sudden contact with	different	4.0
1172	shoot	To fire a shot from a firearm, bow or other weapon.	v01137138	pip	n14203269	11.0	a minor nonspecific ailment	different	4.0
1172	shoot	To fire a shot from a firearm, bow or other weapon.	v01137138	shoot	v02484570	1486.0	kill by firing a missile	different	4.0
1173	eyebrow	The hair that grows over the bone ridge above the eye socket.	n05313535	brow	n05313535	354.0	the arch of hair above each eye	same	8.0
1173	eyebrow	The hair that grows over the bone ridge above the eye socket.	n05313535	eyebrow	n05313535	911.0	the arch of hair above each eye	same	8.0
1173	eyebrow	The hair that grows over the bone ridge above the eye socket.	n05313535	supercilium				different	8.0
1174	yesterday	The day before today.	r00507716	yesterday	n15156187	985.0	the day immediately before today	different	0.0
1175	ghost	The visible disembodied soul of a dead person.	n09545976	ghost	n09545976	607.0	the visible disembodied soul of a dead person	same	6.0
1176	spade	Tool having a flat and sharp metal tip and a wooden handle used to break, dig and move the earth.	n04266486	spade	n04266486	39.0	a sturdy hand shovel that can be pushed into the earth with the foot	same	10.0
1178	nostril	Either of the two orifices located on the nose (or on the beak of a bird); used as a passage for air and other gases to travel the nasal passages.	n05600109	nostril	n05600109	278.0	either one of the two external openings to the nasal cavity in the nose	same	9.0
1179	day after tomorrow	On the day following tomorrow.	n.a.					different	
1180	day before yesterday	On the day before yesterday.	n.a.					different	
1186	last (endure)	To endure, continue over time.	v02704928	endure	v00668099	277.0	put up with something or somebody unpleasant	different	2.0
1186	last (endure)	To endure, continue over time.	v02704928	last	s01730329	12049.0	immediately past	different	2.0
1187	goose	Waterfowl of the Anatidae family.	n01855672	goose	n01855672	147.0	web-footed long-necked typically gregarious migratory aquatic birds usually larger and less aquatic than ducks	same	13.0
1188	charcoal	A porous solid product containing 85-98% carbon and produced by heating carbonaceous materials such as cellulose, wood or peat at 500-600 C° in the absence of air. (Source: MGH)	n14685296	charcoal	n14685296	109.0	a carbonaceous material obtained by heating wood or other organic matter in the absence of air	same	5.0
1192	threaten	To make a threat of injury or punishment against someone.	v00871405	threaten	v02697120	539.0	pose a threat to; present a danger to	different	5.0
1198	many	An indefinite large number of.	a01551633	many	a01551633	18523.0	a quantifier that can be used with count nouns and is often preceded by `as' or `too' or `so' or `that'; amounting to a large but indefinite number	same	0.0
1199	wife	The female partner in a marriage.	n10780632	wife	n10780632	6272.0	a married woman; a man's partner in marriage	same	6.0
1200	husband	The male partner in a marriage.	n10193967	hubby	n10193967	32.0	a married man; a woman's partner in marriage	same	6.0
1200	husband	The male partner in a marriage.	n10193967	husband	n10193967	4970.0	a married man; a woman's partner in marriage	same	6.0
1201	feather	A branching, hair-like structure that grows on the skin of birds and protects them against coldness and water and allows their wings to create lift.	n01896031	feather	n01896031	439.0	the light horny waterproof structure forming the external covering of birds	same	6.0
1201	feather	A branching, hair-like structure that grows on the skin of birds and protects them against coldness and water and allows their wings to create lift.	n01896031	plumage	n01896031	20.0	the light horny waterproof structure forming the external covering of birds	same	6.0
1201	feather	A branching, hair-like structure that grows on the skin of birds and protects them against coldness and water and allows their wings to create lift.	n01896031	plume	n13900760	105.0	anything that resembles a feather in shape or lightness	different	6.0
1202	big	Of a great size.	a01382086	big	a01382086	12272.0	above average in size or number or quantity or magnitude or extent	same	0.0
1202	big	Of a great size.	a01382086	large	a01382086	9720.0	above average in size or number or quantity or magnitude or extent	same	0.0
1203	long	Having much distance from one terminating point on an object or an area to another terminating point.	a01433493	long	r00166025	12367.0	for an extended time or at a distant time	different	0.0
1204	bark	The exterior covering of the trunk and branches of a tree.	n13162297	bark	v01047745	319.0	make barking sounds	different	6.0
1205	tongue	The flexible muscular organ in the mouth that is used to move food around, for tasting and that is moved into various positions to modify the flow of air from the lungs in order to produce different sounds.	n05301072	clapper	n03037228	6.0	metal striker that hangs inside a bell and makes a sound by hitting the side	different	6.0
1205	tongue	The flexible muscular organ in the mouth that is used to move food around, for tasting and that is moved into various positions to modify the flow of air from the lungs in order to produce different sounds.	n05301072	glossa				different	6.0
1205	tongue	The flexible muscular organ in the mouth that is used to move food around, for tasting and that is moved into various positions to modify the flow of air from the lungs in order to produce different sounds.	n05301072	lingua	n05301072	1.0	a mobile mass of muscular tissue covered with mucous membrane and located in the oral cavity	same	6.0
1205	tongue	The flexible muscular organ in the mouth that is used to move food around, for tasting and that is moved into various positions to modify the flow of air from the lungs in order to produce different sounds.	n05301072	tongue	n05301072	1169.0	a mobile mass of muscular tissue covered with mucous membrane and located in the oral cavity	same	6.0
1207	young	In the early part of growth or life.	a01646941	immature	a01492394	43.0	characteristic of a lack of maturity	different	0.0
1207	young	In the early part of growth or life.	a01646941	young	a01646941	11126.0	(used of living things especially persons) in an early period of life or development or growth	same	0.0
1208	cat	A common four-legged animal (Felis silvestris) that is often kept as a household pet.	n02121620	cat	n02121620	2007.0	feline mammal usually having thick soft fur and no ability to roar: domestic cats; wildcats	same	13.0
1209	i	The speaker or writer referring to himself or herself alone.	n.a.					different	
1210	heavy	Of a physical object, having great weight.	a01184932	heavy	a01184932	1959.0	of comparatively great physical weight or density	same	0.0
1212	we	The speaker or writer and at least one other person.	n.a.					different	
1213	you	The group of persons addressed.	n.a.					different	
1215	thou	The person addressed.	n.a.					different	
1216	mother	A woman who has at least one child.	n10332385	mother	n10332385	14200.0	a woman who has given birth to a child (also used as a term of address to your mother)	same	9.0
1217	father	A male parent.	n10080869	begetter				different	9.0
1217	father	A male parent.	n10080869	father	n10080869	12039.0	a male parent (also used as a term of address to your father)	same	9.0
1218	rope	Thick, strong string made of several strands that have been twisted together.	n04108268	rope	n04108268	847.0	a strong line	same	6.0
1219	worm	A generally tubular invertebrate of the annelid phylum.	n01922303	worm	n01922303	357.0	any of numerous relatively small elongated soft-bodied animals especially of the phyla Annelida and Chaetognatha and Nematoda and Nemertea and Platyhelminthes; also many insect larvae	same	8.0
1220	tail	The appendage of an animal that is attached to its posterior and near the anus.	n02157557	tail	n02157557	825.0	the posterior part of the body of a vertebrate especially when elongated and extending beyond the trunk or main part of the body	same	6.0
1221	nose	The organ of the face used to breath and smell.	n05598147	nose	n05598147	2316.0	the organ of smell and entrance to the respiratory tract; the prominent part of the face of man or other mammals	same	8.0
1222	penis	The male sexual organ for copulation and urination; the tubular portion of the male genitalia (excluding the scrotum).	n05526384	member	n10307234	4943.0	one of the persons who compose a social group (especially individuals who have joined and participate in a group organization)	different	7.0
1222	penis	The male sexual organ for copulation and urination; the tubular portion of the male genitalia (excluding the scrotum).	n05526384	penis	n05526384	186.0	the male organ of copulation (`member' is a euphemism)	same	7.0
1222	penis	The male sexual organ for copulation and urination; the tubular portion of the male genitalia (excluding the scrotum).	n05526384	phallus	n05526384	15.0	the male organ of copulation (`member' is a euphemism)	same	7.0
1223	heart	A muscular organ that pumps blood through the body.	n05388805	heart	n05919263	3141.0	the locus of feelings and intuitions	different	7.0
1223	heart	A muscular organ that pumps blood through the body.	n05388805	pump	n04021798	403.0	a mechanical device that moves fluid or gas by pressure or suction	different	7.0
1223	heart	A muscular organ that pumps blood through the body.	n05388805	ticker	n04432393	20.0	a character printer that automatically prints stock quotations on ticker tape	different	7.0
1224	liver	A large organ in the body that stores and metabolizes nutrients, destroys toxins and produces bile. Responsible for thousands of biochemical reactions.	n05385534	liver	n05385534	239.0	large and complicated reddish-brown glandular organ located in the upper right portion of the abdominal cavity; secretes bile and functions in metabolism of protein and carbohydrate and fat; synthesizes substances involved in the clotting of the blood; synthesizes vitamin A; detoxifies poisonous substances and breaks down worn-out erythrocytes	same	7.0
1225	day (not night)	The period between sunrise and sunset where one enjoys daylight.	n15164957	day	n15155220	13698.0	time for Earth to make a complete rotation on its axis	different	5.0
1225	day (not night)	The period between sunrise and sunset where one enjoys daylight.	n15164957	daylight	n11444038	203.0	light during the daytime	different	5.0
1225	day (not night)	The period between sunrise and sunset where one enjoys daylight.	n15164957	daytime	n15164957	80.0	the time after sunrise and before sunset while it is light outside	same	5.0
1226	year	The time it takes the Earth to complete one revolution of the Sun (between 365.24 and 365.26 days depending on the point of reference).	n15203791	twelvemonth	n15203791	3.0	a period of time containing 365 (or 366) days	same	5.0
1226	year	The time it takes the Earth to complete one revolution of the Sun (between 365.24 and 365.26 days depending on the point of reference).	n15203791	year	n15203791	46681.0	a period of time containing 365 (or 366) days	same	5.0
1226	year	The time it takes the Earth to complete one revolution of the Sun (between 365.24 and 365.26 days depending on the point of reference).	n15203791	yr	n15203791	14.0	a period of time containing 365 (or 366) days	same	5.0
1227	board	A piece of wood or similar material that has been sawn into a regular shape, usually in preparation for using it in some sort of construction.	n15101854	board	n08322981	1283.0	a committee having supervisory powers	different	7.0
1227	board	A piece of wood or similar material that has been sawn into a regular shape, usually in preparation for using it in some sort of construction.	n15101854	plank	n15101854	212.0	a stout length of sawn timber; made in a wide variety of sizes and used for many purposes	same	7.0
1228	earth (soil)	The soft and loose material forming a great part of the Earth surface.	n09335240	ground	n09334396	3751.0	the solid part of the earth's surface	different	3.0
1228	earth (soil)	The soft and loose material forming a great part of the Earth surface.	n09335240	land	n13250048	1211.0	the land on which real estate is located	different	3.0
1228	earth (soil)	The soft and loose material forming a great part of the Earth surface.	n09335240	soil	n14844693	606.0	the part of the earth's surface consisting of humus and disintegrated rock	different	3.0
1229	old	Having lived or existed for a relatively long period of time.	a01643620	old	a01643620	13451.0	(used especially of persons) having lived for a relatively long time or attained a specific age	same	0.0
1230	dirty	Covered with or containing unpleasant substances such as dirt or grime.	a00419289	dirty	a00419289	641.0	soiled or likely to soil with dirt or grime	same	0.0
1230	dirty	Covered with or containing unpleasant substances such as dirt or grime.	a00419289	soiled	a00419289	38.0	soiled or likely to soil with dirt or grime	same	0.0
1230	dirty	Covered with or containing unpleasant substances such as dirt or grime.	a00419289	unclean	a00419289	12.0	soiled or likely to soil with dirt or grime	same	0.0
1231	new	Recently made, created or begun.	a01640850	new	a01640850	19941.0	not of long duration; having just (or relatively recently) come into being or been made or acquired or discovered	same	0.0
1232	warm	Having a temperature slightly higher than usual, still pleasant.	a02529264	warm	a02529264	2279.0	having or producing a comfortable and agreeable degree of heat or imparting or maintaining heat	same	0.0
1233	night	The period between sunset and sunrise, when a location faces far away from the sun, thus when the sky is dark.	n15167027	dark	a00409440	2498.0	(used of color) having a dark hue	different	5.0
1233	night	The period between sunset and sunrise, when a location faces far away from the sun, thus when the sky is dark.	n15167027	night	n15167027	12803.0	the time after sunset and before sunrise while it is dark outside	same	5.0
1233	night	The period between sunset and sunrise, when a location faces far away from the sun, thus when the sky is dark.	n15167027	nighttime	n15167027	36.0	the time after sunset and before sunrise while it is dark outside	same	5.0
1234	smooth	Not rough; having a surface texture that lacks friction.	a02236842	smooth	a02236842	979.0	having a surface free from roughness or bumps or ridges or irregularities	same	0.0
1235	who	What person or people; which person or people.	n.a.					different	
1236	what	Which thing.	n.a.					different	
1237	where	At what place?	n.a.					different	
1238	when	At what time?	n.a.					different	
1239	how	In what way?	n.a.					different	
1241	some	An unspecified quantity or number of.	a02267308	some	r00007015	28.0	(of quantities) imprecise but fairly close to correct	different	0.0
1242	few	More than one, but not as many as usual or as expected.	a01552885	few	a01552885	14981.0	a quantifier that can be used with count nouns and is often preceded by `a'; a small but indefinite number	same	0.0
1243	wide	Having a long distance or area between two points, especially horizontally.	a02560548	broad	a02560548	717.0	having great (or a certain) extent from one side to the other	same	0.0
1243	wide	Having a long distance or area between two points, especially horizontally.	a02560548	wide	a02560548	2014.0	having great (or a certain) extent from one side to the other	same	0.0
1244	thick	Relatively large distance from one surface to the opposite in its smallest solid dimension.	a02410393	thick	a02410393	1720.0	not thin; of a specific thickness or of relatively great extent from one surface to the opposite usually in the smallest of the three solid dimensions	same	0.0
1245	butter	A soft, fatty foodstuff that is made by churning the cream of milk (most often cows milk).	n07848338	butter	n07848338	932.0	an edible emulsion of fat globules made by churning milk or cream; for cooking and table use	same	5.0
1246	small	Not large or big; small in size.	a01391351	little	a01554510	7965.0	(quantifier used with mass nouns) small in quantity or degree; not much or almost none or (with `a') at least some	different	0.0
1246	small	Not large or big; small in size.	a01391351	small	a01391351	12212.0	limited or below average in number or quantity or magnitude or extent	same	0.0
1247	ear	The organ of hearing, consisting of the pinna, auditory canal, eardrum, malleus, incus, stapes and cochlea.	n05320899	ear	n05320899	2223.0	the sense organ for hearing and equilibrium	same	7.0
1248	eye	The organ that is sensitive to light, which it converts to electrical signals passed to the brain, by which means animals and humans see.	n05311054	eye	n05311054	20165.0	the organ of sight	same	7.0
1248	eye	The organ that is sensitive to light, which it converts to electrical signals passed to the brain, by which means animals and humans see.	n05311054	oculus				different	7.0
1248	eye	The organ that is sensitive to light, which it converts to electrical signals passed to the brain, by which means animals and humans see.	n05311054	optic	n05311054	107.0	the organ of sight	same	7.0
1252	house	The abode of a human being, their place of residence.	n03544360	house	n03544360	13036.0	a dwelling that serves as living quarters for one or more families	same	7.0
1256	head	The part of the body of an animal or human which contains the brain, mouth and main sense organs.	n05538625	caput	n05538625	3.0	the upper part of the human body or the front part of the body in animals; contains the face and brains	same	6.0
1256	head	The part of the body of an animal or human which contains the brain, mouth and main sense organs.	n05538625	head	n05538625	14052.0	the upper part of the human body or the front part of the body in animals; contains the face and brains	same	6.0
1257	wing	The appendage of an animal's (bird, bat, insect) body that enables it to fly in the air.	n02151625	wing	n02151625	775.0	a movable organ for flying (one of a pair)	same	6.0
1258	fingernail	The hard, flat, translucent covering near the tip of a human finger, useful for scratching and fine manipulation.	n05584265	fingernail	n05584265	285.0	the nail at the end of a finger	same	8.0
1261	sing	To produce harmonious sounds with one's voice.	v01729431	sing	v01729431	836.0	produce tones with the voice	same	4.0
1262	brother	A male person who has the same parents as another person.	n09876454	brother	n09876454	5246.0	a male with the same parents as someone else	same	7.0
1263	sister	A female person who has the same parents as another person.	n10602985	sis	n10602985	35.0	a female person who has the same parents as another person	same	7.0
1263	sister	A female person who has the same parents as another person.	n10602985	sister	n10602985	4320.0	a female person who has the same parents as another person	same	7.0
1264	change	To make different or to become different.	v00126264	alter	v00126264	523.0	cause to change; make different; cause a transformation	same	0.0
1264	change	To make different or to become different.	v00126264	change	n07296428	3577.0	an event that occurs when something passes from one state or phase to another	different	0.0
1264	change	To make different or to become different.	v00126264	modify	v00169806	204.0	make less severe or harsh or extreme	different	0.0
1265	high	Being in a position comparatively far above to the ground.	r00356957	high	a01210854	11113.0	greater than normal in degree or intensity or amount	different	0.0
1267	narrow	(Of a path, cave etc.) having a small width.	a02561888	narrow	a02561888	1312.0	not wide	same	0.0
1268	yes	A word used to show agreement or affirmation of something.	n7203900	yes	n07203900	31.0	an affirmative	different	9.0
1269	no	A word used to show disagreement of something.	r00024356	no	r00050681	5368.0	referring to the degree to which a certain quality is present	different	0.0
1270	why	For what reason.	n.a.					different	
1272	aunt	A woman with one or more siblings who have one or more children; a sister of someone's father or mother.	n09823502	aunt	n09823502	798.0	the sister of your father or mother; the wife of your uncle	same	6.0
1272	aunt	A woman with one or more siblings who have one or more children; a sister of someone's father or mother.	n09823502	auntie	n09823502	15.0	the sister of your father or mother; the wife of your uncle	same	6.0
1272	aunt	A woman with one or more siblings who have one or more children; a sister of someone's father or mother.	n09823502	aunty				different	6.0
1273	candle	A light source consisting of a wick embedded in a solid, flammable substance such as wax, tallow, or paraffin.	n02948072	candle	n02948072	688.0	stick of wax with a wick in the middle	same	9.0
1273	candle	A light source consisting of a wick embedded in a solid, flammable substance such as wax, tallow, or paraffin.	n02948072	taper	v00392960	48.0	give a point to	different	9.0
1274	salt	A condiment (NaCl - Sodium Chloride) used to add to or enhance the flavour of food (commonly with pepper).	n07813107	salt	n07813107	1526.0	white crystalline form of especially sodium chloride used to season and preserve food	same	8.0
1275	answer	To communicate a message of any form in reaction to something that has been asked or expressed, to the being who expressed it; to react verbally.	v00815686	answer	v00815686	2962.0	react verbally	same	2.0
1275	answer	To communicate a message of any form in reaction to something that has been asked or expressed, to the being who expressed it; to react verbally.	v00815686	reply	v00815686	1858.0	react verbally	same	2.0
1275	answer	To communicate a message of any form in reaction to something that has been asked or expressed, to the being who expressed it; to react verbally.	v00815686	respond	v00717358	1153.0	show a response or a reaction to something	different	2.0
1276	autumn	The season after summer and before winter, traditionally from September 21 to December 20 in the northern hemisphere and from March 21 to June 20 in the southern hemisphere.	n15236859	autumn	n15236859	338.0	the season when the leaves fall from the trees	same	6.0
1276	autumn	The season after summer and before winter, traditionally from September 21 to December 20 in the northern hemisphere and from March 21 to June 20 in the southern hemisphere.	n15236859	fall	v01972298	2697.0	descend in free fall under the influence of gravity	different	6.0
1277	hand	That part of the fore limb below the forearm or wrist in primates (including humans).	n05564590	hand	n05564590	21014.0	the (prehensile) extremity of the superior limb	same	7.0
1277	hand	That part of the fore limb below the forearm or wrist in primates (including humans).	n05564590	manus				different	7.0
1277	hand	That part of the fore limb below the forearm or wrist in primates (including humans).	n05564590	mitt	n02800213	47.0	the handwear used by fielders in playing baseball	different	7.0
1277	hand	That part of the fore limb below the forearm or wrist in primates (including humans).	n05564590	paw	n02439929	272.0	a clawed foot of an animal especially a quadruped	different	7.0
1278	vomit	To regurgitate the contents of the stomach.	v00076400	barf	v00076400	5.0	eject the contents of the stomach through the mouth	same	2.0
1278	vomit	To regurgitate the contents of the stomach.	v00076400	cast	v01632897	688.0	put or send forth	different	2.0
1278	vomit	To regurgitate the contents of the stomach.	v00076400	cat	n02121620	2007.0	feline mammal usually having thick soft fur and no ability to roar: domestic cats; wildcats	different	2.0
1278	vomit	To regurgitate the contents of the stomach.	v00076400	chuck	v01514525	38.0	throw carelessly	different	2.0
1278	vomit	To regurgitate the contents of the stomach.	v00076400	disgorge	v01541579	30.0	cause or allow (a solid substance) to flow or run out or over	different	2.0
1278	vomit	To regurgitate the contents of the stomach.	v00076400	honk	v02183175	55.0	make a loud noise	different	2.0
1278	vomit	To regurgitate the contents of the stomach.	v00076400	puke	v00076400	79.0	eject the contents of the stomach through the mouth	same	2.0
1278	vomit	To regurgitate the contents of the stomach.	v00076400	purge	v00475647	30.0	rid of impurities	different	2.0
1278	vomit	To regurgitate the contents of the stomach.	v00076400	regorge				different	2.0
1278	vomit	To regurgitate the contents of the stomach.	v00076400	regurgitate	v01178335	5.0	feed through the beak by regurgitating previously swallowed food	different	2.0
1278	vomit	To regurgitate the contents of the stomach.	v00076400	retch	v00077458	33.0	make an unsuccessful effort to vomit; strain to vomit	different	2.0
1278	vomit	To regurgitate the contents of the stomach.	v00076400	sick	a02541302	1073.0	affected by an impairment of normal physical or mental function	different	2.0
1278	vomit	To regurgitate the contents of the stomach.	v00076400	spew	v00077071	131.0	eject or send out in large quantities, also metaphorical	different	2.0
1278	vomit	To regurgitate the contents of the stomach.	v00076400	spue				different	2.0
1278	vomit	To regurgitate the contents of the stomach.	v00076400	upchuck	v00076400	4.0	eject the contents of the stomach through the mouth	same	2.0
1278	vomit	To regurgitate the contents of the stomach.	v00076400	vomit	v00076400	151.0	eject the contents of the stomach through the mouth	same	2.0
1280	fall	To descend in free fall due to the effect of gravity.	v01972298	fall	v01972298	2697.0	descend in free fall under the influence of gravity	same	1.0
1281	prison	A place in which individual persons have restricted personal freedom.	n04005630	prison	n04005630	1399.0	a correctional institution where persons are confined while on trial or for punishment	same	10.0
1283	today	On the current day or date.	r00207366	today	n15262921	5144.0	the present time or age	different	0.0
1286	hot	Having a very high temperature.	a01247240	hot	a01247240	3265.0	used of physical heat; having a high or higher than desirable temperature or giving off heat or feeling or causing a sensation of heat or burning	same	0.0
1287	cold	Having a low temperature.	a01251128	cold	a01251128	3077.0	having a low or inadequate temperature or feeling a sensation of coldness or having been made cold by e.g. ice or refrigeration	same	0.0
1289	baby	A very young human being, from birth to a year old.	n09827683	babe	n09827363	164.0	(slang) sometimes used as a term of address for attractive young women	different	7.0
1289	baby	A very young human being, from birth to a year old.	n09827683	baby	n09827683	5212.0	a very young child (birth to 1 year) who has not yet begun to walk or talk	same	7.0
1289	baby	A very young human being, from birth to a year old.	n09827683	infant	n09827683	575.0	a very young child (birth to 1 year) who has not yet begun to walk or talk	same	7.0
1290	elephant	A mammal of the order Proboscidea, having a trunk, and two large ivory tusks jutting from the upper jaw. Elephants are the largest land animals now existing.	n02503517	elephant	n02503517	420.0	five-toed pachyderm	same	12.0
1291	back	The rear of body, especially the part between the neck and the end of the spine and opposite the chest and belly.	n05558717	back	r00075161	17640.0	in or to or toward a former location	different	5.0
1291	back	The rear of body, especially the part between the neck and the end of the spine and opposite the chest and belly.	n05558717	dorsum	n05557500	1.0	the back of the body of a vertebrate or any analogous surface (as the upper or outer surface of an organ or appendage or part)	different	5.0
1292	bad	Not good; unfavorable; negative.	a01125429	bad	a01125429	8566.0	having undesirable or negative qualities	same	0.0
1293	mistake	A mistake, an oversight, a slight; usually apologetic, referring to one's own failures.	n00070965	error	n00070965	391.0	a wrong action attributable to bad judgment or ignorance or inattention	same	6.0
1293	mistake	A mistake, an oversight, a slight; usually apologetic, referring to one's own failures.	n00070965	fault	n04669692	686.0	responsibility for a bad situation or event	different	6.0
1293	mistake	A mistake, an oversight, a slight; usually apologetic, referring to one's own failures.	n00070965	mistake	n00070965	1505.0	a wrong action attributable to bad judgment or ignorance or inattention	same	6.0
1297	leg	The limb of an animal (including humans) that extends from the groin to the ankle.	n05561507	leg	n05560787	4268.0	a human limb; commonly used to refer to a whole limb but technically only the part of the limb between the knee and ankle	different	8.0
1300	country	A political entity asserting authority over a geographical area, or the area itself. Can be same as or part of a state.	n08544813	country	n08168978	3463.0	a politically organized body of people under a single government	different	7.0
1300	country	A political entity asserting authority over a geographical area, or the area itself. Can be same as or part of a state.	n08544813	land	n13250048	1211.0	the land on which real estate is located	different	7.0
1300	country	A political entity asserting authority over a geographical area, or the area itself. Can be same as or part of a state.	n08544813	state	n08654360	5019.0	the territory occupied by one of the constituent administrative districts of a nation	different	7.0
1301	foot	The part of a human’s body below the ankle that is used in order to stand and walk.	n05563266	foot	n05563266	6088.0	the part of the leg of a human being below the ankle joint	same	8.0
1301	foot	The part of a human’s body below the ankle that is used in order to stand and walk.	n05563266	pes	n05563266	1.0	the part of the leg of a human being below the ankle joint	same	8.0
1302	fork	A utensil with spikes used to put solid food into the mouth.	n03383948	fork	n03383948	300.0	cutlery used for serving and eating food	same	9.0
1303	finger	One of the long extremities of the hand that is used for gripping objects.	n05566504	finger	n05566504	5002.0	any of the terminal members of the hand (sometimes excepting the thumb)	same	7.0
1304	child (young human)	A person below the age of puberty.	n09917593	child	n09917593	11071.0	a young person of either sex	same	5.0
1304	child (young human)	A person below the age of puberty.	n09917593	fry	v00325328	398.0	cook on a hot surface using fat	different	5.0
1304	child (young human)	A person below the age of puberty.	n09917593	kid	n09917593	7544.0	a young person of either sex	same	5.0
1304	child (young human)	A person below the age of puberty.	n09917593	minor	a01473083	265.0	of lesser importance or stature or rank	different	5.0
1304	child (young human)	A person below the age of puberty.	n09917593	nestling	n01504344	10.0	young bird not yet fledged	different	5.0
1304	child (young human)	A person below the age of puberty.	n09917593	nipper	n09917593	3.0	a young person of either sex	same	5.0
1304	child (young human)	A person below the age of puberty.	n09917593	shaver	n10586903	3.0	an adult male who shaves	different	5.0
1304	child (young human)	A person below the age of puberty.	n09917593	tiddler				different	5.0
1304	child (young human)	A person below the age of puberty.	n09917593	tike	n09917593	1.0	a young person of either sex	same	5.0
1304	child (young human)	A person below the age of puberty.	n09917593	tyke	n09917593	10.0	a young person of either sex	same	5.0
1304	child (young human)	A person below the age of puberty.	n09917593	youngster	n09917593	234.0	a young person of either sex	same	5.0
1305	chimney	A vertical structure of brick, masonry, or steel that carries smoke or steam away from a fire, engine, etc.	n03017428	chimney	n03017428	180.0	a vertical flue that provides a path through which smoke from a fire is carried away through the wall or roof of a building	same	9.0
1306	queen	A female monarch.	n10499355	queen	n10499355	266.0	a female sovereign ruler	same	7.0
1307	language	A system of communication using the spoken or signed word or using symbols that represent words, signs or sounds.	n06282651	language	n06282651	2082.0	a systematic means of communicating by the use of sounds or conventional symbols	same	3.0
1308	doubt	Uncertainty about the truth or accuracy of a matter.	n05698247	doubt	n05698247	765.0	the state of being unsure of something	same	7.0
1308	doubt	Uncertainty about the truth or accuracy of a matter.	n05698247	doubtfulness	n05698247	1.0	the state of being unsure of something	same	7.0
1308	doubt	Uncertainty about the truth or accuracy of a matter.	n05698247	dubiety				different	7.0
1308	doubt	Uncertainty about the truth or accuracy of a matter.	n05698247	dubiousness	n04757522	1.0	uncertainty about the truth or factuality or existence of something	different	7.0
1308	doubt	Uncertainty about the truth or accuracy of a matter.	n05698247	incertitude	n05698247	1.0	the state of being unsure of something	same	7.0
1308	doubt	Uncertainty about the truth or accuracy of a matter.	n05698247	uncertainty	n04756887	199.0	being unsettled or in doubt or dependent on chance	different	7.0
1309	ask (inquire)	To ask (a question) to somebody; to seek an answer to.	v00897746	ask	v00784342	14562.0	inquire about	different	4.0
1310	clever	Mentally agile.	a01334958	apt	s01292411	57.0	(usually followed by `to') naturally disposed toward	different	0.0
1310	clever	Mentally agile.	a01334958	clever	s00439252	214.0	showing self-interest and shrewdness in dealing with others	different	0.0
1312	fox	A carnivorous relatively small canine of the species Vulpes Vulpes.	n02118333	fox	n02118333	232.0	alert carnivorous mammal with pointed muzzle and ears and a bushy tail; most are predators that do not hunt in packs	same	13.0
1313	moon	A natural satellite of a planet.	n09358358	Moon				different	7.0
1313	moon	A natural satellite of a planet.	n09358358	moon	n09358358	1133.0	the natural satellite of the Earth	same	7.0
1316	tent	A portable lodging (usually made from waterproof plastic, animal hide or canvas streched by poles) that is used for sheltering people and objects from the weather when camping or at festivals.	n04411264	tent	n04411264	773.0	a portable shelter (usually of canvas stretched over supporting poles and fastened to the ground with ropes and pegs)	same	7.0
1318	chicken	A type of domesticated bird from the order of Galliformes which is often raised as a type of poultry (Gallus gallus domesticus).	n01791625	chicken	n07644967	1391.0	the flesh of a chicken used for food	different	12.0
1322	breakfast	The first meal of the day, usually eaten in the morning.	n07574602	breakfast	n07574602	1268.0	the first meal of the day (usually in the morning)	same	7.0
1323	clock	An instrument used to measure or keep track of time.	n03046257	clock	n03046257	1061.0	a timepiece that shows the time of day	same	10.0
1324	slip	To fall over (usually unexpectedly) onto the ground or floor, due to the floor being slippery, smooth or slimy.	v01870275	skid	v01870867	127.0	slide without control	different	2.0
1324	slip	To fall over (usually unexpectedly) onto the ground or floor, due to the floor being slippery, smooth or slimy.	v01870275	slew	n13774404	69.0	(often followed by `of') a large number or amount or extent	different	2.0
1324	slip	To fall over (usually unexpectedly) onto the ground or floor, due to the floor being slippery, smooth or slimy.	v01870275	slide	v02090990	944.0	move smoothly along a surface	different	2.0
1324	slip	To fall over (usually unexpectedly) onto the ground or floor, due to the floor being slippery, smooth or slimy.	v01870275	slip	v01888295	1058.0	move stealthily	different	2.0
1324	slip	To fall over (usually unexpectedly) onto the ground or floor, due to the floor being slippery, smooth or slimy.	v01870275	slue				different	2.0
1325	friend	A person other than a family member, spouse or lover whose company one enjoys and towards whom one feels affection.	n10112591	friend	n10112591	10736.0	a person you know well and regard with affection and trust	same	4.0
1327	uncle	The brother of someone’s father or mother.	n10736091	uncle	n10736091	972.0	the brother of your father or mother; the husband of your aunt	same	6.0
1329	tomorrow	The day after the present day.	r00479275	tomorrow	n15155891	1047.0	the day after today	different	0.0
1330	defend	To keep something or someone safe or prevent harm coming to someone or something.	v01129876	defend	v00895304	378.0	argue or speak in defense of	different	3.0
1330	defend	To keep something or someone safe or prevent harm coming to someone or something.	v01129876	guard	n10150071	1279.0	a person who keeps watch over something or someone	different	3.0
1330	defend	To keep something or someone safe or prevent harm coming to someone or something.	v01129876	hold	v01216670	4490.0	have or hold in one's hands or grip	different	3.0
1331	sheep	A common, four-legged animal (Ovis) that is commonly kept by humans for its wool.	n02411705	sheep	n02411705	449.0	woolly usually horned ruminant mammal related to the goat	same	15.0
1332	neighbour	A person living in a house that is adjacent or nearby another person's house.	n10352299	neighbor	n10352299	1640.0	a person who lives (or is located) near another	same	4.0
1332	neighbour	A person living in a house that is adjacent or nearby another person's house.	n10352299	neighbour	n10352299	25.0	a person who lives (or is located) near another	same	4.0
1333	neck	The part of the body (found in some animals, including humans) that connects the head and the trunk.	n05546540	cervix	n05303232	16.0	necklike opening to the uterus	different	6.0
1333	neck	The part of the body (found in some animals, including humans) that connects the head and the trunk.	n05546540	neck	n05546540	2710.0	the part of an organism (human or animal) that connects the head to the rest of the body	same	6.0
1335	white	Bright and colourless; reflecting equal quantities of all frequencies of visible light.	a00393105	white	a00393105	6808.0	being of the achromatic color of maximum lightness; having little or no hue owing to reflection of almost all incident light	same	0.0
1336	eat	To consume something solid or semi-solid (usually food) by putting it into the mouth and eventually swallowing it.	v01168468	eat	v01168468	4971.0	take in solid food	same	1.0
1337	pig	A common, four-legged animal (Sus scrofa) that has cloven hooves, bristles and a nose adapted for digging and is farmed by humans for its meat.	n02395406	grunter				different	14.0
1337	pig	A common, four-legged animal (Sus scrofa) that has cloven hooves, bristles and a nose adapted for digging and is farmed by humans for its meat.	n02395406	hog	n02395406	116.0	domestic swine	same	14.0
1337	pig	A common, four-legged animal (Sus scrofa) that has cloven hooves, bristles and a nose adapted for digging and is farmed by humans for its meat.	n02395406	pig	n02395406	619.0	domestic swine	same	14.0
1337	pig	A common, four-legged animal (Sus scrofa) that has cloven hooves, bristles and a nose adapted for digging and is farmed by humans for its meat.	n02395406	squealer				different	14.0
1338	peace	A state free of war, in particular war between different countries.	n13970236	peace	n13969700	757.0	harmonious relations; freedom from disputes	different	5.0
1339	morning	The period of time from the start of the day (midnight) until midday (12:00).	n15165289	forenoon	n15165289	3.0	the time period between dawn and noon	same	5.0
1339	morning	The period of time from the start of the day (midnight) until midday (12:00).	n15165289	morn	n15165289	26.0	the time period between dawn and noon	same	5.0
1339	morning	The period of time from the start of the day (midnight) until midday (12:00).	n15165289	morning	n15165289	7145.0	the time period between dawn and noon	same	5.0
1342	summer	Traditionally the second of the four seasons regarded as being from June 21 to September 20 (or just June, July and August) in the Northern Hemisphere and from December 21 to March 20 (or just December, January and February) in the Southern Hemisphere.	n15237250	summer	n15237250	4285.0	the warmest season of the year; in the northern hemisphere it extends from the summer solstice to the autumnal equinox	same	6.0
1342	summer	Traditionally the second of the four seasons regarded as being from June 21 to September 20 (or just June, July and August) in the Northern Hemisphere and from December 21 to March 20 (or just December, January and February) in the Southern Hemisphere.	n15237250	summertime	n15237250	60.0	the warmest season of the year; in the northern hemisphere it extends from the summer solstice to the autumnal equinox	same	6.0
1343	sun	The particular star at the centre of our solar system, from which the Earth gets light and heat.	n09450163	Sun				different	7.0
1343	sun	The particular star at the centre of our solar system, from which the Earth gets light and heat.	n09450163	sun	n09450163	2169.0	the star that is the source of light and heat for the planets in the solar system	same	7.0
1344	ram	A male sheep.	n02412080	ram	v01575146	71.0	strike or drive against with a heavy impact	different	16.0
1344	ram	A male sheep.	n02412080	tup	n02412080	1.0	uncastrated adult male sheep	same	16.0
1345	ewe	A female sheep.	n02411999	ewe	n02411999	13.0	female sheep	same	16.0
1346	throat	The front part of the neck.	n05547508	pharynx	n05547508	5.0	the passage to the stomach and lungs; in the front part of the neck below the chin and above the collarbone	same	8.0
1346	throat	The front part of the neck.	n05547508	throat	n05547508	1793.0	the passage to the stomach and lungs; in the front part of the neck below the chin and above the collarbone	same	8.0
1348	boar (male pig)	An adult male pig.	n02396427	boar	n02396427	59.0	Old World wild swine having a narrow body and prominent tusks from which most domestic swine come; introduced in United States	same	14.0
1350	monkey	A primate from the group *New World monkeys* or *Old World monkeys* (Simiiformes, excluding the superfamily Hominoidea or apes) that lives mainly in rainforests and is distinguished from an Ape by its smaller size and its tail.	n02484322	monkey	n02484322	328.0	any of various long-tailed primates (excluding the prosimians)	same	12.0
1351	sow (female pig)	An adult female pig.	n02396088	sow	v01500873	81.0	place (seeds) in or on the ground for future growth	different	14.0
1352	knife	A utensil consisting of a sharpened piece of hard material such as steel or other metal, ceramic, glass or stone, usually attached to a handle, that is formed in a manner that allows for cutting softer materials, especially meat or other food.	n03623556	knife	n03623556	1097.0	edge tool used as a cutting instrument; has a pointed blade with a sharp edge and a handle	same	11.0
1353	hour	A time period of sixty minutes; one twenty-fourth of a day.	n15227846	hour	n15227846	8899.0	a period of time equal to 1/24th of a day	same	4.0
1353	hour	A time period of sixty minutes; one twenty-fourth of a day.	n15227846	hr	n15227846	79.0	a period of time equal to 1/24th of a day	same	4.0
1355	laugh	To express pleasure, mirth or derision by peculiar movement of the muscles of the face, particularly of the mouth, causing a lighting up of the face and eyes, and usually accompanied by the emission of explosive or chuckling sounds from the chest and throat.	v00031820	laugh	v00031820	4816.0	produce laughter	same	1.0
1357	daughter	An animal's female offspring (including that of a human).	n09992837	daughter	n09992837	4692.0	a female human offspring	same	6.0
1357	daughter	An animal's female offspring (including that of a human).	n09992837	girl	n10129825	7488.0	a young woman	different	6.0
1358	enemy	Someone who is hostile to, feels hatred towards, opposes the interests of, or intends injury to someone else.	n10098710	enemy	n08190482	1031.0	an opposing military force	different	6.0
1358	enemy	Someone who is hostile to, feels hatred towards, opposes the interests of, or intends injury to someone else.	n10098710	foe	n10098710	114.0	a personal enemy	same	6.0
1359	separate	To cause something or someone to move away from something or someone else.	v01556921	disunite				different	1.0
1359	separate	To cause something or someone to move away from something or someone else.	v01556921	divide	v02467662	727.0	separate into parts or portions	different	1.0
1359	separate	To cause something or someone to move away from something or someone else.	v01556921	part	n13809207	7449.0	something determined in relation to something that includes it	different	1.0
1359	separate	To cause something or someone to move away from something or someone else.	v01556921	separate	a02109678	847.0	independent; not united or joint	different	1.0
1360	duck	An aquatic bird of the family Anatidae, having a flat bill and webbed feet.	n01846331	duck	n01846331	396.0	small wild or domesticated web-footed broad-billed swimming bird usually having a depressed body and short legs	same	13.0
1361	tool	A mechanical device intended to make a task easier.	n00173761	instrument	n03574816	275.0	a device that requires skill for proper use	different	7.0
1361	tool	A mechanical device intended to make a task easier.	n00173761	tool	n04451818	1041.0	an implement used in the practice of a vocation	different	7.0
1363	voice	The sound and tones human beings are able to produce with the vocal cords.	n07110615	phonation	n07110615	1.0	the sound made by the vibration of vocal folds modified by the resonance of the vocal tract	same	3.0
1363	voice	The sound and tones human beings are able to produce with the vocal cords.	n07110615	vocalisation	n07110615	1.0	the sound made by the vibration of vocal folds modified by the resonance of the vocal tract	same	3.0
1363	voice	The sound and tones human beings are able to produce with the vocal cords.	n07110615	vocalism				different	3.0
1363	voice	The sound and tones human beings are able to produce with the vocal cords.	n07110615	vocalization	n07110615	7.0	the sound made by the vibration of vocal folds modified by the resonance of the vocal tract	same	3.0
1363	voice	The sound and tones human beings are able to produce with the vocal cords.	n07110615	voice	n04981941	7038.0	the distinctive quality or pitch or condition of a person's speech	different	3.0
1363	voice	The sound and tones human beings are able to produce with the vocal cords.	n07110615	vox	n07110615	4.0	the sound made by the vibration of vocal folds modified by the resonance of the vocal tract	same	3.0
1364	healthy	In good physical and mental condition; free from disease.	a01170243	healthy	a01170243	922.0	having or indicating good health in body or mind; free from infirmity or disease	same	0.0
1366	boy	A young male person, usually a child or teenager.	n10285313	boy	n10285313	7660.0	a youthful male person	same	5.0
1367	cross	A geometrical figure consisting of two straight lines or bars bisecting each other, or any figure or object of similar shape.	n04681387	crisscross	v01913237	60.0	cross in a pattern, often random	different	8.0
1367	cross	A geometrical figure consisting of two straight lines or bars bisecting each other, or any figure or object of similar shape.	n04681387	cross	v01912159	2005.0	travel across or pass over	different	8.0
1367	cross	A geometrical figure consisting of two straight lines or bars bisecting each other, or any figure or object of similar shape.	n04681387	mark	v00921738	419.0	designate as if by a mark	different	8.0
1368	bread	A common food made mainly from flour, water and yeast and produced by kneading and baking a dough.	n07679356	bread	n07679356	1149.0	food made from dough of flour or meal and usually raised with yeast or baking powder and then baked	same	6.0
1368	bread	A common food made mainly from flour, water and yeast and produced by kneading and baking a dough.	n07679356	breadstuff				different	6.0
1369	gold	A heavy yellow elemental metal of great value, with atomic number 79 and symbol Au.	n14638799	Au				different	7.0
1369	gold	A heavy yellow elemental metal of great value, with atomic number 79 and symbol Au.	n14638799	gold	n14638799	934.0	a soft yellow malleable ductile (trivalent and univalent) metallic element; occurs mainly as nuggets in rocks and alluvial deposits; does not react with most chemicals but is attacked by chlorine and aqua regia	same	7.0
1370	month	A period into which a year is divided, historically based on the phases of the moon. In the Gregorian calendar there are twelve months.	n15209413	month	n15209413	6535.0	one of the twelve divisions of the calendar year	same	5.0
1371	knee	In man, the joint in the middle part of the leg.	n05573602	genu				different	8.0
1371	knee	In man, the joint in the middle part of the leg.	n05573602	knee	n05573602	2855.0	hinge joint in the human leg connecting the tibia and fibula with the femur and protected in front by the patella	same	8.0
1372	medicine	A substance which specifically promotes healing.	n03740161	medicament				different	5.0
1372	medicine	A substance which specifically promotes healing.	n03740161	medication	n03740161	449.0	(medicine) something that treats or prevents or alleviates the symptoms of disease	same	5.0
1372	medicine	A substance which specifically promotes healing.	n03740161	medicine	n03740161	592.0	(medicine) something that treats or prevents or alleviates the symptoms of disease	same	5.0
1374	ring	A round piece of (precious) metal worn around the finger.	n04092609	band	n08249960	686.0	a group of musicians playing popular music for dancing	different	8.0
1374	ring	A round piece of (precious) metal worn around the finger.	n04092609	ring	n04092609	891.0	jewelry consisting of a circlet of precious metal (often set with jewels) worn on the finger	same	8.0
1375	window	An opening, usually covered by one or more panes of clear glass, to allow light from outside to enter a building or vehicle.	n04587648	window	n04587648	5858.0	a framework of wood or metal that contains a glass windowpane and is built into a wall or roof to admit light or air	same	8.0
1376	now	At present; at this time.	r00049220	now	r00049433	18752.0	in the historical present; at this point in the narration of a series of past events	different	0.0
1378	spoon	An implement for eating or serving, a small bowl with a long straight handle.	n04284002	spoon	n04284002	438.0	a piece of cutlery with a shallow bowl-shaped container and a handle; used to stir or serve or take up food	same	7.0
1380	tooth	A hard, calcareous structure present in the mouth of many vertebrate animals (including humans), generally used for eating.	n05282746	tooth	n05282746	2230.0	hard bonelike structures in the jaws of vertebrates; used for biting and chewing or for attack and defense	same	9.0
1381	shoe	A protective covering for the foot, with a bottom part composed of thick leather or plastic sole and often a thicker heel, and a softer upper part made of leather or synthetic material. Shoes generally do not extend above the ankle, as opposed to boots, which do.	n04199027	shoe	n04199027	2588.0	footwear shaped to fit the foot (below the ankle) with a flexible upper of leather or plastic and a sole and heel of heavier material	same	7.0
1382	needle (for sewing)	A thin, sharp implement used in sewing, knitting and acupuncture.	n03816136	needle	n03816136	406.0	a sharp pointed implement (usually steel)	same	7.0
1383	grandfather	The father of one of someone's parents.	n10142391	gramps				different	8.0
1383	grandfather	The father of one of someone's parents.	n10142391	grandad	n10142391	4.0	the father of your father or mother	same	8.0
1383	grandfather	The father of one of someone's parents.	n10142391	granddad	n10142391	15.0	the father of your father or mother	same	8.0
1383	grandfather	The father of one of someone's parents.	n10142391	granddaddy	n10142391	41.0	the father of your father or mother	same	8.0
1383	grandfather	The father of one of someone's parents.	n10142391	grandfather	n10142391	1036.0	the father of your father or mother	same	8.0
1383	grandfather	The father of one of someone's parents.	n10142391	grandpa	n10142391	50.0	the father of your father or mother	same	8.0
1384	second	That which comes after the first.	a02202146	2d				different	0.0
1384	second	That which comes after the first.	a02202146	2nd	s02202146	80.0	coming next after the first in position in space or time or degree or magnitude	different	0.0
1384	second	That which comes after the first.	a02202146	second	s02202146	6648.0	coming next after the first in position in space or time or degree or magnitude	different	0.0
1385	pepper	A spice prepared from the fermented, dried, unripe red berries of the pepper plant.	n07815588	pepper	n07815588	937.0	pungent seasoning from the berry of the common pepper plant of East India; use whole or ground	same	8.0
1385	pepper	A spice prepared from the fermented, dried, unripe red berries of the pepper plant.	n07815588	peppercorn	n07815588	12.0	pungent seasoning from the berry of the common pepper plant of East India; use whole or ground	same	8.0
1386	lion	A large cat (Panthera leo) that is native to Africa, Asia and formerly much of Europe.	n02129165	lion	n02129165	377.0	large gregarious predatory feline of Africa and India having a tawny coat with a shaggy mane in the male	same	14.0
1387	arrive	To come to a destination.	v02005948	arrive	v02005948	3591.0	reach a destination; arrive by movement or progress	same	0.0
1387	arrive	To come to a destination.	v02005948	come	v01849221	13447.0	move toward, travel toward something or somebody or approach something or somebody	different	0.0
1387	arrive	To come to a destination.	v02005948	get	v00149583	21476.0	enter or assume a certain state or condition	different	0.0
1388	shade	Darkness, where light (particularly sunlight) is blocked.	n13984944	shadow	n13984944	1480.0	shade within clear boundaries	same	8.0
1389	toe	One of the extremities of the foot.	n05577410	toe	n05577410	1038.0	one of the digits of the foot	same	7.0
1390	wrong	Not correct.	a00023854	faulty	s00023854	75.0	"characterized by errors; not agreeing with a model or not following established rules; ; ; the wrong side of the road"""	different	0.0
1390	wrong	Not correct.	a00023854	incorrect	a00632438	76.0	not correct; not in conformity with fact or truth	different	0.0
1390	wrong	Not correct.	a00023854	wrong	a00632438	1637.0	not correct; not in conformity with fact or truth	different	0.0
1391	town	An area with residential districts, shops and amenities, and its own local government.	n08665504	town	n08665504	5641.0	an urban area with a fixed boundary that is smaller than a city	same	8.0
1393	horn (anatomy)	A hard growth of keratin that protrudes from the top of the head of certain animals.	n01325417	horn	n03537085	179.0	a noisemaker (as at parties or games) that makes a loud noise when you blow through it	different	6.0
1394	bone	Any of the components of an endoskeleton, consisting mainly of calcium phosphate, collagen and cells.	n05269901	bone	n05269901	2292.0	rigid connective tissue that makes up the skeleton of vertebrates	same	8.0
1394	bone	Any of the components of an endoskeleton, consisting mainly of calcium phosphate, collagen and cells.	n05269901	os	n06568134	38.0	(computer science) software that controls the execution of computer programs and may provide various services	different	8.0
1395	round	Circular or having a circular cross-section in at least one direction.	a02040652	circular	a02040652	197.0	having a circular shape	same	0.0
1395	round	Circular or having a circular cross-section in at least one direction.	a02040652	round	n15287830	801.0	an interval during which a recurring sequence of events occurs	different	0.0
1396	sharp	Having the ability to cut easily.	a00800826	sharp	s00780352	608.0	(of something seen or heard) clearly defined	different	0.0
1398	dry	(Almost) free from liquid or moisture.	a02551380	dry	a02551380	1651.0	free from liquid or moisture; lacking natural or normal moisture or depleted of water; or no longer wet	same	0.0
1399	clay	A loose, earthy, extremely fine-grained, natural sediment or soft rock composed primarily of clay-size or colloidal particles and characterized by high plasticity and by a considerable content of clay mineral and subordinate amounts of finely divided quartz, decomposed feldspar, carbonates, ferruginous matter, and other impurities; it forms a plastic, moldable mass when finely ground and mixed with water, retains its shape on drying, and becomes firm, rocklike and permanently hard on heating or firing.	n14813182	clay	n14813182	362.0	a very fine-grained soil that is plastic when moist but hard when fired	same	7.0
1401	drink	To consume a liquid through the mouth.	v01170052	drink	v01170052	2027.0	take in liquids	same	1.0
1401	drink	To consume a liquid through the mouth.	v01170052	imbibe	v01170052	9.0	take in liquids	same	1.0
1402	breast	The fleshy organ on the chest of a sexually mature human female containing mammary glands.	n05554405	boob	n05554405	68.0	either of two soft fleshy milk-secreting glandular organs on the chest of a woman	same	9.0
1402	breast	The fleshy organ on the chest of a sexually mature human female containing mammary glands.	n05554405	bosom	n05553486	77.0	a person's breast or chest	different	9.0
1402	breast	The fleshy organ on the chest of a sexually mature human female containing mammary glands.	n05554405	breast	n05554405	1359.0	either of two soft fleshy milk-secreting glandular organs on the chest of a woman	same	9.0
1402	breast	The fleshy organ on the chest of a sexually mature human female containing mammary glands.	n05554405	knocker	n03626760	20.0	a device (usually metal and ornamental) attached by a hinge to a door	different	9.0
1402	breast	The fleshy organ on the chest of a sexually mature human female containing mammary glands.	n05554405	tit	n05554405	77.0	either of two soft fleshy milk-secreting glandular organs on the chest of a woman	same	9.0
1402	breast	The fleshy organ on the chest of a sexually mature human female containing mammary glands.	n05554405	titty	n05554405	20.0	either of two soft fleshy milk-secreting glandular organs on the chest of a woman	same	9.0
1403	bite	Clamping the teeth hard on something.	v01445932	bite	v01445932	890.0	to grip, cut off, or tear with or as if with the teeth or jaws	same	3.0
1404	straight	Not crooked or bent; having a constant direction throughout its length.	a02310895	straight	r00051848	977.0	without deviation	different	0.0
1405	name	Any word or phrase which designates a particular person, place, class or thing.	n06333653	name	n06333653	10095.0	a language unit by which a person or thing is known	same	5.0
1406	far	Having a large intervening distance with regard to something.	r00101051	far	r00101490	3766.0	at or to a certain point or degree	different	0.0
1408	hear	To perceive sound with the ear, without necessarily paying attention to it.	v02169702	hear	v02169702	11703.0	perceive (sound) via the auditory sense	same	1.0
1409	see	To perceive [images] with the eye, without necessarily paying attention to them.	v02129289	see	v02129289	27283.0	perceive by sight or have the power to perceive by sight	same	1.0
1410	know (something)	To be sure about something or be acquainted with something.	v00594621	cognise				different	0.0
1410	know (something)	To be sure about something or be acquainted with something.	v00594621	cognize	v00594621	1.0	be cognizant or aware of a fact or a specific piece of information; possess knowledge or information about	same	0.0
1410	know (something)	To be sure about something or be acquainted with something.	v00594621	know	v00594621	36019.0	be cognizant or aware of a fact or a specific piece of information; possess knowledge or information about	same	0.0
1413	play	To act in a manner such that one has fun; to engage in playful activities expressly for the purpose of recreation.	v02418686	play	v01072949	4764.0	participate in games or sport	different	1.0
1414	squeeze	To apply pressure to something from two or more sides at once.	v01447868	squeeze	v01447868	493.0	press firmly	same	2.0
1415	think (reflect)	To actively and consciously use one's mental powers, usually to form ideas.	v00628491	cerebrate				different	0.0
1415	think (reflect)	To actively and consciously use one's mental powers, usually to form ideas.	v00628491	cogitate	v00703512	2.0	consider carefully and deeply; reflect upon; turn over in one's mind	different	0.0
1415	think (reflect)	To actively and consciously use one's mental powers, usually to form ideas.	v00628491	think	v00689344	15256.0	judge or regard; look upon; judge	different	0.0
1416	sit	To be in a position with the upper body upright and the legs resting.	v01984902	sit	v01543123	8712.0	be seated	different	2.0
1417	kill	To put to death; to end a life.	v01325536	kill	v01323958	6142.0	cause to die; put to death, usually intentionally or knowingly	different	0.0
1418	dig	To move earth, rocks, etc. out of the way, usually to create a hole.	v01309701	delve	v01309701	70.0	turn up, loosen, or remove earth	same	1.0
1418	dig	To move earth, rocks, etc. out of the way, usually to create a hole.	v01309701	dig	v01309701	833.0	turn up, loosen, or remove earth	same	1.0
1420	count	To determine the amount of something or to enumerate the digits of one's numeral system.	v00948071	count	v00948071	969.0	determine the number or amount of	same	1.0
1420	count	To determine the amount of something or to enumerate the digits of one's numeral system.	v00948071	enumerate	v00946105	18.0	specify individually	different	1.0
1420	count	To determine the amount of something or to enumerate the digits of one's numeral system.	v00948071	number	n05121418	4402.0	the property possessed by a sum or total or indefinite quantity of units or individuals	different	1.0
1420	count	To determine the amount of something or to enumerate the digits of one's numeral system.	v00948071	numerate	a00832075	1.0	able to understand and use numbers	different	1.0
1421	suck	To draw in a substance by creating a practical vacuum in the mouth, and as a result a difference in pressure.	v01169704	suck	v01169704	553.0	draw into the mouth by creating a practical vacuum in the mouth	same	2.0
1423	fight	To be involved in a physical confrontation.	v01090335	contend	v00756898	195.0	maintain or assert	different	0.0
1423	fight	To be involved in a physical confrontation.	v01090335	fight	v01090335	1985.0	be engaged in a fight; carry on a fight	same	0.0
1423	fight	To be involved in a physical confrontation.	v01090335	struggle	v02407338	1353.0	make a strenuous or labored effort	different	0.0
1424	yellow	Having the colour of a yolk, a lemon or gold.	a00385756	xanthous				different	0.0
1424	yellow	Having the colour of a yolk, a lemon or gold.	a00385756	yellow	s00385756	2038.0	of the color intermediate between green and orange in the color spectrum; of something resembling the color of an egg yolk	different	0.0
1424	yellow	Having the colour of a yolk, a lemon or gold.	a00385756	yellowish	s00385756	43.0	of the color intermediate between green and orange in the color spectrum; of something resembling the color of an egg yolk	different	0.0
1425	green	Having green as its colour; having the hue of that portion of the visible spectrum lying between yellow and blue, evoked in the human observer by radiant energy with wavelengths of approximately 490 to 570 nanometers.	a00375969	dark-green				different	0.0
1425	green	Having green as its colour; having the hue of that portion of the visible spectrum lying between yellow and blue, evoked in the human observer by radiant energy with wavelengths of approximately 490 to 570 nanometers.	a00375969	green	s00375969	3642.0	of the color between blue and yellow in the color spectrum; similar to the color of fresh grass	different	0.0
1425	green	Having green as its colour; having the hue of that portion of the visible spectrum lying between yellow and blue, evoked in the human observer by radiant energy with wavelengths of approximately 490 to 570 nanometers.	a00375969	greenish	s00375969	61.0	of the color between blue and yellow in the color spectrum; similar to the color of fresh grass	different	0.0
1425	green	Having green as its colour; having the hue of that portion of the visible spectrum lying between yellow and blue, evoked in the human observer by radiant energy with wavelengths of approximately 490 to 570 nanometers.	a00375969	light-green				different	0.0
1426	expensive	Having a high price, cost.	a00933154	expensive	a00933154	1319.0	high in price or charging high prices	same	0.0
1427	beautiful	Having nice or positive properties (specifically with regard to the senses, and most commonly, that of sight).	a00217728	beautiful	a00217728	3326.0	delighting the senses or exciting intellectual or emotional admiration	same	0.0
1428	burning	To be consumed by fire.	v00377002	burn	v00378664	922.0	destroy by fire	different	2.0
1428	burning	To be consumed by fire.	v00377002	combust	v02760622	7.0	start to burn or burst into flames	different	2.0
1429	full	Containing the most or maximum amount possible in the given available space.	a01083157	full	a01083157	2781.0	containing as much or as many as is possible or normal	same	0.0
1430	star	A luminous celestial body that is made from gases (particularly hydrogen and helium) and forms the shape of a sphere.	n09444783	star	n09444100	2013.0	(astronomy) a celestial body of hot gases that radiates energy derived from thermonuclear reactions in the interior	different	6.0
1432	cut	To perform an incision (for example, with a knife).	v01552519	cut	v01552519	2696.0	separate with or as if with an instrument	same	2.0
1435	hunt	To chase down prey and (usually) kill it.	v01143838	hunt	v01143838	828.0	pursue for food or sport (as of wild animals)	same	2.0
1435	hunt	To chase down prey and (usually) kill it.	v01143838	run	v01926311	4322.0	move fast by using one's feet, with one foot off the ground at any given time	different	2.0
1437	split	To divide fully or partly along a more or less straight line.	v01556572	cleave	v01556572	30.0	separate or cut with a tool, such as a sharp instrument	same	3.0
1437	split	To divide fully or partly along a more or less straight line.	v01556572	rive	v01573276	4.0	tear or be torn violently	different	3.0
1437	split	To divide fully or partly along a more or less straight line.	v01556572	split	v02467662	390.0	separate into parts or portions	different	3.0
1439	swim	To move through the water, without touching the bottom.	v01960911	swim	v01960911	546.0	travel through water	same	1.0
1440	spit	To forcefully evacuate saliva from the mouth.	v00101956	ptyalise				different	2.0
1440	spit	To forcefully evacuate saliva from the mouth.	v00101956	ptyalize				different	2.0
1440	spit	To forcefully evacuate saliva from the mouth.	v00101956	spew	v00077071	131.0	eject or send out in large quantities, also metaphorical	different	2.0
1440	spit	To forcefully evacuate saliva from the mouth.	v00101956	spit	v00101956	472.0	expel or eject (saliva or phlegm or sputum) from the mouth	same	2.0
1440	spit	To forcefully evacuate saliva from the mouth.	v00101956	spue				different	2.0
1441	fly (move through air)	To move autonomously through the air, without any part of the object or object's enclosure touching anything attached to the ground.	v01940403	fly	v01940403	2428.0	travel through the air; be airborne	same	1.0
1441	fly (move through air)	To move autonomously through the air, without any part of the object or object's enclosure touching anything attached to the ground.	v01940403	wing	n02151625	775.0	a movable organ for flying (one of a pair)	different	1.0
1442	stand	To be upright in an erect position, supported by the feet.	v01546111	stand	v01546111	9522.0	be standing; be upright	same	2.0
1443	walk	To move from one place to another by moving legs alternately, so that at least one foot is in contact with the floor or surface at any one time.	v01904930	walk	v01904930	10187.0	use one's feet to advance; advance by steps	same	1.0
1446	come	To move toward or to reach either the speaker, the person spoken to, or the subject of the speaker's narrative.	v02005948	arrive	v02005948	3591.0	reach a destination; arrive by movement or progress	same	0.0
1446	come	To move toward or to reach either the speaker, the person spoken to, or the subject of the speaker's narrative.	v02005948	come	v01849221	13447.0	move toward, travel toward something or somebody or approach something or somebody	different	0.0
1446	come	To move toward or to reach either the speaker, the person spoken to, or the subject of the speaker's narrative.	v02005948	get	v00149583	21476.0	enter or assume a certain state or condition	different	0.0
1447	give	To transfer the possession or holding (of an object) to another person.	v02199590	give	v02316868	5362.0	cause to have, in the abstract sense or physical sense	different	1.0
1448	hold	To grasp or grip (particularly with the hand) so that the object does not end up at the surface below.	v01216670	hold	v01216670	4490.0	have or hold in one's hands or grip	same	0.0
1449	rub	To move one's hand or an object over a surface or other object (maintaining constant contact and applying moderate pressure).	v01249724	rub	v01249724	1300.0	move over something with pressure	same	1.0
1450	room	A separate part of a building, enclosed by walls, a floor and a ceiling.	n04105893	room	n04105893	14288.0	an area within a building enclosed by walls and floor and ceiling	same	7.0
1451	smile	To make an upwards movement of the sides of the mouth, that indicates happiness or satisfaction.	v00028565	smile	v00028565	5674.0	change one's facial expression by spreading the lips, often to signal pleasure	same	4.0
1452	push	To apply a force to (an object), in order that it moves away from the origin of the force that was applied.	v01871979	force	v02504562	2107.0	to cause to do through pressure or necessity, by physical, moral or intellectual means :	different	1.0
1452	push	To apply a force to (an object), in order that it moves away from the origin of the force that was applied.	v01871979	push	v01871979	3382.0	move with force,	same	1.0
1453	wash	To remove dirt and grime from an object, using water (usually with soap).	v01535246	launder	v00188949	28.0	convert illegally obtained funds into legal ones	different	2.0
1453	wash	To remove dirt and grime from an object, using water (usually with soap).	v01535246	wash	v00036362	646.0	cleanse (one's body) with soap and water	different	2.0
1455	pull	To apply a force to (an object), in order that it moves towards the origin of the force that was applied.	v01448100	draw	v01505254	1161.0	direct toward itself or oneself by means of some psychological power or physical attributes	different	1.0
1455	pull	To apply a force to (an object), in order that it moves towards the origin of the force that was applied.	v01448100	force	v02504562	2107.0	to cause to do through pressure or necessity, by physical, moral or intellectual means :	different	1.0
1455	pull	To apply a force to (an object), in order that it moves towards the origin of the force that was applied.	v01448100	pull	v01448100	3960.0	cause to move by pulling	same	1.0
1456	throw	To cause (an object) to move rapidly through the air, with the force of the hand or arm.	v01512625	flip	v01510173	270.0	cause to go on or to be engaged or set in operation	different	4.0
1456	throw	To cause (an object) to move rapidly through the air, with the force of the hand or arm.	v01512625	pitch	v01512625	311.0	throw or toss with a light motion	same	4.0
1456	throw	To cause (an object) to move rapidly through the air, with the force of the hand or arm.	v01512625	sky	n09436708	3158.0	the atmosphere and outer space as viewed from the earth	different	4.0
1456	throw	To cause (an object) to move rapidly through the air, with the force of the hand or arm.	v01512625	toss	v01512625	1145.0	throw or toss with a light motion	same	4.0
1457	sew	To pass thread repeatedly through fabric or a material, using a needle, in order to join two or more parts or to make a pattern or motif.	v01329239	sew	v01329239	209.0	fasten by sewing; do needlework	same	3.0
1457	sew	To pass thread repeatedly through fabric or a material, using a needle, in order to join two or more parts or to make a pattern or motif.	v01329239	stitch	v01329239	164.0	fasten by sewing; do needlework	same	3.0
1458	say	To utter specific words or notions.	v01016002	allege	v01016002	331.0	report or maintain	same	2.0
1458	say	To utter specific words or notions.	v01016002	aver	v01011031	12.0	to declare or affirm solemnly and formally as true	different	2.0
1458	say	To utter specific words or notions.	v01016002	say	v01009240	115354.0	express in words	different	2.0
1459	if	[The introduction of a condition or decision.]	n.a.					different	
1463	drunk	Being in a temporary state in which one's physical and mental faculties are impaired due to excessive consumption of alcohol.	a00797299	drunk	a00797299	664.0	stupefied or excited by a chemical substance (especially alcohol)	same	0.0
1463	drunk	Being in a temporary state in which one's physical and mental faculties are impaired due to excessive consumption of alcohol.	a00797299	inebriated	a00797299	15.0	stupefied or excited by a chemical substance (especially alcohol)	same	0.0
1463	drunk	Being in a temporary state in which one's physical and mental faculties are impaired due to excessive consumption of alcohol.	a00797299	intoxicated	a00797299	15.0	stupefied or excited by a chemical substance (especially alcohol)	same	0.0
1464	ladder	A frame usually portable, of wood, metal, or rope, for ascent and descent, consisting of two vertical side pieces to which are horizontally fastened cross strips or rounds forming steps.	n03632277	ladder	n03632277	379.0	steps consisting of two parallel members connected by rungs; for climbing up or down	same	8.0
1467	circle	A two-dimensional, geometric shape that is made up of every point on a plane which is equidistant from the centre. May be drawn with a pair of compasses.	n13873917	circle	n13873502	510.0	ellipse in which the two axes are of equal length; a plane curve generated by one point moving at a constant distance from a fixed point	different	4.0
1468	look for	To try to find something.	v01315613	search	n00945401	1116.0	the activity of looking thoroughly in order to find something or someone	different	0.0
1468	look for	To try to find something.	v01315613	seek	v02240481	1242.0	try to get or reach	different	0.0
1469	week	A period of seven days.	n15169873	hebdomad				different	5.0
1469	week	A period of seven days.	n15169873	week	n15169873	11014.0	any period of seven consecutive days	same	5.0
1470	fold	To bend a thin material (such as paper) over so that it comes in contact with itself.	v01277974	fold	v01277974	1166.0	bend or lay so that one part covers the other	same	2.0
1471	winter	Traditionally, the fourth of the seasons, marked by the applicable hemisphere of the planet being at its minimum angle of exposure to the Sun, resulting in short days, long nights and typically in low temperatures.	n15237782	winter	n15237782	2238.0	the coldest season of the year; in the northern hemisphere it extends from the winter solstice to the vernal equinox	same	6.0
1471	winter	Traditionally, the fourth of the seasons, marked by the applicable hemisphere of the planet being at its minimum angle of exposure to the Sun, resulting in short days, long nights and typically in low temperatures.	n15237782	wintertime	n15237782	8.0	the coldest season of the year; in the northern hemisphere it extends from the winter solstice to the vernal equinox	same	6.0
1472	key	An object designed to be able to open (and usually close) a lock.	n03613294	key	s01277097	1477.0	serving as an essential component	different	7.0
1474	sea	A body of salt water that is smaller than an ocean and generally in proximity to a continent.	n09426788	sea	n09426788	2699.0	a division of an ocean or a large body of salt water partially enclosed by land	same	4.0
1475	comb	A toothed implement for grooming the hair.	n03074855	comb	n03074855	192.0	a flat device with narrow pointed teeth on one edge; disentangles or arranges hair	same	7.0
1476	chair	An item of furniture comprising a seat, legs, back, and sometimes arm rests, on which or in which one people can sit.	n03001627	chair	n03001627	4266.0	a seat for one person, with a support for the back	same	9.0
1477	keep	To retain possession of something.	v02202384	keep	v02681795	9234.0	keep in a certain state, position, or activity; e.g.,	different	1.0
1479	dolphin	A carnivorous aquatic mammal inhabiting mostly in the shallower seas of the continental shelves.	n02068974	dolphin	n02068974	151.0	any of various small toothed whales with a beaklike snout; larger than porpoises	same	15.0
1480	body	The physical structure of a human or animal.	n05216365	body	n05216365	7592.0	the entire structure of an organism (an animal, plant, or human being)	same	5.0
1481	hammer	A tool with a heavy head and a handle used for pounding.	n03481172	hammer	n03481172	303.0	a hand tool with a heavy rigid head and a handle; used to deliver an impulsive force by striking	same	9.0
1482	shoulder	One side of the top of the torso, where an arm attaches or joins.	n05548840	shoulder	n05548840	5500.0	the part of the body between the neck and the upper arm	same	5.0
1483	nine	The natural number nine (9).	a02187161	9	n13745270	1.0	the cardinal number that is the sum of eight and one	different	0.0
1483	nine	The natural number nine (9).	a02187161	ix	s02187161	1.0	denoting a quantity consisting of one more than eight and one less than ten	different	0.0
1483	nine	The natural number nine (9).	a02187161	nine	n13745270	11.0	the cardinal number that is the sum of eight and one	different	0.0
1484	oil (organic substance)	Fat from animals or plants in a liquid form.	n14966667	oil	n14966667	2355.0	a slippery or viscous liquid or liquefiable substance not miscible with water	same	7.0
1485	below or under	Situated in a lower place than something else.	r80039	below	r00080039	955.0	in or to a place that is lower	different	0.0
1485	below or under	Situated in a lower place than something else.	r80039	beneath	r00080039	86.0	in or to a place that is lower	different	0.0
1486	plant (something)	To put a plant in the ground so that it strikes root and grows.	v01567275	plant	n00017222	1812.0	(botany) a living organism lacking the power of locomotion	different	2.0
1486	plant (something)	To put a plant in the ground so that it strikes root and grows.	v01567275	set	v01494310	3534.0	put into a certain place or abstract location	different	2.0
1487	pour	To cause a liquid to flow into a container.	v02069551	pour	v02069551	659.0	cause to run	same	1.0
1489	cloud	Suspensions of minute water droplets or ice crystals produced by the condensation of water vapour.	n09247410	cloud	n09247410	897.0	a visible mass of water or ice particles suspended at a considerable altitude	same	7.0
1493	one	The natural number one (1).	a02186338	1	n13742573	3.0	the smallest whole number or a numeral representing this number	different	0.0
1493	one	The natural number one (1).	a02186338	ane				different	0.0
1493	one	The natural number one (1).	a02186338	i	n13742573	96.0	the smallest whole number or a numeral representing this number	different	0.0
1493	one	The natural number one (1).	a02186338	one	n13742573	14650.0	the smallest whole number or a numeral representing this number	different	0.0
1495	happy	Having a feeling of satisfaction, enjoyment or well-being, often arising from a positive situation or set of circumstances.	a01148283	happy	a01148283	3429.0	enjoying or showing or marked by joy or pleasure	same	0.0
1496	grandmother	The mother of one of someone's parents.	n10142747	gran	n10142747	3.0	the mother of your father or mother	same	8.0
1496	grandmother	The mother of one of someone's parents.	n10142747	grandma	n10142747	130.0	the mother of your father or mother	same	8.0
1496	grandmother	The mother of one of someone's parents.	n10142747	grandmother	n10142747	1260.0	the mother of your father or mother	same	8.0
1496	grandmother	The mother of one of someone's parents.	n10142747	grannie	n10142747	3.0	the mother of your father or mother	same	8.0
1496	grandmother	The mother of one of someone's parents.	n10142747	granny	n10142747	33.0	the mother of your father or mother	same	8.0
1496	grandmother	The mother of one of someone's parents.	n10142747		n10345015	1.0	your grandmother	different	8.0
1496	grandmother	The mother of one of someone's parents.	n10142747	nanna				different	8.0
1498	two	The natural number two (2).	a02186470	2				different	0.0
1498	two	The natural number two (2).	a02186470	ii				different	0.0
1498	two	The natural number two (2).	a02186470	two	n13743269	22.0	the cardinal number that is the sum of one and one or a numeral representing this number	different	0.0
1500	four	The natural number four (4).	a02186665	4				different	0.0
1500	four	The natural number four (4).	a02186665	four	n13744304	85.0	the cardinal number that is the sum of three and one	different	0.0
1500	four	The natural number four (4).	a02186665	iv	n01058983	11.0	administration of nutrients through a vein	different	0.0
1501	bore	To create a hole by removing material with a drill.	v01443021	bore	v01821884	189.0	cause to be bored	different	3.0
1501	bore	To create a hole by removing material with a drill.	v01443021	drill	v01443021	186.0	make a hole, especially with a pointed power or hand tool	same	3.0
1502	goat	A common four-legged animal (Capra) that is related to sheep and bred by humans for its coat and milk.	n02416519	goat	n02416519	263.0	any of numerous agile ruminants related to sheep but having a beard and straight horns	same	15.0
1504	fly (insect)	A common insect; any species of insect of the order Diptera.	n02190166	fly	v01940403	2428.0	travel through the air; be airborne	different	11.0
1506	measure	To ascertain the quantity of a unit of material via calculated comparison with respect to a standard.	v00647094	measure	n00174412	532.0	any maneuver made as part of progress toward a goal	different	1.0
1506	measure	To ascertain the quantity of a unit of material via calculated comparison with respect to a standard.	v00647094	mensurate				different	1.0
1507	fruit	A botanical fruit that can be eaten raw used as food.	n13134947	fruit	n13134947	1306.0	the ripened reproductive body of a seed plant	same	8.0
1508	king	A male member of a Royal Family and supreme ruler of his nation.	n10231515	Rex				different	6.0
1508	king	A male member of a Royal Family and supreme ruler of his nation.	n10231515	king	n10231515	1372.0	a male sovereign; ruler of a kingdom	same	6.0
1509	mosquito	A small flying insect (of the family Culicidae) known for biting and sucking blood.	n02200198	mosquito	n02200198	219.0	two-winged insect whose female has a long proboscis to pierce the skin and suck the blood of humans and animals	same	11.0
1510	chin	The bottom of the face, below the mouth.	n05599617	chin	n05599617	993.0	the protruding part of the lower jaw	same	6.0
1510	chin	The bottom of the face, below the mouth.	n05599617	mentum				different	6.0
1511	rooster	A male chicken (Gallus gallus domesticus), a domestic bird.	n01792158	cock	v01884868	275.0	tilt or slant to one side	different	13.0
1511	rooster	A male chicken (Gallus gallus domesticus), a domestic bird.	n01792158	rooster	n01792158	93.0	adult male chicken	same	13.0
1513	think (believe)	To have as opinion, belief, or idea.	v00631737	guess	v00631737	2069.0	expect, believe, or suppose	same	3.0
1513	think (believe)	To have as opinion, belief, or idea.	v00631737	imagine	v01636397	3166.0	form a mental image of something that is not present or that is not the case	different	3.0
1513	think (believe)	To have as opinion, belief, or idea.	v00631737	opine	v01027668	26.0	express one's opinion openly and without fear or hesitation	different	3.0
1513	think (believe)	To have as opinion, belief, or idea.	v00631737	reckon	v00631737	140.0	expect, believe, or suppose	same	3.0
1513	think (believe)	To have as opinion, belief, or idea.	v00631737	suppose	v00631737	3589.0	expect, believe, or suppose	same	3.0
1513	think (believe)	To have as opinion, belief, or idea.	v00631737	think	v00689344	15256.0	judge or regard; look upon; judge	different	3.0
1514	hen	A female chicken.	n01792640	biddy	n01792640	8.0	adult female chicken	same	13.0
1514	hen	A female chicken.	n01792640	hen	n01792640	123.0	adult female chicken	same	13.0
1515	ten	The natural number ten (10).	a02187296	10	n13746512	5.0	the cardinal number that is the sum of nine and one; the base of the decimal system	different	0.0
1515	ten	The natural number ten (10).	a02187296	ten	n13746512	312.0	the cardinal number that is the sum of nine and one; the base of the decimal system	different	0.0
1515	ten	The natural number ten (10).	a02187296	x	n06833663	429.0	the 24th letter of the Roman alphabet	different	0.0
1517	wasp	A flying stinging insect related to the bee, which is usually coloured yellow and black.	n02212062	wasp	n02212062	85.0	social or solitary hymenopterans typically having a slender body with the abdomen attached by a narrow stalk and having a formidable sting	same	11.0
1518	stupid	Lacking in intelligence.	a00439588	stupid	a00439588	1327.0	lacking or marked by lack of intellectual acuity	same	0.0
1519	run	To move quickly by alternately making a short jump off of either foot.	v01926311	run	v01926311	4322.0	move fast by using one's feet, with one foot off the ground at any given time	same	2.0
1521	seem	To have a given outward appearance.	v02133435	appear	v02133435	2503.0	give a certain impression or have a certain outward aspect	same	1.0
1521	seem	To have a given outward appearance.	v02133435	look	v02130524	24782.0	perceive with attention; direct one's gaze towards	different	1.0
1521	seem	To have a given outward appearance.	v02133435	seem	v02133435	13856.0	give a certain impression or have a certain outward aspect	same	1.0
1523	forget	To lose memory of something.	v00609100	block	n08642145	1063.0	a rectangular area in a city surrounded by streets and usually containing several buildings	different	0.0
1523	forget	To lose memory of something.	v00609100	forget	v00610167	2500.0	dismiss from the mind; stop remembering	different	0.0
1524	wine	An alcoholic beverage made by fermenting juice of grapes.	n07891726	vino	n07891726	7.0	fermented juice (of grapes especially)	same	7.0
1524	wine	An alcoholic beverage made by fermenting juice of grapes.	n07891726	wine	n07891726	2037.0	fermented juice (of grapes especially)	same	7.0
1526	meal	The act of eating food, usually at a specific time.	n07573696	meal	n07573696	1253.0	the food served and eaten at one time	same	6.0
1526	meal	The act of eating food, usually at a specific time.	n07573696	repast	n07573696	13.0	the food served and eaten at one time	same	6.0
1528	forgive	To stop blaming someone for an offense.	v00903385	forgive	v00903385	603.0	stop blaming or grant forgiveness	same	2.0
1529	last (final)	After all the others.	a01013279	last	s01730329	12049.0	immediately past	different	0.0
1530	bowl	A roughly hemispherical container used to hold, mix or present food, such as salad, fruit or soup, or other items.	n02881193	bowl	n02880940	1255.0	a dish that is round and open at the top for serving foods	different	8.0
1534	fever	A higher than normal temperature of a person (or generally a mammal).	n14365356	febricity				different	7.0
1534	fever	A higher than normal temperature of a person (or generally a mammal).	n14365356	febrility				different	7.0
1534	fever	A higher than normal temperature of a person (or generally a mammal).	n14365356	fever	n14365356	415.0	a rise in the temperature of the body; frequently a symptom of infection	same	7.0
1534	fever	A higher than normal temperature of a person (or generally a mammal).	n14365356	feverishness				different	7.0
1534	fever	A higher than normal temperature of a person (or generally a mammal).	n14365356	pyrexia				different	7.0
1535	sword	A long-bladed weapon that has a handle (and sometimes a hilt) and is designed to stab, cut or slash.	n04373894	blade	n02848216	551.0	the flat part of a tool or weapon that (usually) has a cutting edge	different	9.0
1535	sword	A long-bladed weapon that has a handle (and sometimes a hilt) and is designed to stab, cut or slash.	n04373894	brand	n06845599	889.0	a name given to a product or service	different	9.0
1535	sword	A long-bladed weapon that has a handle (and sometimes a hilt) and is designed to stab, cut or slash.	n04373894	steel	n14802450	1421.0	an alloy of iron with small amounts of carbon; widely used in construction; mechanical properties can be varied over a wide range	different	9.0
1535	sword	A long-bladed weapon that has a handle (and sometimes a hilt) and is designed to stab, cut or slash.	n04373894	sword	n04373894	780.0	a cutting or thrusting weapon that has a long metal blade and a hilt with a hand guard	same	9.0
1536	understand	To be aware of the meaning of.	v00588888	understand	v00588888	5154.0	know and comprehend the nature or meaning of	same	0.0
1537	springtime	Traditionally the first of the four seasons, the season of growth with an ever increasing amount of daytime.	n15237044	spring	n15237044	1900.0	the season of growth	same	6.0
1537	springtime	Traditionally the first of the four seasons, the season of growth with an ever increasing amount of daytime.	n15237044	springtime	n15237044	64.0	the season of growth	same	6.0
1538	scorpion	An arthropod with eight legs, belonging to the order Scorpiones in the class Arachnida.	n01770393	scorpion	n01770393	60.0	arachnid of warm dry regions having a long segmented tail ending in a venomous stinger	same	10.0
1539	basket	A lightweight container, generally round, open at the top, and tapering toward the bottom.	n02801938	basket	n02801938	553.0	a container that is usually woven and has handles	same	7.0
1539	basket	A lightweight container, generally round, open at the top, and tapering toward the bottom.	n02801938	handbasket	n02801938	5.0	a container that is usually woven and has handles	same	7.0
1540	eyelash	One of the hairs that grows on the eyelid, around the eyes.	n05314919	cilium				different	8.0
1540	eyelash	One of the hairs that grows on the eyelid, around the eyes.	n05314919	eyelash	n05314919	123.0	any of the short curved hairs that grow from the edges of the eyelids	same	8.0
1540	eyelash	One of the hairs that grows on the eyelid, around the eyes.	n05314919	lash	n05314919	131.0	any of the short curved hairs that grow from the edges of the eyelids	same	8.0
1541	cultivate	To prepare an area by tilling, planting seeds etc. in order to grow plants.	v01741446	crop	n11530512	531.0	a cultivated plant that is grown commercially on a large scale	different	2.0
1541	cultivate	To prepare an area by tilling, planting seeds etc. in order to grow plants.	v01741446	cultivate	v01742726	238.0	foster the growth of	different	2.0
1541	cultivate	To prepare an area by tilling, planting seeds etc. in order to grow plants.	v01741446	work	v02410855	6724.0	be employed	different	2.0
1543	snail	(Gastropoda) Ventral footed mollusk, including land snails, terrestrial pulmonate gastropod mollusks.	n01944390	snail	n01944390	54.0	freshwater or marine or terrestrial gastropod mollusk usually having an external enclosing spiral shell	same	10.0
1544	sometimes	On certain occasions, or in certain circumstances, but not always.	r00021878	sometimes	r00021878	5812.0	on certain occasions or in certain cases but not always	same	0.0
1545	host	Person at whose place guests stay.	n10187130	host	v01194418	540.0	be the host of or for	different	5.0
1546	twice	Two times.	r00065294	twice	r00065294	1300.0	two times	same	0.0
1547	soup	A cooked, liquid dish (made from meat or vegetables that are mixed with broth in a pot) that is often sold in tins.	n07583197	soup	n07583197	670.0	liquid food especially of meat or fish or vegetable stock often containing pieces of solid food	same	7.0
1548	ugly	Not good looking.	a00220956	ugly	a00220956	765.0	displeasing to the senses	same	0.0
1554	man	An adult human member of the sex that begets young by fertilizing ova.	n10287213	man	n10287213	31038.0	an adult person who is male (as opposed to a woman)	same	5.0
1556	yolk	The yellow, spherical part of an egg that is surrounded by the white albumen, and serves as nutriment for the growing young.	n07841345	yolk	n07841345	91.0	the yellow spherical part of an egg that is surrounded by the albumen	same	7.0
1558	similar	Having some particular qualities or characteristics in common, but not all of them.	a02071420	similar	a02071420	2136.0	marked by correspondence or resemblance	same	0.0
1559	money	An unspecified amount in a currency.	n13384557	money	n13384557	7730.0	the most common medium of exchange; functions as legal tender	same	6.0
1560	face	The front part of the head, featuring the eyes, nose, and mouth and the surrounding area.	n05600637	face	n05600637	12390.0	the front of the human head from the forehead to the chin and ear to ear	same	6.0
1561	army	A large, military force concerned mainly with ground operations.	n08191230	army	n08191230	1468.0	a permanent organization of the military land forces of a nation or state	same	7.0
1562	mind	The ability for rational thought.	n05611302	brain	n05481095	1854.0	that part of the central nervous system that includes all the higher nervous centers; enclosed within the skull; continuous with the spinal cord	different	4.0
1562	mind	The ability for rational thought.	n05611302	head	n05538625	14052.0	the upper part of the human body or the front part of the body in animals; contains the face and brains	different	4.0
1562	mind	The ability for rational thought.	n05611302	mind	n05611302	5155.0	that which is responsible for one's thoughts and feelings; the seat of the faculty of reason	same	4.0
1562	mind	The ability for rational thought.	n05611302	nous				different	4.0
1562	mind	The ability for rational thought.	n05611302	psyche	n05611302	122.0	that which is responsible for one's thoughts and feelings; the seat of the faculty of reason	same	4.0
1564	lazy	Unwilling to do work or make an effort.	a00294579	faineant				different	0.0
1564	lazy	Unwilling to do work or make an effort.	a00294579	indolent	s00294579	13.0	disinclined to work or exertion	different	0.0
1564	lazy	Unwilling to do work or make an effort.	a00294579	lazy	s00294579	193.0	disinclined to work or exertion	different	0.0
1564	lazy	Unwilling to do work or make an effort.	a00294579	otiose				different	0.0
1564	lazy	Unwilling to do work or make an effort.	a00294579	slothful	s00294579	7.0	disinclined to work or exertion	different	0.0
1564	lazy	Unwilling to do work or make an effort.	a00294579	work-shy				different	0.0
1565	heaven	Outer space visible from the Earth's surface, infinitely extending above us and limited by the horizon.	n05627785	Heaven				different	8.0
1567	door	An opening, or passage in a fence or wall; the entrance through which you enter or leave a room or building.	n03427296	gate	n03427296	1251.0	a movable barrier in a fence or wall	same	9.0
1569	cheese	A curdled or cultured milk product.	n07850329	cheese	n07850329	1201.0	a solid food prepared from the pressed curd of milk	same	5.0
1571	sell	To provide goods or services in exchange for money.	v02242464	sell	v02242464	4480.0	exchange or deliver for money or its equivalent	same	2.0
1572	surprised	Feeling that something unexpected has happened.	a02357810	amazed	s02357810	260.0	filled with the emotional impact of overwhelming surprise or shock	different	0.0
1572	surprised	Feeling that something unexpected has happened.	a02357810	astonied				different	0.0
1572	surprised	Feeling that something unexpected has happened.	a02357810	astonished	s02357810	36.0	filled with the emotional impact of overwhelming surprise or shock	different	0.0
1572	surprised	Feeling that something unexpected has happened.	a02357810	astounded	s02357810	29.0	filled with the emotional impact of overwhelming surprise or shock	different	0.0
1572	surprised	Feeling that something unexpected has happened.	a02357810	stunned	s02357810	344.0	filled with the emotional impact of overwhelming surprise or shock	different	0.0
1574	float	Of an object or substance, to be supported by a liquid of greater density than the object so as that part of the object or substance remains above the surface. [WK:float]	v01904293	float	v01904293	623.0	be afloat either on or below a liquid surface and not sink to the bottom	same	1.0
1574	float	Of an object or substance, to be supported by a liquid of greater density than the object so as that part of the object or substance remains above the surface. [WK:float]	v01904293	swim	v01960911	546.0	travel through water	different	1.0
1575	cockroach	The most primitive of the living winged insects.	n02233338	cockroach	n02233338	88.0	any of numerous chiefly nocturnal insects; some are domestic pests	same	11.0
1575	cockroach	The most primitive of the living winged insects.	n02233338	roach	n02233338	96.0	any of numerous chiefly nocturnal insects; some are domestic pests	same	11.0
1577	and	Used to connect two homogeneous words or phrases.	n.a.					different	
1580	only	Nothing more than.	r00008600	alone	s02249766	1960.0	isolated from others	different	0.0
1580	only	Nothing more than.	r00008600	entirely	r00008007	1160.0	to a complete degree or to the full or entire extent (`whole' is often used informally for `wholly')	different	0.0
1580	only	Nothing more than.	r00008600	exclusively	r00008600	233.0	without any others being included or involved	same	0.0
1580	only	Nothing more than.	r00008600	only	r00004722	15132.0	and nothing more	different	0.0
1580	only	Nothing more than.	r00008600	solely	r00008600	232.0	without any others being included or involved	same	0.0
1583	brain	The organ of the central nervous system of an animal or human located in the skull that controls the actions and thoughts of the animal or human.	n05481095	brain	n05481095	1854.0	that part of the central nervous system that includes all the higher nervous centers; enclosed within the skull; continuous with the spinal cord	same	7.0
1583	brain	The organ of the central nervous system of an animal or human located in the skull that controls the actions and thoughts of the animal or human.	n05481095	encephalon				different	7.0
1584	blister	A small bubble on the skin, that contains watery fluid and is caused by heat, pressure or infection.	n05517837	bleb				different	9.0
1584	blister	A small bubble on the skin, that contains watery fluid and is caused by heat, pressure or infection.	n05517837	blister	n05517837	116.0	(pathology) an elevation of the skin filled with serous fluid	same	9.0
1584	blister	A small bubble on the skin, that contains watery fluid and is caused by heat, pressure or infection.	n05517837	bulla				different	9.0
1585	sleep	To rest in a state of decreased consciousness and reduced metabolism.	v00014742	kip	v00014742	3.0	be asleep	same	3.0
1585	sleep	To rest in a state of decreased consciousness and reduced metabolism.	v00014742	sleep	v00014742	3876.0	be asleep	same	3.0
1585	sleep	To rest in a state of decreased consciousness and reduced metabolism.	v00014742	slumber	n14024882	70.0	a natural and periodic state of rest during which consciousness of the world is suspended	different	3.0
1586	smell (perceive)	To perceive the presence of molecules in the air by inhaling them through the nose.	v02124748	smell	n05713737	1339.0	the sensation that results when olfactory receptors in the nose are stimulated by particular chemicals in gaseous form	different	1.0
1587	smell (stink)	To give off a smell that can be perceived by the nose.	v02123672	smell	n05713737	1339.0	the sensation that results when olfactory receptors in the nose are stimulated by particular chemicals in gaseous form	different	1.0
1591	up	Moving to a higher position.	r00096333	up	r00096333	4247.0	spatially or metaphorically from a lower to a higher position	same	0.0
1591	up	Moving to a higher position.	r00096333	upward	r00096333	470.0	spatially or metaphorically from a lower to a higher position	same	0.0
1591	up	Moving to a higher position.	r00096333	upwardly	r00096333	13.0	spatially or metaphorically from a lower to a higher position	same	0.0
1591	up	Moving to a higher position.	r00096333	upwards	r00096333	53.0	spatially or metaphorically from a lower to a higher position	same	0.0
1592	chest	The portion of the body from the base of the neck to the top of the abdomen; the thorax.	n05552607	chest	n05552607	2575.0	the part of the human torso between the neck and the diaphragm or the corresponding part in other vertebrates	same	5.0
1592	chest	The portion of the body from the base of the neck to the top of the abdomen; the thorax.	n05552607	pectus				different	5.0
1592	chest	The portion of the body from the base of the neck to the top of the abdomen; the thorax.	n05552607	thorax	n05553618	11.0	the middle region of the body of an arthropod between the head and the abdomen	different	5.0
1593	deep	Having a bottom or base that is far away from the top.	a00690058	deep	a00690058	1164.0	having great spatial extension or penetration downward or inward from an outer surface or backward or laterally or outward from a center; sometimes used in combination	same	0.0
1594	flour	Ground or milled grain or cereal.	n07569106	flour	n07569106	547.0	fine powdery foodstuff obtained by grinding and sifting the meal of a cereal grain	same	6.0
1595	south	One of the four major compass points, specifically 180°, directed toward the South Pole, and conventionally downwards on a map.	n13833375	S				different	7.0
1595	south	One of the four major compass points, specifically 180°, directed toward the South Pole, and conventionally downwards on a map.	n13833375	south	r00243938	847.0	in a southern direction	different	7.0
1595	south	One of the four major compass points, specifically 180°, directed toward the South Pole, and conventionally downwards on a map.	n13833375	southward	r00462954	24.0	toward the south	different	7.0
1596	lock	Something used for fastening, which can only be opened with a key or combination.	n03682487	lock	n03682487	584.0	a fastener fitted to a door or drawer to keep it firmly closed	same	9.0
1598	north	One of the four major compass points, specifically 0°, directed toward the North Pole, and conventionally upwards on a map.	n13831176	N				different	7.0
1598	north	One of the four major compass points, specifically 0°, directed toward the North Pole, and conventionally upwards on a map.	n13831176	north	r00244043	745.0	in a northern direction	different	7.0
1598	north	One of the four major compass points, specifically 0°, directed toward the North Pole, and conventionally upwards on a map.	n13831176	northward	r00244043	36.0	in a northern direction	different	7.0
1599	word	A distinct unit of language (sounds in speech or written letters) with a particular meaning, composed of one or more morphemes, and also of one or more phonemes that determine its sound pattern.	n06286395	word	n06286395	7960.0	a unit of language that native speakers can identify	same	5.0
1600	skirt	An article of clothing, usually worn by women and girls, that hangs from the waist and covers the lower part of the body.	n04230808	skirt	n04230808	791.0	a garment hanging from the waist; worn mainly by girls and women	same	8.0
1601	weak	Lacking in force or ability.	a02324397	weak	a02324397	869.0	wanting in physical strength	same	0.0
1604	temples	The region of the skull on either side of the forehead.	n05602683	temple	n04407435	313.0	place of worship consisting of an edifice for the worship of a deity	different	6.0
1605	skull	The main bone of the head; the cranium.	n05540121	skull	n05540121	623.0	the bony skeleton of the head of vertebrates	same	9.0
1606	inside	Contained or encased by something or inside a building as opposed to outside in the open air.	a1693799	inside	r00110533	1530.0	within a building	different	0.0
1607	hate	To dislike intensely; to feel strong hostility towards.	v01774136	detest	v01774136	51.0	dislike intensely; feel antipathy or aversion towards	same	1.0
1607	hate	To dislike intensely; to feel strong hostility towards.	v01774136	hate	v01774136	2603.0	dislike intensely; feel antipathy or aversion towards	same	1.0
1608	listen	To perceive with the ear (paying attention to what is heard).	v02169891	listen	v02169891	2787.0	hear with intention	same	1.0
1609	idea	A plan or notion that is formed and exists in the mind as a result of mental activity.	n05833840	idea	n05833840	6324.0	the content of cognition; the main thing you are thinking about	same	5.0
1609	idea	A plan or notion that is formed and exists in the mind as a result of mental activity.	n05833840	thought	n05833840	2861.0	the content of cognition; the main thing you are thinking about	same	5.0
1610	prostitute	A woman who sells sexual services for money.	n10485440	bawd	n10485440	6.0	a woman who engages in sexual intercourse for money	same	6.0
1610	prostitute	A woman who sells sexual services for money.	n10485440	cocotte	n03062336	1.0	a small casserole in which individual portions can be cooked and served	different	6.0
1610	prostitute	A woman who sells sexual services for money.	n10485440	cyprian	n09699020	2.0	a native or inhabitant of Cyprus	different	6.0
1610	prostitute	A woman who sells sexual services for money.	n10485440	harlot	n10485440	14.0	a woman who engages in sexual intercourse for money	same	6.0
1610	prostitute	A woman who sells sexual services for money.	n10485440	prostitute	n10485440	167.0	a woman who engages in sexual intercourse for money	same	6.0
1610	prostitute	A woman who sells sexual services for money.	n10485440	tart	s02369460	47.0	tasting sour like a lemon	different	6.0
1610	prostitute	A woman who sells sexual services for money.	n10485440	whore	n10485440	194.0	a woman who engages in sexual intercourse for money	same	6.0
1613	color	An attribute of things that results from the light they reflect, transmit, or emit in so far as this light causes a visual sensation that depends on its wavelengths.	n04956594	color	n04956594	3791.0	a visual attribute of things that results from the light they emit or transmit or reflect	same	5.0
1613	color	An attribute of things that results from the light they reflect, transmit, or emit in so far as this light causes a visual sensation that depends on its wavelengths.	n04956594	coloring	n04956594	42.0	a visual attribute of things that results from the light they emit or transmit or reflect	same	5.0
1613	color	An attribute of things that results from the light they reflect, transmit, or emit in so far as this light causes a visual sensation that depends on its wavelengths.	n04956594	colour	n04956594	33.0	a visual attribute of things that results from the light they emit or transmit or reflect	same	5.0
1613	color	An attribute of things that results from the light they reflect, transmit, or emit in so far as this light causes a visual sensation that depends on its wavelengths.	n04956594	colouring				different	5.0
1616	cloth	A woven fabric such as used in dressing, decorating, cleaning or other practical use.	n03309808	cloth	n03309808	744.0	artifact made by weaving or felting or knitting or crocheting natural or synthetic fibers	same	5.0
1616	cloth	A woven fabric such as used in dressing, decorating, cleaning or other practical use.	n03309808	fabric	n03309808	725.0	artifact made by weaving or felting or knitting or crocheting natural or synthetic fibers	same	5.0
1616	cloth	A woven fabric such as used in dressing, decorating, cleaning or other practical use.	n03309808	material	n14580897	1262.0	the tangible substance that goes into the makeup of a physical object	different	5.0
1616	cloth	A woven fabric such as used in dressing, decorating, cleaning or other practical use.	n03309808	textile	n03309808	151.0	artifact made by weaving or felting or knitting or crocheting natural or synthetic fibers	same	5.0
1618	grandson	A son of someone's child.	n10143299	grandson	n10143299	251.0	a male grandchild	same	7.0
1619	granddaughter	A daughter of someone's child.	n10141732	granddaughter	n10141732	212.0	a female grandchild	same	7.0
1620	son	One's male child.	n10624074	boy	n10285313	7660.0	a youthful male person	different	6.0
1620	son	One's male child.	n10624074	son	n10624074	5901.0	a male human offspring	same	6.0
1621	sneeze	To expel air rapidly as a reflex, usually induced by an irritation in the nose.	v00004819	sneeze	v00004819	110.0	exhale spasmodically, as when an irritant entered one's nose	same	2.0
1622	shirt	An article of clothing that is worn on the upper part of the body, and often has sleeves, either long or short, that cover the arms.	n04197391	shirt	n04197391	3360.0	a garment worn on the upper half of the body	same	8.0
1623	speak	To communicate by the use of words.	v00963570	speak	v00962447	3554.0	exchange thoughts; talk with	different	3.0
1623	speak	To communicate by the use of words.	v00963570	talk	v00962447	10192.0	exchange thoughts; talk with	different	3.0
1624	empty	Without content.	a01086545	empty	a01086545	2379.0	holding or containing nothing	same	0.0
1626	explain	To inform about the reason for something, how something works, or how to do something.	v00939277	explain	v00939277	4391.0	make plain and comprehensible	same	4.0
1626	explain	To inform about the reason for something, how something works, or how to do something.	v00939277	explicate	v00939277	12.0	make plain and comprehensible	same	4.0
1627	chain	A series of interlocked rings or links forming a flexible length.	n02999410	chain	n02999410	477.0	a series of (usually metal) rings or links fitted into one another to make a flexible ligament	same	9.0
1629	evening	That part of the day in which daylight decreases and the night falls.	n15166462	eve	n15156424	112.0	the day before	different	6.0
1629	evening	That part of the day in which daylight decreases and the night falls.	n15166462	even	r00017445	30082.0	used as an intensive especially to indicate something unexpected	different	6.0
1629	evening	That part of the day in which daylight decreases and the night falls.	n15166462	evening	n15166462	2718.0	the latter part of the day (the period of decreasing daylight from late afternoon until nightfall)	same	6.0
1629	evening	That part of the day in which daylight decreases and the night falls.	n15166462	eventide				different	6.0
1631	fast	Occurring or happening within a short time.	r00086000	fast	r00086000	3144.0	quickly or rapidly (often used as a combining form)	same	0.0
1632	floor	The bottom or lower part of any room; the supporting surface of a room.	n03365592	floor	n03365592	4787.0	the inside lower horizontal surface (as of a room, hallway, tent, or other structure)	same	7.0
1632	floor	The bottom or lower part of any room; the supporting surface of a room.	n03365592	flooring	n03365592	47.0	the inside lower horizontal surface (as of a room, hallway, tent, or other structure)	same	7.0
1633	flat	Having no variations in altitude.	a00910101	flat	s00910101	810.0	having a surface without slope, tilt in which no part is higher or lower than another	different	0.0
1633	flat	Having no variations in altitude.	a00910101	level	n05093890	2576.0	a position on a scale of intensity or amount or quality	different	0.0
1633	flat	Having no variations in altitude.	a00910101	plane	n02691156	1671.0	an aircraft that has a fixed wing and is powered by propellers or jets	different	0.0
1634	hundred	The natural number one hundred (100).	a02196107	100				different	0.0
1634	hundred	The natural number one hundred (100).	a02196107	c	n13750415	458.0	ten 10s	different	0.0
1634	hundred	The natural number one hundred (100).	a02196107	hundred	n13750415	1526.0	ten 10s	different	0.0
1635	obey	To do as you are told.	v02542795	obey	v02542795	326.0	be obedient to	same	2.0
1639	beer	An alcoholic beverage commonly fermented from barley malt, with hops or some other substance to impart a bitter flavor.	n07886849	beer	n07886849	1667.0	a general name for alcoholic beverages made by fermenting a cereal (or mixture of cereals) flavored with hops	same	8.0
1640	sibling	A person who has the same parents as another person.	n10595164	sib	n10595164	13.0	a person's brother or sister	same	5.0
1640	sibling	A person who has the same parents as another person.	n10595164	sibling	n10595164	372.0	a person's brother or sister	same	5.0
1641	silk	One of the finest textiles, obtained from cocoons of certain species of caterpillars; it is soft, very strong and absorbent and has a brilliant sheen.	n04219424	silk	n04219424	848.0	a fabric made from the fine threads produced by certain insect larvae	same	6.0
1642	niece	A daughter of someone’s brother or sister.	n10357613	niece	n10357613	216.0	a daughter of your brother or sister	same	6.0
1643	cousin	The child of the sibling of a parent of a person.	n09972010	cousin	n09972010	1203.0	the child of your aunt or uncle	same	5.0
1643	cousin	The child of the sibling of a parent of a person.	n09972010	cousin-german				different	5.0
1644	relatives	A person that is considered to be of the same family due to shared ancestors, marriage or adoption.	n10235549	relation	n00040962	596.0	(usually plural) mutual dealings or connections among persons or groups	different	4.0
1644	relatives	A person that is considered to be of the same family due to shared ancestors, marriage or adoption.	n10235549	relative	n10235549	703.0	a person related by blood or marriage	same	4.0
1645	short	Small in length by comparison.	a01436003	short	a01436003	2252.0	(primarily spatial sense) having little length or lacking in length	same	0.0
1646	girl	A young female person, usually a child or teenager.	n10084295	girl	n10129825	7488.0	a young woman	different	5.0
1647	foal	A juvenile horse, especially one which is not yet weaned.	n02376791	colt	n02376791	31.0	a young male horse under the age of four	same	8.0
1648	anvil	A heavy iron block used by a blacksmith as a surface upon which metal can be struck and shaped.	n02725872	anvil	n02725872	28.0	a heavy block of iron or steel on which hot metals are shaped by hammering	same	6.0
1651	tear (of eye)	A drop of liquid produced from the eyes by crying or irritation.	n05405324	tear	n05405324	1859.0	a drop of the clear salty saline solution secreted by the lacrimal glands	same	6.0
1651	tear (of eye)	A drop of liquid produced from the eyes by crying or irritation.	n05405324	teardrop	n13901925	20.0	anything shaped like a falling drop (as a pendant gem on an earring)	different	6.0
1653	blind	Unable to see.	a02158826	blind	a02158826	759.0	unable to see; --Kenneth Jernigan	same	0.0
1653	blind	Unable to see.	a02158826	unsighted				different	0.0
1654	lightning	The flash of light caused by the discharge of atmospheric electrical charge.	n11475279	lightning	n11475279	456.0	abrupt electric discharge from cloud to cloud or from cloud to earth accompanied by the emission of light	same	8.0
1655	blink	To make a quick wink of one or both eyelids, often repeatedly.	v00007739	blink	v00007739	787.0	briefly shut the eyes	same	2.0
1655	blink	To make a quick wink of one or both eyelids, often repeatedly.	v00007739	nictate				different	2.0
1655	blink	To make a quick wink of one or both eyelids, often repeatedly.	v00007739	nictitate	v00007739	1.0	briefly shut the eyes	same	2.0
1655	blink	To make a quick wink of one or both eyelids, often repeatedly.	v00007739	wink	v00008299	209.0	signal by winking	different	2.0
1656	never	At no time.	r00020759	ne'er	r00020759	4.0	not ever; at no time in the past or future	same	0.0
1656	never	At no time.	r00020759	never	r00020759	21077.0	not ever; at no time in the past or future	same	0.0
1657	TRUE	Concurring with a given set of facts.	a02460502	true	a02460502	3894.0	consistent with fact or reality; not false; ; - B. Russell	same	0.0
1662	cape	A piece of land extending into water.	n09233715	cape	n02955767	163.0	a sleeveless garment like a cloak but shorter	different	4.0
1662	cape	A piece of land extending into water.	n09233715	ness	n09233715	34.0	a strip of land projecting into a body of water	same	4.0
1663	bed	A piece of furniture, made for a person to sleep on.	n02818832	bed	n02818832	5818.0	a piece of furniture that provides a place to sleep	same	9.0
1664	raft	A collection of logs, planks, casks, etc., fastened together for floating on water.	n04045397	raft	n04045397	188.0	a flat float (usually made of logs or planks) that can be used for transport or as a platform for swimmers	same	6.0
1666	mute	Not making a sound.	a00151855	dumb	s00440579	473.0	slow to learn or understand; lacking intellectual acuity; ; ; - Thackeray	different	0.0
1666	mute	Not making a sound.	a00151855	mute	v02191311	88.0	deaden (a sound or noise), especially by wrapping	different	0.0
1666	mute	Not making a sound.	a00151855	silent	s01919428	1164.0	marked by absence of sound	different	0.0
1667	hole	A, often round, piece of nothingness in some solid.	n09304465	hole	n03526198	942.0	an opening deliberately made in or through something	different	6.0
1668	grief	Mental suffering or pain caused by injury, loss, or despair.	n05833683	grief	n07535010	503.0	intense sorrow caused by loss of a loved one (especially by death)	different	7.0
1668	grief	Mental suffering or pain caused by injury, loss, or despair.	n05833683	sorrow	n07534430	222.0	an emotion of great sadness associated with loss or bereavement	different	7.0
1669	ancestors	Person from whom a person is descended, whether on the father's or mother's side, at any number of generations.	n09792555	ancestor	n09792555	429.0	someone from whom you are descended (but usually more remote than a grandparent)	same	5.0
1669	ancestors	Person from whom a person is descended, whether on the father's or mother's side, at any number of generations.	n09792555	antecedent	n07326880	11.0	a preceding occurrence or cause or event	different	5.0
1669	ancestors	Person from whom a person is descended, whether on the father's or mother's side, at any number of generations.	n09792555	ascendant	s00791631	11.0	most powerful or important or influential	different	5.0
1669	ancestors	Person from whom a person is descended, whether on the father's or mother's side, at any number of generations.	n09792555	ascendent				different	5.0
1669	ancestors	Person from whom a person is descended, whether on the father's or mother's side, at any number of generations.	n09792555	root	n13125117	641.0	(botany) the usually underground organ that lacks buds or leaves or nodes; absorbs water and mineral salts; usually it anchors the plant to the ground	different	5.0
1671	tower	Structure, usually taller than it is wide, often used as a lookout.	n04460130	tower	n04460130	906.0	a structure taller than its diameter; can stand alone or be attached to a larger building	same	6.0
1672	write	To form (letters, words or symbols) on a surface in order to communicate.	v00993014	write	v01698271	4055.0	produce a literary work	different	3.0
1673	arm	The upper limb, extending from the shoulder to the wrist and sometimes including the hand.	n05563770	arm	n05563770	7996.0	a human limb; technically the part of the superior limb between the shoulder and the elbow but commonly used to refer to the whole superior limb	same	8.0
1674	poor	With little or no possessions or money.	a02022953	poor	a02022953	1129.0	having little money or few possessions	same	0.0
1675	promise	To commit to doing something or assure that something will happen.	v00884011	assure	v00776268	384.0	assure somebody of the truth of something with the intention of giving the listener confidence	different	3.0
1675	promise	To commit to doing something or assure that something will happen.	v00884011	promise	v00884011	1481.0	make a promise or commitment	same	3.0
1676	always	At all times.	r00019339	always	r00019339	13622.0	at all times; all the time and on every occasion	same	0.0
1676	always	At all times.	r00019339	e'er				different	0.0
1676	always	At all times.	r00019339	ever	r00146387	9287.0	at any time	different	0.0
1678	hut	A simple roofed shelter, often with one  open side.	n03547054	hovel	n03547054	38.0	small crude shelter used as a dwelling	same	7.0
1678	hut	A simple roofed shelter, often with one  open side.	n03547054	hut	n03550153	182.0	temporary military shelter	different	7.0
1678	hut	A simple roofed shelter, often with one  open side.	n03547054	hutch	n03550289	15.0	a cage (usually made of wood and wire mesh) for small animals	different	7.0
1678	hut	A simple roofed shelter, often with one  open side.	n03547054	shack	n03547054	200.0	small crude shelter used as a dwelling	same	7.0
1678	hut	A simple roofed shelter, often with one  open side.	n03547054	shanty	n03547054	11.0	small crude shelter used as a dwelling	same	7.0
1680	helmet	Any of various forms of protective head covering worn e.g.  by soldiers, firefighters, divers, cyclists, etc.	n03513137	helmet	n03513376	313.0	armor plate that protects the head	different	8.0
1681	waist	In human beings, the part between the thorax and hips.	n05555688	waist	n05555688	855.0	the narrowing of the body between the ribs and hips	same	6.0
1681	waist	In human beings, the part between the thorax and hips.	n05555688	waistline	n05555688	32.0	the narrowing of the body between the ribs and hips	same	6.0
1682	guilty	Having committed an offense, crime, violation, or wrong, especially against moral or penal law.	a01320988	guilty	a01320988	465.0	responsible for or chargeable with a reprehensible act	same	0.0
1685	after	Subsequent, following, in time or space.	r61203	after	r00061203	1864.0	happening at a time subsequent to a reference time	different	0.0
1685	after	Subsequent, following, in time or space.	r61203	afterward	r00061203	607.0	happening at a time subsequent to a reference time	different	0.0
1685	after	Subsequent, following, in time or space.	r61203	afterwards	r00061203	149.0	happening at a time subsequent to a reference time	different	0.0
1685	after	Subsequent, following, in time or space.	r61203	later	r00061203	8292.0	happening at a time subsequent to a reference time	different	0.0
1685	after	Subsequent, following, in time or space.	r61203	subsequently	r00061203	165.0	happening at a time subsequent to a reference time	different	0.0
1686	behind	At the back of.	r221985	behind	r00222180	817.0	remaining in a place or condition that has been left or departed from	different	0.0
1687	praise	The act of expressing approval or admiration; commendation; laudation.	n06693198	congratulations				different	5.0
1687	praise	The act of expressing approval or admiration; commendation; laudation.	n06693198	extolment				different	5.0
1687	praise	The act of expressing approval or admiration; commendation; laudation.	n06693198	kudos				different	5.0
1687	praise	The act of expressing approval or admiration; commendation; laudation.	n06693198	praise	v00856824	379.0	express approval of	different	5.0
1689	smoke (inhale)	To inhale smoke from for example a cigarette or a cigar.	v01198101	smoke	v01198101	976.0	inhale and exhale smoke from cigarettes, cigars, pipes	same	1.0
1690	fence	Delimitation for an area.	n03327234	fence	n03327234	983.0	a barrier that serves to enclose an area	same	8.0
1690	fence	Delimitation for an area.	n03327234	fencing	n03327234	28.0	a barrier that serves to enclose an area	same	8.0
1692	friday	The fifth day of the week in Europe and in systems using the ISO 8601 norm; the sixth day of the week in the United States of America.	n15164463	Fri				different	8.0
1692	friday	The fifth day of the week in Europe and in systems using the ISO 8601 norm; the sixth day of the week in the United States of America.	n15164463	Friday				different	8.0
1693	thursday	The fourth day of the week in Europe and in systems using the ISO 8601 norm; the fifth day of the week in the United States of America.	n15164354	Th				different	8.0
1693	thursday	The fourth day of the week in Europe and in systems using the ISO 8601 norm; the fifth day of the week in the United States of America.	n15164354	Thursday				different	8.0
1694	wednesday	The third day of the week in Europe and in systems using the ISO 8601 norm; the fourth day of the week in the United States of America.	n15164233	Midweek				different	8.0
1694	wednesday	The third day of the week in Europe and in systems using the ISO 8601 norm; the fourth day of the week in the United States of America.	n15164233	Wed				different	8.0
1694	wednesday	The third day of the week in Europe and in systems using the ISO 8601 norm; the fourth day of the week in the United States of America.	n15164233	Wednesday				different	8.0
1695	tuesday	The second day of the week in Europe and in systems using the ISO 8601 norm; the third day of the week in the United States of America.	n15164105	Tues				different	8.0
1695	tuesday	The second day of the week in Europe and in systems using the ISO 8601 norm; the third day of the week in the United States of America.	n15164105	Tuesday				different	8.0
1696	surrender	To give up to the enemy.	v01115585	surrender	v01115585	188.0	give up or agree to forgo to the power or possession of another	same	1.0
1697	monday	The first day of the week in Europe and in systems using the ISO 8601 norm; the second day of the week in the United States of America.	n15163979	Mon				different	8.0
1697	monday	The first day of the week in Europe and in systems using the ISO 8601 norm; the second day of the week in the United States of America.	n15163979	Monday				different	8.0
1699	sunday	The seventh day of the week in Europe and in systems using the ISO 8601 standard, or the first day of the week in the United States of America, the Sabbath for most Christians.	n15163797	Dominicus				different	8.0
1699	sunday	The seventh day of the week in Europe and in systems using the ISO 8601 standard, or the first day of the week in the United States of America, the Sabbath for most Christians.	n15163797	Sun				different	8.0
1699	sunday	The seventh day of the week in Europe and in systems using the ISO 8601 standard, or the first day of the week in the United States of America, the Sabbath for most Christians.	n15163797	Sunday				different	8.0
1700	saturday	The sixth day of the week in Europe and in systems using the ISO 8601 norm; the seventh day of the week in the United States of America.	n15164570	Sabbatum				different	8.0
1700	saturday	The sixth day of the week in Europe and in systems using the ISO 8601 norm; the seventh day of the week in the United States of America.	n15164570	Sat				different	8.0
1700	saturday	The sixth day of the week in Europe and in systems using the ISO 8601 norm; the seventh day of the week in the United States of America.	n15164570	Saturday				different	8.0
1702	holy	Specially recognized as or declared sacred by religious use or authority.	a02053818	holy	a02053818	450.0	belonging to or derived from or associated with a divine power	same	0.0
1703	six	The natural number six (6).	a02186833	6				different	0.0
1703	six	The natural number six (6).	a02186833	half-dozen				different	0.0
1703	six	The natural number six (6).	a02186833	six	n13744722	1.0	the cardinal number that is the sum of five and one	different	0.0
1703	six	The natural number six (6).	a02186833	vi	n13744722	2.0	the cardinal number that is the sum of five and one	different	0.0
1704	seven	The natural number seven (7).	a02186970	7				different	0.0
1704	seven	The natural number seven (7).	a02186970	seven	n13744916	4.0	the cardinal number that is the sum of six and one	different	0.0
1704	seven	The natural number seven (7).	a02186970	vii				different	0.0
1705	eight	The natural number eight (8).	a02187073	8				different	0.0
1705	eight	The natural number eight (8).	a02187073	eight	n13745086	14.0	the cardinal number that is the sum of seven and one	different	0.0
1705	eight	The natural number eight (8).	a02187073	viii	n13745086	1.0	the cardinal number that is the sum of seven and one	different	0.0
1706	eleven	The natural number eleven (11).	a02187379	11				different	0.0
1706	eleven	The natural number eleven (11).	a02187379	eleven	n13746672	5.0	the cardinal number that is the sum of ten and one	different	0.0
1706	eleven	The natural number eleven (11).	a02187379	xi	n13746672	4.0	the cardinal number that is the sum of ten and one	different	0.0
1707	twelve	The natural number twelve (12).	a02187465	12	n13746785	2.0	the cardinal number that is the sum of eleven and one	different	0.0
1707	twelve	The natural number twelve (12).	a02187465	dozen	n13746785	2558.0	the cardinal number that is the sum of eleven and one	different	0.0
1707	twelve	The natural number twelve (12).	a02187465	twelve	n13746785	10.0	the cardinal number that is the sum of eleven and one	different	0.0
1707	twelve	The natural number twelve (12).	a02187465	xii	n13746785	5.0	the cardinal number that is the sum of eleven and one	different	0.0
1709	fifteen	The natural number fifteen (15).	a02187793	15				different	0.0
1709	fifteen	The natural number fifteen (15).	a02187793	fifteen	s02187793	72.0	being one more than fourteen	different	0.0
1709	fifteen	The natural number fifteen (15).	a02187793	xv				different	0.0
1710	twenty	The natural number twenty (20).	a02188317	20	n13748128	185.0	the cardinal number that is the sum of nineteen and one	different	0.0
1710	twenty	The natural number twenty (20).	a02188317	twenty	n13748128	245.0	the cardinal number that is the sum of nineteen and one	different	0.0
1710	twenty	The natural number twenty (20).	a02188317	xx				different	0.0
1711	tell	To talk about a story giving its details; to give a detailed account of.	v00953216	narrate	v00953216	58.0	narrate or give a detailed account of	same	4.0
1711	tell	To talk about a story giving its details; to give a detailed account of.	v00953216	recite	v00945255	259.0	repeat aloud from memory	different	4.0
1711	tell	To talk about a story giving its details; to give a detailed account of.	v00953216	recount	v00953216	212.0	narrate or give a detailed account of	same	4.0
1711	tell	To talk about a story giving its details; to give a detailed account of.	v00953216	tell	v01009240	10974.0	express in words	different	4.0
1712	oath	Promise or solemn declaration in front of an authority, another person or to oneself.	n07226841	oath	n07226841	113.0	a solemn promise, usually invoking a divine witness, regarding your future acts or behavior	same	6.0
1719	bury	To put in the ground and cover with earth.	v1234625	bury	v01530098	410.0	embed deeply	different	3.0
1725	correct (right)	To be in accordance with expectations.	r00203922	aright	r00203922	1.0	in an accurate manner	same	0.0
1725	correct (right)	To be in accordance with expectations.	r00203922	correctly	r00203922	288.0	in an accurate manner	same	0.0
1725	correct (right)	To be in accordance with expectations.	r00203922	right	a00631391	3848.0	free from error; especially conforming to fact or truth	different	0.0
1726	wet	Covered with or impregnated with liquid.	a02547317	wet	a02547317	1376.0	covered or soaked with a liquid such as water	same	0.0
1728	rotten	Having changed its colour, smell or composition (partially or completely), due to being attacked and decomposed by microorganisms (relating to organic matter).	a01070538	rotten	s01127782	76.0	very bad	different	0.0
1730	cheek	The soft skin on each side of the face, between the eyes and the chin; the outer surface of the sides of the oral cavity.	n05602835	cheek	n05602835	1881.0	either side of the face below the eyes	same	6.0
1731	mortar binder	Paste made of a mixture of a binder (cement, plaster or lime), sand and water used in masonry to make bricks, stones, etc. stick together.	n14955889	mortar	n03786715	93.0	a muzzle-loading high-angle gun with a short barrel that fires shells at high elevations for a short range	different	6.0
1732	sky	The part of the earth's atmosphere and space outside it that is visible from earth's surface. During the day it is perceived as blue, and at night as black.	n09436708	sky	n09436708	3158.0	the atmosphere and outer space as viewed from the earth	same	6.0
1733	rainbow	A multicoloured arc in the sky caused by the refraction of light within droplets of rain in the air.	n09403427	rainbow	n09403427	164.0	an arc of colored light in the sky caused by refraction of the sun's rays by rain	same	7.0
1735	tear (shred)	To pull at something in such a way that it ends up divided.	v01573515	bust	v01369758	266.0	ruin completely	different	2.0
1735	tear (shred)	To pull at something in such a way that it ends up divided.	v01573515	rupture	v01573515	54.0	separate or cause to separate abruptly	same	2.0
1735	tear (shred)	To pull at something in such a way that it ends up divided.	v01573515	snap	v00916274	413.0	utter in an angry, sharp, or abrupt tone	different	2.0
1735	tear (shred)	To pull at something in such a way that it ends up divided.	v01573515	tear	n05405324	1859.0	a drop of the clear salty saline solution secreted by the lacrimal glands	different	2.0
1740	pine	Evergreen coniferous tree of the genus Pinus.	n11608250	pine	n11608250	382.0	a coniferous tree	same	12.0
1743	join	To join or unite, as one thing to another, or as several particulars, so as to increase the number, augment the quantity, enlarge the magnitude, or so as to form into one aggregate; to sum up; to put together mentally, as, to add numbers; to add up a column.	v01295275	join	v02434976	2682.0	become part of; become a member of a group or organization	different	1.0
1744	spleen	A ductless vascular gland, located in the left upper abdomen near the stomach.	n05333467	lien	n13401013	7.0	the right to take another's property if an obligation is not discharged	different	8.0
1744	spleen	A ductless vascular gland, located in the left upper abdomen near the stomach.	n05333467	spleen	n05333467	33.0	a large dark-red oval organ on the left side of the body between the stomach and the diaphragm; produces cells involved in immune responses	same	8.0
1745	hip	The outward-projecting parts of the pelvis and top of the femur and the overlying tissue.	n05556325	hip	n05556325	1592.0	either side of the body below the waist and above the thigh	same	5.0
1747	custom	A pattern of behavior inherited or acquired through frequent repetition.	n00413239	custom	n00413239	245.0	accepted or habitual practice	same	7.0
1747	custom	A pattern of behavior inherited or acquired through frequent repetition.	n00413239	usage	n00947128	92.0	the act of using	different	7.0
1747	custom	A pattern of behavior inherited or acquired through frequent repetition.	n00413239	usance				different	7.0
1749	take	To grasp with the hands.	v01214265	take	v02599636	5343.0	carry out	different	0.0
1750	choose	To make a choice from a number of alternatives.	v00674607	choose	v00674607	2774.0	pick out, select, or choose from a number of alternatives	same	1.0
1750	choose	To make a choice from a number of alternatives.	v00674607	select	v00674607	945.0	pick out, select, or choose from a number of alternatives	same	1.0
1750	choose	To make a choice from a number of alternatives.	v00674607	take	v02599636	5343.0	carry out	different	1.0
1752	leave	To move away from a place, a situation or a talk.	v02015598	exit	v02015598	429.0	move out of or depart from	same	1.0
1752	leave	To move away from a place, a situation or a talk.	v02015598	leave	v02009433	6441.0	go away from a place	different	1.0
1753	top	Highest and most elevated point.	n08617963	crest	n08547544	71.0	the top line of a hill, mountain, or wave	different	6.0
1753	top	Highest and most elevated point.	n08617963	crown	n03138534	142.0	the part of a hat (the vertex) that covers the crown of the head	different	6.0
1753	top	Highest and most elevated point.	n08617963	peak	n08617963	275.0	the top or extreme point of something (usually a mountain or hill)	same	6.0
1753	top	Highest and most elevated point.	n08617963	summit	n08617963	148.0	the top or extreme point of something (usually a mountain or hill)	same	6.0
1753	top	Highest and most elevated point.	n08617963	tip	n08663156	757.0	the extreme end of something; especially something pointed	different	6.0
1753	top	Highest and most elevated point.	n08617963	top	a02439949	3148.0	situated at the top or highest position	different	6.0
1754	bracelet	Piece of jewellery worn around the wrist.	n02887970	bangle	n02887970	30.0	jewelry worn around the wrist for decoration	same	8.0
1754	bracelet	Piece of jewellery worn around the wrist.	n02887970	bracelet	n02887970	266.0	jewelry worn around the wrist for decoration	same	8.0
1756	widow	A woman whose spouse has died.	n10780284	widow	n10780284	439.0	a woman whose husband is dead especially one who has not remarried	same	6.0
1757	tired	In need of some rest or sleep, due to lack of sleep or as a result of hard work or physical activity.	a02431728	tired	a02431728	1638.0	depleted of strength or energy	same	0.0
1763	club	A short heavy club with a rounded head used as a weapon.	n03053474	club	n08227214	734.0	a formal association of people with similar interests	different	8.0
1764	obscure	Known vaguely or incompletely, if at all.	a00431004	obscure	v02157731	180.0	make less visible or unclear	different	0.0
1764	obscure	Known vaguely or incompletely, if at all.	a00431004	vague	s00431004	319.0	not clearly understood or expressed; ; -Anatole Broyard; - P.A.Sorokin; - John Locke	different	0.0
1766	finish	To end something, to bring something to a conclusion.	v00484166	complete	v00484166	1266.0	come or bring to a finish or an end	same	2.0
1766	finish	To end something, to bring something to a conclusion.	v00484166	finish	v00484166	2531.0	come or bring to a finish or an end	same	2.0
1767	scrape	To move an object against another object such that abrasion or minor cutting occurs.	v01308160	grate	v01574077	88.0	reduce to small shreds or pulverize by rubbing against a rough or sharp perforated surface	different	2.0
1767	scrape	To move an object against another object such that abrasion or minor cutting occurs.	v01308160	scrape	v01308160	241.0	scratch repeatedly	same	2.0
1768	foam	A mass of adjacent small pockets of air or bubbles with solid or liquid boundaries.	n09282724	foam	n14872697	136.0	a lightweight material in cellular form; made by introducing gas bubbles during manufacture	different	9.0
1768	foam	A mass of adjacent small pockets of air or bubbles with solid or liquid boundaries.	n09282724	froth	n09282724	46.0	a mass of small bubbles formed in or on a liquid	same	9.0
1769	axle	The central part of a wheel, that usually does not turn.	n02764779	axle	n02764779	48.0	a shaft on which a wheel rotates	same	9.0
1773	grave	A place (commonly marked with a headstone) where one or more people are buried (usually in a coffin underneath the ground).	n03455033	grave	n03455033	500.0	a place for the burial of a corpse (especially beneath the ground and marked by a tombstone)	same	6.0
1773	grave	A place (commonly marked with a headstone) where one or more people are buried (usually in a coffin underneath the ground).	n03455033	tomb	n03455033	251.0	a place for the burial of a corpse (especially beneath the ground and marked by a tombstone)	same	6.0
1774	stingy	Excessively unwilling to spend.	a01112573	stingy	a01112573	41.0	unwilling to spend	same	0.0
1774	stingy	Excessively unwilling to spend.	a01112573	ungenerous	a01115081	2.0	lacking in magnanimity; - Times Litt. Sup.	different	0.0
1775	table	A piece of furniture that generally consists of a hard, flat, horizontal surface, which is elevated and stabilised by 3 or more legs (usually 4).	n04379243	table	n04379243	6020.0	a piece of furniture having a smooth flat top that is usually supported by one or more vertical legs	same	8.0
1776	shame	The consciousness or awareness of dishonor, disgrace, or condemnation.	n07506569	shame	n07506569	269.0	a painful emotion resulting from an awareness of inadequacy or guilt	same	5.0
1778	approach	To come near to; to move towards.	v02053941	approach	n00941140	1710.0	ideas or actions intended to deal with a problem or situation	different	2.0
1778	approach	To come near to; to move towards.	v02053941	near	a00444519	877.0	not far distant in time or space or degree or circumstances	different	2.0
1779	dare	To have enough courage (to do something).	v02545045	dare	v02374924	590.0	take upon oneself; act presumptuously, without permission	different	1.0
1781	thumb	The shortest and thickest of the fingers that can be placed against the others in order to create a firm grip.	n05567217	pollex				different	8.0
1781	thumb	The shortest and thickest of the fingers that can be placed against the others in order to create a firm grip.	n05567217	thumb	n05567217	811.0	the thick short innermost digit of the forelimb	same	8.0
1782	guest	A person that visits and stays at a house, usually for one or more nights.	n10150940	guest	n10150940	1531.0	a visitor to whom hospitality is extended	same	6.0
1782	guest	A person that visits and stays at a house, usually for one or more nights.	n10150940	invitee	n10150940	4.0	a visitor to whom hospitality is extended	same	6.0
1783	pain	An unpleasant, usually localised physical sensation that is often the result of an injury, disease or other ailment.	n05724694	pain	n14322699	1338.0	a symptom of some physical hurt or disorder	different	8.0
1784	want	To want to do something or to wish for something to happen.	v01825237	desire	n07484265	1119.0	the feeling that accompanies an unsatisfied state	different	0.0
1784	want	To want to do something or to wish for something to happen.	v01825237	want	v01825237	31644.0	feel or have a desire for; want strongly	same	0.0
1787	loom	A frame or machine (made of wood or other material) in which a weaver forms cloth out of thread; a machine for interweaving yarn or threads into a fabric.	n03689157	loom	v02696961	198.0	come into view indistinctly, often threateningly	different	9.0
1789	age	The amount of time that a person, animal or plant has lived or that an object has existed.	n04924103	age	n15145171	2627.0	a time of life (usually defined in years) at which some particular qualification or power arises	different	4.0
1791	butterfly	A lepidopteran that is active at day.	n02274259	butterfly	n02274259	374.0	diurnal insect typically having a slender body with knobbed antennae and broad colorful wings	same	11.0
1792	perjury	The deliberate giving of false or misleading testimony under oath.	n00772381	perjury	n00772381	26.0	criminal offense of making false statements under oath	same	10.0
1793	bat	A small, nocturnal, flying mammal of the order Chiroptera, which navigates by means of echolocation. It looks like a mouse with membranous wings extending from the forelimbs to the hind limbs or tail.	n02139199	bat	n02806379	272.0	a club used for hitting a ball in various games	different	11.0
1793	bat	A small, nocturnal, flying mammal of the order Chiroptera, which navigates by means of echolocation. It looks like a mouse with membranous wings extending from the forelimbs to the hind limbs or tail.	n02139199	chiropteran				different	11.0
1794	furrow	The cut made in a field by a plough.	n03406966	furrow	v01277784	82.0	make wrinkled or creased	different	8.0
1801	child (descendant)	Biological offspring.	n09918248	child	n09917593	11071.0	a young person of either sex	different	6.0
1801	child (descendant)	Biological offspring.	n09918248	kid	n09917593	7544.0	a young person of either sex	different	6.0
1803	wood	The substance making up the central part of the trunk and branches of a tree. Used as a material for construction, to manufacture various items, etc. or as fuel.	n15098161	wood	n15098161	1716.0	the hard fibrous lignified substance under the bark of trees	same	6.0
1807	afternoon	The part of the day which follows noon, between noon and evening.	n15166191	afternoon	n15166191	2593.0	the part of the day between noon and evening	same	6.0
1808	pus	A whitish-yellow or yellow substance produced during inflammatory responses of the body that can be found in regions of pyogenic bacterial infections.	n05417472	festering	n13479889	3.0	(medicine) the formation of morbific matter in an abscess or a vesicle and the discharge of pus	different	6.0
1808	pus	A whitish-yellow or yellow substance produced during inflammatory responses of the body that can be found in regions of pyogenic bacterial infections.	n05417472	ichor	n05417472	3.0	a fluid product of inflammation	same	6.0
1808	pus	A whitish-yellow or yellow substance produced during inflammatory responses of the body that can be found in regions of pyogenic bacterial infections.	n05417472	purulence				different	6.0
1808	pus	A whitish-yellow or yellow substance produced during inflammatory responses of the body that can be found in regions of pyogenic bacterial infections.	n05417472	pus	n05417472	3.0	a fluid product of inflammation	same	6.0
1808	pus	A whitish-yellow or yellow substance produced during inflammatory responses of the body that can be found in regions of pyogenic bacterial infections.	n05417472	sanies				different	6.0
1808	pus	A whitish-yellow or yellow substance produced during inflammatory responses of the body that can be found in regions of pyogenic bacterial infections.	n05417472	suppuration				different	6.0
1810	danger	A situation that constitutes an immediate risk for injury on a person or property.	n14540765	danger	n14540765	579.0	the condition of being susceptible to harm or injury	same	5.0
1811	sound or noise	Any audible noise which is not necessarily unwanted or unpleasant to the hearer and of short or long duration.	n07387509	noise	n07387509	1514.0	sound of any kind (especially unintelligible or dissonant sound)	same	6.0
1812	try	To attempt to do something.	v02530167	assay	n00791527	20.0	a quantitative or qualitative test of a substance (especially an ore or a drug) to determine its components; frequently used to test for the presence or concentration of infectious agents or antibodies etc.	different	1.0
1812	try	To attempt to do something.	v02530167	attempt	n00786195	1305.0	earnest and conscientious activity intended to do or accomplish something	different	1.0
1812	try	To attempt to do something.	v02530167	essay	n06409562	461.0	an analytic or interpretive literary composition	different	1.0
1812	try	To attempt to do something.	v02530167	seek	v02240481	1242.0	try to get or reach	different	1.0
1812	try	To attempt to do something.	v02530167	try	v02530167	17811.0	make an effort or attempt	same	1.0
1814	accuse	To lay a charge against; bring an accusation against.	v00842989	accuse	v00842989	682.0	bring an accusation against; level a charge against	same	1.0
1814	accuse	To lay a charge against; bring an accusation against.	v00842989	criminate				different	1.0
1814	accuse	To lay a charge against; bring an accusation against.	v00842989	impeach	v00844744	10.0	charge (a public official) with an offense or misdemeanor committed while in office	different	1.0
1814	accuse	To lay a charge against; bring an accusation against.	v00842989	incriminate	v02636921	27.0	suggest that someone is guilty	different	1.0
1816	beside	To be positioned at the side of a given object.	a2441215	side	n08649345	7140.0	a place within a region identified relative to a center or reference location	different	0.0
1817	west	One of the four principal compass points, specifically 270°, conventionally directed to the left on maps. The direction of the setting sun.	n13834399	W				different	7.0
1817	west	One of the four principal compass points, specifically 270°, conventionally directed to the left on maps. The direction of the setting sun.	n13834399	west	n13834399	573.0	the cardinal compass point that is a 270 degrees	same	7.0
1817	west	One of the four principal compass points, specifically 270°, conventionally directed to the left on maps. The direction of the setting sun.	n13834399	westward	r00324022	53.0	toward the west	different	7.0
1818	adjudicate	To act as a judge.	v00698855	adjudicate	v00698855	13.0	bring to an end; settle conclusively	same	2.0
1818	adjudicate	To act as a judge.	v00698855	decide	v00697589	4727.0	reach, make, or come to a decision about something	different	2.0
1818	adjudicate	To act as a judge.	v00698855	resolve	v00698855	336.0	bring to an end; settle conclusively	same	2.0
1818	adjudicate	To act as a judge.	v00698855	settle	v01988458	985.0	settle into a position, usually on a surface or ground	different	2.0
1819	look	To actively use one's eyes.	v02130524	look	v02130524	24782.0	perceive with attention; direct one's gaze towards	same	0.0
1820	bear	A large beast of prey of the family Ursidae, related to the dog and raccoon, having shaggy hair, a very small tail, and flat feet.	n02131653	bear	v00056930	3109.0	cause to be born	different	12.0
1821	brush	An implement with a handle, and a head with multiple more or less flexible bristles, used for arranging hair.	n02908217	brush	v01240720	462.0	touch lightly and briefly	different	7.0
1823	borrow	To receive (something) from somebody temporarily, expecting to return it.	v02324026	borrow	v02324026	477.0	get temporarily	same	1.0
1828	ask (request)	To ask for a service or physical goods, often without returning the favor in kind.	v00752493	ask	v00784342	14562.0	inquire about	different	5.0
1829	jump	To propel oneself rapidly upward such that momentum causes the body to become airborne.	v01963942	bound	v01963942	140.0	move forward by leaps and bounds	same	1.0
1829	jump	To propel oneself rapidly upward such that momentum causes the body to become airborne.	v01963942	jump	v01963942	1738.0	move forward by leaps and bounds	same	1.0
1829	jump	To propel oneself rapidly upward such that momentum causes the body to become airborne.	v01963942	leap	v01963942	625.0	move forward by leaps and bounds	same	1.0
1829	jump	To propel oneself rapidly upward such that momentum causes the body to become airborne.	v01963942	spring	n15237044	1900.0	the season of growth	different	1.0
1831	meet	To encounter a person, either intentionally or by chance.	v02022804	meet	v02023107	2242.0	come together	different	3.0
1833	dinner (supper)	A meal that is eaten in the late afternoon or evening daily.	n07575726	dinner	n07575726	2764.0	the main meal of the day served in the evening or at midday	same	7.0
1838	navel	A scar where the umbilical cord was attached.	n05556595	bellybutton	n05556595	5.0	a scar where the umbilical cord was attached	same	5.0
1838	navel	A scar where the umbilical cord was attached.	n05556595	navel	n05556595	84.0	a scar where the umbilical cord was attached	same	5.0
1838	navel	A scar where the umbilical cord was attached.	n05556595	omphalos				different	5.0
1838	navel	A scar where the umbilical cord was attached.	n05556595	omphalus				different	5.0
1838	navel	A scar where the umbilical cord was attached.	n05556595	umbilicus	n05556595	3.0	a scar where the umbilical cord was attached	same	5.0
1839	cry	To shed tears due to the impact of an emotion.	v00066191	cry	v00066191	2142.0	shed tears because of sadness, rage, or pain	same	1.0
1839	cry	To shed tears due to the impact of an emotion.	v00066191	weep	v00066191	529.0	shed tears because of sadness, rage, or pain	same	1.0
1840	build	To form by combining materials or parts.	v01654628	build	v01654628	5162.0	make by combining materials and parts	same	1.0
1840	build	To form by combining materials or parts.	v01654628	construct	v01654628	593.0	make by combining materials and parts	same	1.0
1840	build	To form by combining materials or parts.	v01654628	make	v00120316	18783.0	give certain properties to something	different	1.0
1841	suspect	To assume something to be true without direct evidence.	v00921072	surmise	v00689205	53.0	infer from incomplete evidence	different	4.0
1841	suspect	To assume something to be true without direct evidence.	v00921072	suspect	v00921072	898.0	imagine to be the case or true or probable	same	4.0
1843	thousand	The natural number one thousand (1000).	a02198752	1000				different	0.0
1843	thousand	The natural number one thousand (1000).	a02198752	k	n06832248	106.0	the 11th letter of the Roman alphabet	different	0.0
1843	thousand	The natural number one thousand (1000).	a02198752	m	n13659162	165.0	the basic unit of length adopted under the Systeme International d'Unites (approximately 1.094 yards)	different	0.0
1843	thousand	The natural number one thousand (1000).	a02198752	thousand	n13750844	1826.0	the cardinal number that is the product of 10 and 100	different	0.0
1844	boat	A craft used for transportation of goods, fishing, racing, recreational cruising, or military use on or in the water, propelled by oars or outboard motor or inboard motor or by wind.	n02858304	boat	n02858304	2459.0	a small vessel for travel on water	same	10.0
1845	ball	Any spherical object.	n13899404	ball	n02778669	2135.0	round object that is hit or thrown or kicked in games	different	6.0
1845	ball	Any spherical object.	n13899404	globe	n09270894	248.0	the 3rd planet from the sun; the planet we live on	different	6.0
1845	ball	Any spherical object.	n13899404	orb	n13899404	39.0	an object with a spherical shape	same	6.0
1846	rule	To exercise power or authority over a person, a group of persons, animals, territories or an organization.	v02586619	govern	v02586619	156.0	exercise authority over; as of nations	same	1.0
1846	rule	To exercise power or authority over a person, a group of persons, animals, territories or an organization.	v02586619	rule	n05846054	1701.0	a principle or condition that customarily governs behavior	different	1.0
1847	sick	Whose health is altered.	a02541302	ill	a02541302	435.0	affected by an impairment of normal physical or mental function	same	0.0
1847	sick	Whose health is altered.	a02541302	sick	a02541302	1073.0	affected by an impairment of normal physical or mental function	same	0.0
1848	quarrel	A loud or noisy verbal confrontation between two or more people.	n07184149	dustup	n07184149	10.0	an angry dispute	same	8.0
1848	quarrel	A loud or noisy verbal confrontation between two or more people.	n07184149	quarrel	n07184149	73.0	an angry dispute	same	8.0
1848	quarrel	A loud or noisy verbal confrontation between two or more people.	n07184149	row	n08431437	1340.0	an arrangement of objects or people side by side in a line	different	8.0
1848	quarrel	A loud or noisy verbal confrontation between two or more people.	n07184149	run-in				different	8.0
1848	quarrel	A loud or noisy verbal confrontation between two or more people.	n07184149	words	n06738162	7.0	a brief statement	different	8.0
1848	quarrel	A loud or noisy verbal confrontation between two or more people.	n07184149	wrangle	v00774344	21.0	to quarrel noisily, angrily or disruptively	different	8.0
1849	row	To pull oars through water in order to make a water vehicle (such as a boat) move.	v01946996	row	n08431437	1340.0	an arrangement of objects or people side by side in a line	different	4.0
1850	cotton	Fiber obtained from plants of the genus Gossypium, used in making fabrics, cordage, and padding and for producing artificial fibers and cellulose.	n03115180	cotton	n03115180	320.0	fabric woven from cotton fibers	same	6.0
1851	pocket	A kind of pouch, which is accessible by an opening in an article of clothing and serves for storage; usually large enough in order to accommodate at least one hand.	n03972524	pocket	n03972524	2022.0	a small pouch inside a garment for carrying small articles	same	9.0
1852	often	Many times, with short intervals between occasions.	r00035058	frequently	r00035058	891.0	many times at short intervals	same	0.0
1852	often	Many times, with short intervals between occasions.	r00035058	oft	r00035058	45.0	many times at short intervals	same	0.0
1852	often	Many times, with short intervals between occasions.	r00035058	often	r00035058	7527.0	many times at short intervals	same	0.0
1852	often	Many times, with short intervals between occasions.	r00035058	oftentimes				different	0.0
1852	often	Many times, with short intervals between occasions.	r00035058	ofttimes				different	0.0
1853	dove	One of several birds of the family Columbidae.	n01812337	dove	n01812337	114.0	any of numerous small pigeons	same	13.0
1855	birch	A tree of the genus Betula, with small leaves and a trunk that is white with darker blotches.	n12281241	birch	n12281241	88.0	any betulaceous tree or shrub of the genus Betula having a thin peeling bark	same	10.0
1856	soft	A state of consistency allowing alterations of form with ease, no big force required, to bring things into something of this state (such as e.g. soaked loam or clay soil).	a01152746	soft	a01152746	1341.0	yielding readily to pressure or weight	same	0.0
1857	crocodile	Any large tropical reptile of the family Crocodylidae: order Crocodylia. They have a broad head, tapering snout, massive jaws, and a thick outer covering of bony plates. (Source: CED)	n1697178	crocodile	n01697178	91.0	large voracious aquatic reptile having a long snout with massive jaws and sharp teeth and a body covered with bony plates; of sluggish tropical waters	different	12.0
1858	fisherman	A person whose profession is catching fish.	n10093658	fisher	n10093658	24.0	someone whose occupation is catching fish	same	6.0
1858	fisherman	A person whose profession is catching fish.	n10093658	fisherman	n10093658	310.0	someone whose occupation is catching fish	same	6.0
1859	third	The ordinal form of the cardinal number three.	a02202307	3rd	s02202307	31.0	coming next after the second and just before the fourth in position	different	0.0
1859	third	The ordinal form of the cardinal number three.	a02202307	tertiary	s02202307	12.0	coming next after the second and just before the fourth in position	different	0.0
1859	third	The ordinal form of the cardinal number three.	a02202307	third	s02202307	3033.0	coming next after the second and just before the fourth in position	different	0.0
1860	bead	A hard, rounded object produced within the soft tissue (specifically the mantle) of a living shelled mollusk.	n02815071	bead	n02815071	203.0	a small ball with a hole through the middle	same	8.0
1862	donkey	A domesticated animal, Equus asinus.	n02389559	donkey	n02389559	196.0	domestic beast of burden descended from the African wild ass; patient but stubborn	same	15.0
1866	stutter	To have problems articulating the words, repeting sometimes some syllables.	v00981544	bumble	v02527651	21.0	make a mess of, destroy or ruin	different	4.0
1866	stutter	To have problems articulating the words, repeting sometimes some syllables.	v00981544	falter	v02740204	88.0	be unsure or weak	different	4.0
1866	stutter	To have problems articulating the words, repeting sometimes some syllables.	v00981544	stammer	v00981544	82.0	speak haltingly	same	4.0
1866	stutter	To have problems articulating the words, repeting sometimes some syllables.	v00981544	stutter	v00981544	85.0	speak haltingly	same	4.0
1867	coin	A piece of currency, usually metallic and in the shape of a disc, but sometimes polygonal, or with a hole in the middle.	n13388245	coin	n13388245	461.0	a flat metal piece (usually a disc) used as money	same	8.0
1869	buy	To obtain in exchange for money or goods.	v02207206	buy	v02207206	6150.0	obtain by purchase; acquire by means of a financial transaction	same	1.0
1869	buy	To obtain in exchange for money or goods.	v02207206	purchase	v02207206	930.0	obtain by purchase; acquire by means of a financial transaction	same	1.0
1870	anchor	Something, usually a heavy piece of metal with points which dig into the sea-bed, used to hold a boat in one position.	n02709367	anchor	n09792969	158.0	a television reporter who coordinates a broadcast to which several correspondents contribute	different	10.0
1871	camel	A beast of burden, much used in desert areas, of the genus Camelus.	n02437136	camel	n02437136	134.0	cud-chewing mammal used as a draft or saddle animal in desert regions	same	13.0
1874	sausage	A length of intestine, stuffed with ground (organ) meat, and other ingredients. Instead of intestines, a different kind of wrapper can be used.	n07675627	sausage	n07675627	228.0	highly seasoned minced meat stuffed in casings	same	6.0
1875	regret	To wish that a past event had not happened.	v01796582	regret	v01796582	378.0	feel remorse for; feel sorry for; be contrite about	same	1.0
1875	regret	To wish that a past event had not happened.	v01796582	repent	v01796582	40.0	feel remorse for; feel sorry for; be contrite about	same	1.0
1875	regret	To wish that a past event had not happened.	v01796582	rue	v01796582	16.0	feel remorse for; feel sorry for; be contrite about	same	1.0
1877	east	One of the four principal compass points, specifically 90°, conventionally directed to the right on maps. The direction of the rising sun.	n13832355	E	n06831605	30.0	the 5th letter of the Roman alphabet	different	7.0
1877	east	One of the four principal compass points, specifically 90°, conventionally directed to the right on maps. The direction of the rising sun.	n13832355	east	n13832355	483.0	the cardinal compass point that is at 90 degrees	same	7.0
1877	east	One of the four principal compass points, specifically 90°, conventionally directed to the right on maps. The direction of the rising sun.	n13832355	eastward	r00324135	51.0	toward the east	different	7.0
1879	dance	To move with rhythmic steps or movements, especially in time to music.	v01708676	dance	v01708676	951.0	move in a pattern; usually to musical accompaniment; do or perform a dance	same	1.0
1881	enough	All that is required, needed, or appropriate.	r00145713	enough	r00145713	7004.0	as much as necessary; ; (`plenty' is nonstandard)	same	0.0
1881	enough	All that is required, needed, or appropriate.	r00145713	plenty	n05115568	1047.0	a full supply	different	0.0
1882	before	At a time before that.	r60939	before	r00060939	4425.0	earlier in time; previously	different	0.0
1882	before	At a time before that.	r60939	earlier				different	0.0
1883	in front of	In front of in space	a198147	front	n08573472	3363.0	the side that is forward or prominent	different	0.0
1884	hard	Resistant to pressure.	a01150915	hard	a00744916	4047.0	not easy; requiring great physical or mental effort to accomplish or comprehend or endure	different	0.0
1886	armpit	The hollow under the upper part of the arm at the shoulder.	n05549576	armpit	n05549576	126.0	the hollow under the arm where it is joined to the shoulder	same	7.0
1886	armpit	The hollow under the upper part of the arm at the shoulder.	n05549576	axilla				different	7.0
1887	cheap	Low in price.	a00934199	cheap	a00934199	890.0	relatively low in price or charging low prices	same	0.0
1887	cheap	Low in price.	a00934199	inexpensive	a00934199	199.0	relatively low in price or charging low prices	same	0.0
1888	pair	Two similar or identical things taken together.	n07985223	brace	v01219993	143.0	support or hold steady and make steadfast, with or as if with a brace	different	5.0
1888	pair	Two similar or identical things taken together.	n07985223	pair	n07985223	1377.0	a set of two similar things considered as a unit	same	5.0
1889	arson	The crime of setting fire to a building or a property on purpose.	n00378296	arson	n00378296	37.0	malicious burning to destroy property	same	9.0
1889	arson	The crime of setting fire to a building or a property on purpose.	n00378296	fire-raising				different	9.0
1889	arson	The crime of setting fire to a building or a property on purpose.	n00378296	incendiarism				different	9.0
1890	believe	To be confident about something.	v00683280	believe	v00683280	5442.0	accept as true; take to be true	same	3.0
1892	touch	To be in physical contact with.	v01206218	touch	v01206218	2639.0	make physical contact with, come in contact with	same	0.0
1895	clothes	All coverings designed to be worn on a person's body.	n02728440	apparel	n02728440	60.0	clothing in general	same	7.0
1895	clothes	All coverings designed to be worn on a person's body.	n02728440	clothes				different	7.0
1895	clothes	All coverings designed to be worn on a person's body.	n02728440	dress	n03236735	1756.0	a one-piece garment for a woman; has skirt and bodice	different	7.0
1897	help	To give assistance or aid to.	v02547586	aid	n01207609	670.0	the activity of contributing to the fulfillment of a need or furtherance of an effort or purpose	different	1.0
1897	help	To give assistance or aid to.	v02547586	assist	v02547586	368.0	give help or assistance; be of service	same	1.0
1897	help	To give assistance or aid to.	v02547586	help	v02547586	10760.0	give help or assistance; be of service	same	1.0
1899	mad	Mentally ill.	a02075321	brainsick				different	0.0
1899	mad	Mentally ill.	a02075321	crazy	s02075321	919.0	affected with madness or insanity	different	0.0
1899	mad	Mentally ill.	a02075321	demented	s02075321	14.0	affected with madness or insanity	different	0.0
1899	mad	Mentally ill.	a02075321	disturbed	s02457167	44.0	afflicted with or marked by anxious uneasiness or trouble or grief	different	0.0
1899	mad	Mentally ill.	a02075321	mad	s00115193	577.0	roused to anger; - Mark Twain	different	0.0
1899	mad	Mentally ill.	a02075321	sick	a02541302	1073.0	affected by an impairment of normal physical or mental function	different	0.0
1899	mad	Mentally ill.	a02075321	unbalanced	a00894757	47.0	being or thrown out of equilibrium	different	0.0
1899	mad	Mentally ill.	a02075321	unhinged	s02075321	10.0	affected with madness or insanity	different	0.0
1901	shovel	A tool consisting of a stick (usually out of wood) and a bigger, slightly humped surface (usually out of metal), which is used to move material such as earth, snow, grain, etc. from one place to another.	n04208210	shovel	n04208210	234.0	a hand tool for lifting loose material; consists of a curved container or scoop and a handle	same	9.0
1902	betray	To harm someone or hurt their feelings by violating their trust or being disloyal to them.	v01799235	betray	v02537407	179.0	deliver to an enemy by treachery	different	3.0
1902	betray	To harm someone or hurt their feelings by violating their trust or being disloyal to them.	v01799235	fail	v02529284	1245.0	fail to do something; leave something undone	different	3.0
1903	swelling	Abnormal protuberance or localized enlargement.	n14315192	lump	n09307300	219.0	a large piece of something without definite shape	different	5.0
1903	swelling	Abnormal protuberance or localized enlargement.	n14315192	puffiness	n14315192	4.0	an abnormal protuberance or localized enlargement	same	5.0
1903	swelling	Abnormal protuberance or localized enlargement.	n14315192	swelling	n14315192	92.0	an abnormal protuberance or localized enlargement	same	5.0
1905	eagle	Any of several large carnivorous birds in the family Accipitridae, having a powerful hooked bill and keen vision.	n01613294	eagle	n01613294	171.0	any of various large keen-sighted diurnal birds of prey noted for their broad wings and strong soaring flight	same	11.0
1906	sour	Having an acid, sharp or tangy taste.	a02368787	sour	a02368787	149.0	having a sharp biting taste	same	0.0
1909	shake	To cause (something) to move rapidly from side to side.	v00559556	shake	v01889610	3553.0	move or cause to move back and forth	different	1.0
1910	stingray	Any of various large, venomous rays, of the orders Rajiformes and Myliobatiformes, having a barbed, whiplike tail.	n01498041	stingray	n01498041	16.0	large venomous ray with large barbed spines near the base of a thin whiplike tail capable of inflicting severe wounds	same	14.0
1913	press	To apply pressure to an item.	v01447257	press	v01447257	1618.0	exert pressure or force to or upon	same	1.0
1914	debt	Something owed to someone else.	n13397174	debt	n13397174	962.0	money or goods or services owed by one person to another	same	5.0
1915	fir	An evergreen coniferous tree of the genus Abies.	n11620673	fir	n11620673	48.0	any of various evergreen trees of the genus Abies; chiefly of upland areas	same	12.0
1916	gill	The breathing organ of fish and other aquatic animals.	n02510769	branchia				different	8.0
1916	gill	The breathing organ of fish and other aquatic animals.	n02510769	gill	n02510769	40.0	respiratory organ of aquatic animals that breathe oxygen dissolved in water	same	8.0
1917	tie	To establish connection between two or more things.	v01285440	bind	v00885217	522.0	bind by an obligation; cause to be indebted	different	3.0
1917	tie	To establish connection between two or more things.	v01285440	tie	v01285440	1072.0	fasten or secure with a rope, string, or cord	same	3.0
1920	dream (something)	To experience while sleeping.	v02118242	dream	n05768553	1610.0	a series of mental images and emotions occurring during sleep	different	1.0
1921	plough	To use a plough on to prepare for planting.	v01741864	plough	n03967562	10.0	a farm tool having one or more heavy blades to break the soil and cut a furrow prior to sowing	different	4.0
1921	plough	To use a plough on to prepare for planting.	v01741864	plow	v02096853	119.0	move in a way resembling that of a plow cutting into or going through the soil	different	4.0
1921	plough	To use a plough on to prepare for planting.	v01741864	turn	v01907258	11193.0	change orientation or direction, also in the abstract sense	different	4.0
1922	land (descend)	To descend to a surface, especially from the air.	v01981436	land	n13250048	1211.0	the land on which real estate is located	different	1.0
1922	land (descend)	To descend to a surface, especially from the air.	v01981436	shore	n09433442	740.0	the land along the edge of a body of water	different	1.0
1923	rough	Having a texture that has much friction. Not smooth.	a02238462	rough	a02238462	452.0	having or caused by an irregular surface	same	0.0
1923	rough	Having a texture that has much friction. Not smooth.	a02238462	unsmooth				different	0.0
1926	ointment	A semisolid preparation intended for external application to the skin or mucous membranes. (source: UMLS)	n03845550	balm	n14896923	20.0	any of various aromatic resinous substances used for healing and soothing	different	7.0
1926	ointment	A semisolid preparation intended for external application to the skin or mucous membranes. (source: UMLS)	n03845550	ointment	n03845550	29.0	semisolid preparation (usually containing a medicine) applied externally as a remedy or for soothing an irritation	same	7.0
1926	ointment	A semisolid preparation intended for external application to the skin or mucous membranes. (source: UMLS)	n03845550	salve	n03845550	32.0	semisolid preparation (usually containing a medicine) applied externally as a remedy or for soothing an irritation	same	7.0
1926	ointment	A semisolid preparation intended for external application to the skin or mucous membranes. (source: UMLS)	n03845550	unction	n01041674	1.0	anointing as part of a religious ceremony or healing ritual	different	7.0
1926	ointment	A semisolid preparation intended for external application to the skin or mucous membranes. (source: UMLS)	n03845550	unguent	n03845550	4.0	semisolid preparation (usually containing a medicine) applied externally as a remedy or for soothing an irritation	same	7.0
1927	bamboo	A group of woody perennial evergreen plants in the true grass family Poaceae, subfamily Bambusoideae, tribe Bambuseae.	n12147539	bamboo	n12147539	95.0	the hard woody stems of bamboo plants; used in construction and crafts and fishing poles	same	7.0
1928	cease	To have an end, in a temporal, spatial, or quantitative sense; either spatial or metaphorical.	v02609764	cease	v02680814	357.0	put an end to a state or an activity	different	0.0
1928	cease	To have an end, in a temporal, spatial, or quantitative sense; either spatial or metaphorical.	v02609764	end	v02609764	3613.0	have an end, in a temporal, spatial, or quantitative sense; either spatial or metaphorical	same	0.0
1928	cease	To have an end, in a temporal, spatial, or quantitative sense; either spatial or metaphorical.	v02609764	finish	v00484166	2531.0	come or bring to a finish or an end	different	0.0
1928	cease	To have an end, in a temporal, spatial, or quantitative sense; either spatial or metaphorical.	v02609764	stop	v02680814	4078.0	put an end to a state or an activity	different	0.0
1928	cease	To have an end, in a temporal, spatial, or quantitative sense; either spatial or metaphorical.	v02609764	terminate	v00352826	65.0	bring to an end or halt	different	0.0
1929	study	To follow a course of study; to be enrolled at an institute of learning.	v00607114	study	n00644503	3607.0	a detailed critical inspection	different	1.0
1931	beeswax	A yellowish or dark brown wax secreted by honeybees for constructing honeycombs.	n15094824	beeswax	n15094824	27.0	a yellow to brown wax secreted by honeybees to build honeycombs	same	7.0
1932	guess	To suppose, to estimate or to make a surmise.	v00672433	approximate	s00915976	43.0	not quite exact or correct	different	3.0
1932	guess	To suppose, to estimate or to make a surmise.	v00672433	estimate	v00672433	981.0	judge tentatively or form an estimate of (quantities or time)	same	3.0
1932	guess	To suppose, to estimate or to make a surmise.	v00672433	gauge	v00672433	116.0	judge tentatively or form an estimate of (quantities or time)	same	3.0
1932	guess	To suppose, to estimate or to make a surmise.	v00672433	guess	v00631737	2069.0	expect, believe, or suppose	different	3.0
1932	guess	To suppose, to estimate or to make a surmise.	v00672433	judge	n10225219	1125.0	a public official authorized to decide questions brought before a court of justice	different	3.0
1934	beggar	A person who begs.	n09847010	beggar	n09847010	56.0	a pauper who lives by begging	same	7.0
1934	beggar	A person who begs.	n09847010	mendicant	n10111903	2.0	a male member of a religious order that originally relied solely on alms	different	7.0
1936	deer	The common name for 41 species of even-toed ungulates that compose the family Cervidae in the order Artiodactyla; males have antlers.	n02430045	cervid	n02430045	1.0	distinguished from Bovidae by the male's having solid deciduous antlers	same	14.0
1936	deer	The common name for 41 species of even-toed ungulates that compose the family Cervidae in the order Artiodactyla; males have antlers.	n02430045	deer	n02430045	811.0	distinguished from Bovidae by the male's having solid deciduous antlers	same	14.0
1938	fortress	A fortified place; a large and permanent fortification, sometimes including a town.	n03386011	fort	n03420559	153.0	a fortified military post where troops are stationed	different	7.0
1938	fortress	A fortified place; a large and permanent fortification, sometimes including a town.	n03386011	fortress	n03386011	137.0	a fortified defensive structure	same	7.0
1939	swear	To declare or affirm solemnly and formally as true.	v00889947	swear	v01011031	457.0	to declare or affirm solemnly and formally as true	different	6.0
1940	guard	A person who protects or watches over something.	n10150071	guard	n10150071	1279.0	a person who keeps watch over something or someone	same	6.0
1941	soldier	A person who is actively engaged in battle, conflict or warfare.	n10622053	soldier	n10622053	2624.0	an enlisted man or woman who serves in an army	same	8.0
1942	near	Not far distant in time or space or degree or circumstances.	r00409709	close	r00409709	2993.0	near in time or place or relationship	same	0.0
1942	near	Not far distant in time or space or degree or circumstances.	r00409709	near	a00444519	877.0	not far distant in time or space or degree or circumstances	different	0.0
1942	near	Not far distant in time or space or degree or circumstances.	r00409709	nigh	a00444519	6.0	not far distant in time or space or degree or circumstances	different	0.0
1945	idol	A representation of a deity, notably a statue or a statuette.	n03560161	god	n09505418	536.0	any supernatural being worshipped as controlling some part of the world or some aspect of life or who is the personification of a force	different	8.0
1945	idol	A representation of a deity, notably a statue or a statuette.	n03560161	idol	n10198437	71.0	someone who is adored blindly and excessively	different	8.0
1948	saw	A tool with a toothed blade used for cutting hard substances, in particular wood or metal.	n04140064	saw	n03996145	186.0	a power tool for cutting wood	different	9.0
1950	beech	Any tree of the genus Fagus, of temperate regions, having a smooth gray bark and bearing small, edible, triangular nuts.	n12260799	beech	n12260799	19.0	any of several large deciduous trees with rounded spreading crowns and smooth grey bark and small sweet edible triangular nuts enclosed in burs; north temperate regions	same	10.0
1957	goiter	Enlargement of the thyroid gland.	n14199477	goiter	n14199477	4.0	abnormally enlarged thyroid gland; can result from underproduction or overproduction of hormone or from a deficiency of iodine in the diet	same	10.0
1957	goiter	Enlargement of the thyroid gland.	n14199477	goitre				different	10.0
1957	goiter	Enlargement of the thyroid gland.	n14199477	struma				different	10.0
1957	goiter	Enlargement of the thyroid gland.	n14199477	thyromegaly				different	10.0
1958	unripe	That is not yet ripe (edible fruit), usually hard and sour.	a01493897	green	s00375969	3642.0	of the color between blue and yellow in the color spectrum; similar to the color of fresh grass	different	0.0
1958	unripe	That is not yet ripe (edible fruit), usually hard and sour.	a01493897	immature	a01492394	43.0	characteristic of a lack of maturity	different	0.0
1958	unripe	That is not yet ripe (edible fruit), usually hard and sour.	a01493897	unripe	a01493897	1.0	not fully developed or mature; not ripe	same	0.0
1958	unripe	That is not yet ripe (edible fruit), usually hard and sour.	a01493897	unripened	a01493897	1.0	not fully developed or mature; not ripe	same	0.0
1959	raw	That has not been cooked (food).	a00619433	raw	s01952643	322.0	(used especially of commodities) being unprocessed or manufactured using only simple or minimal processes	different	0.0
1961	necklace	An article of jewelry that is worn around the neck.	n03814906	necklace	n03814906	312.0	jewelry consisting of a cord or chain (often bearing gems) worn about the neck as an ornament (especially by women)	same	8.0
1963	immediately	In an immediate manner; instantly or without delay.	r00048739	directly	r00504281	875.0	without anyone or anything intervening	different	0.0
1963	immediately	In an immediate manner; instantly or without delay.	r00048739	forthwith	r00048739	7.0	without delay or hesitation; with no time intervening	same	0.0
1963	immediately	In an immediate manner; instantly or without delay.	r00048739	immediately	r00048739	2129.0	without delay or hesitation; with no time intervening	same	0.0
1963	immediately	In an immediate manner; instantly or without delay.	r00048739	instantly	r00048739	455.0	without delay or hesitation; with no time intervening	same	0.0
1963	immediately	In an immediate manner; instantly or without delay.	r00048739	now	r00049433	18752.0	in the historical present; at this point in the narration of a series of past events	different	0.0
1963	immediately	In an immediate manner; instantly or without delay.	r00048739	straightaway	n04331126	27.0	a straight segment of a roadway or racecourse	different	0.0
1966	bunch	A group of things fastened or growing together.	n07959943	bunch	n08273843	278.0	an informal body of friends	different	5.0
1966	bunch	A group of things fastened or growing together.	n07959943	clump	n07961016	125.0	a compact mass	different	5.0
1966	bunch	A group of things fastened or growing together.	n07959943	cluster	n07959943	514.0	a grouping of a number of similar things	same	5.0
1966	bunch	A group of things fastened or growing together.	n07959943	clustering	n07959943	7.0	a grouping of a number of similar things	same	5.0
1970	canoe	A light narrow boat driven by a paddle.	n02951358	canoe	n02951358	173.0	small and light boat; pointed at both ends; propelled with a paddle	same	12.0
1971	fan (object)	A device for creating a current of air by movement of a surface or surfaces. (WN:360)	n03320046	fan	n10639925	1329.0	an enthusiastic devotee of sports	different	7.0
1972	young goat (kid)	A young goat.	n02416820	kid	n09917593	7544.0	a young person of either sex	different	16.0
1973	demon	Evil spirit or person that is wicked or cruel in their actions.	n09542339	daemon	n09506216	4.0	a person who is part mortal and part god	different	9.0
1973	demon	Evil spirit or person that is wicked or cruel in their actions.	n09542339	daimon	n09542339	11.0	an evil supernatural being	same	9.0
1973	demon	Evil spirit or person that is wicked or cruel in their actions.	n09542339	demon	n09542339	582.0	an evil supernatural being	same	9.0
1973	demon	Evil spirit or person that is wicked or cruel in their actions.	n09542339	devil	n09543353	390.0	(Judeo-Christian and Islamic religions) chief spirit of evil and adversary of God; tempter of mankind; master of Hell	different	9.0
1973	demon	Evil spirit or person that is wicked or cruel in their actions.	n09542339	fiend	n10329945	33.0	a cruel wicked and inhuman person	different	9.0
1974	centipede	Any of various flattened, wormlike arthropods of the class Chilopoda, whose bodies are divided into many segments, each with one pair of legs.	n1784675	centipede	n01784675	20.0	chiefly nocturnal predacious arthropod having a flattened body of 15 to 173 segments each with a pair of legs, the foremost pair being modified as prehensors	different	9.0
1977	dew	Atmospheric moisture that condenses after a warm day and appears during the night on cool surfaces as small drops.	n14834132	dew	n14834132	76.0	water that has condensed on a cool surface overnight from water vapor in the air	same	8.0
1979	chisel	A tool with a cutting edge at the end.	n03020692	chisel	v01259328	74.0	carve with a chisel	different	11.0
1981	widower	A man whose spouse has died.	n10780506	widower	n10780506	58.0	a man whose wife is dead especially one who has not remarried	same	6.0
1981	widower	A man whose spouse has died.	n10780506	widowman				different	6.0
1982	whirlpool	A rapidly rotating body of water.	n07433145	maelstrom	n07433145	27.0	a powerful circular current of water (usually the result of conflicting tides)	same	9.0
1982	whirlpool	A rapidly rotating body of water.	n07433145	vortex	n07433145	34.0	a powerful circular current of water (usually the result of conflicting tides)	same	9.0
1982	whirlpool	A rapidly rotating body of water.	n07433145	whirlpool	n07433145	26.0	a powerful circular current of water (usually the result of conflicting tides)	same	9.0
1983	snore	To make a noise during sleep by vibration of soft respiratory tissues (soft palate, base of the tongue and pharyngeal walls), particularly during inhalation.	v00017031	snore	v00017031	159.0	breathe noisily during one's sleep	same	1.0
1989	calf	Young cattle.	n01887896	calf	n05574332	177.0	the muscular back part of the shank	different	9.0
1991	intestines	The alimentary canal of an animal or human through which food passes after having passed all stomachs.	n05534333	bowel	n05534333	137.0	the part of the alimentary canal between the stomach and the anus	same	7.0
1991	intestines	The alimentary canal of an animal or human through which food passes after having passed all stomachs.	n05534333	gut	n05534333	598.0	the part of the alimentary canal between the stomach and the anus	same	7.0
1991	intestines	The alimentary canal of an animal or human through which food passes after having passed all stomachs.	n05534333	intestine	n05534333	78.0	the part of the alimentary canal between the stomach and the anus	same	7.0
1992	more	[Used in forming the comparative form of many adjectives and almost all comparable adverbs.]	a01556355	more	r00099341	19983.0	used to form the comparative of some adjectives and adverbs	different	0.0
1994	collarbone	Bone linking the scapula and sternum.	n05274105	clavicle	n05274105	26.0	bone linking the scapula and sternum	same	9.0
1994	collarbone	Bone linking the scapula and sternum.	n05274105	collarbone	n05274105	53.0	bone linking the scapula and sternum	same	9.0
1997	preserve	To protect; to keep; to maintain the condition of.	v02280132	conserve	v02280132	53.0	keep in safety and protect from harm, decay, loss, or destruction	same	2.0
1997	preserve	To protect; to keep; to maintain the condition of.	v02280132	maintain	v02681795	842.0	keep in a certain state, position, or activity; e.g.,	different	2.0
1997	preserve	To protect; to keep; to maintain the condition of.	v02280132	preserve	v02280132	285.0	keep in safety and protect from harm, decay, loss, or destruction	same	2.0
1998	command	To order someone or several persons by a superior authority to do something.	v751567	command	n07168131	301.0	an authoritative direction or instruction to do something	different	8.0
1998	command	To order someone or several persons by a superior authority to do something.	v751567	require	v02627934	2990.0	require as useful, just, or proper	different	8.0
2001	painting	To make a painting or drawing.	v01362736	paint	v01362736	1143.0	apply paint to; coat with paint	same	2.0
2002	ditch	A long, narrow excavation artificially dug in the ground; especially an open and usually unpaved waterway, channel, or trench for conveying water for drainage or irrigation, and usually smaller than a canal. Some ditches may be natural watercourses.	n03214253	ditch	n03214253	237.0	a long narrow excavation in the earth	same	6.0
2003	flow	To move as a fluid from one position to another (e.g. of water or of people).	v02066939	course	r00038625	2785.0	as might be expected	different	1.0
2003	flow	To move as a fluid from one position to another (e.g. of water or of people).	v02066939	feed	v01178565	851.0	give food to	different	1.0
2003	flow	To move as a fluid from one position to another (e.g. of water or of people).	v02066939	flow	v02066510	445.0	move or progress freely as if in a stream	different	1.0
2003	flow	To move as a fluid from one position to another (e.g. of water or of people).	v02066939	run	v01926311	4322.0	move fast by using one's feet, with one foot off the ground at any given time	different	1.0
2004	bend	Movement that causes the formation of a curve.	v01280014	bend	v02062632	464.0	bend one's back forward from the waist on down	different	2.0
2004	bend	Movement that causes the formation of a curve.	v01280014	deform	v00476744	12.0	alter the shape of (something) by stress	different	2.0
2004	bend	Movement that causes the formation of a curve.	v01280014	flex	v02036977	81.0	contract	different	2.0
2004	bend	Movement that causes the formation of a curve.	v01280014	turn	v01907258	11193.0	change orientation or direction, also in the abstract sense	different	2.0
2004	bend	Movement that causes the formation of a curve.	v01280014	twist	v01868370	476.0	to move in a twisting or contorted motion, (especially when struggling)	different	2.0
2007	bolt (of lightning)	A sudden, short, temporary burst of light.	n11519121	bolt	v01966039	155.0	move or jump suddenly	different	9.0
2007	bolt (of lightning)	A sudden, short, temporary burst of light.	n11519121	thunderbolt	n11519121	21.0	a discharge of lightning accompanied by thunder	same	9.0
2008	rescue	To free from harm or evil.	v02551144	deliver	v01438304	1117.0	bring to a destination, make a delivery	different	1.0
2008	rescue	To free from harm or evil.	v02551144	rescue	v02551144	449.0	free from harm or evil	same	1.0
2009	dog	A common four-legged animal, especially kept by people as a pet or to hunt or guard things.	n02084071	dog	n02084071	4890.0	a member of the genus Canis (probably descended from the common wolf) that has been domesticated by man since prehistoric times; occurs in many breeds	same	8.0
2012	collar	The part of a garment that encircles the neck.	n03068181	collar	n03068181	664.0	a band that fits around the neck and is usually folded over	same	7.0
2012	collar	The part of a garment that encircles the neck.	n03068181	neckband	n03814528	2.0	a band around the collar of a garment	different	7.0
2013	bait	Anything that serves as an enticement.	n02776205	bait	n05695232	210.0	anything that serves as an enticement	different	7.0
2013	bait	Anything that serves as an enticement.	n02776205	decoy	n09995573	39.0	a beguiler who leads someone into danger (usually as part of a plot)	different	7.0
2013	bait	Anything that serves as an enticement.	n02776205	lure	v00782527	314.0	provoke someone to do something through (often false or exaggerated) promises or persuasion	different	7.0
2017	mix	To mix together different elements.	v00184117	mix	v01462005	803.0	to bring or combine together or with something else	different	4.0
2018	greedy	Excessively desirous of money, wealth or possessions.	a00029933	avaricious	s00029933	4.0	immoderately desirous of acquiring e.g. wealth	different	0.0
2018	greedy	Excessively desirous of money, wealth or possessions.	a00029933	covetous	s00888765	3.0	showing extreme cupidity; painfully desirous of another's advantages	different	0.0
2018	greedy	Excessively desirous of money, wealth or possessions.	a00029933	grabby	s00029933	4.0	immoderately desirous of acquiring e.g. wealth	different	0.0
2018	greedy	Excessively desirous of money, wealth or possessions.	a00029933	grasping	n00812274	9.0	the act of gripping something firmly with the hands (or the tentacles)	different	0.0
2018	greedy	Excessively desirous of money, wealth or possessions.	a00029933	greedy	s00029933	121.0	immoderately desirous of acquiring e.g. wealth	different	0.0
2018	greedy	Excessively desirous of money, wealth or possessions.	a00029933	prehensile	a00128882	8.0	adapted for grasping especially by wrapping around an object	different	0.0
2020	plaintiff	One who commences a legal process by a complaint.	n10437852	complainant	n10437852	7.0	a person who brings an action in a court of law	same	6.0
2020	plaintiff	One who commences a legal process by a complaint.	n10437852	plaintiff	n10437852	214.0	a person who brings an action in a court of law	same	6.0
2022	admit	To admit to be true.	v00817311	acknowledge	v00817311	552.0	declare to be true or admit the existence or reality or truth of	same	3.0
2022	admit	To admit to be true.	v00817311	admit	v00817311	2110.0	declare to be true or admit the existence or reality or truth of	same	3.0
2023	crowd	A large group of people.	n08182379	crowd	n08182379	2360.0	a large number of things or people considered together	same	5.0
2024	plot	Agreement on a secret plot.	n05907682	game	n00455599	3184.0	a contest with rules to determine a winner	different	9.0
2024	plot	Agreement on a secret plot.	n05907682	plot	n06373314	245.0	the story that is told in a novel or play or movie etc.	different	9.0
2118	mountain or hill	A small or big rise in the surface of the earth.	n09303008	hill	n09303008	1773.0	a local and well-defined elevation of the land	same	5.0
2125	stone or rock	A naturally occurring solid aggregate of one or more minerals or mineraloids.	n09416076	rock	n09416076	2089.0	a lump or mass of hard consolidated mineral matter	same	5.0
2125	stone or rock	A naturally occurring solid aggregate of one or more minerals or mineraloids.	n09416076	stone	n04326084	1041.0	building material consisting of a piece of rock hewn in a definite shape for a special purpose	different	5.0
2130	headgear	Any element of clothing which is worn on one's head.	n3502509	headdress	n03502509	49.0	clothing for the head	different	7.0
2130	headgear	Any element of clothing which is worn on one's head.	n3502509	headgear	n03502509	12.0	clothing for the head	different	7.0
2131	torch or lamp	Any portable device that produces light.	n04456115	torch	n04456115	238.0	a light usually carried in the hand; consists of some flammable substance	same	9.0
2132	sickle or scythe	Any portable tool that is used to cut grass or cereal crops in agriculture.	n04158250	scythe	n04158250	41.0	an edge tool for cutting grass; has a long handle that must be held with both hands and a curved blade that moves parallel to the ground	same	11.0
2133	strike or beat	To hit or strike, either repeatedly or a single time.	v01398919	beat	v01101913	1453.0	come out better in a competition, race, or conflict	different	2.0
2135	trade or barter	To exchange goods with or without exchanging money.	v02259241	barter	v02259241	26.0	exchange goods without involving money	same	2.0
2136	brass instrument (horn or trumpet)	Any musical instrument that is a member of the brass family of musical instruments, usually a horn or a trumpet.	n03110669	cornet	n03110669	6.0	a brass musical instrument with a brilliant tone; has a narrow tube and a flared bell and is played by means of valves	same	10.0
2136	brass instrument (horn or trumpet)	Any musical instrument that is a member of the brass family of musical instruments, usually a horn or a trumpet.	n03110669	horn	n03537085	179.0	a noisemaker (as at parties or games) that makes a loud noise when you blow through it	different	10.0
2136	brass instrument (horn or trumpet)	Any musical instrument that is a member of the brass family of musical instruments, usually a horn or a trumpet.	n03110669	trump	v01109259	62.0	get the better of	different	10.0
2136	brass instrument (horn or trumpet)	Any musical instrument that is a member of the brass family of musical instruments, usually a horn or a trumpet.	n03110669	trumpet	n03110669	129.0	a brass musical instrument with a brilliant tone; has a narrow tube and a flared bell and is played by means of valves	same	10.0
2137	magician	A person who practices magic.	n10625860	magician	n10280674	117.0	someone who performs magic tricks to amuse an audience	different	5.0
2137	magician	A person who practices magic.	n10625860	necromancer	n10351152	4.0	one who practices divination by conjuring up the dead	different	5.0
2137	magician	A person who practices magic.	n10625860	sorcerer	n10625860	82.0	one who practices magic or sorcery	same	5.0
2137	magician	A person who practices magic.	n10625860	thaumaturge	n10625860	11.0	one who practices magic or sorcery	same	5.0
2137	magician	A person who practices magic.	n10625860	thaumaturgist				different	5.0
2137	magician	A person who practices magic.	n10625860	wizard	n10625860	255.0	one who practices magic or sorcery	same	5.0
2139	muroid (mouse or rat)	A large superfamily of rodents, including hamsters, gerbils, true mice and rats, and many other relatives.	n02331046	rat	n02331046	452.0	any of various long-tailed rodents similar to but larger than a mouse	same	12.0
2144	spring or well	A natural or human-made source of fresh water.	n04572344	well	r00011093	9116.0	(often used as a combining form) in a good or proper or satisfactory manner or to a high standard (`good' is a nonstandard dialectal variant for `well')	different	6.0
2146	roast or fry	Preparing food by exposing it to open fire or to hot fat.	v00325328	fry	v00325328	398.0	cook on a hot surface using fat	same	3.0
2249	thin (of shape of object)	Being narrow (of flat or long objects).	a2412164	thin	a02412164	1002.0	of relatively small extent from one surface to the opposite or in cross section	different	0.0
2252	path	A narrow piece of ground that people can walk along.	n9387222	course	r00038625	2785.0	as might be expected	different	5.0
2252	path	A narrow piece of ground that people can walk along.	n9387222	path	n03899328	957.0	a way especially designed for a particular use	different	5.0
2252	path	A narrow piece of ground that people can walk along.	n9387222	track	n09387222	722.0	a line or route along which something travels or moves	different	5.0
2253	drip (emit liquid)	To emit drops of liquid.	v02071142	drip	v02071142	276.0	fall in drops	same	2.0
2254	father-in-law (of woman)	The father-in-law of a woman.	n10082043	father-in-law				different	6.0
2255	father-in-law (of man)	The father-in-law of a man.	n10082043	father-in-law				different	6.0
2256	mother-in-law (of woman)	The mother-in-law of a woman.	n10333317	mother-in-law				different	6.0
2257	mother-in-law (of man)	The mother-in-law of a man.	n10333317	mother-in-law				different	6.0
2259	flesh	The soft substance in the body of living things.	n05268112	flesh	n05268112	891.0	the soft tissue of the body of a vertebrate: mainly muscle tissue and fat	same	7.0
2260	female (of person)	Relating to the female sex of humans.	a01478182	female	a01477806	1255.0	being the sex (of plant or animal) that produces fertilizable gametes (ova) from which offspring develop	different	0.0
2261	male (of person)	Relating to the male sex of humans.	a01477077	male	a01476685	833.0	being the sex (of plant or animal) that produces gametes (spermatozoa) that perform the fertilizing function in generation	different	0.0
2262	female (of animal)	Relating to the female sex of animals (adjective).	a01477806	female	a01477806	1255.0	being the sex (of plant or animal) that produces fertilizable gametes (ova) from which offspring develop	same	0.0
2263	male (of animal)	Relating to the male sex of animals.	a01476685	male	a01476685	833.0	being the sex (of plant or animal) that produces gametes (spermatozoa) that perform the fertilizing function in generation	same	0.0
2264	daughter-in-law (of woman)	The daughter-in-law of a woman.	n9993040	daughter-in-law				different	6.0
2265	daughter-in-law (of man)	The daughter-in-law of a man.	n9993040	daughter-in-law				different	6.0
2266	son-in-law (of woman)	The son-in-law of a woman.	n10624915	son-in-law				different	6.0
2267	son-in-law (of man)	The son-in-law of a man.	n10624915	son-in-law				different	6.0
2475	male goat	A male goat.	n.a.					different	
2648	hair (head)	The hair on the head of humans (rather than the hair in general or the hair on the body).	n5254795	hair	n05254795	8701.0	a covering for the body (or parts of it) consisting of a dense growth of threadlike structures (as on the human head); helps to prevent heat loss	different	7.0
2866	drop (something)	To let something fall down.	v1977701	drop	v01977701	1772.0	let fall to the ground	different	1.0
3072	misplace	To place something in a place where one cannot find it again or in a wrong place; to lose something.	v1503101	lose	v02287789	6031.0	fail to keep or to maintain; cease to have, either physically or in an abstract sense	different	2.0
3072	misplace	To place something in a place where one cannot find it again or in a wrong place; to lose something.	v1503101	mislay	v01503101	10.0	place (something) where one cannot find it again	different	2.0
3072	misplace	To place something in a place where one cannot find it again or in a wrong place; to lose something.	v1503101	misplace	v01501793	42.0	place or position wrongly; put in the wrong position	different	2.0
3137	oar	A pole with a blade at one end, and with the other end attached to the boat via an oarlock or thole, used to row or steer a boat.	n3837422	oar	n03837422	95.0	an implement used to propel or steer a boat	different	7.0
3189	stab to death	To kill by stabbing with a knife.	n.a.					different	
3199	twist (around)	To wind something around something else.	v1868370	squirm	v01868370	196.0	to move in a twisting or contorted motion, (especially when struggling)	different	1.0
3199	twist (around)	To wind something around something else.	v1868370	twist	v01868370	476.0	to move in a twisting or contorted motion, (especially when struggling)	different	1.0
3199	twist (around)	To wind something around something else.	v1868370	worm	n01922303	357.0	any of numerous relatively small elongated soft-bodied animals especially of the phyla Annelida and Chaetognatha and Nematoda and Nemertea and Platyhelminthes; also many insect larvae	different	1.0
3199	twist (around)	To wind something around something else.	v1868370	wrestle	v01504699	159.0	engage in a wrestling match	different	1.0
3199	twist (around)	To wind something around something else.	v1868370	wriggle	v01868370	121.0	to move in a twisting or contorted motion, (especially when struggling)	different	1.0
3199	twist (around)	To wind something around something else.	v1868370	writhe	v01868370	120.0	to move in a twisting or contorted motion, (especially when struggling)	different	1.0
3206	elf or fairy	A mythical being similar to but distinct from human, related to nature, and usually with supernatural or magic powers.	n9540430	faerie	n09540430	27.0	a small being, human in form, playful and having magical powers	different	7.0
3206	elf or fairy	A mythical being similar to but distinct from human, related to nature, and usually with supernatural or magic powers.	n9540430	faery	n09540430	6.0	a small being, human in form, playful and having magical powers	different	7.0
3206	elf or fairy	A mythical being similar to but distinct from human, related to nature, and usually with supernatural or magic powers.	n9540430	fairy	n09540430	420.0	a small being, human in form, playful and having magical powers	different	7.0
3206	elf or fairy	A mythical being similar to but distinct from human, related to nature, and usually with supernatural or magic powers.	n9540430	fay	n09540430	11.0	a small being, human in form, playful and having magical powers	different	7.0
3206	elf or fairy	A mythical being similar to but distinct from human, related to nature, and usually with supernatural or magic powers.	n9540430	sprite	n09540430	22.0	a small being, human in form, playful and having magical powers	different	7.0
3210	knife (for eating)	A knife used while eating food.	n3623556	knife	n03623556	1097.0	edge tool used as a cutting instrument; has a pointed blade with a sharp edge and a handle	different	11.0
3217	tin or tinplate	A metallic element with symbol Sn or a thin sheet of steel coated with tin to prevent rusting.	n14658855	Sn				different	6.0
3217	tin or tinplate	A metallic element with symbol Sn or a thin sheet of steel coated with tin to prevent rusting.	n14658855	tin	n14658855	240.0	a silvery malleable metallic element that resists corrosion; used in many alloys and to coat other metals to prevent corrosion; obtained chiefly from cassiterite where it occurs as tin oxide	same	6.0
3223	branch or twig	A woody part of a tree arising from the trunk or from another branch.	n13163250	branch	n13163250	795.0	a division of a stem, or secondary stem arising from the main stem of a plant	same	8.0
3294	braid (verb) or weave (basket)	To braid together hair, threads, strings, twigs etc. in order to create a larger string-like object or to weave a basket or use similar techniques for creating other objects.	v1674717	braid	n05259512	197.0	a hairdo formed by braiding or twisting the hair	different	3.0
3294	braid (verb) or weave (basket)	To braid together hair, threads, strings, twigs etc. in order to create a larger string-like object or to weave a basket or use similar techniques for creating other objects.	v1674717	lace	n03631177	180.0	a delicate decorative fabric woven in an open web of symmetrical patterns	different	3.0
3294	braid (verb) or weave (basket)	To braid together hair, threads, strings, twigs etc. in order to create a larger string-like object or to weave a basket or use similar techniques for creating other objects.	v1674717	plait	n05259512	24.0	a hairdo formed by braiding or twisting the hair	different	3.0
3311	flowing body of water	A generic way to refer to a flowing body of water, for example used to refer to rivers, brooks, streams, creeks etc.	n9448361	stream	n09448361	513.0	a natural body of running water flowing on or under the earth	different	4.0
3311	flowing body of water	A generic way to refer to a flowing body of water, for example used to refer to rivers, brooks, streams, creeks etc.	n9448361	watercourse	n09448361	2.0	a natural body of running water flowing on or under the earth	different	4.0
3448	sieve or strain	To separate solids from each other by passing through a sieve or other straining device or to separate or isolate components from a liquid with the help of a filter.	v1460029	sieve	n04216634	26.0	a strainer for separating lumps from powdered material or grading particles	different	3.0
3448	sieve or strain	To separate solids from each other by passing through a sieve or other straining device or to separate or isolate components from a liquid with the help of a filter.	v1460029	sift	v01460029	106.0	separate by passing through a sieve or other straining device to separate out coarser elements	different	3.0
3448	sieve or strain	To separate solids from each other by passing through a sieve or other straining device or to separate or isolate components from a liquid with the help of a filter.	v1460029	strain	v01146051	267.0	to exert much effort or energy	different	3.0
3456	crawl or creep	To move using ones hands and knees or with one's belly touching the ground.	v1885845	crawl	v01885845	790.0	move slowly; in the case of people or animals with the body near the ground	different	1.0
3456	crawl or creep	To move using ones hands and knees or with one's belly touching the ground.	v1885845	creep	v01885845	374.0	move slowly; in the case of people or animals with the body near the ground	different	1.0
3457	headband or headdress	An cloth or strip of cloth worn on or around the head.	n3502042	headband	n03502042	43.0	a band worn around or over the head	different	7.0
