concepticon_id,name,description,pwn_synset,wordnet_gloss,wordnet_definition
965,world,The Earth with all its inhabitants and all things upon it.,NA,NA,NA
626,land,"A specified geographical tract of the Earth's surface including all its attributes, comprising its geology, superficial deposits, topography, hydrology, soils, flora and fauna, together with the results of past and present human activity, to the extent that these attributes exert a significant influence on the present and future land utilization. (Source: WHIT)",n09334396,land//dry land//earth//ground//solid ground//terra firma,"the solid part of the earth's surface; ""the plane turned away from the sea and moved back over land""; ""the earth shook for several minutes""; ""he dropped the logs on the ground"""
1228,earth (soil),The soft and loose material forming a great part of the Earth surface.,n09335240,land//ground//soil,"material in the top layer of the surface of the earth in which plants can grow (especially with reference to its quality or use); ""the land had never been plowed""; ""good agricultural soil"""
2,dust,Any kind of solid material divided in particles of very small size.,n14839846,dust,"fine powdery material such as dry earth or pollen that can be blown about in the air; ""the furniture was covered with dust"""
640,mud,"A mixture of clay and/or silt with water to form a plastic mass with a particle size preponderantly below 0.06 mm diameter. It is deposited in low-energy environments in lakes, estuaries and lagoons. It may also be deposited in deep-sea environments. (Source: WHIT)",n14956325,mud//clay,water soaked soil; soft wet earth
671,sand,"A loose material consisting of small mineral particles, or rock and mineral particles, distinguishable by the naked eye; grains vary from almost spherical to angular, with a diameter range from 1/16 to 2 millimeters.",n15019030,sand,a loose material consisting of grains of rock or coral
2118,mountain or hill,A small or big rise in the surface of the earth.,n09303008,hill,"a local and well-defined elevation of the land; ""they loved to roam the hills of West Virginia"""
618,precipice,"A very steep decline, typically found in the mountains or on shores.",n09398677,precipice,a very steep cliff
652,plain,"Level or rolling open land, usually at a low elevation.",n09393605,plain//field//champaign,"extensive tract of level open land; ""they emerged from the woods onto a vast open plain""; ""he longed for the fields of his youth"""
921,valley,"Any low-lying land bordered by higher ground; especially an elongate, relatively large, gently sloping depression of the Earth's surface, commonly situated between two mountains or between ranges of hills or mountains, and often containing a stream with an outlet.",n09468604,valley//vale,a long depression in the surface of the land that usually contains a river
622,island,"A land mass, especially one smaller than a continent, entirely surrounded by water.",n09316454,island,a land mass (smaller than a continent) that is surrounded by water
166,mainland,A large and continuous mass of land representing most of a region or a country but excluding outlying islands.,n09346120,mainland,the main land mass of a country or continent; as distinguished from an island or peninsula
113,shore,"The margin or shore of a river, lake, or ocean.",n09433442,shore,the land along the edge of a body of water
1155,cave,"1) An underground hollow with access from the ground surface or from the sea, often found in limestone areas and on rocky coastlines.2) A natural cavity, chamber or recess which leads beneath the surface of the earth, generally in a horizontal or obliquely inclined direction. It may be in the form of a passage or a gallery, its shape depending in part on the joint pattern or structure of the rock and partly on the type of process involved in its excavation. Thus, caves worn by subterranean rivers may be different in character from, and of considerably greater extent than, a sea-cave eroded by marine waves.3) A natural underground open space, generally with a connection to the surface and large enough for a person to enter. The most common type of cave is formed in a limestone by dissolution. (Source: CED /  WHIT /  BJGEO)",n09238926,cave,a geological formation consisting of an underground enclosure with access from the surface of the ground or from the sea
948,water,"Common liquid (H₂O) which forms rain, rivers, the sea, etc., and which makes up a large part of the bodies of organisms.",n07935504,water,"a liquid necessary for the life of most animals and plants; ""he asked for a drink of water"""
1474,sea,A body of salt water that is smaller than an ocean and generally in proximity to a continent.,n09426788,sea,a division of an ocean or a large body of salt water partially enclosed by land
259,rough (of sea),With large waves (of sea).,a00304949,boisterous//fierce//rough,"violently agitated and turbulent; ""boisterous winds and waves""; ""the fierce thunders roar me their music""- Ezra Pound; ""rough weather""; ""rough seas"""
1768,foam,A mass of adjacent small pockets of air or bubbles with solid or liquid boundaries.,n09282724,foam//froth,"a mass of small bubbles formed in or on a liquid; ""the beer had a thick head of foam"""
645,ocean,"The mass of water occupying all of the Earth's surface not occupied by land, but excluding all lakes and inland seas.",n09376198,ocean,a large body of water constituting a principal part of the hydrosphere
624,lake,"An enclosed body of water, usually but not necessarily fresh water, from which the sea is excluded.",n09328904,lake,a body of (usually fresh) water surrounded by land
663,bay,"An open, curving indentation made by the sea or a lake into a coastline.",n09215664,bay//embayment,an indentation of a shoreline larger than a cove but smaller than a gulf
623,lagoon,A body of water cut off from the open sea by coral reefs or sand bars.,n09328746,lagoon//laguna//lagune,a body of water cut off from a larger body by a reef of sand or coral
660,reef,"A line of rocks in the tidal zone of a coast, submerged at high water but partly uncovered at low water.",n09406793,reef,a submerged ridge of rock or coral near the surface of the water
1662,cape,A piece of land extending into water.,n09233715,cape//ness,a strip of land projecting into a body of water
978,wave,A disturbance in an fluid medium.,n07352190,wave//moving ridge,one of a series of ridges that moves across the surface of a liquid (especially across a large body of water)
891,tide,"The periodic rise and fall of the water resulting from gravitational interaction between the sun, moon and earth.",n07402519,tide,the periodic rise and fall of the sea level under the gravitational pull of the moon
1026,low tide,the tide at the point of maximum ebb.,n07402271,low tide//low water,the lowest (farthest) ebb of the tide
613,high tide,The level of water when the tide is at its highest level.,n07401960,high tide//high water//highwater,the tide when the water is highest
3311,flowing body of water,"A generic way to refer to a flowing body of water, for example used to refer to rivers, brooks, streams, creeks etc.",NA,NA,NA
1982,whirlpool,A rapidly rotating body of water.,n07433145,whirlpool//vortex//maelstrom,a powerful circular current of water (usually the result of conflicting tides)
2144,spring or well,A natural or human-made source of fresh water.,n04572344,well,a deep hole or shaft dug or drilled to obtain water or oil or gas or brine
1145,swamp,"A permanently waterlogged area in which there is often associated tree growth, e.g. mangroves in hot climates.",n09452395,swamp//swampland,low land that is seasonally flooded; has more woody plants than a marsh and better drainage than a bog
943,waterfall,A perpendicular or steep descent of the water of a stream.,n09475292,waterfall//falls,a steep descent of the water of a river
420,forest,"A vegetation community dominated by trees and other woody shrubs, growing close enough together that the tree tops touch or overlap, creating various degrees of shade on the forest floor.",n08438533,forest//wood//woods,the trees and other plants in a large densely wooded area
1803,wood,"The substance making up the central part of the trunk and branches of a tree. Used as a material for construction, to manufacture various items, etc. or as fuel.",n15098161,wood,the hard fibrous lignified substance under the bark of trees
2125,stone or rock,A naturally occurring solid aggregate of one or more minerals or mineraloids.,n09416076,rock//stone,"a lump or mass of hard consolidated mineral matter; ""he threw a rock at me"""
6,earthquake,"The violent shaking of the ground produced by deep seismic waves, originating from the epicentre.",n07428954,earthquake//quake//temblor//seism,shaking and vibration at the surface of the earth resulting from underground movement along a fault plane of from volcanic activity
1732,sky,"The part of the earth's atmosphere and space outside it that is visible from earth's surface. During the day it is perceived as blue, and at night as black.",n09436708,sky,the atmosphere and outer space as viewed from the earth
1343,sun,"The particular star at the centre of our solar system, from which the Earth gets light and heat.",n09450163,sun//Sun,"the star that is the source of light and heat for the planets in the solar system; ""the sun contains 99.85% of the mass in the solar system""; ""the Earth revolves around the Sun"""
1313,moon,A natural satellite of a planet.,n09358358,Moon//moon,"the natural satellite of the Earth; ""the average distance to the Moon is 384,400 kilometers""; ""men first stepped on the moon in 1969"""
1430,star,A luminous celestial body that is made from gases (particularly hydrogen and helium) and forms the shape of a sphere.,n09444783,star,any celestial body visible (as a point of light) from the Earth at night
1654,lightning,The flash of light caused by the discharge of atmospheric electrical charge.,n11475279,lightning,abrupt electric discharge from cloud to cloud or from cloud to earth accompanied by the emission of light
1150,thunder,Sound produced by fast air expansion induced by a lightning.,n07397355,thunder,a booming or crashing noise caused by air expanding along the path of a bolt of lightning
2007,bolt (of lightning),"A sudden, short, temporary burst of light.",n11519121,thunderbolt//bolt//bolt of lightning,a discharge of lightning accompanied by thunder
858,storm,An atmospheric disturbance involving perturbations of the prevailing pressure and wind fields on scales ranging from tornadoes to extratropical cyclones; also the associated weather and the like. (Source: MGH),n11462526,storm//violent storm,a violent weather condition with winds 64-72 knots (11 on the Beaufort scale) and precipitation and thunder and lightning
1733,rainbow,A multicoloured arc in the sky caused by the refraction of light within droplets of rain in the air.,n09403427,rainbow,an arc of colored light in the sky caused by refraction of the sun's rays by rain
630,light (radiation),Electromagnetic radiation that is capable of causing a visual sensation. (Source: CED),n05018103,luminosity//brightness//brightness level//luminance//luminousness//light,"the quality of being luminous; emitting or reflecting light; ""its luminosity is measured relative to that of our sun"""
11,darkness,Absence of light.,n13983515,dark//darkness,absence of light or illumination
1388,shade,"Darkness, where light (particularly sunlight) is blocked.",n13984944,shadow,shade within clear boundaries
1977,dew,Atmospheric moisture that condenses after a warm day and appears during the night on cool surfaces as small drops.,n14834132,dew,"water that has condensed on a cool surface overnight from water vapor in the air; ""in the morning the grass was wet with dew"""
27,air,A predominantly mechanical mixture of a variety of individual gases forming the earth's enveloping atmosphere.,n14841267,air,"a mixture of gases (especially oxygen) required for breathing; the stuff that the wind consists of; ""air pollution""; ""a smell of chemicals in the air""; ""open a window and let in some air""; ""I need some fresh air"""
960,wind,"The motion of air relative to the earth's surface; usually means horizontal air motion, as distinguished from vertical motion.",n11525955,wind//air current//current of air,"air moving (sometimes with considerable force) from an area of high pressure to an area of low pressure; ""trees bent under the fierce winds""; ""when there is no wind, row""; ""the radioactivity was being swept upwards by the air current and out into the atmosphere"""
1489,cloud,Suspensions of minute water droplets or ice crystals produced by the condensation of water vapour.,n09247410,cloud,a visible mass of water or ice particles suspended at a considerable altitude
249,fog,"Water droplets or, rarely, ice crystals suspended in the air in sufficient concentration to reduce visibility appreciably.",n11458314,fog,droplets of water vapor suspended in the air near the ground
658,rain (precipitation),Precipitation in the form of liquid water drops with diameters greater than 0.5 millimeters.,n11501381,rain//rainfall,water falling in drops from vapor condensed in the atmosphere
784,snow,"The most common form of frozen precipitation, usually flakes or starlike crystals, matted ice needles, or combinations, and often rime-coated.",n11508382,snow//snowfall,precipitation falling from clouds in the form of ice crystals
617,ice,The dense substance formed by the freezing of water to the solid state; it commonly occurs in the form of hexagonal crystals.,n14915184,ice//water ice,"water frozen in the solid state; ""Americans like ice in their drinks"""
952,weather,"The day-to-day meteorological conditions, especially temperature, cloudiness, and rainfall, affecting a specific place.",n11524662,weather//weather condition//conditions//atmospheric condition,"the atmospheric conditions that comprise the state of the atmosphere in terms of temperature and wind and clouds and precipitation; ""they were hoping for good weather""; ""every day we have weather conditions and yesterday was no exception""; ""the conditions were too rainy for playing in the snow"""
221,fire,"The state of combustion in which inflammable material burns, producing heat, flames and often smoke.",n13480848,fire//flame//flaming,"the process of combustion of inflammable materials producing heat and light and (often) smoke; ""fire was one of our ancestors' first discoveries"""
889,flame,"A bright yellow, red or bluish light which emerges during combustion processes.",n13480848,fire//flame//flaming,"the process of combustion of inflammable materials producing heat and light and (often) smoke; ""fire was one of our ancestors' first discoveries"""
778,smoke (exhaust),"An aerosol, consisting of visible particles and gases, produced by the incomplete burning of carbon-based materials, such as wood and fossil fuels.",n13556893,smoke//smoking,"a hot vapor containing fine particles of carbon being produced by combustion; ""the fire produced a tower of black smoke that could be seen for miles"""
646,ash,The incombustible matter remaining after a substance has been incinerated.,n14769160,ash,the residue that remains when something is burned
67,embers,"A small, glowing piece of coal or wood, as in a dying fire.",n09273130,ember//coal,a hot fragment of wood or coal that is left from a fire and is glowing or smoldering
141,burn (something),To cause to undergo fire combustion.,v00378042,burn//incinerate,"cause to undergo combustion; ""burn garbage""; ""The car burns only Diesel oil"""
1428,burning,To be consumed by fire.,v00377002,burn//combust,"undergo combustion; ""Maple wood burns well"""
737,light (ignite),To start a fire or light a flame.,v02759614,ignite//light,"cause to start burning; subject to fire or great heat; ""Great heat can ignite almost any dry matter""; ""Light a cigarette"""
127,extinguish,To make something stop burning.,v02761897,snuff out//blow out//extinguish//quench,"put out, as of fires, flames, or lights; ""Too big to be extinguished at once, the forest fires at best could be contained""; ""quench the flames""; ""snuff out the candles"""
1133,match,A stick with inflammable substance on one end that can be set on fire by friction.,n03728437,match//lucifer//friction match,"lighter consisting of a thin piece of wood or cardboard tipped with combustible chemical; ignites with friction; ""he always carries matches to light his pipe""; ""as long you've a lucifer to light your fag"""
10,firewood,Wood intended to be burned.,n15100644,firewood,"wood used for fuel; ""they collected and cut their own firewood"""
1188,charcoal,"A porous solid product containing 85-98% carbon and produced by heating carbonaceous materials such as cellulose, wood or peat at 500-600 C° in the absence of air. (Source: MGH)",n14685296,charcoal//wood coal,a carbonaceous material obtained by heating wood or other organic matter in the absence of air
683,person,A human being.,n00007846,person//individual//someone//somebody//mortal//soul,"a human being; ""there was too much for one person to do"""
1554,man,An adult human member of the sex that begets young by fertilizing ova.,n10287213,man//adult male,"an adult person who is male (as opposed to a woman); ""there were two women and six men on the bus"""
962,woman,An adult human member of the sex that produces ova and bears young.,n10787470,woman//adult female,"an adult female person (as opposed to a man); ""the woman kept house while the man hunted"""
2261,male (of person),Relating to the male sex of humans.,a01476685,male,"being the sex (of plant or animal) that produces gametes (spermatozoa) that perform the fertilizing function in generation; ""a male infant""; ""a male holly tree"""
2260,female (of person),Relating to the female sex of humans.,a01478182,female,"for or pertaining to or composed of women or girls; ""the female lead in the play""; ""a female chorus"""
1366,boy,"A young male person, usually a child or teenager.",n10285313,male child//boy,"a youthful male person; ""the baby was a boy""; ""she made the boy brush his teeth every night""; ""most soldiers are only boys in uniform"""
1646,girl,"A young female person, usually a child or teenager.",n10084295,female child//girl//little girl,"a youthful female person; ""the baby was a girl""; ""the girls were just learning to ride a tricycle"""
1304,child (young human),A person below the age of puberty.,n09917593,child//kid//youngster//minor//shaver//nipper//small fry//tiddler//tike//tyke//fry//nestling,"a young person of either sex; ""she writes books for children""; ""they're just kids""; ""`tiddler' is a British term for youngster"""
1289,baby,"A very young human being, from birth to a year old.",n09827683,baby//babe//infant,"a very young child (birth to 1 year) who has not yet begun to walk or talk; ""the baby began to cry again""; ""she held the baby in her arms""; ""it sounds simple, but when you have your own baby it is all so different"""
1200,husband,The male partner in a marriage.,n10193967,husband//hubby//married man,a married man; a woman's partner in marriage
1199,wife,The female partner in a marriage.,n10780632,wife//married woman,a married woman; a man's partner in marriage
203,marry,To enter marriage; to take a husband or a wife.,v02488834,marry//get married//wed//conjoin//hook up with//get hitched with//espouse,take in marriage
1134,divorce,Legal dissolution of a marriage.,n01201271,divorce//divorcement,the legal dissolution of a marriage
1217,father,A male parent.,n10080869,father//male parent//begetter,"a male parent (also used as a term of address to your father); ""his father was born in Atlanta"""
1216,mother,A woman who has at least one child.,n10332385,mother//female parent,"a woman who has given birth to a child (also used as a term of address to your mother); ""the mother of three children"""
505,parents,Father and mother of a child.,n10399491,parent,a father or mother; one who begets or one who gives birth to or nurtures and raises a child; a relative who plays the role of guardian
1620,son,One's male child.,n10624074,son//boy,"a male human offspring; ""their son became a famous judge""; ""his boy is taller than he is"""
1357,daughter,An animal's female offspring (including that of a human).,n09992837,daughter//girl,"a female human offspring; ""her daughter cared for her in her old age"""
1801,child (descendant),Biological offspring.,n09918248,child//kid,"a human offspring (son or daughter) of any age; ""they had three children""; ""they were able to send their kids to college"""
1262,brother,A male person who has the same parents as another person.,n09876454,brother//blood brother,"a male with the same parents as someone else; ""my brother still lives with our parents"""
1263,sister,A female person who has the same parents as another person.,n10602985,sister//sis,"a female person who has the same parents as another person; ""my sister married a musician"""
1640,sibling,A person who has the same parents as another person.,n10595164,sibling//sib,a person's brother or sister
1005,twins,A case of multiple birth in which the mother gives birth to two offspring from the same pregnancy.,n10734394,twin,either of two offspring born at the same time from the same pregnancy
1383,grandfather,The father of one of someone's parents.,n10142391,grandfather//gramps//granddad//grandad//granddaddy//grandpa,the father of your father or mother
1496,grandmother,The mother of one of someone's parents.,n10142747,grandma//grandmother//granny//grannie//gran//nan//nanna,the mother of your father or mother
1618,grandson,A son of someone's child.,n10143299,grandson,a male grandchild
1619,granddaughter,A daughter of someone's child.,n10141732,granddaughter,a female grandchild
1327,uncle,The brother of someone’s father or mother.,n10736091,uncle,the brother of your father or mother; the husband of your aunt
1272,aunt,A woman with one or more siblings who have one or more children; a sister of someone's father or mother.,n09823502,aunt//auntie//aunty,the sister of your father or mother; the wife of your uncle
1063,nephew,A son of someone's brother or sister.,n10353355,nephew,a son of your brother or sister
1642,niece,A daughter of someone’s brother or sister.,n10357613,niece,a daughter of your brother or sister
1643,cousin,The child of the sibling of a parent of a person.,n09972010,cousin//first cousin//cousin-german//full cousin,the child of your aunt or uncle
1669,ancestors,"Person from whom a person is descended, whether on the father's or mother's side, at any number of generations.",n09792555,ancestor//ascendant//ascendent//antecedent//root,someone from whom you are descended (but usually more remote than a grandparent)
490,descendants,One who is the progeny of someone at any distance of time.,n08369220,descendants//posterity,"all of the offspring of a given progenitor; ""we must secure the benefits of freedom for ourselves and our posterity"""
2255,father-in-law (of man),The father-in-law of a man.,NA,NA,NA
2254,father-in-law (of woman),The father-in-law of a woman.,NA,NA,NA
2257,mother-in-law (of man),The mother-in-law of a man.,NA,NA,NA
2256,mother-in-law (of woman),The mother-in-law of a woman.,NA,NA,NA
2267,son-in-law (of man),The son-in-law of a man.,NA,NA,NA
2266,son-in-law (of woman),The son-in-law of a woman.,NA,NA,NA
2265,daughter-in-law (of man),The daughter-in-law of a man.,NA,NA,NA
2264,daughter-in-law (of woman),The daughter-in-law of a woman.,NA,NA,NA
237,stepfather,"The husband of one's biological mother, other than one's biological father.",n10654701,stepfather,the husband of your mother by a subsequent marriage
236,stepmother,"The wife of one's biological father, other than one's biological mother.",n10654827,stepmother,the wife of your father by a subsequent marriage
1059,stepson,The son of one's spouse and his or her previous partner.,n10655075,stepson,the son your spouse by a former marriage
1058,stepdaughter,The daughter of one's spouse and his or her previous partner.,n10654596,stepdaughter,a daughter of your spouse by a former marriage
1149,orphan,"A person one or both of whose parents have died, especially a minor.",n10384392,orphan,a child who has lost both parents
1756,widow,A woman whose spouse has died.,n10780284,widow//widow woman,a woman whose husband is dead especially one who has not remarried
1981,widower,A man whose spouse has died.,n10780506,widower//widowman,a man whose wife is dead especially one who has not remarried
1644,relatives,"A person that is considered to be of the same family due to shared ancestors, marriage or adoption.",n10235549,relative//relation,"a person related by blood or marriage; ""police are searching for relatives of the deceased""; ""he has distant relations back in New Jersey"""
194,family,"A group comprising parents, offsprings and others closely related or associated with them.",n07970406,family//family unit,"primary social group; parents and children; ""he wanted to have a good job before starting a family"""
1209,i,The speaker or writer referring to himself or herself alone.,NA,NA,NA
1215,thou,The person addressed.,NA,NA,NA
262,he or she or it,"Third person singular pronoun, regardless of gender/sex.",NA,NA,NA
1212,we,The speaker or writer and at least one other person.,NA,NA,NA
1131,we (inclusive),"Inclusive we: I and at least one other person, including the addressed person(s) (pronoun 1st person plural with 2nd person).",NA,NA,NA
1130,we (exclusive),"Exclusive we: I and at least one other person, but not the addressed person (you) (pronoun 1st person plural without 2nd person).",NA,NA,NA
1213,you,The group of persons addressed.,NA,NA,NA
817,they,"The third person plural of the personal pronoun that designates more than one person or animal, thing or idea which have already been mentioned previously.",NA,NA,NA
619,animal,"Any living organism characterized by voluntary movement, the possession of cells with noncellulose cell walls and specialized sense organs enabling rapid response to stimuli, and the ingestion of complex organic substances such as plants and other animals.",n00015388,animal//animate being//beast//brute//creature//fauna,a living organism characterized by voluntary movement
2263,male (of animal),Relating to the male sex of animals.,a01477077,male,"for or pertaining to or composed of men or boys; ""the male lead""; ""the male population"""
2262,female (of animal),Relating to the female sex of animals (adjective).,a01477806,female,"being the sex (of plant or animal) that produces fertilizable gametes (ova) from which offspring develop; ""a female heir""; ""female holly trees bear the berries"""
631,livestock,"Cattle, horses, and similar animals kept for domestic use especially on a farm.",n01887474,livestock//stock//farm animal,any animals kept for use or profit
649,pasture,Land covered with grass or herbage and grazed by or suitable for grazing by livestock.,n08616050,pasture//pastureland//grazing land//lea//ley,a field covered with grass or herbage and suitable for grazing by livestock
263,herdsman,A man who looks after a herd of animals.,n10171567,herder//herdsman//drover,someone who drives a herd
851,stable,"A building or structure usually with stalls that is used to house and feed horses, cattle or other animals.",n04299370,stall,a compartment in a stable where a single animal is confined and fed
1153,cattle,"Domesticated bovine animals, including cows, steers and bulls, raised and bred on a ranch or farm.",n02402425,cattle//cows//kine//oxen//Bos taurus,"domesticated bovine animals as a group regardless of sex or age; ""so many head of cattle""; ""wait till the cows come home""; ""seven thin and ill-favored kine""- Bible; ""a team of oxen"""
1008,bull,Male bovine animal.,n02403325,bull,uncastrated adult male of domestic cattle
1169,ox,A castrated bull.,n02403003,ox,an adult castrated bull of the genus Bos; especially Bos taurus
1007,cow,Female bovine animal (Bos taurus) of the subfamily Bovinae of the family Bovidae.,n02403454,cow//moo-cow,"female of domestic cattle: ""`moo-cow' is a child's term"""
1989,calf,Young cattle.,n01887896,calf,young of domestic cattle
1331,sheep,"A common, four-legged animal (Ovis) that is commonly kept by humans for its wool.",n02411705,sheep,woolly usually horned ruminant mammal related to the goat
1344,ram,A male sheep.,n02412080,ram//tup,"uncastrated adult male sheep; ""a British term is `tup'"""
1345,ewe,A female sheep.,n02411999,ewe,female sheep
820,lamb,Young sheep.,n02412440,lamb,young sheep
1348,boar (male pig),An adult male pig.,n02396427,wild boar//boar//Sus scrofa,Old World wild swine having a narrow body and prominent tusks from which most domestic swine come; introduced in United States
1351,sow (female pig),An adult female pig.,n02396088,sow,an adult female hog
1337,pig,"A common, four-legged animal (Sus scrofa) that has cloven hooves, bristles and a nose adapted for digging and is farmed by humans for its meat.",n02395406,hog//pig//grunter//squealer//Sus scrofa,domestic swine
1502,goat,A common four-legged animal (Capra) that is related to sheep and bred by humans for its coat and milk.,n02416519,goat//caprine animal,any of numerous agile ruminants related to sheep but having a beard and straight horns
2475,male goat,A male goat.,NA,NA,NA
1972,young goat (kid),A young goat.,n02416820,kid,young goat
615,horse,A large animal with four legs of the Equus caballus species which people ride on or use for carrying things or pulling vehicles.,n02374451,horse//Equus caballus,solid-hoofed herbivorous quadruped domesticated since prehistoric times
936,stallion,An uncastrated male horse.,n02377181,stallion//entire,uncastrated adult male horse
938,mare,An adult female horse.,n02377480,mare//female horse,female equine animal
1647,foal,"A juvenile horse, especially one which is not yet weaned.",n02376791,colt,a young male horse under the age of four
1862,donkey,"A domesticated animal, Equus asinus.",n02389559,domestic ass//donkey//Equus asinus,domestic beast of burden descended from the African wild ass; patient but stubborn
890,mule,The offspring of a male donkey and a female horse.,n02390101,mule,hybrid offspring of a male donkey and a female horse; usually sterile
265,fowl,A bird that is kept for its meat and eggs.,n01789740,domestic fowl//fowl//poultry,a domesticated gallinaceous bird thought to be descended from the red jungle fowl
1511,rooster,"A male chicken (Gallus gallus domesticus), a domestic bird.",n01792158,cock//rooster,adult male chicken
1514,hen,A female chicken.,n01792640,hen//biddy,adult female chicken
1318,chicken,A type of domesticated bird from the order of Galliformes which is often raised as a type of poultry (Gallus gallus domesticus).,n01791625,chicken//Gallus gallus,a domestic fowl bred for flesh or eggs; believed to have been developed from the red jungle fowl
1187,goose,Waterfowl of the Anatidae family.,n01855672,goose,web-footed long-necked typically gregarious migratory aquatic birds usually larger and less aquatic than ducks
1360,duck,"An aquatic bird of the family Anatidae, having a flat bill and webbed feet.",n01846331,duck,small wild or domesticated web-footed broad-billed swimming bird usually having a depressed body and short legs
539,nest,"A nest is a structure built by vertebrates to hold its eggs, its offspring, or occasionally the animal itself and may be composed of organic material such as twigs, grass, and leaves, or may be a simple depression in the ground, or a hole in a rock, tree, or building.",n09369169,nest,a structure in which animals lay eggs or give birth to their young
937,bird,"Any of the bipedal, warm-blooded vertebrates that lay eggs having wings which, for most species, enables them to fly.",n01503061,bird,warm-blooded egg-laying vertebrates characterized by feathers and forelimbs modified as wings
950,seagull,A seabird of the genus Larus or of the family Laridae.,n02041246,gull//seagull//sea gull,mostly white aquatic bird having long pointed wings and short legs
758,heron,"A long-legged, long-necked wading bird of the family Ardeidae.",n02008041,heron,grey or white wading bird with long neck and long legs and (usually) long bill
1905,eagle,"Any of several large carnivorous birds in the family Accipitridae, having a powerful hooked bill and keen vision.",n01613294,eagle//bird of Jove,any of various large keen-sighted diurnal birds of prey noted for their broad wings and strong soaring flight
307,hawk,A predatory bird of the family Accipitridae.,n01605630,hawk,diurnal bird of prey typically having short rounded wings and a long tail
1185,vulture,Any of several carrion-eating birds of the families Accipitridae and Cathartidae.,n01616764,Old World vulture,any of several large vultures of Africa and Eurasia
1793,bat,"A small, nocturnal, flying mammal of the order Chiroptera, which navigates by means of echolocation. It looks like a mouse with membranous wings extending from the forelimbs to the hind limbs or tail.",n02139199,bat//chiropteran,nocturnal mouselike mammal with forelimbs modified to form membranous wings and anatomical adaptations for echolocation by which they navigate
882,parrot,"Any bird of the order Psittaciformes, many species of which are colourful and able to mimic human speech.",n01816887,parrot,usually brightly colored zygodactyl tropical birds with short hooked beaks and the ability to mimic sounds
913,crow,"A bird, usually black, of the genus Corvus, having a strong conical beak, with projecting bristles; it has a harsh, croaking call.",n01579028,crow,black birds having a raucous call
1853,dove,One of several birds of the family Columbidae.,n01812337,dove,any of numerous small pigeons
735,owl,"A solitary, mainly nocturnal bird of prey, belonging to the order Strigiformes; it has large forward-facing eyes and ears and a hawk-like beak, and it can turn its head 180 degrees around.",n01621127,owl//bird of Minerva//bird of night//hooter,nocturnal bird of prey with hawk-like beak and claws and large head with front-facing eyes
2009,dog,"A common four-legged animal, especially kept by people as a pet or to hunt or guard things.",n02084071,dog//domestic dog//Canis familiaris,"a member of the genus Canis (probably descended from the common wolf) that has been domesticated by man since prehistoric times; occurs in many breeds; ""the dog barked all night"""
1136,rabbit,"One of several small mammals of the family Leporidae, with long ears, long hind legs and a short, fluffy tail.",n02324045,rabbit//coney//cony,any of various burrowing animals of the family Leporidae having long ears and short tails; some domesticated and raised for pets or food
1208,cat,A common four-legged animal (Felis silvestris) that is often kept as a household pet.,n02121620,cat//true cat,feline mammal usually having thick soft fur and no ability to roar: domestic cats; wildcats
309,opossum,A mammal being a member of the family Didelphidae.,n01874928,opossum//possum,nocturnal arboreal marsupial having a naked prehensile tail found from southern North America to northern South America
2139,muroid (mouse or rat),"A large superfamily of rodents, including hamsters, gerbils, true mice and rats, and many other relatives.",n02331046,rat,any of various long-tailed rodents similar to but larger than a mouse
227,fish,A cold-blooded vertebrate animal that lives in water that moves with the help of fins and breathes using gills (Pisces).,n02512053,fish,"any of various mostly cold-blooded aquatic vertebrates usually having scales and breathing through gills; ""the shark is a large fish""; ""in the living room there was a tank of colorful fish"""
213,fin,An appendage of a fish used for swimming.,n02466132,fin,organ of locomotion and balance in fishes and some other aquatic animals
266,scale,One of the small flat pieces of skin that cover the bodies of fish.,n01902877,scale,a flattened rigid plate forming part of the body covering of many animals
1916,gill,The breathing organ of fish and other aquatic animals.,n02510769,gill//branchia,respiratory organ of aquatic animals that breathe oxygen dissolved in water
598,shell,"A hard outer covering of an animal, as the hard case of a mollusk.",n01904182,shell,the hard largely calcareous covering of a mollusc or a brachiopod
1110,shark,A scaleless fish with a cartilaginous skeleton that has 5 to 7 gill slits on each side of its head.,n01482330,shark,any of numerous elongate mostly marine carnivorous fishes with heterocercal caudal fins and tough skin covered with small toothlike scales
1479,dolphin,A carnivorous aquatic mammal inhabiting mostly in the shallower seas of the continental shelves.,n02068974,dolphin,any of various small toothed whales with a beaklike snout; larger than porpoises
957,whale,"Large marine mammals of the order Cetacea; the body is streamlined, the broad flat tail is used for propulsion, and the limbs are balancing structures.",n02062744,whale,any of the larger cetacean mammals having a streamlined body and breathing through a blowhole on the head
1910,stingray,"Any of various large, venomous rays, of the orders Rajiformes and Myliobatiformes, having a barbed, whiplike tail.",n01498041,stingray,large venomous ray with large barbed spines near the base of a thin whiplike tail capable of inflicting severe wounds
522,wolf,"A large wild canid (Canidae), closely related to the dog.",n02114100,wolf,any of various predatory carnivorous canine mammals of North America and Eurasia that usually hunt in packs
1386,lion,"A large cat (Panthera leo) that is native to Africa, Asia and formerly much of Europe.",n02129165,lion//king of beasts//Panthera leo,large gregarious predatory feline of Africa and India having a tawny coat with a shaggy mane in the male
1820,bear,"A large beast of prey of the family Ursidae, related to the dog and raccoon, having shaggy hair, a very small tail, and flat feet.",n02131653,bear,massive plantigrade carnivorous or omnivorous mammals with long shaggy coats and strong claws
1312,fox,A carnivorous relatively small canine of the species Vulpes Vulpes.,n02118333,fox,alert carnivorous mammal with pointed muzzle and ears and a bushy tail; most are predators that do not hunt in packs
1936,deer,The common name for 41 species of even-toed ungulates that compose the family Cervidae in the order Artiodactyla; males have antlers.,n02430045,deer//cervid,distinguished from Bovidae by the male's having solid deciduous antlers
1350,monkey,"A primate from the group *New World monkeys* or *Old World monkeys* (Simiiformes, excluding the superfamily Hominoidea or apes) that lives mainly in rainforests and is distinguished from an Ape by its smaller size and its tail.",n02484322,monkey,any of various long-tailed primates (excluding the prosimians)
1290,elephant,"A mammal of the order Proboscidea, having a trunk, and two large ivory tusks jutting from the upper jaw. Elephants are the largest land animals now existing.",n02503517,elephant,five-toed pachyderm
1871,camel,"A beast of burden, much used in desert areas, of the genus Camelus.",n02437136,camel,cud-chewing mammal used as a draft or saddle animal in desert regions
620,insect,"A class of the Arthropoda typically having a segmented body with an external chitinous covering, a pair of compound eyes, a pair of antennae, three pairs of mouthparts, and two pairs of wings.",n02159955,insect,small air-breathing arthropod
267,nit,An egg of a louse that is sometimes found in people's hair.,n01461146,nit,egg or young of an insect parasitic on mammals especially a sucking louse; often attached to a hair or item of clothing
232,flea,Any of the wingless insects composing the order Siphonaptera; most are ectoparasites of mammals and birds. (Source: MGH),n02186153,flea,any wingless bloodsucking parasitic insect noted for ability to leap
1974,centipede,"Any of various flattened, wormlike arthropods of the class Chilopoda, whose bodies are divided into many segments, each with one pair of legs.",n01786402,Diplopoda//class Diplopoda//Myriapoda//class Myriapoda,arthropods having the body composed of numerous double somites each with two pairs of legs: millipedes
1538,scorpion,"An arthropod with eight legs, belonging to the order Scorpiones in the class Arachnida.",n01770393,scorpion,arachnid of warm dry regions having a long segmented tail ending in a venomous stinger
1575,cockroach,The most primitive of the living winged insects.,n02233338,cockroach//roach,any of numerous chiefly nocturnal insects; some are domestic pests
587,ant,"Any of the black, red, brown, or yellow insects of the family Formicidae characterized by a large head and by living in organized colonies.",n02219486,ant//emmet//pismire,social insect living in organized colonies; characteristically the males and fertile queen have wings during breeding season; wingless sterile females are the workers
843,spider,"Any predatory silk-producing arachnid of the order Araneae, having four pairs of legs and a rounded unsegmented body consisting of abdomen and cephalothorax.",n01772222,spider,"predatory arachnid with eight legs, two poison fangs, two feelers, and usually two silk-spinning organs at the back end of the body; they spin silk to make cocoons for eggs or traps for prey"
665,bee,Any of the membranous-winged insects which compose the superfamily Apoidea in the order Hymenoptera characterized by a hairy body and by sucking and chewing mouthparts.,n02206856,bee,any of numerous hairy-bodied insects including social and solitary species
1931,beeswax,A yellowish or dark brown wax secreted by honeybees for constructing honeycombs.,n15094824,beeswax,a yellow to brown wax secreted by honeybees to build honeycombs
88,beehive,A structure that provides a natural habitation for bees; as in a hollow tree.,n02822865,beehive//hive,a man-made receptacle that houses a swarm of bees
1517,wasp,"A flying stinging insect related to the bee, which is usually coloured yellow and black.",n02212062,wasp,social or solitary hymenopterans typically having a slender body with the abdomen attached by a narrow stalk and having a formidable sting
1504,fly (insect),A common insect; any species of insect of the order Diptera.,n02190166,fly,two-winged insects characterized by active flight
95,sandfly,"A tiny flying insect from one of several species in the Nematocera suborder, including the families Mycetophilidae, Anisopodidae and Sciaridae.",n02205383,Simuliidae//family Simuliidae,blackflies and sand flies
1509,mosquito,A small flying insect (of the family Culicidae) known for biting and sucking blood.,n02200198,mosquito,two-winged insect whose female has a long proboscis to pierce the skin and suck the blood of humans and animals
1219,worm,A generally tubular invertebrate of the annelid phylum.,n01922303,worm,any of numerous relatively small elongated soft-bodied animals especially of the phyla Annelida and Chaetognatha and Nematoda and Nemertea and Platyhelminthes; also many insect larvae
730,snake,"Any reptile of the suborder Serpentes, typically having a scaly cylindrical limbless body, fused eyelids, and a jaw modified for swallowing large prey.",n01726692,snake//serpent//ophidian,limbless scaly elongate reptile; some are venomous
206,firefly,"A nocturnal, bioluminescent beetle of the family Lampyridae.",n02168427,glowworm,the luminous larva or wingless grub-like female of a firefly
1791,butterfly,A lepidopteran that is active at day.,n02274259,butterfly,diurnal insect typically having a slender body with knobbed antennae and broad colorful wings
607,grasshopper,A plant-eating insect with long back legs that can jump very high and makes a sharp high noise using its back legs or wings.,n02226429,grasshopper//hopper,terrestrial plant-eating insect with hind legs adapted for leaping
1543,snail,"(Gastropoda) Ventral footed mollusk, including land snails, terrestrial pulmonate gastropod mollusks.",n01944390,snail,freshwater or marine or terrestrial gastropod mollusk usually having an external enclosing spiral shell
503,frog,"Any insectivorous anuran amphibian of the family Ranidae, such as Rana temporaria of Europe, having a short squat tailless body with a moist smooth skin and very long hind legs specialized for hopping.",n01639765,frog//toad//toad frog//anuran//batrachian//salientian,any of various tailless stout-bodied amphibians with long hind limbs for leaping; semiaquatic and terrestrial species
632,lizard,"Any reptile of the suborder Lacertilia, especially those of the family Lacertidae, typically having an elongated body, four limbs, and a small tail: includes the gechos, iguanas, chameleons, monitors, and slow worms.",n01674464,lizard,relatively long-bodied reptile with usually two pairs of legs and a tapering tail
1857,crocodile,"Any large tropical reptile of the family Crocodylidae: order Crocodylia. They have a broad head, tapering snout, massive jaws, and a thick outer covering of bony plates. (Source: CED)",n01698434,alligator//gator,either of two amphibious reptiles related to crocodiles but with shorter broader snouts
112,turtle,"A reptile of the order Testudines (the crown group of the superorder Chelonia), characterised by a special bony or cartilaginous shell developed from their ribs that acts as a shield.",n01662784,turtle,any of various aquatic and land reptiles having a bony shell and flipper-like limbs for swimming
1480,body,The physical structure of a human or animal.,n05216365,body//organic structure//physical structure,"the entire structure of an organism (an animal, plant, or human being); ""he felt as if his whole body were on fire"""
763,skin,"The tissue forming the outer covering of the vertebrate body: it consists of two layers, the outermost of which may be covered with hair, scales, feathers, etc. It is mainly protective and sensory in function.",n01895735,hide//pelt//skin,body covering of a living animal
2259,flesh,The soft substance in the body of living things.,n05268112,flesh,the soft tissue of the body of a vertebrate: mainly muscle tissue and fat
2648,hair (head),The hair on the head of humans (rather than the hair in general or the hair on the body).,NA,NA,NA
678,beard,"Facial hair of humans on the chin, cheeks and jaw.",n05261566,beard//face fungus//whiskers,the hair growing on the lower part of a man's face
576,dandruff,Small portion of dead skin cells shedding from the scalp.,n09262955,dandruff,"loose scales shed from the scalp; ""I could see the dandruff on her shoulders"""
946,blood,A fluid connective tissue consisting of the plasma and cells that circulate in the blood vessels.,n05399847,blood,"the fluid (red in vertebrates) that is pumped through the body by the heart and contains plasma, blood cells, and platelets; ""blood carries oxygen and nutrients to the tissues and carries away waste products""; ""the ancients believed that blood was the seat of the emotions"""
525,blood vessel,The blood vessels are the part of the circulatory system that transports blood throughout the human body or an animal body.,n05333777,artery//arteria//arterial blood vessel,a blood vessel that carries blood from the heart to the body
1394,bone,"Any of the components of an endoskeleton, consisting mainly of calcium phosphate, collagen and cells.",n05269901,bone//os,rigid connective tissue that makes up the skeleton of vertebrates
801,rib,One of the long curved bones which form the rib cage.,n05279026,rib//costa,any of the 12 pairs of curved arches of bone extending from the spine to or toward the sternum in humans (and similar bones in most vertebrates)
1393,horn (anatomy),A hard growth of keratin that protrudes from the top of the head of certain animals.,n01325417,horn,one of the bony outgrowths on the heads of certain ungulates
1220,tail,The appendage of an animal that is attached to its posterior and near the anus.,n02157557,tail,the posterior part of the body of a vertebrate especially when elongated and extending beyond the trunk or main part of the body
1291,back,"The rear of body, especially the part between the neck and the end of the spine and opposite the chest and belly.",n05558717,back//dorsum,"the posterior part of a human (or animal) body from the neck to the end of the spine; ""his back was nicely tanned"""
805,spine,"The body part that consists of a row of vertebrae, that support the head and torso and that forms a canal for nerves.",n05588174,spinal column//vertebral column//spine//backbone//back//rachis,"the series of vertebrae forming the axis of the skeleton and protecting the spinal cord; ""the fall broke his back"""
1256,head,"The part of the body of an animal or human which contains the brain, mouth and main sense organs.",n05538625,head//caput,"the upper part of the human body or the front part of the body in animals; contains the face and brains; ""he stuck his head out the window"""
1604,temples,The region of the skull on either side of the forehead.,n05602683,temple,"the flat area on either side of the forehead; ""the veins in his temple throbbed"""
1605,skull,The main bone of the head; the cranium.,n05540121,skull,the bony skeleton of the head of vertebrates
1583,brain,The organ of the central nervous system of an animal or human located in the skull that controls the actions and thoughts of the animal or human.,n05481095,brain//encephalon,that part of the central nervous system that includes all the higher nervous centers; enclosed within the skull; continuous with the spinal cord
1560,face,"The front part of the head, featuring the eyes, nose, and mouth and the surrounding area.",n05600637,face//human face,"the front of the human head from the forehead to the chin and ear to ear; ""he washed his face""; ""I wish I had seen the look on his face when he got the news"""
123,forehead,The part of the face between the hairline and the eyebrows.,n05602548,brow//forehead,the part of the face above the eyes
798,jaw,"Either of the two opposable structures forming, or near the entrance to, the mouth.",n05546040,jaw,the part of the skull of a vertebrate that frames the mouth and holds the teeth
1730,cheek,"The soft skin on each side of the face, between the eyes and the chin; the outer surface of the sides of the oral cavity.",n05602835,cheek,either side of the face below the eyes
1510,chin,"The bottom of the face, below the mouth.",n05599617,chin//mentum,the protruding part of the lower jaw
1248,eye,"The organ that is sensitive to light, which it converts to electrical signals passed to the brain, by which means animals and humans see.",n05311054,eye//oculus//optic,the organ of sight
1173,eyebrow,The hair that grows over the bone ridge above the eye socket.,n05313535,eyebrow//brow//supercilium,the arch of hair above each eye
17,eyelid,A skin flap that can be closed over an eye.,n05313822,eyelid//lid//palpebra,"either of two folds of skin that can be moved to cover or open the eye; ""his lids would stay open no longer"""
1540,eyelash,"One of the hairs that grows on the eyelid, around the eyes.",n05314919,eyelash//lash//cilium,any of the short curved hairs that grow from the edges of the eyelids
1655,blink,"To make a quick wink of one or both eyelids, often repeatedly.",v00007739,blink//wink//nictitate//nictate,"briefly shut the eyes; ""The TV announcer never seems to blink"""
1247,ear,"The organ of hearing, consisting of the pinna, auditory canal, eardrum, malleus, incus, stapes and cochlea.",n05320899,ear,the sense organ for hearing and equilibrium
18,earlobe,The lower fleshy part of the human ear.,n05323588,earlobe//ear lobe,the fleshy pendulous part of the external human ear
32,earwax,"A yellowish, waxlike secretion from certain glands in the external auditory canal.",n15095103,cerumen//earwax,a soft yellow wax secreted by glands in the ear canal
1221,nose,The organ of the face used to breath and smell.,n05598147,nose//olfactory organ,"the organ of smell and entrance to the respiratory tract; the prominent part of the face of man or other mammals; ""he has a cold in the nose"""
1178,nostril,Either of the two orifices located on the nose (or on the beak of a bird); used as a passage for air and other gases to travel the nasal passages.,n05600109,nostril//anterior naris,either one of the two external openings to the nasal cavity in the nose
208,nasal mucus (snot),Mucus from the nose.,n05416048,snot,nasal mucus
674,mouth,Opening in the lower half of a human face which is used for food ingestion and articulation.,n05302499,mouth//oral cavity//oral fissure//rima oris,"the opening through which food is taken in and vocalizations emerge; ""he stuffed his mouth with candy"""
73,beak,External anatomical structure of birds which is used for taking food and for eating.,n01758308,beak//bill//neb//nib//pecker,horny projecting mouth of a bird
478,lip,Either of the two fleshy protrusions around the opening of the mouth.,n05305806,lip,either of two fleshy folds of tissue that surround the mouth and play a role in speaking
1205,tongue,"The flexible muscular organ in the mouth that is used to move food around, for tasting and that is moved into various positions to modify the flow of air from the lungs in order to produce different sounds.",n05301072,tongue//lingua//glossa//clapper,a mobile mass of muscular tissue covered with mucous membrane and located in the oral cavity
1380,tooth,"A hard, calcareous structure present in the mouth of many vertebrate animals (including humans), generally used for eating.",n05282746,tooth,hard bonelike structures in the jaws of vertebrates; used for biting and chewing or for attack and defense
139,gums,The mucosal tissue that partly lies over the teeth in the mouth.,n05304932,gingiva//gum,the tissue (covered by mucous membrane) of the jaws that surrounds the bases of the teeth
1049,molar tooth,A tooth located in the back of the mouth used for crushing and grinding food.,n05307773,molar//grinder,grinding tooth with a broad crown; located behind the premolars
1333,neck,"The part of the body (found in some animals, including humans) that connects the head and the trunk.",n05546540,neck//cervix,"the part of an organism (human or animal) that connects the head to the rest of the body; ""he admired her long graceful neck""; ""the horse won by a neck"""
1346,throat,The front part of the neck.,n05547508,throat//pharynx,the passage to the stomach and lungs; in the front part of the neck below the chin and above the collarbone
1482,shoulder,"One side of the top of the torso, where an arm attaches or joins.",n05548840,shoulder,the part of the body between the neck and the upper arm
172,shoulderblade,A large flat bone located at the back of each shoulder.,n05279688,scapula//shoulder blade//shoulder bone,either of two flat triangular bones one on each side of the shoulder in human beings
1994,collarbone,Bone linking the scapula and sternum.,n05274105,clavicle//collarbone,bone linking the scapula and sternum
1673,arm,"The upper limb, extending from the shoulder to the wrist and sometimes including the hand.",n05563770,arm,a human limb; technically the part of the superior limb between the shoulder and the elbow but commonly used to refer to the whole superior limb
1886,armpit,The hollow under the upper part of the arm at the shoulder.,n05549576,armpit//axilla//axillary cavity//axillary fossa,"the hollow under the arm where it is joined to the shoulder; ""they were up to their armpits in water"""
981,elbow,The joint between arm and forearm.,n05579944,elbow//elbow joint//human elbow//cubitus//cubital joint//articulatio cubiti,hinge joint between the forearm and upper arm and the corresponding joint in the forelimb of a quadruped
799,wrist,The flexible and narrower connection between the forearm and the hand.,n05584928,wrist//carpus//wrist joint//radiocarpal joint//articulatio radiocarpea,a joint between the distal end of the radius and the proximal row of carpal bones
1277,hand,That part of the fore limb below the forearm or wrist in primates (including humans).,n05564590,hand//manus//mitt//paw,"the (prehensile) extremity of the superior limb; ""he had the hands of a surgeon""; ""he extended his mitt"""
1303,finger,One of the long extremities of the hand that is used for gripping objects.,n05566504,finger,"any of the terminal members of the hand (sometimes excepting the thumb); ""her fingers were long and thin"""
1781,thumb,The shortest and thickest of the fingers that can be placed against the others in order to create a firm grip.,n05567217,thumb//pollex,the thick short innermost digit of the forelimb
1258,fingernail,"The hard, flat, translucent covering near the tip of a human finger, useful for scratching and fine manipulation.",n05584265,fingernail,the nail at the end of a finger
72,claw,"The hard, keratin part growing at the feet of animals.",n02156140,claw,sharp curved horny process on the toe of a bird or some mammals or reptiles
1297,leg,The limb of an animal (including humans) that extends from the groin to the ankle.,n05561507,leg,a structure in animals that is similar to a human leg and used for locomotion
471,upper leg (thigh),The part of the leg between the pelvis and the knee.,NA,NA,NA
1371,knee,"In man, the joint in the middle part of the leg.",n05573602,knee//knee joint//human knee//articulatio genus//genu,hinge joint in the human leg connecting the tibia and fibula with the femur and protected in front by the patella
1301,foot,The part of a human’s body below the ankle that is used in order to stand and walk.,n05563266,foot//human foot//pes,"the part of the leg of a human being below the ankle joint; ""his bare feet projected from his trousers""; ""armored from head to foot"""
803,ankle,A joint formed where the foot and the leg meet.,n05578442,ankle//ankle joint//mortise joint//articulatio talocruralis,a gliding joint between the distal ends of the tibia and fibula and the proximal end of the talus
980,heel,The part of the human foot on the backside where it becomes the leg.,n05578095,heel,the back part of the human foot
318,footprint,The impression of the foot in a soft substance such as sand or snow.,n06645039,footprint//footmark//step,"a mark of a foot or shoe on a surface; ""the police made casts of the footprints in the soft earth outside the window"""
1389,toe,One of the extremities of the foot.,n05577410,toe,one of the digits of the foot
1257,wing,"The appendage of an animal's (bird, bat, insect) body that enables it to fly in the air.",n02151625,wing,a movable organ for flying (one of a pair)
1201,feather,"A branching, hair-like structure that grows on the skin of birds and protects them against coldness and water and allows their wings to create lift.",n01896031,feather//plume//plumage,the light horny waterproof structure forming the external covering of birds
1592,chest,The portion of the body from the base of the neck to the top of the abdomen; the thorax.,n05552607,thorax//chest//pectus,the part of the human torso between the neck and the diaphragm or the corresponding part in other vertebrates
1402,breast,The fleshy organ on the chest of a sexually mature human female containing mammary glands.,n05554405,breast//bosom//knocker//boob//tit//titty,either of two soft fleshy milk-secreting glandular organs on the chest of a woman
796,nipple,"The projection of a mammary gland from which, on female mammals, milk can be secreted.",n05554653,nipple//mammilla//mamilla//pap//teat//tit,the small projection of a mammary gland
154,udder,An organ in female quadruped mammals which consists of mammary glands and has several teats.,n02370360,udder//bag,mammary gland of bovids (cows and sheep and goats)
1838,navel,A scar where the umbilical cord was attached.,n05556595,navel//umbilicus//bellybutton//belly button//omphalos//omphalus,"a scar where the umbilical cord was attached; ""you were not supposed to show your navel on television""; ""they argued whether or not Adam had a navel""; ""she had a tattoo just above her bellybutton"""
1223,heart,A muscular organ that pumps blood through the body.,n05388805,heart//pump//ticker,"the hollow muscular organ located behind the sternum and between the lungs; its rhythmic contractions move the blood through the body; ""he stood still, his heart thumping wildly"""
688,lung,A biological organ that extracts oxygen from the air.,n05387544,lung,either of two saclike respiratory organs in the chest of vertebrates; serves to remove carbon dioxide and provide oxygen to the blood
1224,liver,"A large organ in the body that stores and metabolizes nutrients, destroys toxins and produces bile. Responsible for thousands of biochemical reactions.",n05385534,liver,large and complicated reddish-brown glandular organ located in the upper right portion of the abdominal cavity; secretes bile and functions in metabolism of protein and carbohydrate and fat; synthesizes substances involved in the clotting of the blood; synthesizes vitamin A; detoxifies poisonous substances and breaks down worn-out erythrocytes
489,kidney,An organ in the body that produces urine.,n05332802,kidney,"either of two bean-shaped excretory organs that filter wastes (especially urea) from the blood and excrete them and water in urine; ""urine passes out of the kidney through ureters to the bladder"""
1744,spleen,"A ductless vascular gland, located in the left upper abdomen near the stomach.",n05333467,spleen//lien,a large dark-red oval organ on the left side of the body between the stomach and the diaphragm; produces cells involved in immune responses
819,stomach,"An organ in the body, involved in digestion of food.",n05395690,stomach//tummy//tum//breadbasket,an enlarged and muscular saclike organ of the alimentary canal; the principal organ of digestion
1991,intestines,The alimentary canal of an animal or human through which food passes after having passed all stomachs.,n05534333,intestine//bowel//gut,the part of the alimentary canal between the stomach and the anus
1681,waist,"In human beings, the part between the thorax and hips.",n05555688,waist//waistline,the narrowing of the body between the ribs and hips
1745,hip,The outward-projecting parts of the pelvis and top of the femur and the overlying tissue.,n05556325,hip,either side of the body below the waist and above the thigh
834,buttocks,The fleshy part of the human body that one sits on.,n05559256,buttocks//nates//arse//butt//backside//bum//buns//can//fundament//hindquarters//hind end//keister//posterior//prat//rear//rear end//rump//stern//seat//tail//tail end//tooshie//tush//bottom//behind//derriere//fanny//ass,"the fleshy part of the human body that you sit on; ""he deserves a good kick in the butt""; ""are you going to sit on your fanny and do nothing?"""
804,womb,"The major female reproductive organ of most mammals, including humans. It is a large muscle enveloping the phoetus during pregnancy.",n05519085,uterus//womb,a hollow muscular organ in the pelvic cavity of females; contains the developing fetus
797,testicles,"The male sex gland that produces sperm and male hormones, found in some types of animals and humans.",n05524615,testis//testicle//orchis//ball//ballock//bollock//nut//egg,"one of the two male reproductive glands that produce spermatozoa and secrete androgens; ""she kicked him in the balls and got away"""
1222,penis,The male sexual organ for copulation and urination; the tubular portion of the male genitalia (excluding the scrotum).,n05526384,penis//phallus//member,the male organ of copulation (`member' is a euphemism)
1028,yawn,"To open the mouth widely and take a long, deep breath because of tiredness or boredom.",v00007328,yawn,"utter a yawn, as from lack of oxygen or when one is tired; ""The child yawned during the long performance"""
162,hiccough,To have spasms of the diaphragm.,v00003826,hiccup//hiccough,"breathe spasmodically, and make a sound; ""When you have to hiccup, drink a glass of cold water"""
879,cough,"To force air from the lungs out the mouth, sometimes involuntarily, accompanied by a rough sound.",v00005815,cough,"exhale abruptly, as when one has a chest cold or congestion; ""The smoker coughs all day"""
1621,sneeze,"To expel air rapidly as a reflex, usually induced by an irritation in the nose.",v00004819,sneeze,"exhale spasmodically, as when an irritant entered one's nose; ""Pepper makes me sneeze"""
126,sweat (perspire),To secrete sweat.,v00067545,sweat//sudate//perspire,"excrete perspiration through the pores in the skin; ""Exercise makes one sweat"""
1440,spit,To forcefully evacuate saliva from the mouth.,v00101956,spit//ptyalize//ptyalise//spew//spue,"expel or eject (saliva or phlegm or sputum) from the mouth; ""The father of the victim spat at the alleged murderer"""
1278,vomit,To regurgitate the contents of the stomach.,v00076400,vomit//vomit up//purge//cast//sick//cat//be sick//disgorge//regorge//retch//puke//barf//spew//spue//chuck//upchuck//honk//regurgitate//throw up,"eject the contents of the stomach through the mouth; ""After drinking too much, the students vomited""; ""He purged continuously""; ""The patient regurgitated the food we gave him last night"""
1403,bite,Clamping the teeth hard on something.,v01445932,bite//seize with teeth,"to grip, cut off, or tear with or as if with the teeth or jaws; ""Gunny invariably tried to bite her"""
319,lick,To stroke with the tongue.,v01432176,lick//lap,"pass the tongue over; ""the dog licked her hand"""
268,dribble,To let saliva flow out of one’s mouth onto one’s chin.,v00102974,drivel//drool//slabber//slaver//slobber//dribble,"let saliva drivel from the mouth; ""The baby drooled"""
1585,sleep,To rest in a state of decreased consciousness and reduced metabolism.,v00014742,sleep//kip//slumber//log Z's//catch some Z's,be asleep
1983,snore,"To make a noise during sleep by vibration of soft respiratory tissues (soft palate, base of the tongue and pharyngeal walls), particularly during inhalation.",v00017031,snore//saw wood//saw logs,"breathe noisily during one's sleep; ""she complained that her husband snores"""
1920,dream (something),To experience while sleeping.,v02118242,dream,"experience while sleeping; ""She claims to never dream""; ""He dreamt a strange scene"""
1159,fart,To emit digestive gases through the anus.,v00101629,fart//break wind,expel intestinal gases through the anus
592,piss,To allow urine to flow from the bladder out of the body.,v00072012,make//urinate//piddle//puddle//micturate//piss//pee//pee-pee//make water//relieve oneself//take a leak//spend a penny//wee//wee-wee//pass water,"eliminate urine; ""Again, the cat had made on the expensive rug"""
676,shit (defecate),To excrete faeces from one's body through the anus.,v00074038,stool//defecate//shit//take a shit//take a crap//ca-ca//crap//make,"have a bowel movement; ""The dog had made in the flower beds"""
52,shiver,"To shake nervously, as if from fear.",v01888946,shudder//shiver//throb//thrill,"tremble convulsively, as from fear or excitement"
138,bathe,To clean oneself by immersion in water.,v00035603,bathe,"cleanse the entire body; ""bathe daily"""
1152,beget,(Especially of a male parent) to procreate or generate.,v00054628,beget//get//engender//father//mother//sire//generate//bring forth,"make children; ""Abraham begot Isaac""; ""Men often father children but don't recognize them"""
1090,be born,To start living.,v00360932,be born,"come into existence through birth; ""She was born on a farm"""
1123,pregnant,Carrying developing offspring within the body.,a00173220,pregnant,carrying developing offspring within the body or being about to produce new life
1087,conceive,To become pregnant.,v00054285,conceive,"become pregnant; undergo conception; ""She cannot conceive""; ""My daughter was conceived in Christmas Day"""
1417,kill,To put to death; to end a life.,v01325536,kill,"cause the death of, without intention; ""She was killed in the collision of three cars"""
767,corpse,A dead body.,n05218119,cadaver//corpse//stiff//clay//remains,"the dead body of a human being; ""the cadaver was intended for dissection""; ""the end of the police search was the discovery of a corpse""; ""the murderer confessed that he threw the stiff in the river""; ""honor comes to bless the turf that wraps their clay"""
1719,bury,To put in the ground and cover with earth.,v02456493,bury//entomb//inhume//inter//lay to rest,"place in a grave or tomb; ""Stalin was buried behind the Kremlin wall on Red Square""; ""The pharaohs were entombed in the pyramids""; ""My grandfather was laid to rest last Sunday"""
1773,grave,A place (commonly marked with a headstone) where one or more people are buried (usually in a coffin underneath the ground).,n03455033,grave//tomb,"a place for the burial of a corpse (especially beneath the ground and marked by a tombstone); ""he put flowers on his mother's grave"""
1601,weak,Lacking in force or ability.,a02324397,weak,"wanting in physical strength; ""a weak pillar"""
1364,healthy,In good physical and mental condition; free from disease.,a01170243,healthy,"having or indicating good health in body or mind; free from infirmity or disease; ""a rosy healthy baby""; ""staying fit and healthy"""
1847,sick,Whose health is altered.,a02541302,ill//sick,"affected by an impairment of normal physical or mental function; ""ill from the monotony of his suffering"""
1534,fever,A higher than normal temperature of a person (or generally a mammal).,n14365356,fever//febrility//febricity//pyrexia//feverishness,a rise in the temperature of the body; frequently a symptom of infection
1957,goiter,Enlargement of the thyroid gland.,n14199477,goiter//goitre//struma//thyromegaly,abnormally enlarged thyroid gland; can result from underproduction or overproduction of hormone or from a deficiency of iodine in the diet
102,common cold (disease),"A contagious, viral infectious disease of the upper respiratory system; common symptoms include cough, sore throat, runny nose, nasal congestion and sneezing.",n14145501,cold//common cold,"a mild viral infection involving the nose and respiratory passages (but not the lungs); ""will they never find a cure for the common cold?"""
1109,wound,"A type of injury in which in skin or tisue is torn, cut,  punctured or otherwise hurt.",n14183065,sore,an open skin infection
1148,bruise,A collection of blood in the body tissue outside the blood vessels,n14288871,bruise//contusion,an injury that doesn't break the skin but results in some discoloration
1903,swelling,Abnormal protuberance or localized enlargement.,n14315192,swelling//puffiness//lump,an abnormal protuberance or localized enlargement
148,itch,An unpleasant sensation on the skin that provokes the desire to scratch.,n05723563,itch//itchiness//itching,an irritating cutaneous sensation that produces a desire to scratch
1584,blister,"A small bubble on the skin, that contains watery fluid and is caused by heat, pressure or infection.",n05517837,blister//bulla//bleb,(pathology) an elevation of the skin filled with serous fluid
793,boil (of skin),"A painful, local inflammation of the skin, caused by infection of a hair follicle. Usually, a hard core and pus are present.",n14183210,boil//furuncle,a painful sore with a hard core filled with pus
1808,pus,A whitish-yellow or yellow substance produced during inflammatory responses of the body that can be found in regions of pyogenic bacterial infections.,n05417472,pus//purulence//suppuration//ichor//sanies//festering,a fluid product of inflammation
497,scar,A permanent mark on the skin resulting from a wound.,n14363483,scar//cicatrix//cicatrice,a mark left (usually on the skin) by the healing of injured tissue
499,cure,To remedy an illness using medical or medicamentous treatment; to provide a cure for.,v00081725,bring around//cure//heal,"provide a cure for, make healthy again; ""The treatment cured the boy's acne""; ""The quack pretended to heal patients but never managed to"""
597,physician,"A person who has completed a study of medicine, and as such tries to diagnose and cure diseases in patients.",n10020890,doctor//doc//physician//MD//Dr.//medico,"a licensed medical practitioner; ""I felt so bad I went to see my doctor"""
1372,medicine,A substance which specifically promotes healing.,n03740161,medicine//medication//medicament//medicinal drug,(medicine) something that treats or prevents or alleviates the symptoms of disease
655,poison,"A substance which, when ingested, inhaled, or absorbed, or when applied to, injected into, or developed within the body, in relatively small amounts, may cause injury, harm, or destruction to organs, tissue, or life.",n15032376,poison//toxicant//poisonous substance,any substance that causes injury or illness or death of a living organism
1757,tired,"In need of some rest or sleep, due to lack of sleep or as a result of hard work or physical activity.",a02431728,tired,"depleted of strength or energy; ""tired mothers with crying babies""; ""too tired to eat"""
168,rest,"To cease working, moving or thinking for some time in order to relieve fatigue.",v00014405,rest,be at rest
1564,lazy,Unwilling to do work or make an effort.,a00294579,faineant//indolent//lazy//otiose//slothful//work-shy,"disinclined to work or exertion; ""faineant kings under whose rule the country languished""; ""an indolent hanger-on""; ""too lazy to wash the dishes""; ""shiftless idle youth""; ""slothful employees""; ""the unemployed are not necessarily work-shy"""
1125,bald,Without hair on the head.,a00210848,bald//bald-headed//bald-pated,"lacking hair on all or most of the scalp; ""a bald pate""; ""a bald-headed gentleman"""
320,lame,"Moving with pain or difficulty on account of injury, defect or temporary obstruction of a function.",a01018788,crippled//halt//halting//lame//gimpy//game,"disabled in the feet or legs; ""a crippled soldier""; ""a game leg"""
996,deaf,"Not having the faculty of hearing, or only having a restricted capability to hear.",a00681930,deaf,lacking or deprived of the sense of hearing wholly or in part
1666,mute,Not making a sound.,a00151855,dumb//mute//silent,unable to speak because of hereditary deafness
1653,blind,Unable to see.,a02158826,blind//unsighted,"unable to see; ""a person is blind to the extent that he must devise alternative techniques to do efficiently those things he would do with sight if he had normal vision""--Kenneth Jernigan"
1463,drunk,Being in a temporary state in which one's physical and mental faculties are impaired due to excessive consumption of alcohol.,a00797299,intoxicated//drunk//inebriated,"stupefied or excited by a chemical substance (especially alcohol); ""a noisy crowd of intoxicated sailors""; ""helplessly inebriated"""
590,naked,Without clothing.,a00457998,bare//au naturel//naked//nude,"completely unclothed; ""bare bodies""; ""naked from the waist up""; ""a nude model"""
1336,eat,To consume something solid or semi-solid (usually food) by putting it into the mouth and eventually swallowing it.,v01168468,eat,"take in solid food; ""She was eating a banana""; ""What did you eat for dinner last night?"""
256,food,A substance that can be ingested and utilized by the organism as a source of nutrition and energy.,n07555863,food//solid food,"any solid substance (as opposed to liquid) that is used as a source of nourishment; ""food and drink"""
269,cooked,Contrasting with 'raw'.,a00615757,cooked,having been prepared for eating by the application of heat
1959,raw,That has not been cooked (food).,a00619433,raw,not treated with heat to prepare it for eating
178,ripe,"(Of fruits, seeds, etc.) Having reached the stage of development suitable for harvesting and eating.",a01493173,ripe//mature,"fully developed or matured and ready to be eaten or used; ""ripe peaches""; ""full-bodied mature wines"""
1958,unripe,"That is not yet ripe (edible fruit), usually hard and sour.",a01493897,green//unripe//unripened//immature,"not fully developed or mature; not ripe; ""unripe fruit""; ""fried green tomatoes""; ""green wood"""
1728,rotten,"Having changed its colour, smell or composition (partially or completely), due to being attacked and decomposed by microorganisms (relating to organic matter).",a01070538,rotten,"having decayed or disintegrated; usually implies foulness; ""dead and rotten in his grave"""
1401,drink,To consume a liquid through the mouth.,v01170052,drink//imbibe,"take in liquids; ""The patient must drink several liters each day""; ""The children like to drink soda"""
199,famine,"A severe shortage of food, as through crop failure or over population. It may be due to poor harvests following drought, floods, earthquake, war, social conflict, etc.",n07315790,famine,a severe shortage of food (as through crop failure) resulting in violent hunger and starvation and death
1421,suck,"To draw in a substance by creating a practical vacuum in the mouth, and as a result a difference in pressure.",v01169704,suck,"draw into the mouth by creating a practical vacuum in the mouth; ""suck the poison from the place where the snake bit""; ""suck on a straw""; ""the baby sucked on the mother's breast"""
321,chew,To crush with the teeth by repeated closing and opening of the jaws; done to food to soften it and break it down by the action of saliva before it is swallowed.,v01201089,chew//masticate//manducate//jaw,"chew (food); to bite and grind with the teeth; ""He jawed his bubble gum""; ""Chew your food and don't swallow it!""; ""The cows were masticating the grass"""
897,swallow,"The reflex in the human body that makes something pass from the mouth to the pharynx and into the esophagus, with the shutting of the epiglottis.",v01201856,swallow//get down,"pass through the esophagus as part of eating or drinking; ""Swallow the raw fish--it won't kill you!"""
129,choke,"To squeeze the neck in order to compress the carotide and/or trachea, possibly leading to unconsciousness or death.",v00077950,choke//strangle,constrict (someone's) throat and keep from breathing
1100,cook (something),To prepare a meal or a single dish.,v01664172,cook//fix//ready//make//prepare,"prepare for eating by applying heat; ""Cook me dinner, please""; ""can you make me an omelette?""; ""fix breakfast for the guests, please"""
792,boil (of liquid),To be at a temperature (as a liquid) where it moves into the gaseous phase.,v00375021,boil,"come to the boiling point and change from a liquid to vapor; ""Water boils at 100 degrees Celsius"""
2146,roast or fry,Preparing food by exposing it to open fire or to hot fat.,v00325328,fry,"cook on a hot surface using fat; ""fry the pancakes"""
183,bake,"To cook (something) in an oven, but not in fat.",v01663749,bake,"prepare with dry heat in an oven; ""bake a cake"""
1143,oven,"An enclosed heated compartment usually lined with a refractory material used for baking or drying substances, firing ceramics, heat-treating, etc.",n03862676,oven,kitchen appliance used for baking or roasting
854,kettle,A metal container used to boil any kind of liquid.,n03612814,kettle//boiler,a metal pot for stewing or boiling; usually has a lid
31,pan,"Cooking utensil relatively flat, having a handle, used to cook food such as meat, vegetables or eggs, usually in oil or butter.",n03880531,pan//cooking pan,cooking utensil consisting of a wide metal vessel
481,dish,Any kind of vessel for holding or serving meals.,n03206908,dish,"a piece of dishware normally used as a container for holding or serving food; ""we gave them a set of dishes for a wedding present"""
480,plate,A flat dish on which food is served or from which food is eaten.,n03959485,plate,dish on which food is served or from which food is eaten
1530,bowl,"A roughly hemispherical container used to hold, mix or present food, such as salad, fruit or soup, or other items.",n02881193,bowl,a round vessel that is open at the top; used chiefly for holding food or liquids;
270,jug,A container for holding and pouring liquids with a handle and a spout.,n03950228,pitcher//ewer,an open vessel with a handle and a spout for pouring
476,cup,"A concave vessel for holding liquid, generally adorned with either a handle or a stem.",n03147509,cup,"a small open container usually used for drinking; usually has a handle; ""he put the cup back in the saucer""; ""the handle of the cup was missing"""
271,saucer,A small dish for placing a cup.,n04139291,saucer,a small shallow dish for holding a cup at the table
1378,spoon,"An implement for eating or serving, a small bowl with a long straight handle.",n04284002,spoon,a piece of cutlery with a shallow bowl-shaped container and a handle; used to stir or serve or take up food
3210,knife (for eating),A knife used while eating food.,NA,NA,NA
1302,fork,A utensil with spikes used to put solid food into the mouth.,n03383948,fork,cutlery used for serving and eating food
272,tongs,"A tool that consists of two movable bars joined at one end, used to pick up an object.",n04450749,tongs//pair of tongs,any of various devices for taking hold of objects; usually have two hinged legs with handles above and pointed hooks below
1526,meal,"The act of eating food, usually at a specific time.",n07573696,meal//repast,the food served and eaten at one time
1322,breakfast,"The first meal of the day, usually eaten in the morning.",n07574602,breakfast,the first meal of the day (usually in the morning)
768,lunch,Meal usually eaten at midday.,n07575076,lunch//luncheon//tiffin//dejeuner,a midday meal
1833,dinner (supper),A meal that is eaten in the late afternoon or evening daily.,n07575726,dinner,"the main meal of the day served in the evening or at midday; ""dinner will be at 8""; ""on Sundays they had a large dinner when they returned from church"""
275,peel,To remove the skin from food or vegetables.,v01262936,skin//peel//pare,"strip the skin off; ""pare apples"""
3448,sieve or strain,To separate solids from each other by passing through a sieve or other straining device or to separate or isolate components from a liquid with the help of a filter.,NA,NA,NA
1767,scrape,To move an object against another object such that abrasion or minor cutting occurs.,v01308160,scrape//grate,"scratch repeatedly; ""The cat scraped at the armchair"""
2017,mix,To mix together different elements.,v00184117,mix//mix in,"add as an additional element or part; ""mix water into the drink"""
1368,bread,"A common food made mainly from flour, water and yeast and produced by kneading and baking a dough.",n07679356,bread//breadstuff//staff of life,food made from dough of flour or meal and usually raised with yeast or baking powder and then baked
273,dough,"A mixture of flour and water ready to be baked into bread, pastry etc.",n07860988,dough,a flour mixture stiff enough to knead or roll
274,knead,To press a dough many times with one's hands.,v01235355,knead//work,"make uniform; ""knead dough""; ""work the clay until it is soft"""
1594,flour,Ground or milled grain or cereal.,n07569106,flour,fine powdery foodstuff obtained by grinding and sifting the meal of a cereal grain
1033,grind,"To break something into small pieces by pressing it flat, or grinding it to powder.",v00331082,grind//mash//crunch//bray//comminute,"reduce to small pieces or particles by pounding or abrading; ""grind the spices in a mortar""; ""mash the garlic"""
636,mill,"A mill is a device that breaks solid materials into smaller pieces by grinding, crushing, or cutting.",n03765561,mill//grinder//milling machinery,machinery that processes materials by grinding or crushing
224,mortar,A bowl used to crush and grind ingredients with a pestle.,n03786901,mortar,a bowl-shaped vessel in which substances can be ground and mixed with a pestle
225,pestle,A heavy cylindrical object with a rounded end used for crushing and grinding.,n03919289,pestle,a club-shaped hand tool for grinding and mixing substances in a mortar
634,meat,"The edible flesh of animals, especially that of mammals.",n07649854,meat,the flesh of animals (including fishes and birds and snails) used as food
1874,sausage,"A length of intestine, stuffed with ground (organ) meat, and other ingredients. Instead of intestines, a different kind of wrapper can be used.",n07675627,sausage,highly seasoned minced meat stuffed in casings
1547,soup,"A cooked, liquid dish (made from meat or vegetables that are mixed with broth in a pot) that is often sold in tins.",n07583197,soup,liquid food especially of meat or fish or vegetable stock often containing pieces of solid food
924,vegetables,Any of various herbaceous plants having parts that are used as food.,n07707451,vegetable//veggie//veg,edible seeds or roots or stems or leaves or bulbs or tubers or nonsweet fruits of any of numerous herbaceous plant
832,bean,Any of various leguminous plants grown for their edible seeds and pods.,n07724943,bean//edible bean,any of various edible seeds of plants of the family Leguminosae used for food
593,potato,"A tuberous plant, Solanum tuberosum, often eaten as a starchy vegetable, particularly in the Americas and Europe.",n07710616,potato//white potato//Irish potato//murphy//spud//tater,an edible tuber native to South America; a staple food of Ireland
1507,fruit,A botanical fruit that can be eaten raw used as food.,n13134947,fruit,the ripened reproductive body of a seed plant
1966,bunch,A group of things fastened or growing together.,n07959943,bunch//clump//cluster//clustering,"a grouping of a number of similar things; ""a bunch of trees""; ""a cluster of admirers"""
322,fig,"The fruit of the fig tree, pear-shaped and containing many small seeds.",n07753113,fig,fleshy sweet pear-shaped yellowish or purple multiple fruit eaten fresh or preserved or dried
920,grape,"A small, round, smooth-skinned edible fruit, usually purple, red, or green, that grows in bunches on certain vines.",n07758680,grape,any of various juicy fruit of the genus Vitis with green or purple skins; grow in clusters
191,nut,A hard-shelled seed.,n13136556,nut,usually large hard-shelled seed
1154,olive,"The small oval fruit of the olive tree, Olea europaea.",n12301445,olive,small ovoid fruit of the European olive tree; important food and source of oil
1484,oil (organic substance),Fat from animals or plants in a liquid form.,n14966667,oil,a slippery or viscous liquid or liquefiable substance not miscible with water
323,fat (organic substance),Esters of three fatty acid chains and the alcohol glycerol which form a semi-solid substance in room temperature and occur in animals and plants.,n14864360,fat,"a soft greasy substance occurring in organic tissue and consisting of a mixture of lipids (mostly triglycerides); ""pizza has too much fat"""
1274,salt,A condiment (NaCl - Sodium Chloride) used to add to or enhance the flavour of food (commonly with pepper).,n07813107,salt//table salt//common salt,white crystalline form of especially sodium chloride used to season and preserve food
1385,pepper,"A spice prepared from the fermented, dried, unripe red berries of the pepper plant.",n07815588,pepper//peppercorn,pungent seasoning from the berry of the common pepper plant of East India; use whole or ground
942,honey,"A viscous, sweet substance produced from nectar or honeydew by bees.",n07858978,honey,a sweet yellow liquid produced by bees
862,sugar,"A sweet crystalline or powdered substance, white when pure, consisting of sucrose obtained mainly from sugar cane and sugar beets and used in many foods, drinks, and medicines to improve their taste.",n07859284,sugar//refined sugar,a white crystalline carbohydrate used as a sweetener and preservative
635,milk,"The whitish fluid secreted by the mammary gland for the nourishment of the young; composed of carbohydrates, proteins, fats, mineral salts, vitamins, and antibodies.",n07844042,milk,a white nutritious liquid secreted by mammals and used as food by human beings
93,draw milk,"To draw milk from (a mammal, especially a cow).",v00194170,milk,"take milk from female mammals; ""Cows need to be milked every morning"""
1569,cheese,A curdled or cultured milk product.,n07850329,cheese,a solid food prepared from the pressed curd of milk
1245,butter,"A soft, fatty foodstuff that is made by churning the cream of milk (most often cows milk).",n07848338,butter,an edible emulsion of fat globules made by churning milk or cream; for cooking and table use
731,beverage,Any one of various liquids for drinking.,n07881800,beverage//drink//drinkable//potable,"any liquid suitable for drinking; ""may I take your beverage order?"""
941,mead,Wine made of honey.,n07890750,mead,made of fermented honey and water
1524,wine,An alcoholic beverage made by fermenting juice of grapes.,n07891726,wine//vino,fermented juice (of grapes especially)
1639,beer,"An alcoholic beverage commonly fermented from barley malt, with hops or some other substance to impart a bitter flavor.",n07886849,beer,a general name for alcoholic beverages made by fermenting a cereal (or mixture of cereals) flavored with hops
744,egg,"Egg (either fertilized or not) from domesticated birds, most commonly hens, seen as food.",n07840804,egg//eggs,oval reproductive body of a fowl (especially a hen) used as food
1556,yolk,"The yellow, spherical part of an egg that is surrounded by the white albumen, and serves as nutriment for the growing young.",n07841345,egg yolk//yolk,the yellow spherical part of an egg that is surrounded by the albumen
1895,clothes,All coverings designed to be worn on a person's body.,n02728440,apparel//wearing apparel//dress//clothes,"clothing in general; ""she was refined in her choice of apparel""; ""he always bought his clothes at the same store""; ""fastidious about his dress"""
881,tailor,Someone who professionally manufactures clothing.,n10689564,tailor//seamster//sartor,a person whose occupation is making and altering garments
1616,cloth,"A woven fabric such as used in dressing, decorating, cleaning or other practical use.",n03309808,fabric//cloth//material//textile,"artifact made by weaving or felting or knitting or crocheting natural or synthetic fibers; ""the fabric in the curtains was light and semitransparent""; ""woven cloth originated in Mesopotamia around 5000 BC""; ""she measured off enough material for a dress"""
964,wool,"The soft, curly hair that forms the fleece of sheep, lamas and other animals and which is used to produce clothing.",n15104217,wool,fiber sheared from animals (such as sheep) and twisted into yarn for weaving
1850,cotton,"Fiber obtained from plants of the genus Gossypium, used in making fabrics, cordage, and padding and for producing artificial fibers and cellulose.",n03115180,cotton,fabric woven from cotton fibers
1641,silk,"One of the finest textiles, obtained from cocoons of certain species of caterpillars; it is soft, very strong and absorbent and has a brilliant sheen.",n04219424,silk,a fabric made from the fine threads produced by certain insect larvae
325,felt,"A cloth or stuff made of matted fibres of wool, or wool and fur, fulled or wrought into a compact substance by rolling and pressure, with lees or size, without spinning or weaving.",n03326795,felt,a fabric made of compressed matted animal fibers
580,fur,The body-hair of an animal (excluding humans) or a piece of clothing made thereof.,n03404149,fur,a garment made of the dressed hairy coat of a mammal
629,leather,"The dressed or tanned hide of an animal, usually with the hair removed.",n14759722,leather,an animal skin made smooth and flexible by removing the hair and then tanning
121,spin,"To make (yarn) by drawing out, twisting, and winding fibers.",v01518772,spin,"work natural fibers into a thread; ""spin silk"""
277,spindle,A stick used in spinning fiber into thread.,n04277352,spindle,a stick or pin used to twist the yarn in spinning
133,weave,To create a fabric by interlacing threads.,v01673891,weave//tissue,"create a piece of cloth by interlacing strands of fabric, such as wool or cotton; ""tissue textiles"""
1787,loom,A frame or machine (made of wood or other material) in which a weaver forms cloth out of thread; a machine for interweaving yarn or threads into a fabric.,n03689157,loom,a textile machine for weaving yarn into a textile
1457,sew,"To pass thread repeatedly through fabric or a material, using a needle, in order to join two or more parts or to make a pattern or motif.",v01329239,sew//run up//sew together//stitch,fasten by sewing; do needlework
1382,needle (for sewing),"A thin, sharp implement used in sewing, knitting and acupuncture.",n03816136,needle,a sharp pointed implement (usually steel)
278,awl,Pointed tool for marking or piercing wood or leather.,n02763714,awl,a pointed tool for marking surfaces or for punching small holes
1161,thread,"A long, thin and flexible form of material, generally with a round cross-section, used in sewing, weaving or in the construction of string.",n04426788,thread//yarn,a fine cord of twisted fibers (of cotton or silk or wool or nylon etc.) used in sewing and weaving
157,dye,To modify the color of something by applying dye.,v00283090,dye,"color with dye; ""Please dye these shoes"""
326,cloak,"A long outer garment worn over the shoulders covering the back; a cape, often with a hood.",n03045337,cloak,a loose outer garment
327,poncho,"A simple garment, made from a rectangle of cloth, with a slit in the middle for the head.",n03980874,poncho,a blanket-like cloak with a hole in the center for the head
474,dress,A one-piece garment for a woman that has a skirt and a body section.,n03236735,dress//frock,a one-piece garment for a woman; has skirt and bodice
603,coat,An outer garment covering the upper torso and arms.,n03057021,coat,an outer garment that has sleeves and covers the body from shoulder down; worn outdoors
1622,shirt,"An article of clothing that is worn on the upper part of the body, and often has sleeves, either long or short, that cover the arms.",n04197391,shirt,a garment worn on the upper half of the body
2012,collar,The part of a garment that encircles the neck.,n03068181,collar//neckband,a band that fits around the neck and is usually folded over
1600,skirt,"An article of clothing, usually worn by women and girls, that hangs from the waist and covers the lower part of the body.",n04230808,skirt,a garment hanging from the waist; worn mainly by girls and women
328,grass-skirt,"A skirt made from long dried grass, or synthetic material resembling it.",n03454442,grass skirt,a skirt made of long blades of grass
809,trousers,An item of clothing worn on the lower part of the body and covering both legs separately.,n04489008,trouser//pant,"(usually in the plural) a garment extending from the waist to the knee or ankle, covering each leg separately; ""he had a sharp crease in his trousers"""
329,stocking,"A soft garment worn on the foot and lower leg, usually knit or woven, worn under shoes or other footwear.",n04323819,stocking,close-fitting hosiery to cover the foot and leg; come in matched pairs (usually used in the plural)
1381,shoe,"A protective covering for the foot, with a bottom part composed of thick leather or plastic sole and often a thicker heel, and a softer upper part made of leather or synthetic material. Shoes generally do not extend above the ankle, as opposed to boots, which do.",n04199027,shoe,footwear shaped to fit the foot (below the ankle) with a flexible upper of leather or plastic and a sole and heel of heavier material
585,boot,A shoe that covers part of the leg.,n02872752,boot,footwear that covers the whole foot and lower leg
875,shoemaker,A person whose profession is making and repairing footwear.,n09933098,cobbler//shoemaker,a person who makes or repairs shoes
2130,headgear,Any element of clothing which is worn on one's head.,n02954340,cap,a tight-fitting headdress
772,belt,"A clothing accessory, usually made of leather or heavy cloth, worn around the waist and used to support trousers or other articles of clothing.",n02827606,belt,a band to tie or buckle around the body (usually at the waist)
867,glove,"A garment for a hand, often extending to the wrist and sometimes up to the elbow, which either covers each finger individually, or separates the thumb from the other fingers.",n03441112,glove,handwear: covers the hand and wrist
1151,veil,A head covering.,n03502331,head covering//veil,a garment that covers the head and face
1851,pocket,"A kind of pouch, which is accessible by an opening in an article of clothing and serves for storage; usually large enough in order to accommodate at least one hand.",n03972524,pocket,a small pouch inside a garment for carrying small articles
757,button,A fastener consisting of a knob or disc that is passed through a slit in the adjacent material.,n02928608,button,a round fastener sewn to shirts and coats etc to fit through buttonholes
64,pin,"A small device, made (usually) of drawn-out steel wire with one end sharpened and the other flattened or rounded into a head, used for fastening.",n04331892,straight pin,pin consisting of a short straight stiff piece of wire with a pointed end; used to fasten pieces of cloth or paper together
917,ornament,An element of decoration.,n02681518,adornment,a decoration of color or interest that is added to relieve plainness
1029,jewel,"A precious stone such as a diamond, a sapphire or an agate.",n03596787,jewel//gem//precious stone,a precious or semiprecious stone incorporated into a piece of jewelry
1374,ring,A round piece of (precious) metal worn around the finger.,n04092609,ring//band,"jewelry consisting of a circlet of precious metal (often set with jewels) worn on the finger; ""she had rings on every finger""; ""he noted that she wore a wedding band"""
1754,bracelet,Piece of jewellery worn around the wrist.,n02887970,bracelet//bangle,jewelry worn around the wrist for decoration
1961,necklace,An article of jewelry that is worn around the neck.,n03814906,necklace,jewelry consisting of a cord or chain (often bearing gems) worn about the neck as an ornament (especially by women)
1860,bead,"A hard, rounded object produced within the soft tissue (specifically the mantle) of a living shelled mollusk.",n02815071,bead,a small ball with a hole through the middle
770,earring,A piece of jewelry worn on the ear.,n03262349,earring,jewelry to ornament the ear; usually clipped to the earlobe or fastened through a hole in the lobe
3457,headband or headdress,An cloth or strip of cloth worn on or around the head.,NA,NA,NA
68,tattoo,A marking made by inserting ink into the layers of skin to change the pigment permanently for decorative or other reasons.,n04395651,tattoo,a design on the skin made by tattooing
332,rag,"A piece of old cloth; a tattered piece of cloth; a shred, a tatter.",n04045941,rag//shred//tag//tag end//tatter,a small piece of cloth or paper
1021,towel,Piece of absorbent fabric or paper used for drying or wiping.,n04459362,towel,a rectangular piece of absorbent cloth (or paper) for drying or wiping
1475,comb,A toothed implement for grooming the hair.,n03074855,comb,a flat device with narrow pointed teeth on one edge; disentangles or arranges hair
1821,brush,"An implement with a handle, and a head with multiple more or less flexible bristles, used for arranging hair.",n02908217,brush,an implement that has hairs or bristles firmly set into a handle
1043,braid,A hair style formed by interweaving three or more strands of hair.,NA,NA,NA
151,razor,A bladed tool used for the removal of body hair through the act of shaving.,n04057047,razor,edge tool used in shaving
1926,ointment,A semisolid preparation intended for external application to the skin or mucous membranes. (source: UMLS),n03845550,ointment//unction//unguent//balm//salve,semisolid preparation (usually containing a medicine) applied externally as a remedy or for soothing an irritation
788,soap,"A cleansing agent, manufactured in bars, granules, flakes, or liquid form, made from a mixture of the sodium salts of various fatty acids of natural oils and fats.",n04253437,soap,a cleansing agent made from the salts of vegetable or animal fats
1171,mirror,"A smooth surface, usually made of glass with reflective material painted on the underside, that reflects light so as to give an image of what is in front of it.",n03773035,mirror,polished surface that forms images by reflecting light
363,"dwell (live, reside)",To live; to reside; to remain or continue.,v02649830,populate//dwell//live//inhabit,"inhabit or live in; be an inhabitant of; ""People lived in Africa millions of years ago""; ""The people inhabited the islands that are now deserted""; ""this kind of fish dwells near the bottom of the ocean""; ""deer are populating the woods"""
1252,house,"The abode of a human being, their place of residence.",n03544360,house,"a dwelling that serves as living quarters for one or more families; ""he has a house on Cape Cod""; ""she felt she had to get out of the house"""
1678,hut,"A simple roofed shelter, often with one  open side.",n03547054,hovel//hut//hutch//shack//shanty,small crude shelter used as a dwelling
403,garden-house,"A small building in a garden, such as a shed, which is not usually build to be inhabitated for long times.",NA,NA,NA
1316,tent,"A portable lodging (usually made from waterproof plastic, animal hide or canvas streched by poles) that is used for sheltering people and objects from the weather when camping or at festivals.",n04411264,tent//collapsible shelter,"a portable shelter (usually of canvas stretched over supporting poles and fastened to the ground with ropes and pegs); ""he pitched his tent near the creek"""
736,yard,"A small, usually uncultivated area adjoining or within the precincts of a house or other building.",n03120198,court//courtyard,"an area wholly or partly surrounded by walls or buildings; ""the house was built around an inner court"""
334,cookhouse,A small house where cooking takes place; a kitchen house.,n03101375,cookhouse,"a detached or outdoor shelter for cooking; ""the circus used a tent as their cookhouse"""
1450,room,"A separate part of a building, enclosed by walls, a floor and a ceiling.",n04105893,room,"an area within a building enclosed by walls and floor and ceiling; ""the rooms were very small but they had a nice view"""
1567,door,"An opening, or passage in a fence or wall; the entrance through which you enter or leave a room or building.",n03427296,gate,a movable barrier in a fence or wall
80,doorpost,The frame that supports a door.,n03222857,doorjamb//doorpost,a jamb for a door
1596,lock,"Something used for fastening, which can only be opened with a key or combination.",n03682487,lock,a fastener fitted to a door or drawer to keep it firmly closed
1012,latch,"A fastening for a door that has a bar that fits into a notch or slot, and is lifted by a lever or string from either side.",n02865931,bolt//deadbolt,the part of a lock that is engaged or withdrawn with a key
1472,key,An object designed to be able to open (and usually close) a lock.,n03613294,key,metal device shaped in such a way that when it is inserted into the appropriate lock the lock's mechanism can be rotated
1375,window,"An opening, usually covered by one or more panes of clear glass, to allow light from outside to enter a building or vehicle.",n04587648,window,a framework of wood or metal that contains a glass windowpane and is built into a wall or roof to admit light or air
1632,floor,The bottom or lower part of any room; the supporting surface of a room.,n03365592,floor//flooring,"the inside lower horizontal surface (as of a room, hallway, tent, or other structure); ""they needed rugs to cover the bare floors""; ""we spread our sleeping bags on the dry floor of the tent"""
933,wall (of house),The outer structure which encloses a building.,n04546855,wall,"an architectural partition with a height and length greater than its thickness; used to divide or enclose an area or to support another structure; ""the south wall had a small window""; ""the walls were covered with pictures"""
185,fireplace,"An open recess in a wall at the base of a chimney where a fire may be built, or a hearth.",n03346455,fireplace//hearth//open fireplace,"an open recess in a wall at the base of a chimney where a fire can be built; ""the fireplace was so large you could walk inside it""; ""he laid a fire in the hearth and lit it""; ""the hearth was black with the charcoal of many fires"""
859,stove,"A chamber within which a fuel-air mixture is burned to provide heat, the heat itself being radiated outward from the chamber; used for space heating, process-fluid heating, and steel blast furnaces.",n04330340,stove//kitchen stove//range//kitchen range//cooking stove,"a kitchen appliance used for cooking food; ""dinner was already on the stove"""
1305,chimney,"A vertical structure of brick, masonry, or steel that carries smoke or steam away from a fire, engine, etc.",n03017428,chimney,a vertical flue that provides a path through which smoke from a fire is carried away through the wall or roof of a building
1464,ladder,"A frame usually portable, of wood, metal, or rope, for ascent and descent, consisting of two vertical side pieces to which are horizontally fastened cross strips or rounds forming steps.",n03632277,ladder,steps consisting of two parallel members connected by rungs; for climbing up or down
1663,bed,"A piece of furniture, made for a person to sleep on.",n02818832,bed,"a piece of furniture that provides a place to sleep; ""he sat on the edge of the bed""; ""the room had only a bed and chair"""
1044,pillow,Cushion placed under the head for sleeping.,n03938244,pillow,a cushion to support the head of a sleeping person
806,blanket,A large cloth used for warmth and for sleeping.,n02849154,blanket//cover,"bedding that keeps a person warm in bed; ""he pulled the covers over his head and went to sleep"""
1476,chair,"An item of furniture comprising a seat, legs, back, and sometimes arm rests, on which or in which one people can sit.",n03001627,chair,"a seat for one person, with a support for the back; ""he put his coat over the back of the chair and sat down"""
1775,table,"A piece of furniture that generally consists of a hard, flat, horizontal surface, which is elevated and stabilised by 3 or more legs (usually 4).",n04379243,table,"a piece of furniture having a smooth flat top that is usually supported by one or more vertical legs; ""it was a sturdy table"""
2131,torch or lamp,Any portable device that produces light.,n04456115,torch,a light usually carried in the hand; consists of some flammable substance
1273,candle,"A light source consisting of a wick embedded in a solid, flammable substance such as wax, tallow, or paraffin.",n02948072,candle//taper//wax light,stick of wax with a wick in the middle
745,shelf,"A flat, rigid, rectangular structure, fixed at right angles to a wall, and used to support, store or display objects.",n04190052,shelf,a support that consists of a horizontal surface for holding objects
205,trough,"A long, narrow container, open on top, for feeding or watering animals.",n03717131,manger//trough,a container (usually in a barn or stable) from which cattle or horses feed
769,roof,The structure covering a building.,n04105068,roof,a protective covering that covers or forms the top of a building
279,thatch,"Natural roofing material such as straw, reeds, leaves, etc.",n15069712,thatch,plant stalks used as roofing material
280,ridgepole,The highest horizontal beam in a roof.,n04089152,ridge//ridgepole//rooftree,a beam laid along the edge where two sloping sides of a roof meet at the top; provides an attachment for the upper ends of rafters
829,rafter,"One of several parallel sloping beams that extend from the ridge to the wall-plate, to support the roof and its associated loads; the sloping top member of a roof truss, which carries the purlins.",n04045644,rafter//balk//baulk,one of several parallel sloping beams that support a roof
1132,beam,"A structural member loaded on its narrow face, and typically used in a horizontal or sloping position to span between bearing points.",n02815950,beam,"long thick piece of wood or metal or concrete, etc., used in construction"
281,post,"A strong upright piece of wood, metal etc. that is fixed into the ground, especially to support something.",n03976657,pole,a long (usually round) rod of wood or metal or plastic
1227,board,"A piece of wood or similar material that has been sawn into a regular shape, usually in preparation for using it in some sort of construction.",n15101854,board//plank,a stout length of sawn timber; made in a wide variety of sizes and used for many purposes
876,arch,"An arch-shaped arrangement of trapezoidal stones, designed to redistribute downward force outward.",n02733524,arch,(architecture) a masonry construction (usually curved) for spanning an opening and supporting the weight above it
877,mason,A craftsman who builds in stone or brick otherwise known as masonry.,n10297531,mason//stonemason,a craftsman who works with stone or brick
1006,brick,"A building material usually made from clay, molded as a rectangular block, and baked or burned in a kiln.",n02897820,brick,rectangular block of clay baked by the sun or in a kiln; used as a building or paving material
1731,mortar binder,"Paste made of a mixture of a binder (cement, plaster or lime), sand and water used in masonry to make bricks, stones, etc. stick together.",n14955889,mortar,used as a bond in masonry or for covering a wall
901,adobe,An unburnt brick dried in the sun made of clay and dried grasses.,n02681392,adobe//adobe brick,sun-dried brick; used in hot dry climates
979,farmer,"A person who works the land or who keeps livestock, especially on a farm.",n10078806,farmer//husbandman//granger//sodbuster,a person who operates a farm
212,field,"A limited area of land with grass or crops growing on it, which is usually surrounded by fences or closely planted bushes when it is part of a farm.",n08569998,field,"a piece of land cleared of trees and usually enclosed; ""he planted a field of wheat"""
586,garden,A piece of land next to a house where flowers and other plants are grown and which often has an area of grass.,n03417749,garden,a yard or lawn adjoining a house
1541,cultivate,"To prepare an area by tilling, planting seeds etc. in order to grow plants.",v01741446,cultivate//crop//work,"prepare for crops; ""Work the soil""; ""cultivate the land"""
1690,fence,Delimitation for an area.,n03327234,fence//fencing,a barrier that serves to enclose an area
2002,ditch,"A long, narrow excavation artificially dug in the ground; especially an open and usually unpaved waterway, channel, or trench for conveying water for drainage or irrigation, and usually smaller than a canal. Some ditches may be natural watercourses.",n03214253,ditch,a long narrow excavation in the earth
1921,plough,To use a plough on to prepare for planting.,v01741864,plow//plough//turn,"to break and turn over earth especially with a plow; ""Farmer Jones plowed his east field last week""; ""turn the earth in the Spring"""
1794,furrow,The cut made in a field by a plough.,n03406966,furrow,a long shallow trench in the ground (especially one made by a plow)
1418,dig,"To move earth, rocks, etc. out of the way, usually to create a hole.",v01309701,dig//delve//cut into//turn over,"turn up, loosen, or remove earth; ""Dig we must""; ""turn over the soil for aeration"""
1176,spade,"Tool having a flat and sharp metal tip and a wooden handle used to break, dig and move the earth.",n04266486,spade,a sturdy hand shovel that can be pushed into the earth with the foot
1901,shovel,"A tool consisting of a stick (usually out of wood) and a bigger, slightly humped surface (usually out of metal), which is used to move material such as earth, snow, grain, etc. from one place to another.",n04208210,shovel,a hand tool for lifting loose material; consists of a curved container or scoop and a handle
284,hoe,"A tool with handle and blade with two or more prongs used for weeding, raking, etc.",n03524574,hoe,a tool with a flat blade attached at right angles to a long handle
337,pitchfork,An agricultural tool comprising a fork attached to a long handle used for pitching hay or bales of hay high up onto a haystack.,n03950359,pitchfork,a long-handled hand tool with sharp widely spaced prongs for lifting and pitching hay
338,rake,"A garden tool with a row of pointed teeth fixed to a long handle, used for collecting grass or debris, or for loosening soil.",n04050066,rake,a long-handled tool with a row of teeth at its head; used to move leaves or loosen soil
748,sow seeds,To scatter or disperse seeds on a field.,v01500873,sow//seed,"place (seeds) in or on the ground for future growth; ""She sowed sunflower seeds"""
714,seed,"A mature fertilized plant ovule, consisting of an embryo and its food store surrounded by a protective seed coat (testa).",n11683989,seed,a mature fertilized plant ovule consisting of an embryo and its food source and having a protective coat or testa
190,mow,"To cut all the grass, crop or any thin plants of a surface area of the ground.",v01319562,mow//cut down,"cut with a blade or mower; ""mow the grass"""
2132,sickle or scythe,Any portable tool that is used to cut grass or cereal crops in agriculture.,n04158250,scythe,an edge tool for cutting grass; has a long handle that must be held with both hands and a curved blade that moves parallel to the ground
285,thresh,Separating the grain from the straw or husks by beating.,v01416364,thrash//thresh,beat the seeds out of a grain
223,threshing-floor,Dry flat area where the grain is separated from the straw or husks by beating.,n04428382,threshing floor,a floor or ground area for threshing or treading out grain
605,grain,"Edible, starchy seeds of the grass family (Graminae) usable as food by man and his livestock.",n12141385,grain,"a cereal grass; ""wheat is a grain that is grown in Kansas"""
1077,wheat,Plant belonging to genus Triticum and to family Poaceae (also known as Gramineae).,n12142085,wheat,annual or biennial grass having erect flower spikes and light brown grains
932,barley,"A strong cereal of the genus Hordeum, or its grains, often used as food or to make malted drinks.",n12123244,barley,cultivated since prehistoric times; grown for forage and grain
23,rye,"Biennial plant from the genus Secale of the family Poaceae, used as a cereal or for forage.",n12134025,rye//Secale cereale,hardy annual cereal grass widely cultivated in northern Europe where its grain is the chief ingredient of black bread and in North America for forage and soil improvement
60,oat,A species of grass (Avena sativa) grown for its seed.,n12109827,oat,annual grass of Europe and North Africa; grains used as food and fodder (referred to primarily in the plural: `oats')
506,maize,A type of grain of the species Zea mays.,n12143676,corn//maize//Indian corn//Zea mays,tall annual cereal grass bearing kernels on large ears: widely cultivated in America in many varieties; the principal cereal in Mexico and Central and South America since pre-Columbian times
926,rice,Seeds of the rice plant (Oryza sativa) used as food.,n12125890,rice,annual or perennial rhizomatous marsh grasses; seed used for food; straw used for paper
606,grass,"A very large and widespread family of Monocotyledoneae, with more than 10.000 species, most of which are herbaceous, but a few are woody. The stems are jointed, the long, narrow leaves originating at the nodes. The flowers are inconspicuous, with a much reduced perianth, and are wind-pollinated or cleistogamous.",n12102133,grass,narrow-leaved green herbage: grown as lawns; used as pasture for grazing animals; cut and dried as hay
342,hay,Cut and dried grass for use as animal fodder.,n07802026,hay,grass mowed and cured for use as fodder
653,plant (vegetation),"Any living organism that synthesizes its food from inorganic substances, possesses cellulose cell walls, responds slowly and often permanently to a stimulus, lacks specialized sense organs and nervous system, and has no powers of locomotion.",n00017222,plant//flora//plant life,(botany) a living organism lacking the power of locomotion
1486,plant (something),To put a plant in the ground so that it strikes root and grows.,v01567275,plant//set,"put or set (seeds, seedlings, or plants) into the ground; ""Let's plant flowers in the garden"""
670,root,The absorbing and anchoring organ of a vascular plant; it bears neither leaves nor flowers and is usually subterranean.,n13125117,root,(botany) the usually underground organ that lacks buds or leaves or nodes; absorbs water and mineral salts; usually it anchors the plant to the ground
3223,branch or twig,A woody part of a tree arising from the trunk or from another branch.,NA,NA,NA
628,leaf,"The main organ of photosynthesis and transpiration in higher plants, usually consisting of a flat green blade attached to the stem directly or by a stalk.",n13131883,blade//leaf blade,especially a leaf of grass or the broad portion of a leaf as distinct from the petiole
239,flower,"The reproductive structure of angiosperm plants, consisting of stamens and carpels surrounded by petals and sepals all borne on the receptacle.",n11669335,flower//bloom//blossom,reproductive organ of angiosperm plants especially one having showy or colorful parts
906,tree,Any large woody perennial plant with a distinct trunk giving rise to branches or leaves at some distance from the ground.,n13104059,tree,a tall perennial woody plant having a main trunk and branches forming a distinct elevated crown; includes both gymnosperms and angiosperms
644,oak,"Any tree of the genus Quercus in the order Fagales, characterized by simple, usually lobed leaves, scaly winter buds, a star-shaped pith, and its fruit, the acorn, which is a nut; the wood is tough, hard, and durable, generally having a distinct pattern.",n12268246,oak//oak tree,"a deciduous tree of the genus Quercus; has acorns and lobed leaves; ""great oaks grow from little acorns"""
1950,beech,"Any tree of the genus Fagus, of temperate regions, having a smooth gray bark and bearing small, edible, triangular nuts.",n12260799,beech//beech tree,any of several large deciduous trees with rounded spreading crowns and smooth grey bark and small sweet edible triangular nuts enclosed in burs; north temperate regions
1855,birch,"A tree of the genus Betula, with small leaves and a trunk that is white with darker blotches.",n12281241,birch//birch tree,any betulaceous tree or shrub of the genus Betula having a thin peeling bark
1740,pine,Evergreen coniferous tree of the genus Pinus.,n11608250,pine//pine tree//true pine,a coniferous tree
1915,fir,An evergreen coniferous tree of the genus Abies.,n11620673,fir//fir tree//true fir,any of various evergreen trees of the genus Abies; chiefly of upland areas
968,acorn,Fruit of the oak tree.,n12267677,acorn,fruit of the oak tree: a smooth thin-walled nut in a woody cup-shaped base
974,tobacco,"Leaves of certain varieties of the tobacco plant, cultivated and harvested to make cigarettes, cigars, snuff, for smoking in pipes or for chewing.",n04442831,tobacco//baccy,leaves of the tobacco plant dried and prepared for smoking or ingestion
1689,smoke (inhale),To inhale smoke from for example a cigarette or a cigar.,v01198101,smoke,"inhale and exhale smoke from cigarettes, cigars, pipes; ""We never smoked marijuana""; ""Do you smoke?"""
1124,pipe,"A device consisting of a mouthpiece, a long pipe stem and a pipe bowl, that is used to smoke tobacco.",n03945167,pipe//tobacco pipe,a tube with a small bowl at one end; used for smoking tobacco
1204,bark,The exterior covering of the trunk and branches of a tree.,n13162297,bark,tough protective covering of the woody stems and roots of trees and other woody plants
345,sap,"The juice of plants of any kind, especially the ascending and descending juices or circulating fluid essential to nutrition.",n15038127,sap,"a watery solution of sugars, salts, and minerals that circulates through the vascular system of a plant"
970,coconut,The large hard-shelled oval nut with a fibrous husk of the cocos palm.,n07772935,coconut//cocoanut,large hard-shelled oval nut with a fibrous husk containing thick white meat surrounding a central cavity filled (when fresh) with fluid or milk
346,banyan,"A tropical Indian fig tree, Ficus benghalensis, that has many aerial roots.",n12402348,banyan//banyan tree//banian//banian tree//Indian banyan//East Indian fig tree//Ficus bengalensis,East Indian tree that puts out aerial shoots that grow down into the soil forming additional trunks
410,yam,"It is the common name for a versatile vegetable which is mainly grown in West Africa, Asia and Latin America.",n07711907,yam,edible tuberous root of various yam plants of the genus Dioscorea grown in the tropics world-wide for food
925,cassava,Shrub (Manihot esculenta) whose roots are rich in starch.,n12927013,cassava//manioc,cassava root eaten as a staple food after drying and leaching; source of tapioca
411,gourd,"A plant belonging to the family Cucurbitaceae, native to tropical Africa. It represents a creeping vine, usually grown for its fruits that, as a rule, can have a variety of shapes: from rounded to globular, bottle- or club-shaped or even slim and coiled.",n03449451,gourd//calabash,bottle made from the dried shell of a bottle gourd
864,pumpkin,"A squash fruit of the Cucurbita genus, most commonly orange in colour when ripe and traditionally used during Halloween.",n07715561,squash,edible fruit of a squash plant; eaten as a vegetable
1927,bamboo,"A group of woody perennial evergreen plants in the true grass family Poaceae, subfamily Bambusoideae, tribe Bambuseae.",n12147539,bamboo,the hard woody stems of bamboo plants; used in construction and crafts and fishing poles
33,nettle,Any of numerous plants having stinging hairs that cause skin irritation on contact (especially of the genus Urtica or family Urticaceae). [B:33],n12392070,nettle,any of numerous plants having stinging hairs that cause skin irritation on contact (especially of the genus Urtica or family Urticaceae)
641,mushroom,An organism belonging to a family of Basidiomycetes that are characterized by the production of spores on gills.,n13000891,mushroom,"mushrooms and related fleshy fungi (including toadstools, puffballs, morels, coral fungi, etc.)"
984,work (labour),"Productive activity, service, trade, or craft for which one is regularly paid.",n00575741,work,"activity directed toward making or doing something; ""she checked several points needing further work"""
2004,bend,Movement that causes the formation of a curve.,v01280014,flex//bend//deform//twist//turn,"cause (a plastic object) to assume a crooked or angular form; ""bend the rod""; ""twist the dough into a braid""; ""the strong man could turn an iron bar"""
1470,fold,To bend a thin material (such as paper) over so that it comes in contact with itself.,v01277974,fold//fold up//turn up,"bend or lay so that one part covers the other; ""fold up the newspaper""; ""turn up your collar"""
1917,tie,To establish connection between two or more things.,v01285440,tie//bind,"fasten or secure with a rope, string, or cord; ""They tied their victim to the chair"""
352,untie,"To loosen, as something interlaced or knotted; to disengage the parts of. To unbind, to free from restraint.",v01284461,untie//unbrace//unlace,"undo the ties of; ""They untied the prisoner"""
1627,chain,A series of interlocked rings or links forming a flexible length.,n02999410,chain,a series of (usually metal) rings or links fitted into one another to make a flexible ligament
1218,rope,"Thick, strong string made of several strands that have been twisted together.",n04108268,rope,a strong line
760,knot,A loop of string or any other long flexible material which cannot be untied without pulling part of the string through the loops.,n03627232,knot,any of various fastenings formed by looping and tying a rope (or cord) upon itself or to another rope or to another object
2133,strike or beat,"To hit or strike, either repeatedly or a single time.",v01398919,beat,"hit repeatedly; ""beat on the door""; ""beat the table with his shoe"""
354,pound,"To strike hard, usually repeatedly.",v01414626,thump//pound//poke,"hit hard with the hand, fist, or some heavy instrument; ""the salesman pounded the door knocker""; ""a bible-thumping Southern Baptist"""
1432,cut,"To perform an incision (for example, with a knife).",v01552519,cut,"separate with or as if with an instrument; ""Cut the rope"""
155,chop,"To chop wood, or to chop meat, vegetables etc. into small pieces.",v01258091,chop//chop up,"cut into pieces; ""Chop wood""; ""chop meat"""
3189,stab to death,To kill by stabbing with a knife.,NA,NA,NA
1352,knife,"A utensil consisting of a sharpened piece of hard material such as steel or other metal, ceramic, glass or stone, usually attached to a handle, that is formed in a manner that allows for cutting softer materials, especially meat or other food.",n03623556,knife,edge tool used as a cutting instrument; has a pointed blade with a sharp edge and a handle
356,shears,"A tool consisting of two blades with bevel edges, connected by a pivot, used for cutting cloth, or for removing the fleece from sheep etc.",n04186848,shears,large scissors with strong blades
677,axe,"A tool for felling trees or chopping wood consisting of a heavy metallic or stone head flattened to a blade on one side, and which is attached to a usually wooden handle.",n02764044,ax//axe,an edge tool with a heavy bladed head mounted across a handle
290,adze,"A sharp tool with the blade at a right angle to the handle, used to shape pieces of wood.",n02682311,adz//adze,an edge tool used to cut and shape wood
680,break (destroy or get destroyed),To divide or be divided into pieces and thereby damaged.,v00334996,break,"destroy the integrity of; usually by force; cause to separate into pieces or fragments; ""He broke the glass plate""; ""She broke the match"""
1437,split,To divide fully or partly along a more or less straight line.,v01556572,cleave//split//rive,"separate or cut with a tool, such as a sharp instrument; ""cleave the bone"""
1735,tear (shred),To pull at something in such a way that it ends up divided.,v01573515,tear//rupture//snap//bust,"separate or cause to separate abruptly; ""The rope snapped""; ""tear the paper"""
291,pull off (skin),To strip or pull off the skin or hide of.,v01274657,flay,strip the skin off
1449,rub,To move one's hand or an object over a surface or other object (maintaining constant contact and applying moderate pressure).,v01249724,rub,"move over something with pressure; ""rub my hands""; ""rub oil into her skin"""
214,stretch,To lengthen by pulling.,v00318816,elongate//stretch,"make long or longer by pulling and stretching; ""stretch the fabric"""
1455,pull,"To apply a force to (an object), in order that it moves towards the origin of the force that was applied.",v01448100,pull//draw//force,"cause to move by pulling; ""draw a wagon""; ""pull a sled"""
1913,press,To apply pressure to an item.,v01447257,press,"exert pressure or force to or upon; ""He pressed down on the boards""; ""press your thumb on this spot"""
1414,squeeze,To apply pressure to something from two or more sides at once.,v01447868,squeeze,"press firmly; ""He squeezed my hand"""
1487,pour,To cause a liquid to flow into a container.,v02069551,pour,"cause to run; ""pour water over the floor"""
1453,wash,"To remove dirt and grime from an object, using water (usually with soap).",v01535246,wash//launder,"cleanse with a cleaning agent, such as soap, and water; ""Wash the towels, please!"""
230,sweep,To clean a surface with a broom.,v01393996,sweep,"clean by sweeping; ""Please sweep the floor"""
245,broom,"A tool used to sweep and clean the floor, made of a bundle of straws or twigs attached to a long handle.",n02906734,broom,a cleaning implement for sweeping; bundle of straws or twigs attached to a long handle
1361,tool,A mechanical device intended to make a task easier.,n00173761,instrument//tool,"the means whereby some act is accomplished; ""my greed was the instrument of my destruction""; ""science has given us new tools to fight disease"""
1042,carpenter,Artisan who works with wood.,n09896685,carpenter,a woodworker who makes or repairs wooden objects
1840,build,To form by combining materials or parts.,v01654628,construct//build//make,"make by combining materials and parts; ""this little pig made his house out of straw""; ""Some eccentric constructed an electric brassiere warmer"""
1501,bore,To create a hole by removing material with a drill.,v01443021,bore//drill,"make a hole, especially with a pointed power or hand tool; ""don't drill here, there's a gas pipe""; ""drill a hole into the wall""; ""drill for oil""; ""carpenter bees are boring holes into the wall"""
1948,saw,"A tool with a toothed blade used for cutting hard substances, in particular wood or metal.",n04140064,saw,hand tool having a toothed blade for cutting
1481,hammer,A tool with a heavy head and a handle used for pounding.,n03481172,hammer,a hand tool with a heavy rigid head and a handle; used to deliver an impulsive force by striking
502,nail (tool),A spike-shaped metal fastener used for joining wood or similar materials.,n03804744,nail,a thin pointed piece of metal that is hammered into materials as a fastener
1069,glue,Substance used for sticking objects together.,n14702875,glue//gum//mucilage,cement consisting of a sticky substance that is used as an adhesive
1001,blacksmith,A craftsman expert in iron and other metals work.,n09859152,blacksmith,a smith who forges and shapes iron with a hammer and anvil
288,forge,To create and mold by hammering.,v01675245,forge//hammer,"create by hammering; ""hammer the silver into a bowl""; ""forge a pair of tongues"""
1648,anvil,A heavy iron block used by a blacksmith as a surface upon which metal can be struck and shaped.,n02725872,anvil,a heavy block of iron or steel on which hot metals are shaped by hammering
211,cast,"To pour [a hardenable liquid material, like metal, plaster, glass, concrete etc.] into a mold in order to produce a solid object of the shape of the mold.",v01662771,cast//mold//mould,"form by pouring (e.g., wax or hot metal) into a cast or mold; ""cast a bronze sculpture"""
1369,gold,"A heavy yellow elemental metal of great value, with atomic number 79 and symbol Au.",n14638799,gold//Au//atomic number 79,a soft yellow malleable ductile (trivalent and univalent) metallic element; occurs mainly as nuggets in rocks and alluvial deposits; does not react with most chemicals but is attacked by chlorine and aqua regia
759,silver,A very ductile malleable brilliant greyish-white element with symbol Ar and atomic number 47 having the highest electrical and thermal conductivity of any metal.,n14654954,silver//Ag//atomic number 47,a soft white precious univalent metallic element having the highest electrical and thermal conductivity of any metal; occurs in argentite and in free form; used in coins and jewelry and tableware and photography
621,iron,"A malleable ductile silvery-white ferromagnetic metallic element with symbol Fe and atomic number 26, occurring principally in haematite and magnetite. It is widely used for structural and engineering purposes.",n14642417,iron//Fe//atomic number 26,a heavy ductile magnetic metallic element; is silver-white in pure form but readily rusts; used in construction and tools and armament; plays a role in the transport of oxygen by the blood
627,lead (chemical element),"A heavy toxic bluish-white metallic element with symbol Pb and atomic number 82 that is highly malleable; occurs principally as galena and is used in alloys, accumulators, cable sheaths, paints, and as a radiation shield.",n14643467,lead//Pb//atomic number 82,"a soft heavy toxic malleable metallic element; bluish white when freshly cut but tarnishes readily to dull grey; ""the children were playing with lead soldiers"""
3217,tin or tinplate,A metallic element with symbol Sn or a thin sheet of steel coated with tin to prevent rusting.,NA,NA,NA
359,potter,One who makes pots and other ceramic wares.,n10460806,potter//thrower//ceramicist//ceramist,a craftsman who shapes pottery on a potter's wheel and bakes them it a kiln
289,mold,"To create something, usually for a specific function.",v01662771,cast//mold//mould,"form by pouring (e.g., wax or hot metal) into a cast or mold; ""cast a bronze sculpture"""
1399,clay,"A loose, earthy, extremely fine-grained, natural sediment or soft rock composed primarily of clay-size or colloidal particles and characterized by high plasticity and by a considerable content of clay mineral and subordinate amounts of finely divided quartz, decomposed feldspar, carbonates, ferruginous matter, and other impurities; it forms a plastic, moldable mass when finely ground and mixed with water, retains its shape on drying, and becomes firm, rocklike and permanently hard on heating or firing.",n14813182,clay,a very fine-grained soil that is plastic when moist but hard when fired
604,glass,"A hard, amorphous, inorganic, usually transparent, brittle substance made by fusing silicates, sometimes borates and phosphates, with certain basic oxides and then rapidly cooling to prevent crystallization.",n14881303,glass,a brittle transparent solid with irregular atomic structure
3294,braid (verb) or weave (basket),"To braid together hair, threads, strings, twigs etc. in order to create a larger string-like object or to weave a basket or use similar techniques for creating other objects.",NA,NA,NA
1539,basket,"A lightweight container, generally round, open at the top, and tapering toward the bottom.",n02801938,basket//handbasket,a container that is usually woven and has handles
195,mat,A flat object laid on the floor to protect a person from the hard floor.,n03727837,mat,a thick flat pad used as a floor covering
292,rug,A piece of thick cloth or wool that is smaller than a carpet and is put on the floor as decoration.,n04118021,rug//carpet//carpeting,floor covering consisting of a piece of thick heavy fabric (usually with nap or pile)
293,netbag,Bag made of net used to carry things.,NA,NA,NA
1971,fan (object),A device for creating a current of air by movement of a surface or surfaces. (WN:360),n03320046,fan,a device for creating a current of air by movement of a surface or surfaces
360,fan (action),"To blow air on (something) by means of a fan (hand-held, mechanical or electrical) or otherwise.",v01885580,fan,agitate the air
228,carve,To cut or to chip in order to form something.,v01256157,carve,"form by carving; ""Carve a flower from the ice"""
914,sculptor,A person who practices the art of sculpture.,n10566072,sculptor//sculpturer//carver//statue maker,an artist who creates sculptures
1002,statue,"A three-dimension work of art, usually of a person or animal, usually created by sculpting, carving, moulding, or casting.",n04306847,statue,a sculpture representing a human or animal
1979,chisel,A tool with a cutting edge at the end.,n03020692,chisel,an edge tool with a flat steel blade with a cutting edge
647,paint (pigments),"A mixture of pigment and a vehicle, such as oil or water, that together form a liquid or paste that can be applied to a surface to provide an adherent coating that imparts colour, protects the surface and/or gives the surface different features.",n03875218,paint//pigment,"a substance used as a coating to protect or decorate a surface (especially a mixture of pigment suspended in a liquid); dries to form a hard coating; ""artists use `paint' and `pigment' interchangeably"""
2001,painting,To make a painting or drawing.,v01362736,paint,"apply paint to; coat with paint; ""We painted the rooms yellow"""
765,move,To change the location of an object.,v01850315,move//displace,"cause to move or shift into a new position or place, both in a concrete and in an abstract sense; ""Move those boxes into the corner, please""; ""I'm moving my money to another bank""; ""The director moved more responsibilities onto his new assistant"""
1113,wrap,To surround on all sides.,v01522276,wind//wrap//roll//twine,"arrange or or coil around; ""roll your hair around your finger""; ""Twine the thread around the spool""; ""She wrapped her arms around the child"""
827,roll,To tip laterally.,v01866610,roll//revolve,"cause to move by turning over or in a circular manner of as if on an axis; ""She rolled the ball""; ""They rolled their eyes at his words"""
2866,drop (something),To let something fall down.,NA,NA,NA
3199,twist (around),To wind something around something else.,NA,NA,NA
568,rise (move upwards),(Of a heavenly body) To appear to move upwards from behind the horizon of a planet as a result of the planet's rotation.,v01968569,rise//lift//arise//move up//go up//come up//uprise,"move upward; ""The fog lifted""; ""The smoke arose from the forest fire""; ""The mist uprose from the meadows"""
501,lift,To cause an object to have a higher location than previously.,v01974062,raise//lift//elevate//get up//bring up,"raise from a lower to a higher position; ""Raise your hands""; ""Lift a load"""
1280,fall,To descend in free fall due to the effect of gravity.,v01972298,fall,"descend in free fall under the influence of gravity; ""The branch fell from the tree""; ""The unfortunate hiker fell into a crevasse"""
2253,drip (emit liquid),To emit drops of liquid.,v02071142,drip,"fall in drops; ""Water is dripping from the faucet"""
1456,throw,"To cause (an object) to move rapidly through the air, with the force of the hand or arm.",v01512625,flip//toss//sky//pitch,"throw or toss with a light motion; ""flip me the beachball""; ""toss me newspaper"""
702,catch,"To take hold of, especially in the hands, so as to seize or restrain or stop the motion of.",v01439190,catch//grab//take hold of,"take hold of so as to seize or restrain or stop the motion of; ""Catch the ball!""; ""Grab the elevator door!"""
1909,shake,To cause (something) to move rapidly from side to side.,v00559556,shake,"bring to a specified condition by or as if by shaking; ""He was shaken from his dreams""; ""shake the salt out of the salt shaker"""
2003,flow,To move as a fluid from one position to another (e.g. of water or of people).,v02066939,run//flow//feed//course,"move along, of liquids; ""Water flowed into the cave""; ""the Missouri feeds into the Mississippi"""
1088,sink (descend),"To go down in water, mud, quicksand etc. or to cause something to go down in it.",v01985923,sink//drop//drop down,"fall or descend to a lower place or level; ""He sank to his knees"""
1574,float,"Of an object or substance, to be supported by a liquid of greater density than the object so as that part of the object or substance remains above the surface. [WK:float]",v01904293,float//swim,be afloat either on or below a liquid surface and not sink to the bottom
1439,swim,"To move through the water, without touching the bottom.",v01960911,swim,"travel through water; ""We had to swim for 20 minutes to reach the shore""; ""a big fish was swimming in the tank"""
119,dive,To swim under water.,v01962671,dive,"swim under water; ""the children enjoyed diving and looking for shells"""
365,splash,To cause a liquid to spatter about. [WN:365],v01374767,sprinkle//splash//splosh,"cause (a liquid) to spatter about, especially with force; ""She splashed the water around her"""
787,sail,To traverse or travel by ship on a body of water.,v01945516,sail,"travel on water propelled by wind; ""I love sailing, especially on the open sea""; ""the ship sails on"""
1441,fly (move through air),"To move autonomously through the air, without any part of the object or object's enclosure touching anything attached to the ground.",v01940403,fly//wing,"travel through the air; be airborne; ""Man cannot fly"""
175,blow (of wind),(Of the wind or a current of air) To move.,v02769241,blow,"be blowing or storming; ""The wind blew from the West"""
3456,crawl or creep,To move using ones hands and knees or with one's belly touching the ground.,NA,NA,NA
66,kneel,To go down on one or both knees.,v01545649,kneel,"rest one's weight on one's knees; ""In church you have to kneel during parts of the service"""
296,crouch,To lower one's body close to the ground by bending one's knees completely.,v01545314,squat//crouch//scrunch//scrunch up//hunker//hunker down,"sit on one's heels; ""In some cultures, the women give birth while squatting""; ""The children hunkered down to protect themselves from the sandstorm"""
1324,slip,"To fall over (usually unexpectedly) onto the ground or floor, due to the floor being slippery, smooth or slimy.",v01870275,skid//slip//slue//slew//slide,"move obliquely or sideways, usually in an uncontrolled manner; ""the wheels skidded against the sidewalk"""
1829,jump,To propel oneself rapidly upward such that momentum causes the body to become airborne.,v01963942,jump//leap//bound//spring,"move forward by leaps and bounds; ""The horse bounded across the meadow""; ""The child leapt across the puddle""; ""Can you jump over the fence?"""
1135,kick,To strike somebody or something with the foot.,v01370561,kick,"strike with the foot; ""The boy kicked the dog""; ""Kick the door down"""
1879,dance,"To move with rhythmic steps or movements, especially in time to music.",v01708676,dance//trip the light fantastic//trip the light fantastic toe,"move in a pattern; usually to musical accompaniment; do or perform a dance; ""My husband and I like to dance at home to the radio"""
1443,walk,"To move from one place to another by moving legs alternately, so that at least one foot is in contact with the floor or surface at any one time.",v01904930,walk,"use one's feet to advance; advance by steps; ""Walk, don't run!""; ""We walked instead of driving""; ""She walks with a slight limp""; ""The patient cannot walk yet""; ""Walk over to the cabinet"""
366,limp,"To walk lamely, as if favouring one leg.",v01917244,limp//gimp//hobble//hitch,"walk impeded by some physical limitation or injury; ""The old woman hobbles down to the store every day"""
1519,run,To move quickly by alternately making a short jump off of either foot.,v01926311,run,"move fast by using one's feet, with one foot off the ground at any given time; ""Don't run--you'll be out of breath""; ""The children ran to the store"""
695,go,To get from one place to another by any means.,v01835496,travel//go//move//locomote,"change location; move, travel, or proceed, also metaphorically; ""How fast does your new car go?""; ""We travelled from Rome to Naples by bus""; ""The policemen went from door to door looking for the suspect""; ""The soldiers moved towards the city in an attempt to take it before night fell""; ""news travelled fast"""
1102,climb,"To mount to a high or little accessible place using feet and hands, e.g. a tree, a mountain or a ladder.",v01921964,climb//climb up//mount//go up,"go upward with gradual or continuous progress; ""Did you ever climb up the hill behind your house?"""
1446,come,"To move toward or to reach either the speaker, the person spoken to, or the subject of the speaker's narrative.",v02005948,arrive//get//come,"reach a destination; arrive by movement or progress; ""She arrived home at 7 o'clock""; ""She didn't get to Chicago until after midnight"""
1752,leave,"To move away from a place, a situation or a talk.",v02015598,exit//go out//get out//leave,"move out of or depart from; ""leave the room""; ""the fugitive has left the country"""
485,disappear,"To cease to appear, to not be visible anymore.",v00426958,disappear//vanish//go away,"get lost, as without warning or explanation; ""He disappeared without a trace"""
956,flee,Leaving a dangerous or unpleasant situation.,v02075462,flee//fly//take flight,"run away quickly; ""He threw down his gun and fled"""
1085,follow,To go or come after (in physical space) someone or something.,v01998432,follow,"to travel behind, go after, come after; ""The ducklings followed their mother around the pond""; ""Please follow the guide through the museum"""
1047,pursue,"Trying to achieve, to catch, or to reach something or someone.",v02000868,pursue//follow,"follow in or as if in pursuit; ""The police car pursued the suspected attacker""; ""Her bad deed followed her and haunted her dreams all her life"""
1387,arrive,To come to a destination.,v02005948,arrive//get//come,"reach a destination; arrive by movement or progress; ""She arrived home at 7 o'clock""; ""She didn't get to Chicago until after midnight"""
1778,approach,To come near to; to move towards.,v02053941,approach//near//come on//go up//draw near//draw close//come near,"move towards; ""We were approaching our destination""; ""They are drawing near""; ""The enemy army came nearer and nearer"""
749,enter,To go into.,v02016523,enter//come in//get into//get in//go into//go in//move into,"to come or go into; ""the boat entered an area of shallow marshes"""
700,carry,To lift and bring to somewhere else; to transport by lifting.,v01449974,transport//carry,"move while supporting, either in a vehicle or in one's hands or on one's body; ""You must carry your camping gear""; ""carry the suitcases to the car""; ""This train is carrying nuclear waste""; ""These pipes carry waste water into the river"""
412,carry in hand,To hold or to take something from one place to another by hands.,NA,NA,NA
413,carry on shoulder,To hold or to take something from one place to another on one shoulder.,NA,NA,NA
414,carry on head,To hold or to take something from one place to another on top of the head.,NA,NA,NA
415,carry under arm,To hold or to take something from one place to another under the arm.,NA,NA,NA
692,bring,To transport toward somewhere; to take something or somebody with oneself somewhere.,v02077656,bring//convey//take,"take something or somebody with oneself somewhere; ""Bring me the box from the other room""; ""Take these letters to the boss""; ""This brings me to the main point"""
1127,send,"To make something (an object, a message) go from one place to another.",v01031256,mail//post//send,"cause to be directed or transmitted to another place; ""send me your latest results""; ""I'll mail you the paper when it's written"""
43,lead (guide),To guide by moving in front.,v01999798,lead//take//direct//conduct//guide,"take somebody somewhere; ""We lead him to our chief""; ""can you take me to the main entrance?""; ""He conducted us to the palace"""
741,drive,To operate a vehicle.,v01930874,drive,"operate or control a vehicle; ""drive a car or bus""; ""Can you drive this four-wheel truck?"""
367,ride,To transport oneself by sitting on and directing an animal.,v01957529,ride//sit,"sit and travel on the back of animal, usually while controlling its motions; ""She never sat a horse!""; ""Did you ever ride a camel?""; ""The girl liked to drive the young mare"""
1452,push,"To apply a force to (an object), in order that it moves away from the origin of the force that was applied.",v01871979,push//force,"move with force, ""He pushed the table into a corner"""
667,road,A long piece of hard ground that people can drive along from one place to another.,n04096066,road//route,an open way (generally public) for travel or transportation
2252,path,A narrow piece of ground that people can walk along.,n03899328,path,a way especially designed for a particular use
1011,bridge,"A structure that spans and provides a passage over a road, railway, river, or some other obstacle.",n02898711,bridge//span,a structure that allows people or vehicles to cross an obstacle such as a river or canal or railway etc.
122,cart,"A two-wheeled vehicle, commonly without springs, drawn by mules, oxen, or the like, used for the conveyance of heavy goods.",n04543158,wagon//waggon,any of various kinds of wheeled vehicles drawn by an animal or a tractor
710,wheel,A circular object that spins around a central axe thereby allowing relatively low-friction movement.,n04574999,wheel,a simple machine consisting of a circular frame with spokes (or a solid disc) that can rotate on a shaft or axle (as in vehicles or other machines)
1769,axle,"The central part of a wheel, that usually does not turn.",n02764779,axle,a shaft on which a wheel rotates
14,yoke,A device for joining together a pair of draft animals.,n04613350,yoke,support consisting of a wooden frame across the shoulders that enables a person to carry buckets hanging from each end
740,ship,"A vessel propelled by engines or sails for navigating on the water, especially a large vessel that can not be carried aboard another, as distinguished from a boat.",n04194289,ship,a vessel that carries passengers or freight
1844,boat,"A craft used for transportation of goods, fishing, racing, recreational cruising, or military use on or in the water, propelled by oars or outboard motor or inboard motor or by wind.",n02858304,boat,a small vessel for travel on water
1970,canoe,A light narrow boat driven by a paddle.,n02951358,canoe,small and light boat; pointed at both ends; propelled with a paddle
416,outrigger,A stabilizer for a canoe; spars attach to a shaped log or float parallel to the hull.,n03861271,outrigger,a stabilizer for a canoe; spars attach to a shaped log or float parallel to the hull
1664,raft,"A collection of logs, planks, casks, etc., fastened together for floating on water.",n04045397,raft,a flat float (usually made of logs or planks) that can be used for transport or as a platform for swimmers
3137,oar,"A pole with a blade at one end, and with the other end attached to the boat via an oarlock or thole, used to row or steer a boat.",NA,NA,NA
234,paddle,"A pole with a blade at one or both ends, the pole itself being not attached to the boat but held by both hands, used to row or steer a boat.",n03873416,paddle//boat paddle,a short light oar used without an oarlock to propel a canoe or small boat
1849,row,To pull oars through water in order to make a water vehicle (such as a boat) move.,v01946996,row,"propel with oars; ""row the boat across the lake"""
108,rudder,"An underwater vane used to steer a vessel. The rudder is controlled by means of a wheel, tiller or other apparatus.",n03837422,oar,an implement used to propel or steer a boat
184,mast,"Post of wood or steel, long, round and straight, standing on a ship, intended to carry the sails, flags, floodlights, or communications equipment.",n03726760,mast,a vertical spar for supporting sails
786,sailcloth,A large piece of fabric (as canvas) by means of which wind is used to propel a sailing vessel.,n04127904,sail//canvas//canvass//sheet,a large piece of fabric (usually canvas fabric) by means of which wind is used to propel a sailing vessel
1870,anchor,"Something, usually a heavy piece of metal with points which dig into the sea-bed, used to hold a boat in one position.",n02709367,anchor//ground tackle,a mechanical device that prevents a vessel from moving
610,port,"Area of water next to the coast, often surrounded by thick walls, where ships and boats can be sheltered.",n08633957,port,a place (seaport or airport) where people and merchandise can enter or leave a country
1922,land (descend),"To descend to a surface, especially from the air.",v01981436,land//set ashore//shore,"arrive on shore; ""The ship landed in Pearl Harbor"""
773,have,To be in possession (of an object).,v02203362,have//have got//hold,"have or possess, either in a concrete or an abstract sense; ""She has $1,000 in the bank""; ""He has got two beautiful daughters""; ""She holds a Master's degree from Harvard"""
684,own,"To have rightful possession of property, goods or capital.",v02204692,own//have//possess,"have ownership or possession of; ""He owns three houses in Florida""; ""How many cars does she have?"""
1749,take,To grasp with the hands.,v01214265,take//get hold of,"get into one's hands, take physically; ""Take a cookie!""; ""Can you take this bag, please"""
855,seize,To grasp and hold firmly.,NA,NA,NA
1448,hold,To grasp or grip (particularly with the hand) so that the object does not end up at the surface below.,v01216670,hold//take hold,"have or hold in one's hands or grip; ""Hold this bowl for a moment, please""; ""A crazy idea took hold of him"""
694,get,To get or obtain an item; to come into the possession of something.,v02210855,get//acquire,"come into the possession of something concrete or abstract; ""She got a lot of paintings from her uncle""; ""They acquired a new pet""; ""Get your results the next day""; ""Get permission to take a few days off from work"""
1477,keep,To retain possession of something.,v02202384,keep//hold on,"retain possession of; ""Can I keep my old stuffed animals?""; ""She kept her maiden name after she married"""
738,thing,"That which is considered to exist as a separate entity, quality or concept.",n00002452,thing,a separate and self-contained entity
1447,give,To transfer the possession or holding (of an object) to another person.,v02199590,give,"transfer possession of something concrete or abstract to somebody; ""I gave her my money""; ""can you give me lessons?""; ""She gave the children lots of love and tender loving care"""
1997,preserve,To protect; to keep; to maintain the condition of.,v02280132,conserve//preserve//maintain//keep up,"keep in safety and protect from harm, decay, loss, or destruction; ""We preserve these archeological findings""; ""The old lady could not keep up the building""; ""children must be taught to conserve our national heritage""; ""The museum curator conserved the ancient manuscripts"""
2008,rescue,To free from harm or evil.,v02551144,rescue//deliver,free from harm or evil
681,destroy,To damage beyond use or repair.,v01564144,destroy//ruin,"destroy completely; damage irreparably; ""You have ruined my car by pouring sugar in the tank!""; ""The tears ruined her make-up"""
1468,look for,To try to find something.,v01315613,search//seek//look for,"try to locate or discover, or try to establish the existence of; ""The police are searching for clues""; ""They are searching for the missing man in the entire county"""
719,find,To encounter something by accident or after searching for it.,v02285629,find//regain,"come upon after searching; find the location of something that was missed or lost; ""Did you find your glasses?""; ""I cannot find my gloves!"""
3072,misplace,To place something in a place where one cannot find it again or in a wrong place; to lose something.,NA,NA,NA
1095,let go or set free,To give freedom; to stop holding; to release from confinement or restraint.,v01474550,let go of//let go//release//relinquish,"release, as from one's grip; ""Let go of the door handle, please!""; ""relinquish your grip on the rope--you won't fall"""
1559,money,An unspecified amount in a currency.,n13384557,money,"the most common medium of exchange; functions as legal tender; ""we tried to collect the money he owed us"""
1867,coin,"A piece of currency, usually metallic and in the shape of a disc, but sometimes polygonal, or with a hole in the middle.",n13388245,coin,a flat metal piece (usually a disc) used as money
712,rich,Possessing in abundance a particular trait.,a02021905,rich,"possessing material wealth; ""her father is extremely rich""; ""many fond hopes are pinned on rich uncles"""
1674,poor,With little or no possessions or money.,a02022953,poor,"having little money or few possessions; ""deplored the gap between rich and poor countries""; ""the proverbial poor artist living in a garret"""
1934,beggar,A person who begs.,n09847010,beggar//mendicant,a pauper who lives by begging
1774,stingy,Excessively unwilling to spend.,a01112573,stingy//ungenerous,"unwilling to spend; ""she practices economy without being stingy""; ""an ungenerous response to the appeal for funds"""
582,lend,"To put an item or resource at the disposal of another, with the requirement to have the same or its equivalent returned eventually.",v02324182,lend//loan,"give temporarily; let have for a limited time; ""I will lend you my car""; ""loan me some money"""
1823,borrow,"To receive (something) from somebody temporarily, expecting to return it.",v02324026,borrow,"get temporarily; ""May I borrow your lawn mower?"""
369,owe,To be under an obligation to give something back to someone or to perform some action for someone; to have debt.,v02253956,owe,"be in debt; ""She owes me $200""; ""I still owe for the car""; ""The thesis owes much to his adviser"""
1914,debt,Something owed to someone else.,n13397174,debt,money or goods or services owed by one person to another
718,pay,To give money in exchange for goods or services.,v02251743,pay,"give money, usually in exchange for goods or services; ""I paid four dollars for this sandwich""; ""Pay the waitress, please"""
1081,bill,"Sum owed in a restaurant, or the relative bill.",n06516955,bill//account//invoice,"an itemized statement of money owed for goods shipped or services rendered; ""he paid his bill and left""; ""send me an account of what I owe"""
873,tax,"An amount of money demanded by a government for its support or for specific facilities or services, most frequently levied upon income, property or sales.",n13308999,tax//taxation//revenue enhancement,charge against a citizen's person or property or activity for the support of government
1122,wages,"A fixed amount of money paid to a worker, usually measured on a monthly or annual basis.",n07295629,wages//reward//payoff,"a recompense for worthy acts or retribution for wrongdoing; ""the wages of sin is death""; ""virtue is its own reward"""
733,earn,"To gain (success, payment) through applied effort or work.",v02289295,gain//take in//clear//make//earn//realize//realise//pull in//bring in,"earn on some commercial or business transaction; earn as salary or wages; ""How much do you make a month in your new job?""; ""She earns a lot in her new job""; ""this merger brought in lots of money""; ""He clears $5,000 each month"""
1869,buy,To obtain in exchange for money or goods.,v02207206,buy//purchase,"obtain by purchase; acquire by means of a financial transaction; ""The family purchased a new car""; ""The conglomerate acquired a new company""; ""She buys for the big department store"""
1571,sell,To provide goods or services in exchange for money.,v02242464,sell,"exchange or deliver for money or its equivalent; ""He sold his house in January""; ""She sells her body to survive and support her drug habit"""
2135,trade or barter,To exchange goods with or without exchanging money.,v02259241,barter,exchange goods without involving money
1082,merchant,A businessperson engaged in trade.,n10309896,merchant//merchandiser,a businessperson engaged in retail trade
633,market,Place of commercial activity in which articles are bought and sold.,n03722288,marketplace//market place//mart//market,an area in a town where a public mercantile establishment is set up
752,store,"An establishment, either physical or virtual, that sells goods or services to the public.",n04202417,shop//store,"a mercantile establishment for the retail sale of goods or services; ""he bought it at a shop on Cape Cod"""
657,price,The amount of money paid per unit for a good or service.,n13303315,price//terms//damage,"the amount of money needed to purchase something; ""the price of gasoline""; ""he got his new car on excellent terms""; ""how much is the damage?"""
1426,expensive,"Having a high price, cost.",a00933154,expensive,"high in price or charging high prices; ""expensive clothes""; ""an expensive shop"""
1887,cheap,Low in price.,a00934199,cheap//inexpensive,"relatively low in price or charging low prices; ""it would have been cheap at twice the price""; ""inexpensive family restaurants"""
884,share,To give part of what one has to somebody else to use or consume.,v02295208,partake//share//partake in,"have, give, or receive a share of; ""We shared the cake"""
1098,weigh,To determine the weight of an object.,v02704818,weigh,have a certain weight
1685,after,"Subsequent, following, in time or space.",NA,NA,NA
1686,behind,At the back of.,NA,NA,NA
1816,beside,To be positioned at the side of a given object.,NA,NA,NA
1882,before,At a time before that.,NA,NA,NA
1883,in front of,In front of in space,NA,NA,NA
1606,inside,Contained or encased by something or inside a building as opposed to outside in the open air.,NA,NA,NA
762,outside,"In the open, not within a building, or outside of something in general.",NA,NA,NA
1485,below or under,Situated in a lower place than something else.,NA,NA,NA
1591,up,Moving to a higher position.,r00096333,up//upwards//upward//upwardly,"spatially or metaphorically from a lower to a higher position; ""look up!""; ""the music surged up""; ""the fragments flew upwards""; ""prices soared upwards""; ""upwardly mobile"""
723,place (position),A position or area in a space.,n08621598,position//place,"the particular portion of space occupied by something; ""he put the lamp back in its place"""
998,put,To set or place an object somewhere.,v01494310,put//set//place//pose//position//lay,"put into a certain place or abstract location; ""Put your things here""; ""Set the tray down""; ""Set the dogs on the scent of the missing children""; ""Place emphasis on a certain point"""
1416,sit,To be in a position with the upper body upright and the legs resting.,v01984902,sit down//sit,take a seat
1442,stand,"To be upright in an erect position, supported by the feet.",v01546111,stand//stand up,"be standing; be upright; ""We had to stand for the entire performance!"""
987,remain,To continue to be in the same place or state.,v02727462,stay//stay on//continue//remain,"continue in a place, position, or situation; ""After graduation, she stayed on in Cambridge as a student adviser""; ""Stay with me, please""; ""despite student protests, he remained Dean for another year""; ""She continued as deputy mayor for another year"""
838,remains,What remains after other things have been taken away (e.g. eaten or destroyed).,n13810818,remainder//balance//residual//residue//residuum//rest,"something left after other parts have been taken away; ""there was no remainder""; ""he threw away the rest""; ""he took what he wanted and I got the balance"""
7,gather,"To collect or gather (e.g. work, magazines, etc.).",v01380638,gather//garner//collect//pull together,"assemble or get together; ""gather some stones""; ""pull your thoughts together"""
1743,join,"To join or unite, as one thing to another, or as several particulars, so as to increase the number, augment the quantity, enlarge the magnitude, or so as to form into one aggregate; to sum up; to put together mentally, as, to add numbers; to add up a column.",v01295275,join//bring together,"cause to become joined or linked; ""join these two parts so that they fit together"""
1359,separate,To cause something or someone to move away from something or someone else.,v01556921,separate//disunite//divide//part,"force, take, or pull apart; ""He separated the fighting children""; ""Moses parted the Red Sea"""
1119,divide,To split or separate something into two or more parts.,v02467662,divide//split//split up//separate//dissever//carve up,"separate into parts or portions; ""divide the cake into three equal parts""; ""The British carved up the Ottoman Empire after World War I"""
1156,open,"To make the inside something accessible by moving an obstacle aside (e.g. a door or covering), or to move said obstacle.",v01346003,open//open up,"cause to open or to become open; ""Mary opened the car door"""
1046,shut,"To move (a door, a window, etc.) so that it closes its opening.",v01345109,close//shut,"move so that an opening or passage is obstructed; make shut; ""Close the door""; ""shut the window"""
761,cover,To place something over or upon to conceal or protect.,v01332730,cover,"provide with a covering or cause to be covered; ""cover her face with a handkerchief""; ""cover the child with a blanket""; ""cover the grave with flowers"""
602,hide (conceal),To put something in a place where it will be harder to discover or out of sight.,v02144835,hide//conceal,"prevent from being seen or discovered; ""Muslim women hide their faces""; ""hide the money"""
1265,high,Being in a position comparatively far above to the ground.,r00356957,high//high up,"at a great altitude; ""he climbed high on the ladder"""
721,low,Being in a position comparatively close to the ground.,r00393149,low,"in a low position; near the ground; ""the branches hung low"""
1753,top,Highest and most elevated point.,n08617963,peak//crown//crest//top//tip//summit,"the top or extreme point of something (usually a mountain or hill); ""the view from the peak was magnificent""; ""they clambered to the tip of Monadnock""; ""the region is a few molecules wide at the summit"""
690,bottom,The part furthest in the direction toward which an unsupported object would fall.,n08511970,bottom,"the lowest part of anything; ""they started at the bottom of the hill"""
742,end (of space),Extreme part.,n08565894,end,"a boundary marking the extremities of something; ""the end of town"""
372,pointed,Ending in an acute point.,a01809655,pointed,having a point
863,edge,The boundary of a surface.,n03264542,edge,"the outside limit of an object or area or surface; a place farthest away from the center of something; ""the edge of the leaf is wavy""; ""she sat on the edge of the bed""; ""the water's edge"""
682,side,The side of an object or person.,n08649345,side,"a place within a region identified relative to a center or reference location; ""they always sat on the right side of the church""; ""he never left my side"""
1019,right,Something that is on the right side relative to another object.,r00387828,right,"toward or on the right; also used figuratively; ""he looked right and left""; ""the party has moved right"""
244,left,Something that is on the left side relative to another object.,r00387666,left,"toward or on the left; also used figuratively; ""he looked right and left""; ""the political party has moved left"""
1942,near,Not far distant in time or space or degree or circumstances.,r00409709,near//nigh//close,"near in time or place or relationship; ""as the wedding day drew near""; ""stood near the door""; ""don't shoot until they come near""; ""getting near to the true explanation""; ""her mother is always near""; ""The end draws nigh""; ""the bullet didn't come close""; ""don't get too close to the fire"""
1406,far,Having a large intervening distance with regard to something.,r00101051,far,"at or to or from a great distance in space; ""he traveled far""; ""strayed far from home""; ""sat far away from each other"""
1877,east,"One of the four principal compass points, specifically 90°, conventionally directed to the right on maps. The direction of the rising sun.",n13832355,east//due east//eastward//E,the cardinal compass point that is at 90 degrees
1817,west,"One of the four principal compass points, specifically 270°, conventionally directed to the left on maps. The direction of the setting sun.",n13834399,west//due west//westward//W,the cardinal compass point that is a 270 degrees
1598,north,"One of the four major compass points, specifically 0°, directed toward the North Pole, and conventionally upwards on a map.",n13831176,north//due north//northward//N,the cardinal compass point that is at 0 or 360 degrees
1595,south,"One of the four major compass points, specifically 180°, directed toward the South Pole, and conventionally downwards on a map.",n13833375,south//due south//southward//S,the cardinal compass point that is at 180 degrees
479,grow,(For a living being) To become bigger.,v00231557,grow,"increase in size by natural process; ""Corn doesn't grow here""; ""In these forests, mushrooms grow under the trees""; ""her hair doesn't grow much anymore"""
1506,measure,To ascertain the quantity of a unit of material via calculated comparison with respect to a standard.,v00647094,measure//mensurate//measure out,"determine the measurements of something or somebody, take measurements of; ""Measure the length of the wall"""
81,fathom,"A linear unit of measurement, equal to 6 feet, for water depth.",n13660178,fathom//fthm,a linear unit of measurement (equal to 6 feet) for water depth
1202,big,Of a great size.,a01382086,large//big,"above average in size or number or quantity or magnitude or extent; ""a large city""; ""set out for the big city""; ""a large sum""; ""a big (or large) barn""; ""a large family""; ""big businesses""; ""a big expenditure""; ""a large number of newspapers""; ""a big group of scientists""; ""large areas of the world"""
1246,small,Not large or big; small in size.,a01391351,small//little,"limited or below average in number or quantity or magnitude or extent; ""a little dining room""; ""a little house""; ""a small car""; ""a little (or small) group"""
1203,long,Having much distance from one terminating point on an object or an area to another terminating point.,a01433493,long,"primarily spatial sense; of relatively great or greater than average spatial extension or extension as specified; ""a long road""; ""a long distance""; ""contained many long words""; ""ten miles long"""
711,tall,Having a vertical extent greater than the average.,a02385102,tall,"great in vertical dimension; high in stature; ""tall people""; ""tall buildings""; ""tall trees""; ""tall ships"""
1645,short,Small in length by comparison.,a01436003,short,"(primarily spatial sense) having little length or lacking in length; ""short skirts""; ""short hair""; ""the board was a foot short""; ""a short toss"""
1243,wide,"Having a long distance or area between two points, especially horizontally.",a02560548,wide//broad,"having great (or a certain) extent from one side to the other; ""wide roads""; ""a wide necktie""; ""wide margins""; ""three feet wide""; ""a river two miles broad""; ""broad shoulders""; ""a broad river"""
1267,narrow,"(Of a path, cave etc.) having a small width.",a02561888,narrow,"not wide; ""a narrow bridge""; ""a narrow line across the page"""
1244,thick,Relatively large distance from one surface to the opposite in its smallest solid dimension.,a02410393,thick,"not thin; of a specific thickness or of relatively great extent from one surface to the opposite usually in the smallest of the three solid dimensions; ""an inch thick""; ""a thick board""; ""a thick sandwich""; ""spread a thick layer of butter""; ""thick coating of dust""; ""thick warm blankets"""
2249,thin (of shape of object),Being narrow (of flat or long objects).,NA,NA,NA
1593,deep,Having a bottom or base that is far away from the top.,a00690058,deep,"having great spatial extension or penetration downward or inward from an outer surface or backward or laterally or outward from a center; sometimes used in combination; ""a deep well""; ""a deep dive""; ""deep water""; ""a deep casserole""; ""a deep gash""; ""deep massage""; ""deep pressure receptors in muscles""; ""deep shelves""; ""a deep closet""; ""surrounded by a deep yard""; ""hit the ball to deep center field""; ""in deep space""; ""waist-deep"""
193,shallow,Having little depth.,a00691696,shallow,"lacking physical depth; having little spatial extension downward or inward from an outer surface or backward or outward from a center; ""shallow water""; ""a shallow dish""; ""a shallow cut""; ""a shallow closet""; ""established a shallow beachhead""; ""hit the ball to shallow left field"""
1633,flat,Having no variations in altitude.,a00910101,flat//level//plane,"having a surface without slope, tilt in which no part is higher or lower than another; ""a flat desk""; ""acres of level farmland""; ""a plane surface""; ""skirts sewn with fine flat seams"""
1404,straight,Not crooked or bent; having a constant direction throughout its length.,a02310895,straight,"having no deviations; ""straight lines""; ""straight roads across the desert""; ""straight teeth""; ""straight shoulders"""
297,crooked,Opposite of straight.,a02311544,crooked,"having or marked by bends or angles; not straight or aligned; ""crooked country roads""; ""crooked teeth"""
1071,hook,"A rod bent into a curved shape, for catching, holding, or sustaining anything.",n03532342,hook,a curved or bent implement for suspending or pulling something
192,corner,The area around the point where two converging walls meet.,n03109881,corner//nook,"an interior angle formed by two meeting walls; ""a piano was in one corner of the room"""
1367,cross,"A geometrical figure consisting of two straight lines or bars bisecting each other, or any figure or object of similar shape.",n04681387,crisscross//cross//mark,a marking that consists of lines that cross each other
850,square,"A geometrical figure with four sides that meet each other on right angles, or something resembling its shape.",n13878951,square,something approximating the shape of a square
1395,round,Circular or having a circular cross-section in at least one direction.,a02040652,round//circular,having a circular shape
1467,circle,"A two-dimensional, geometric shape that is made up of every point on a plane which is equidistant from the centre. May be drawn with a pair of compasses.",n13873917,circle,"something approximating the shape of a circle; ""the chairs were arranged in a circle"""
1845,ball,Any spherical object.,n13899404,ball//globe//orb,"an object with a spherical shape; ""a ball of fire"""
1048,line,"An infinitely long, infinitely thin, not bent line in geometry.",n13863771,line,a length (straight or curved) without breadth or thickness; the trace of a moving point
1667,hole,"A, often round, piece of nothingness in some solid.",n09304465,hole,an opening into or through something
1558,similar,"Having some particular qualities or characteristics in common, but not all of them.",a02071420,similar,"marked by correspondence or resemblance; ""similar food at similar prices""; ""problems similar to mine""; ""they wore similar coats"""
1264,change,To make different or to become different.,v00126264,change//alter//modify,"cause to change; make different; cause a transformation; ""The advent of the automobile may have altered the growth pattern of the city""; ""The discussion has changed my thinking about the issue"""
1493,one,The natural number one (1).,a02186338,one//1//i//ane,"used of a single unit or thing; not two or more; ""`ane' is Scottish"""
1498,two,The natural number two (2).,a02186470,two//2//ii,"being one more than one; ""he received two messages"""
492,three,The natural number three (3).,a02186580,three//3//iii,being one more than two
1500,four,The natural number four (4).,a02186665,four//4//iv,being one more than three
493,five,The natural number five (5).,a02186750,five//5//v,being one more than four
1703,six,The natural number six (6).,a02186833,six//6//vi//half dozen//half-dozen,denoting a quantity consisting of six items or units
1704,seven,The natural number seven (7).,a02186970,seven//7//vii,being one more than six
1705,eight,The natural number eight (8).,a02187073,eight//8//viii,being one more than seven
1483,nine,The natural number nine (9).,a02187161,nine//9//ix,denoting a quantity consisting of one more than eight and one less than ten
1515,ten,The natural number ten (10).,a02187296,ten//10//x,being one more than nine
1706,eleven,The natural number eleven (11).,a02187379,eleven//11//xi,being one more than ten
1707,twelve,The natural number twelve (12).,a02187465,twelve//12//xii//dozen,denoting a quantity consisting of 12 items or units
1709,fifteen,The natural number fifteen (15).,a02187793,fifteen//15//xv,being one more than fourteen
1710,twenty,The natural number twenty (20).,a02188317,twenty//20//xx,denoting a quantity consisting of 20 items or units
1634,hundred,The natural number one hundred (100).,a02196107,hundred//one hundred//100//c,being ten more than ninety
1843,thousand,The natural number one thousand (1000).,a02198752,thousand//one thousand//1000//m//k,"denoting a quantity consisting of 1,000 items or units"
1420,count,To determine the amount of something or to enumerate the digits of one's numeral system.,v00948071,count//number//enumerate//numerate,"determine the number or amount of; ""Can you count the books on your shelf?""; ""Count your change"""
98,all,The totality of.,a02269286,all,"quantifier; used with either mass or count nouns to indicate the whole number or amount of or every one of a class; ""we sat up all night""; ""ate all the food""; ""all men are mortal""; ""all parties are welcome"""
1198,many,An indefinite large number of.,a01551633,many,"a quantifier that can be used with count nouns and is often preceded by `as' or `too' or `so' or `that'; amounting to a large but indefinite number; ""many temptations""; ""the temptations are many""; ""a good many""; ""a great many""; ""many directions""; ""take as many apples as you like""; ""too many clouds to see""; ""never saw so many people"""
1992,more,[Used in forming the comparative form of many adjectives and almost all comparable adverbs.],a01556355,more,"(comparative of `many' used with count nouns) quantifier meaning greater in number; ""a hall with more seats""; ""we have no more bananas""; ""more than one"""
1242,few,"More than one, but not as many as usual or as expected.",a01552885,few,"a quantifier that can be used with count nouns and is often preceded by `a'; a small but indefinite number; ""a few weeks ago""; ""a few more wagons than usual""; ""an invalid's pleasures are few and far between""; ""few roses were still blooming""; ""few women have led troops in battle"""
1881,enough,"All that is required, needed, or appropriate.",r00145713,enough//plenty,"as much as necessary; ""Have I eaten enough?""; (`plenty' is nonstandard) ""I've had plenty, thanks"""
1241,some,An unspecified quantity or number of.,a02267308,some,"quantifier; used with either mass nouns or plural count nouns to indicate an unspecified number or quantity; ""have some milk""; ""some roses were still blooming""; ""having some friends over""; ""some apples""; ""some paper"""
2023,crowd,A large group of people.,n08182379,crowd,"a large number of things or people considered together; ""a crowd of insects assembled around the flowers"""
1429,full,Containing the most or maximum amount possible in the given available space.,a01083157,full,"containing as much or as many as is possible or normal; ""a full glass""; ""a sky full of stars""; ""a full life""; ""the auditorium was full to overflowing"""
1624,empty,Without content.,a01086545,empty,"holding or containing nothing; ""an empty glass""; ""an empty room""; ""full of empty seats""; ""empty hours"""
779,part,A seperate unit of a larger whole.,n03892891,part//portion,"something less than the whole of a human artifact; ""the rear part of the house""; ""glue the two parts together"""
816,half,One of the two equal parts of a whole.,n13736799,one-half//half,"one of two equal parts of a divisible whole; ""half a loaf""; ""half an hour""; ""a century and one half"""
1580,only,Nothing more than.,r00008600,entirely//exclusively//solely//alone//only,"without any others being included or involved; ""was entirely to blame""; ""a school devoted entirely to the needs of problem children""; ""he works for Mr. Smith exclusively""; ""did it solely for money""; ""the burden of proof rests on the prosecution alone""; ""a privilege granted only to him"""
728,first,Having no predecessor. The ordinal number corresponding to one.,a01010862,first,"preceding all others in time or space or degree; ""the first house on the right""; ""the first day of spring""; ""his first political race""; ""her first baby""; ""the first time""; ""the first meetings of the new party""; ""the first phase of his training"""
1529,last (final),After all the others.,a01013279,last,"coming after all others in time or space or degree or being the only one remaining; ""the last time I saw Paris""; ""the last day of the month""; ""had the last word""; ""waited until the last minute""; ""he raised his voice in a last supreme call""; ""the last game of the season""; ""down to his last nickel"""
1384,second,That which comes after the first.,a02202146,second//2nd//2d,coming next after the first in position in space or time or degree or magnitude
1888,pair,Two similar or identical things taken together.,n07985223,pair//brace,a set of two similar things considered as a unit
1546,twice,Two times.,r00065294,twice,"two times; ""I called her twice"""
1859,third,The ordinal form of the cardinal number three.,a02202307,third//3rd//tertiary,coming next after the second and just before the fourth in position
892,time,"The dimension of the physical universe which, at a given place, orders the sequence of events.",n00028270,time,the continuum of experience in which events pass from the future through the present to the past
1789,age,"The amount of time that a person, animal or plant has lived or that an object has existed.",n04924103,age,"how long something has existed; ""it was replaced because of its age"""
1231,new,"Recently made, created or begun.",a01640850,new,"not of long duration; having just (or relatively recently) come into being or been made or acquired or discovered; ""a new law""; ""new cars""; ""a new comet""; ""a new friend""; ""a new year""; ""the New World"""
1207,young,In the early part of growth or life.,a01646941,young//immature,"(used of living things especially persons) in an early period of life or development or growth; ""young people"""
1229,old,Having lived or existed for a relatively long period of time.,a01643620,old,"(used especially of persons) having lived for a relatively long time or attained a specific age; ""his mother is very old""; ""a ripe old age""; ""how old are you?"""
672,early,Before the expected time or towards the beginning of a time period.,r00100592,early//betimes,"in good time; ""he awoke betimes that morning"""
477,late,Towards the end of a time period.,r00100267,late//belatedly//tardily,"later than usual or than expected; ""the train arrived late""; ""we awoke late""; ""the children came late to school""; ""notice came so tardily that we almost missed the deadline""; ""I belatedly wished her a happy birthday"""
1376,now,At present; at this time.,r00049220,now//at present,"at the present moment; ""goods now on sale""; ""the now-aging dictator""; ""they are now abroad""; ""he is busy at present writing a new novel""; ""it could happen any time now"""
1963,immediately,In an immediate manner; instantly or without delay.,r00048739,immediately//instantly//straightaway//straight off//directly//now//right away//at once//forthwith//like a shot,"without delay or hesitation; with no time intervening; ""he answered immediately""; ""found an answer straightaway""; ""an official accused of dishonesty should be suspended forthwith""; ""Come here now!"""
1631,fast,Occurring or happening within a short time.,r00086000,fast,"quickly or rapidly (often used as a combining form); ""how fast can he get here?""; ""ran as fast as he could""; ""needs medical help fast""; ""fast-running rivers""; ""fast-breaking news""; ""fast-opening (or fast-closing) shutters"""
701,slow,With low speed.,r00161630,slowly//slow//easy//tardily,"without speed (`slow' is sometimes used informally for `slowly'); ""he spoke slowly""; ""go easy here--the road is slippery""; ""glaciers move tardily""; ""please go slow so I can see the sights"""
754,hurry,To move or do something at a fast pace.,v00459498,rush//hasten//hurry//look sharp//festinate,"act or move at high speed; ""We have to rush!""; ""hurry--it's late!"""
425,be late,To be later than the expected time.,NA,NA,NA
1186,last (endure),"To endure, continue over time.",v02704928,last//endure,"persist for a specified period of time; ""The bad weather lasted for three days"""
743,end (of time),The last or final part.,n07291794,end//last//final stage,"the concluding parts of an event or occurrence; ""the end was exciting""; ""I had to miss the last of the movie"""
1766,finish,"To end something, to bring something to a conclusion.",v00484166,complete//finish,"come or bring to a finish or an end; ""He finished the dishes""; ""She completed the requirements for her Master's Degree""; ""The fastest runner finished the race in just over 2 hours; others finished in over 4 hours"""
1928,cease,"To have an end, in a temporal, spatial, or quantitative sense; either spatial or metaphorical.",v02609764,end//stop//finish//terminate//cease,"have an end, in a temporal, spatial, or quantitative sense; either spatial or metaphorical; ""the bronchioles terminate in a capillary bed""; ""Your rights stop where you infringe upon the rights of other""; ""My property ends by the bushes""; ""The symphony ends in a pianissimo"""
790,ready,Prepared for immediate action or use.,a01930512,ready,"completely prepared or in condition for immediate action or use or progress; ""get ready""; ""she is ready to resign""; ""the bridge is ready to collapse""; ""I am ready to work""; ""ready for action""; ""ready for use""; ""the soup will be ready in a minute""; ""ready to learn to read"""
1676,always,At all times.,r00019339,always//ever//e'er,"at all times; all the time and on every occasion; ""I will always be there to help you""; ""always arrives on time""; ""there is always some pollution in the air""; ""ever hoping to strike it rich""; ""ever busy"""
1852,often,"Many times, with short intervals between occasions.",r00035058,frequently//often//oftentimes//oft//ofttimes,"many times at short intervals; ""we often met over a cup of coffee"""
1544,sometimes,"On certain occasions, or in certain circumstances, but not always.",r00021878,sometimes,"on certain occasions or in certain cases but not always; ""sometimes she wished she were back in England""; ""sometimes her photography is breathtaking""; ""sometimes they come for a month; at other times for six months"""
703,soon,In a near future.,r00033922,soon//shortly//presently//before long,"in the near future; ""the doctor will soon be here""; ""the book will appear shortly""; ""she will arrive presently""; ""we should have news before long"""
418,for a long time,(Of an action or state) to last a long period of time.,NA,NA,NA
1656,never,At no time.,r00020759,never//ne'er,"not ever; at no time in the past or future; ""I have never been to China""; ""I shall never forget this day""; ""had never seen a circus""; ""never on Sunday""; ""I will never marry you!"""
204,again,Once more.,r00040365,again//once again//once more//over again,"anew; ""she tried again""; ""they rehearsed the scene again"""
1225,day (not night),The period between sunrise and sunset where one enjoys daylight.,n15155220,day//twenty-four hours//twenty-four hour period//24-hour interval//solar day//mean solar day,"time for Earth to make a complete rotation on its axis; ""two days later they left""; ""they put on two performances every day""; ""there are 30,000 passengers per day"""
1233,night,"The period between sunset and sunrise, when a location faces far away from the sun, thus when the sky is dark.",n15167027,night//nighttime//dark,the time after sunset and before sunrise while it is dark outside
729,dawn,A period of time at the beginning of the day shortly before sunrise during which the light gradually becomes stronger.,n15168790,dawn//dawning//morning//aurora//first light//daybreak//break of day//break of the day//dayspring//sunrise//sunup//cockcrow,"the first light of day; ""we got up before dawn""; ""they talked until morning"""
1339,morning,The period of time from the start of the day (midnight) until midday (12:00).,n15165289,morning//morn//morning time//forenoon,"the time period between dawn and noon; ""I spent the morning running errands"""
12,midday,Time of day when the sun is in its zenith.,n15165490,noon//twelve noon//high noon//midday//noonday//noontide,the middle of the day
1807,afternoon,"The part of the day which follows noon, between noon and evening.",n15166191,afternoon,"the part of the day between noon and evening; ""he spent a quiet afternoon in the park"""
1629,evening,That part of the day in which daylight decreases and the night falls.,n15166462,evening//eve//even//eventide,"the latter part of the day (the period of decreasing daylight from late afternoon until nightfall); ""he enjoyed the evening light across the lake"""
1283,today,On the current day or date.,r00207366,today,"on this day as distinct from yesterday or tomorrow; ""I can't meet with you today"""
1329,tomorrow,The day after the present day.,r00479275,tomorrow,"the next day, the day after, following the present day"
1179,day after tomorrow,On the day following tomorrow.,NA,NA,NA
1174,yesterday,The day before today.,r00507716,yesterday,"on the day preceding today; ""yesterday the weather was beautiful"""
1180,day before yesterday,On the day before yesterday.,NA,NA,NA
1353,hour,A time period of sixty minutes; one twenty-fourth of a day.,n15227846,hour//hr//60 minutes,"a period of time equal to 1/24th of a day; ""the job will take more than an hour"""
1323,clock,An instrument used to measure or keep track of time.,n03046257,clock,a timepiece that shows the time of day
1469,week,A period of seven days.,n15169873,week//hebdomad,"any period of seven consecutive days; ""it rained for a week"""
1699,sunday,"The seventh day of the week in Europe and in systems using the ISO 8601 standard, or the first day of the week in the United States of America, the Sabbath for most Christians.",n15163797,Sunday//Lord's Day//Dominicus//Sun,first day of the week; observed as a day of rest and worship by most Christians
1697,monday,The first day of the week in Europe and in systems using the ISO 8601 norm; the second day of the week in the United States of America.,n15163979,Monday//Mon,the second day of the week; the first working day
1695,tuesday,The second day of the week in Europe and in systems using the ISO 8601 norm; the third day of the week in the United States of America.,n15164105,Tuesday//Tues,the third day of the week; the second working day
1694,wednesday,The third day of the week in Europe and in systems using the ISO 8601 norm; the fourth day of the week in the United States of America.,n15164233,Wednesday//Midweek//Wed,the fourth day of the week; the third working day
1693,thursday,The fourth day of the week in Europe and in systems using the ISO 8601 norm; the fifth day of the week in the United States of America.,n15164354,Thursday//Th,the fifth day of the week; the fourth working day
1692,friday,The fifth day of the week in Europe and in systems using the ISO 8601 norm; the sixth day of the week in the United States of America.,n15164463,Friday//Fri,the sixth day of the week; the fifth working day
1700,saturday,The sixth day of the week in Europe and in systems using the ISO 8601 norm; the seventh day of the week in the United States of America.,n15164570,Saturday//Sabbatum//Sat,the seventh and last day of the week; observed as the Sabbath by Jews and some Christians
1370,month,"A period into which a year is divided, historically based on the phases of the moon. In the Gregorian calendar there are twelve months.",n15209413,calendar month//month,"one of the twelve divisions of the calendar year; ""he paid the bill last month"""
1226,year,The time it takes the Earth to complete one revolution of the Sun (between 365.24 and 365.26 days depending on the point of reference).,n15203791,year//twelvemonth//yr,"a period of time containing 365 (or 366) days; ""she is 4 years old""; ""in the year 1920"""
1471,winter,"Traditionally, the fourth of the seasons, marked by the applicable hemisphere of the planet being at its minimum angle of exposure to the Sun, resulting in short days, long nights and typically in low temperatures.",n15237782,winter//wintertime,the coldest season of the year; in the northern hemisphere it extends from the winter solstice to the vernal equinox
1537,springtime,"Traditionally the first of the four seasons, the season of growth with an ever increasing amount of daytime.",n15237044,spring//springtime,"the season of growth; ""the emerging buds were a sure sign of spring""; ""he will hold office until the spring of next year"""
1342,summer,"Traditionally the second of the four seasons regarded as being from June 21 to September 20 (or just June, July and August) in the Northern Hemisphere and from December 21 to March 20 (or just December, January and February) in the Southern Hemisphere.",n15237250,summer//summertime,"the warmest season of the year; in the northern hemisphere it extends from the summer solstice to the autumnal equinox; ""they spent a lazy summer at the shore"""
1276,autumn,"The season after summer and before winter, traditionally from September 21 to December 20 in the northern hemisphere and from March 21 to June 20 in the southern hemisphere.",n15236859,fall//autumn,"the season when the leaves fall from the trees; ""in the fall of 1973"""
691,season,"One of the four equal periods into which the year is divided by the equinoxes and solstices, resulting from the apparent movement of the sun north and south of the equator during the course of the earth's orbit around it. These periods (spring, summer, autumn and winter) have their characteristic weather conditions in different regions, and occur at opposite times of the year in the N and S hemispheres.",n15236475,season//time of year,"one of the natural periods into which the year is divided by the equinoxes and solstices or atmospheric conditions; ""the regular sequence of the seasons"""
1587,smell (stink),To give off a smell that can be perceived by the nose.,v02123672,smell,"emit an odor; ""The soup smells good"""
375,sniff,"To make a short, audible inhalation, through the nose, as if to smell something.",v02125032,sniff//whiff,"perceive by inhaling through the nose; ""sniff the perfume"""
1586,smell (perceive),To perceive the presence of molecules in the air by inhaling them through the nose.,v02124748,smell,inhale the odor of; perceive by the olfactory sense
376,fragrant,Sweet-smelling; having a pleasant (usually strong) scent or fragrance.,a01052248,fragrant,pleasant-smelling
42,stinking,Having a bad smell.,a01053634,fetid//foetid//foul//foul-smelling//funky//noisome//smelly//stinking//ill-scented,"offensively malodorous; ""a foul odor""; ""the kitchen smelled really funky"""
21,taste (something),To try the flavor of something.,v02194286,taste//savor//savour,have flavor; taste of something
717,sweet,Having the taste characteristic of sugar or honey.,a02368336,sweet,having or denoting the characteristic taste of sugar
1091,salty,Containing salt.,a02398773,salty,one of the four basic taste sensations; like the taste of sea water
887,bitter,Having an acrid taste.,a02396098,bitter,"causing a sharp and acrid taste experience;""quinine is bitter"""
1906,sour,"Having an acid, sharp or tangy taste.",a02368787,sour,having a sharp biting taste
70,brackish,"(Of water) Salty or slightly salty, as a mixture of fresh and sea water.",a01074062,brackish//briny,"slightly salty (especially from containing a mixture of seawater and fresh water); ""a brackish lagoon""; ""the briny deep"""
1408,hear,"To perceive sound with the ear, without necessarily paying attention to it.",v02169702,hear,perceive (sound) via the auditory sense
1608,listen,To perceive with the ear (paying attention to what is heard).,v02169891,listen,"hear with intention; ""Listen to the sound of this cello"""
1811,sound or noise,Any audible noise which is not necessarily unwanted or unpleasant to the hearer and of short or long duration.,n07387509,noise,"sound of any kind (especially unintelligible or dissonant sound); ""he enjoyed the street noises""; ""they heard indistinct noises of people talking""; ""during the firework display that ended the gala the noise reached 98 decibels"""
377,loud,(Of a sound) to have a high volume.,r00069901,loudly//loud//aloud,"with relatively high volume; ""the band played loudly""; ""she spoke loudly and angrily""; ""he spoke loud enough for those at the back of the room to hear him""; ""cried aloud for help"""
1409,see,"To perceive [images] with the eye, without necessarily paying attention to them.",v02129289,see,"perceive by sight or have the power to perceive by sight; ""You have to be a good observer to see all the details""; ""Can you see the bird in that tree?""; ""He is blind--he cannot see"""
1819,look,To actively use one's eyes.,v02130524,look,"perceive with attention; direct one's gaze towards; ""She looked over the expanse of land""; ""Look at your child!""; ""Look--a deer in the backyard!"""
1039,show,To have somebody see something.,v00923793,indicate//point//designate//show,"indicate a place, direction, person, or thing; either spatially or figuratively; ""I showed the customer the glove section""; ""He pointed to the empty parking space""; ""he indicated his opponents"""
708,shine,To emit light.,v02763740,shine//beam,"emit light; be bright, as of the sun or a light; ""The sun shone bright that day""; ""The fire beamed on their faces"""
679,bright,Emitting or reflecting light readily or in large amounts. [WN:679],a00278551,bright,"emitting or reflecting light readily or in large amounts; ""the sun was bright and hot""; ""a bright sunlit room"""
1613,color,"An attribute of things that results from the light they reflect, transmit, or emit in so far as this light causes a visual sensation that depends on its wavelengths.",n04956594,color//colour//coloring//colouring,"a visual attribute of things that results from the light they emit or transmit or reflect; ""a white color is made up of many different wavelengths of light"""
250,light (color),(Of color) having a relatively small amount of color components.,a00269989,light,"characterized by or emitting light; ""a room that is light when the shutters are open""; ""the inside of the house was airy and light"""
706,dark,Having an absolute or (more often) relative lack of light.,a00409440,dark,"(used of color) having a dark hue; ""dark green""; ""dark glasses""; ""dark colors like wine red or navy blue"""
1335,white,Bright and colourless; reflecting equal quantities of all frequencies of visible light.,a00393105,white,"being of the achromatic color of maximum lightness; having little or no hue owing to reflection of almost all incident light; ""as white as fresh snow""; ""a bride's white dress"""
163,black,Dark and colourless; not reflecting visible light.,a00392812,black,"being of the achromatic color of maximum darkness; having little or no hue owing to absorption of almost all incident light; ""black leather jackets""; ""as black as coal""; ""rich black soil"""
156,red,Having red as its colour.,a00381097,red//reddish//ruddy//blood-red//carmine//cerise//cherry//cherry-red//crimson//ruby//ruby-red//scarlet,of a color at the end of the color spectrum (next to orange); resembling the color of blood or cherries or tomatoes or rubies
837,blue,"Having the pure color of a clear sky; the primary color between green and violet in the visible spectrum, an effect of light with a wavelength between 450 and 500 nm.",a00370869,blue//bluish//blueish,"of the color intermediate between green and violet; having a color similar to that of a clear unclouded sky; ""October's bright blue weather""- Helen Hunt Jackson; ""a blue flame""; ""blue haze of tobacco smoke"""
1425,green,"Having green as its colour; having the hue of that portion of the visible spectrum lying between yellow and blue, evoked in the human observer by radiant energy with wavelengths of approximately 490 to 570 nanometers.",a00375969,green//greenish//light-green//dark-green,"of the color between blue and yellow in the color spectrum; similar to the color of fresh grass; ""a green tree""; ""green fields""; ""green paint"""
1424,yellow,"Having the colour of a yolk, a lemon or gold.",a00385756,yellow//yellowish//xanthous,of the color intermediate between green and orange in the color spectrum; of something resembling the color of an egg yolk
1892,touch,To be in physical contact with.,v01206218,touch,"make physical contact with, come in contact with; ""Touch the stone for good luck""; ""She never touched her husband"""
378,pinch,"To squeeze a small amount of a person's skin and flesh, making it hurt.",v01456771,pinch//squeeze//twinge//tweet//nip//twitch,"squeeze tightly between the fingers; ""He pinched her behind""; ""She squeezed the bottle"""
1079,feel,To be in some emotional state.,v01209678,feel//finger,"examine by touch; ""Feel this soft cloth!""; ""The customer fingered the sweater"""
1884,hard,Resistant to pressure.,a01150915,hard,resisting weight or pressure
1856,soft,"A state of consistency allowing alterations of form with ease, no big force required, to bring things into something of this state (such as e.g. soaked loam or clay soil).",a01152746,soft,yielding readily to pressure or weight
1923,rough,Having a texture that has much friction. Not smooth.,a02238462,rough//unsmooth,"having or caused by an irregular surface; ""trees with rough bark""; ""rough ground""; ""rough skin""; ""rough blankets""; ""his unsmooth face"""
1234,smooth,Not rough; having a surface texture that lacks friction.,a02236842,smooth,"having a surface free from roughness or bumps or ridges or irregularities; ""smooth skin""; ""a smooth tabletop""; ""smooth fabric""; ""a smooth road""; ""water as smooth as a mirror"""
1396,sharp,Having the ability to cut easily.,a00800826,sharp,"having or made by a thin edge or sharp point; suitable for cutting or piercing; ""a sharp knife""; ""a pencil with a sharp point"""
379,blunt,"Having a thick edge or point, as an instrument; not sharp.",a00800464,blunt,"used of a knife or other blade; not sharp; ""a blunt instrument"""
1210,heavy,"Of a physical object, having great weight.",a01184932,heavy,"of comparatively great physical weight or density; ""a heavy load""; ""lead is a heavy metal""; ""heavy mahogany furniture"""
1052,light (weight),"With a small mass, little weight or density; the opposite of heavy.",a01186408,light,"of comparatively little physical weight or density; ""a light load""; ""magnesium is a light metal--having a specific gravity of 1.74 at 20 degrees C"""
1726,wet,Covered with or impregnated with liquid.,a02547317,wet,"covered or soaked with a liquid such as water; ""a wet bathing suit""; ""wet sidewalks""; ""wet weather"""
1398,dry,(Almost) free from liquid or moisture.,a02551380,dry,"free from liquid or moisture; lacking natural or normal moisture or depleted of water; or no longer wet; ""dry land""; ""dry clothes""; ""a dry climate""; ""dry splintery boards""; ""a dry river bed""; ""the paint is dry"""
1286,hot,Having a very high temperature.,a01247240,hot,"used of physical heat; having a high or higher than desirable temperature or giving off heat or feeling or causing a sensation of heat or burning; ""hot stove""; ""hot water""; ""a hot August day""; ""a hot stuffy room""; ""she's hot and tired""; ""a hot forehead"""
1232,warm,"Having a temperature slightly higher than usual, still pleasant.",a02529264,warm,"having or producing a comfortable and agreeable degree of heat or imparting or maintaining heat; ""a warm body""; ""a warm room""; ""a warm climate""; ""a warm coat"""
1287,cold,Having a low temperature.,a01251128,cold,"having a low or inadequate temperature or feeling a sensation of coldness or having been made cold by e.g. ice or refrigeration; ""a cold climate""; ""a cold room""; ""dinner has gotten cold""; ""cold fingers""; ""if you are cold, turn up the heat""; ""a cold beer"""
704,clean,Not dirty.,a00417413,clean,"free from dirt or impurities; or having clean habits; ""children with clean shining faces""; ""clean white shirts""; ""clean dishes""; ""a spotlessly clean house""; ""cats are clean animals"""
1230,dirty,Covered with or containing unpleasant substances such as dirt or grime.,a00419289,dirty//soiled//unclean,"soiled or likely to soil with dirt or grime; ""dirty unswept sidewalks""; ""a child in dirty overalls""; ""dirty slums""; ""piles of dirty dishes""; ""put his dirty feet on the clean sheet""; ""wore an unclean shirt""; ""mining is a dirty job""; ""Cinderella did the dirty work while her sisters preened themselves"""
380,wrinkled,"Uneven, with many furrows and prominent points, often in reference to the skin or hide of animals.",a01360413,wrinkled//wrinkly,"marked by wrinkles; ""tired travelers in wrinkled clothes"""
811,soul,In philosophical or religious belief the immaterial part of a human being.,NA,NA,NA
1572,surprised,Feeling that something unexpected has happened.,a02357810,amazed//astonied//astonished//astounded//stunned,"filled with the emotional impact of overwhelming surprise or shock; ""an amazed audience gave the magician a standing ovation""; ""I stood enthralled, astonished by the vastness and majesty of the cathedral""; ""astounded viewers wept at the pictures from the Oklahoma City bombing""; ""stood in stunned silence""; ""stunned scientists found not one but at least three viruses"""
720,good luck,Something positive that happens to someone by chance.,n14473655,good fortune//luckiness//good luck,an auspicious state resulting from favorable outcomes
56,bad luck,An undesirable event such as an accident.,n14475405,misfortune//bad luck//tough luck//ill luck,an unfortunate state resulting from unfavorable outcomes
1495,happy,"Having a feeling of satisfaction, enjoyment or well-being, often arising from a positive situation or set of circumstances.",a01148283,happy,"enjoying or showing or marked by joy or pleasure; ""a happy smile""; ""spent many happy days on the beach""; ""a happy marriage"""
1355,laugh,"To express pleasure, mirth or derision by peculiar movement of the muscles of the face, particularly of the mouth, causing a lighting up of the face and eyes, and usually accompanied by the emission of explosive or chuckling sounds from the chest and throat.",v00031820,laugh//express joy//express mirth,produce laughter
1451,smile,"To make an upwards movement of the sides of the mouth, that indicates happiness or satisfaction.",v00028565,smile,"change one's facial expression by spreading the lips, often to signal pleasure"
1413,play,To act in a manner such that one has fun; to engage in playful activities expressly for the purpose of recreation.,v02418686,play,"be at play; be engaged in playful activity; amuse oneself in a way characteristic of children; ""The kids were playing outside all day""; ""I used to play with trucks as a little girl"""
923,love,To have an intense feeling of affection and care towards another person.,v01775535,love,"be enamored or in love with; ""She loves her husband deeply"""
578,kiss,To touch with the lips to express love or affection.,v01431230,snog//kiss//buss//osculate,"touch with the lips or press the lips (against someone's mouth or other body part) as an expression of love, greeting, etc.; ""The newly married couple kissed""; ""She kissed her grandfather on the forehead when she entered the room"""
928,embrace,To squeeze someone in one's arms.,v01424456,embrace//hug//bosom//squeeze,"squeeze (someone) tightly in your arms, usually with fondness; ""Hug me, please""; ""They embraced""; ""He hugged her close to him"""
1783,pain,"An unpleasant, usually localised physical sensation that is often the result of an injury, disease or other ailment.",n05724694,pain//pain sensation//painful sensation,"a somatic sensation of acute discomfort; ""as the intensity increased the sensation changed from tickle to pain"""
1668,grief,"Mental suffering or pain caused by injury, loss, or despair.",n05833683,grief//sorrow,"something that causes great unhappiness; ""her death was a great grief to John"""
1000,anxiety,"An unpleasant complex combination of emotions that includes fear, apprehension and worry, and is often accompanied by physical sensations such as palpitations, nausea, chest pain and/or shortness of breath.",n07523905,anxiety,a vague unpleasant emotion that is experienced in anticipation of some (usually ill-defined) misfortune
1875,regret,To wish that a past event had not happened.,v01796582,repent//regret//rue,feel remorse for; feel sorry for; be contrite about
1141,pity,"Deep awareness of the suffering of another, coupled with the wish to relieve it.",n07553964,commiseration//pity//ruth//pathos,"a feeling of sympathy and sorrow for the misfortunes of others; ""the blind are too often objects of pity"""
1839,cry,To shed tears due to the impact of an emotion.,v00066191,cry//weep,"shed tears because of sadness, rage, or pain; ""She cried bitterly when she heard the news of his death""; ""The girl in the wheelchair wept with frustration when she could not get up the stairs"""
1651,tear (of eye),A drop of liquid produced from the eyes by crying or irritation.,n05405324,tear//teardrop,"a drop of the clear salty saline solution secreted by the lacrimal glands; ""his story brought tears to her eyes"""
716,groan,"To utter a low, guttural sound of frustration.",v01045419,groan//moan,"indicate pain, discomfort, or displeasure; ""The students groaned when the professor got out the exam booklets""; ""The ancient door soughed when opened"""
1607,hate,To dislike intensely; to feel strong hostility towards.,v01774136,hate//detest,"dislike intensely; feel antipathy or aversion towards; ""I hate Mexican food""; ""She detests politicians"""
82,anger,Belligerence aroused by a real or supposed wrong (personified as one of the deadly sins).,n14036539,anger//angriness,the state of being angry
40,envy,"A feeling of discontent or covetousness with regard to another's advantages, success, possessions, etc.",n07550079,jealousy//green-eyed monster,a feeling of jealous envy (especially of a rival)
1776,shame,"The consciousness or awareness of dishonor, disgrace, or condemnation.",n07506569,shame,a painful emotion resulting from an awareness of inadequacy or guilt
174,proud,"Feeling greatly pleased, or satisfied by something or someone that is highly honorable or creditable to oneself.",a01889256,proud,"feeling self-respect or pleasure in something by which you measure your self-worth; or being a reason for pride; ""proud parents""; ""proud of his accomplishments""; ""a proud moment""; ""proud to serve his country""; ""a proud name""; ""proud princes"""
1779,dare,To have enough courage (to do something).,v02545045,dare,"to be courageous enough to try or do something; ""I don't dare call him"", ""she dares to dress differently from the others"""
3,brave,Having or characterized by courage.,a00262792,brave//courageous,"possessing or displaying courage; able to face and deal with danger or fear without flinching; ""Familiarity with danger makes a brave man braver but less daring""- Herman Melville; ""a frank courageous heart...triumphed over pain""- William Wordsworth; ""set a courageous example by leading them safely into and out of enemy-held territory"""
781,fear (fright),An emotion experienced in anticipation of some specific pain or danger.,n07519253,fear//fearfulness//fright,an emotion experienced in anticipation of some specific pain or danger (usually accompanied by a desire to flee or fight)
1810,danger,A situation that constitutes an immediate risk for injury on a person or property.,n14540765,danger,"the condition of being susceptible to harm or injury; ""you are in no danger""; ""there was widespread danger of disease"""
1784,want,To want to do something or to wish for something to happen.,v01825237,desire//want,"feel or have a desire for; want strongly; ""I want to go home now""; ""I want my own room"""
1750,choose,To make a choice from a number of alternatives.,v00674607,choose//take//select//pick out,"pick out, select, or choose from a number of alternatives; ""Take any one of these cards""; ""Choose a good husband for your daughter""; ""She selected a pair of shoes from among the dozen the salesgirl had shown her"""
100,faithful,Steadfast in affection.,a00958880,faithful,"steadfast in affection or allegiance; ""years of faithful service""; ""faithful employees""; ""we do not doubt that England has a faithful patriot in the Lord Chancellor"""
1657,true,Concurring with a given set of facts.,a02460502,true,"consistent with fact or reality; not false; ""the story is true""; ""it is undesirable to believe a proposition when there is no ground whatever for supposing it true""- B. Russell; ""the true meaning of the statement"""
601,lie (mislead),To knowingly say something that is untrue.,v00834259,lie,"tell an untruth; pretend with intent to deceive; ""Don't lie to your parents""; ""She lied when she told me she was only 29"""
13,deceit,The act or practice of deceiving.,n00752431,deception//deceit//dissembling//dissimulation,the act of deceiving
1528,forgive,To stop blaming someone for an offense.,v00903385,forgive,"stop blaming or grant forgiveness; ""I forgave him his infidelity""; ""She cannot forgive him for forgetting her birthday"""
1035,good,Having desired or positive qualities.,a01123148,good,"having desirable or positive qualities especially those suitable for a thing specified; ""good news from the hospital""; ""a good report card""; ""when she was good she was very very good""; ""a good knife is one good for cutting""; ""this stump will make a good picnic table""; ""a good check""; ""a good joke""; ""a good exterior paint""; ""a good secretary""; ""a good dress for the office"""
1292,bad,Not good; unfavorable; negative.,a01125429,bad,"having undesirable or negative qualities; ""a bad report card""; ""his sloppy appearance made a bad impression""; ""a bad little boy""; ""clothes in bad shape""; ""a bad cut""; ""bad luck""; ""the news was very bad""; ""the reviews were bad""; ""the pay is bad""; ""it was a bad light for reading""; ""the movie was a bad choice"""
1725,correct (right),To be in accordance with expectations.,r00203922,correctly//right//aright,"in an accurate manner; ""the flower had been correctly depicted by his son""; ""he guessed right"""
1390,wrong,Not correct.,a00023854,faulty//incorrect//wrong,"characterized by errors; not agreeing with a model or not following established rules; ""he submitted a faulty report""; ""an incorrect transcription""; the wrong side of the road"""
134,fault,Responsibility for a wrong act done deliberately or a good act omitted deliberately.,n04669692,fault,"responsibility for a bad situation or event; ""it was John's fault"""
1293,mistake,"A mistake, an oversight, a slight; usually apologetic, referring to one's own failures.",n00070965,mistake//error//fault,"a wrong action attributable to bad judgment or ignorance or inattention; ""he made a bad mistake""; ""she was quick to point out my errors""; ""I could understand his English in spite of his grammatical faults"""
381,blame,Accusation for something negative or undesirable.,n07237758,incrimination//inculpation//blame,"an accusation that you are responsible for some lapse or misdeed; ""his incrimination was based on my testimony""; ""the police laid the blame on the driver"""
1687,praise,The act of expressing approval or admiration; commendation; laudation.,n06693198,praise//congratulations//kudos//extolment,"an expression of approval and commendation; ""he always appreciated praise for his work"""
1427,beautiful,"Having nice or positive properties (specifically with regard to the senses, and most commonly, that of sight).",a00217728,beautiful,"delighting the senses or exciting intellectual or emotional admiration; ""a beautiful child""; ""beautiful country""; ""a beautiful painting""; ""a beautiful theory""; ""a beautiful party"""
1548,ugly,Not good looking.,a00220956,ugly,"displeasing to the senses; ""an ugly face""; ""ugly furniture"""
2018,greedy,"Excessively desirous of money, wealth or possessions.",a00029933,avaricious//covetous//grabby//grasping//greedy//prehensile,"immoderately desirous of acquiring e.g. wealth; ""they are avaricious and will do anything for money""; ""casting covetous eyes on his neighbor's fields""; ""a grasping old miser""; ""grasping commercialism""; ""greedy for money and power""; ""grew richer and greedier""; ""prehensile employers stingy with raises for their employees"""
1310,clever,Mentally agile.,a01334958,apt//clever,"mentally quick and resourceful; ""an apt pupil""; ""you are a clever man...you reason well and your wit is bold""-Bram Stoker"
1562,mind,The ability for rational thought.,n05611302,mind//head//brain//psyche//nous,"that which is responsible for one's thoughts and feelings; the seat of the faculty of reason; ""his mind wandered""; ""I couldn't get his words out of my head"""
1415,think (reflect),"To actively and consciously use one's mental powers, usually to form ideas.",v00628491,think//cogitate//cerebrate,"use or exercise the mind or one's power of reason in order to make inferences, decisions, or arrive at a solution or judgments; ""I've been thinking all day and getting nowhere"""
1513,think (believe),"To have as opinion, belief, or idea.",v00631737,think//opine//suppose//imagine//reckon//guess,"expect, believe, or suppose; ""I imagine she earned a lot of money with her new novel""; ""I thought to find her in a bad state""; ""he didn't think to find her in the kitchen""; ""I guess she is angry at me for standing her up"""
1890,believe,To be confident about something.,v00683280,believe,"accept as true; take to be true; ""I believed his report""; ""We didn't believe his stories from the War""; ""She believes in spirits"""
1536,understand,To be aware of the meaning of.,v00588888,understand,"know and comprehend the nature or meaning of; ""She did not understand her husband""; ""I understand what she means"""
1410,know (something),To be sure about something or be acquainted with something.,v00594621,know//cognize//cognise,"be cognizant or aware of a fact or a specific piece of information; possess knowledge or information about; ""I know that the President lied to the people""; ""I want to know who is winning the game!""; ""I know it's time"""
1932,guess,"To suppose, to estimate or to make a surmise.",v00672433,estimate//gauge//approximate//guess//judge,"judge tentatively or form an estimate of (quantities or time); ""I estimate this chicken to weigh three pounds"""
117,imitate,To follow as a model or a pattern.,v01742886,imitate//copy//simulate,"reproduce someone's behavior or looks; ""The mime imitated the passers-by""; ""Children often copy their parents or older siblings"""
1521,seem,To have a given outward appearance.,v02133435,look//appear//seem,"give a certain impression or have a certain outward aspect; ""She seems to be sleeping""; ""This appears to be a very difficult problem""; ""This project looks fishy""; ""They appeared like people who had not eaten or slept for a long time"""
1609,idea,A plan or notion that is formed and exists in the mind as a result of mental activity.,n05833840,idea//thought,"the content of cognition; the main thing you are thinking about; ""it was not a good idea""; ""the thought never entered my mind"""
698,wise,Showing good judgement or the benefit of experience.,a02569130,wise,"having or prompted by wisdom or discernment; ""a wise leader""; ""a wise and perceptive comment"""
1518,stupid,Lacking in intelligence.,a00439588,stupid,lacking or marked by lack of intellectual acuity
1899,mad,Mentally ill.,a02075321,brainsick//crazy//demented//disturbed//mad//sick//unbalanced//unhinged,"affected with madness or insanity; ""a man who had gone mad"""
504,learn,"To acquire, or attempt to acquire knowledge or an ability to do something.",v00597915,learn//larn//acquire,"gain knowledge or skills; ""She learned dancing from her sister""; ""I learned Sanskrit""; ""Children acquire language at an amazing rate"""
1929,study,To follow a course of study; to be enrolled at an institute of learning.,v00607114,study//hit the books,"learn by reading books; ""He is studying geology in his room""; ""I have an exam next week; I must hit the books now"""
709,teach,To pass on knowledge and skills.,v00829107,teach//learn//instruct,"impart skills or knowledge to; ""I taught them French""; ""He instructed me in building a boat"""
753,pupil (student),A student under the supervision of a teacher or professor.,n10665698,student//pupil//educatee,a learner who is enrolled in an educational institution
1038,teacher,"A person who passes on knowledge, especially one employed in a school.",n10694258,teacher//instructor,a person whose occupation is teaching
673,school,An institution or building at which children and young people receive education.,n04146050,school//schoolhouse,"a building where young people receive education; ""the school was built in 1932""; ""he walked to school every morning"""
707,remember,To recall from memory.,v00607780,remember//retrieve//recall//call back//call up//recollect//think,"recall knowledge from memory; have a recollection; ""I can't remember saying any such thing""; ""I can't think what her last name was""; ""can you remember her phone number?""; ""Do you remember that he once loved you?""; ""call up memories"""
1523,forget,To lose memory of something.,v00609100,forget//block//blank out//draw a blank,"be unable to remember; ""I'm drawing a blank""; ""You are blocking the name of your first wife!"""
989,clear,Free of ambiguity or doubt.,a00428404,clear,"readily apparent to the mind; ""a clear and present danger""; ""a clear explanation""; ""a clear case of murder""; ""a clear indication that she was angry""; ""gave us a clear idea of human nature"""
1764,obscure,"Known vaguely or incompletely, if at all.",a00431004,obscure//vague,"not clearly understood or expressed; ""an obscure turn of phrase""; ""an impulse to go off and fight certain obscure battles of his own spirit""-Anatole Broyard; ""their descriptions of human behavior become vague, dull, and unclear""- P.A.Sorokin; ""vague...forms of speech...have so long passed for mysteries of science""- John Locke"
1121,secret,Being or kept hidden from public perception.,a02090069,secret,"not open or public; kept private or not revealed; ""a secret formula""; ""secret ingredients""; ""secret talks"""
509,certain,Without any doubt or possibility of deviation.,a00335421,certain,"established beyond doubt or question; definitely known; ""what is certain is that every effect must have a cause""; ""it is certain that they were on the bus""; ""his fate is certain""; ""the date for the invasion is certain"""
1626,explain,"To inform about the reason for something, how something works, or how to do something.",v00939277,explain//explicate,"make plain and comprehensible; ""He explained the laws of physics to his students"""
1162,intention,An anticipated outcome that is intended to obtain or that guides your planned actions.,n00163233,intention,"an act of intending; a volition that you intend to carry out; ""my intention changed once I saw her"""
860,cause,That which brings about any condition or produces any effect.,n07326557,cause,"events that provide the generative force that is the origin of something; ""they are trying to determine the cause of the crash"""
1308,doubt,Uncertainty about the truth or accuracy of a matter.,n05698247,doubt//uncertainty//incertitude//dubiety//doubtfulness//dubiousness,the state of being unsure of something
1841,suspect,To assume something to be true without direct evidence.,v00921072,suspect//surmise,"imagine to be the case or true or probable; ""I suspect he is a fugitive""; ""I surmised that the butler did it"""
1902,betray,To harm someone or hurt their feelings by violating their trust or being disloyal to them.,v01799235,fail//betray,"disappoint, prove undependable to; abandon, forsake; ""His sense of smell failed him this time""; ""His strength finally failed him""; ""His children failed him in the crisis"""
643,need (noun),The fact or an instance of feeling the lack of something.,n14450691,necessity,the condition of being essential or indispensable
686,easy,Requiring little skill or effort; posing no difficulty.,a00750296,elementary//simple//uncomplicated//unproblematic,"easy and not involved or complicated; ""an elementary problem in statistics""; ""elementary, my dear Watson""; ""a simple game""; ""found an uncomplicated solution to the problem"""
584,difficult,"Not easy, which needs hard work, patience and effort of either the physical or mental kind.",a00744916,difficult//hard,"not easy; requiring great physical or mental effort to accomplish or comprehend or endure; ""a difficult task""; ""nesting places on the cliffs are difficult of access""; ""difficult times""; ""why is it so hard for you to keep a secret?"""
1812,try,To attempt to do something.,v02530167,try//seek//attempt//essay//assay,"make an effort or attempt; ""He tried to shake off his fears""; ""The infant had essayed a few wobbly steps""; ""The police attempted to stop the thief""; ""He sought to improve himself""; ""She always seeks to do good in the world"""
488,manner,Way of performing or effecting anything.,n04928903,manner//mode//style//way//fashion,"how something is done or how it happens; ""her dignified manner""; ""his rapid manner of talking""; ""their nomadic mode of existence""; ""in the characteristic New York style""; ""a lonely way of life""; ""in an abrasive fashion"""
1577,and,Used to connect two homogeneous words or phrases.,NA,NA,NA
1157,because,Conjunction initiating a causal phrase.,NA,NA,NA
1459,if,[The introduction of a condition or decision.],NA,NA,NA
1014,or,[Conjunction that indicates an alternative.],NA,NA,NA
1268,yes,A word used to show agreement or affirmation of something.,NA,NA,NA
1269,no,A word used to show disagreement of something.,r00024356,no,"used to express refusal or denial or disagreement etc or especially to emphasize a negative statement; ""no, you are wrong"""
1239,how,In what way?,NA,NA,NA
1236,what,Which thing.,NA,NA,NA
1238,when,At what time?,NA,NA,NA
1237,where,At what place?,NA,NA,NA
727,which,What one or ones (of those mentioned or implied).,NA,NA,NA
1235,who,What person or people; which person or people.,NA,NA,NA
1270,why,For what reason.,NA,NA,NA
1363,voice,The sound and tones human beings are able to produce with the vocal cords.,n07110615,voice//vocalization//vocalisation//vocalism//phonation//vox,"the sound made by the vibration of vocal folds modified by the resonance of the vocal tract; ""a singer takes good care of his voice""; ""the giraffe cannot make any vocalizations"""
1261,sing,To produce harmonious sounds with one's voice.,v01729431,sing,"produce tones with the voice; ""She was singing while she was cooking""; ""My brother sings very well"""
715,shout,To say something in a loud voice.,v00912048,exclaim//cry//cry out//outcry//call out//shout,"utter aloud; often with surprise, horror, or joy; ""`I won!' he exclaimed""; ""`Help!' she cried""; ""`I'm here,' the mother shouted when she saw her child looking lost"""
55,whisper,"To speak in a quiet voice, without vibration of the vocal cords.",v00915830,whisper,speak softly; in a low voice
128,mumble,To speak unintelligibly and without articulating.,v01044533,mumble//mutter//maunder//mussitate,talk indistinctly; usually in a low voice
1025,whistle,To make a sound or a melody by forcing the breath out between closed lips.,v01043441,whistle,"utter or express by whistling; ""She whistled a melody"""
298,shriek,"To make a short, loud and high-pitched sound in reaction to something.",v00914420,shriek//shrill//pipe up//pipe,utter a shrill cry
526,howl,"To cry like a wolf, dog, or other canids.",v01047381,howl//wrawl//yammer//yowl,"cry loudly, as of animals; ""The coyotes were howling in the desert"""
1623,speak,To communicate by the use of words.,v00963570,speak//talk,"use language; ""the baby talks already""; ""the prisoner won't speak""; ""they speak a strange dialect"""
1866,stutter,"To have problems articulating the words, repeting sometimes some syllables.",v00981544,bumble//stutter//stammer//falter,"speak haltingly; ""The speaker faltered when he saw his opponent enter the room"""
1458,say,To utter specific words or notions.,v01016002,allege//aver//say,"report or maintain; ""He alleged that he was the victim of a crime""; ""He said it was too late to intervene in the war""; ""The registrar says that I owe the school money"""
1711,tell,To talk about a story giving its details; to give a detailed account of.,v00953216,tell//narrate//recount//recite,"narrate or give a detailed account of; ""Tell what happened""; ""The father told a story to his child"""
1115,speech,"An address or form of oral communication in which a speaker makes his thoughts and emotions known before an audience, often for a given purpose. (Source: RHW)",n07238694,address//speech,"the act of delivering a formal spoken communication to an audience; ""he listened to an address on minor Roman poets"""
48,be silent,To stop speaking or making noise.,NA,NA,NA
1307,language,"A system of communication using the spoken or signed word or using symbols that represent words, signs or sounds.",n06282651,language//linguistic communication,"a systematic means of communicating by the use of sounds or conventional symbols; ""he taught foreign languages""; ""the language introduced is standard throughout the text""; ""the speed with which a program can be executed depends on the language in which it is written"""
1599,word,"A distinct unit of language (sounds in speech or written letters) with a particular meaning, composed of one or more morphemes, and also of one or more phonemes that determine its sound pattern.",n06286395,word,"a unit of language that native speakers can identify; ""words are the blocks from which sentences are made""; ""he hardly said ten words all morning"""
1405,name,"Any word or phrase which designates a particular person, place, class or thing.",n06333653,name,"a language unit by which a person or thing is known; ""his name really is George Washington""; ""those are two names for the same thing"""
1309,ask (inquire),To ask (a question) to somebody; to seek an answer to.,v00897746,ask,"address a question to and expect an answer from; ""Ask your teacher about trigonometry""; ""The children asked me about their dead grandmother"""
1275,answer,"To communicate a message of any form in reaction to something that has been asked or expressed, to the being who expressed it; to react verbally.",v00815686,answer//reply//respond,"react verbally; ""She didn't want to answer""; ""answer the question""; ""We answered that we would accept the invitation"""
2022,admit,To admit to be true.,v00817311,admit//acknowledge,"declare to be true or admit the existence or reality or truth of; ""He admitted his errors""; ""She acknowledged that she might have forgotten"""
755,deny,To refuse strongly and solemnly to own or acknowledge.,v02212825,deny//refuse,"refuse to let have; ""She denies me every pleasure""; ""he denies her her weekly allowance"""
1828,ask (request),"To ask for a service or physical goods, often without returning the favor in kind.",v00752493,ask,"make a request or demand for something to somebody; ""She asked him for a loan"""
1675,promise,To commit to doing something or assure that something will happen.,v00884011,promise//assure,make a promise or commitment
49,refuse,To not do what is being asked.,v00797430,refuse//decline,"show unwillingness towards; ""he declined to join the group on a hike"""
83,forbid,To tell not to do something.,v00795863,forbid//prohibit//interdict//proscribe//veto//disallow//nix,"command against; ""I forbid you to call me late at night""; ""Mother vetoed the trip to the chocolate store""; ""Dad nixed our plans"""
299,scold,To rebuke.,v00824767,call on the carpet//take to task//rebuke//rag//trounce//reproof//lecture//reprimand//jaw//dress down//call down//scold//chide//berate//bawl out//remonstrate//chew out//chew up//have words//lambaste//lambast,"censure severely or angrily; ""The mother scolded the child for entering a stranger's car""; ""The deputy ragged the Prime Minister""; ""The customer dressed down the waiter for bringing cold soup"""
1084,call,To address or summon someone.,v00792471,call//send for,"order, request, or command to come; ""She was called into the director's office""; ""Call the police!"""
180,call by name,"To give a name or designation of a common noun that, e.g., reflects a quality.",v01028748,name//call,"assign a specified (usually proper) proper name to; ""They named their son David""; ""The new school was named after the famous Civil Rights leader"""
9,announce,To make known by stating or announcing.,v00974367,announce//denote,"make known; make an announcement; ""She denoted her feelings clearly"""
1192,threaten,To make a threat of injury or punishment against someone.,v00871405,threaten,"to utter intentions of injury or punishment against:""He threatened me when I tried to call the police"""
101,boast,To show off.,v00883226,boast//tout//swash//shoot a line//brag//gas//blow//bluster//vaunt//gasconade,show off
1672,write,"To form (letters, words or symbols) on a surface in order to communicate.",v00993014,write,"communicate or express by writing; ""Please write to me every week"""
724,read,To look at and interpret letters or other information that is written.,v00625119,read,"interpret something that is written or printed; ""read the advertisement""; ""Have you read Salman Rushdie?"""
648,paper,"Felted or matted sheets of cellulose fibers, formed on a fine-wire screen from a dilute water suspension, and bonded together as the water is removed and the sheet is dried.",n14974264,paper,a material made of cellulose pulp derived mainly from wood or rags or certain grasses
794,pen,"A utensil, usually tubular in form, containing ink used to write or make marks.",n03906997,pen,a writing implement with a point from which ink flows
963,book,"A collection of leaves of paper, parchment or other material, usually bound or fastened together within covers, containing writing of any type or blank pages for future inscription.",n06410904,book,"a written work or composition that has been published (printed on pages bound together); ""I am reading a good book on economics"""
1045,poet,A person who writes poems.,n10444194,poet,a writer of poems (the term is usually reserved for writers of good poetry)
777,flute,A musical instrument of the woodwind family.,n03372029,flute//transverse flute,a high-pitched woodwind instrument; a slender tube closed at one end with finger holes on one end and an opening near the closed end across which the breath is blown
908,drum,A percussion instrument consisting of at least one membrane that is stretched over a shell and struck directly with the player's hands or with a drumstick.,n03249569,drum//membranophone//tympan,a musical percussion instrument; usually consists of a hollow cylinder with a membrane stretched across each end
2136,brass instrument (horn or trumpet),"Any musical instrument that is a member of the brass family of musical instruments, usually a horn or a trumpet.",n03110669,cornet//horn//trumpet//trump,a brass musical instrument with a brilliant tone; has a narrow tube and a flared bell and is played by means of valves
300,rattle,A wooden instrument that makes a loud knocking noise [used by people watching football games].,n04056289,rattle,a baby's toy that makes percussive noises when shaken
1300,country,"A political entity asserting authority over a geographical area, or the area itself. Can be same as or part of a state.",n08544813,country//state//land,"the territory occupied by a nation; ""he returned to the land of his birth""; ""he visited several European countries"""
1391,town,"An area with residential districts, shops and amenities, and its own local government.",n08665504,town,"an urban area with a fixed boundary that is smaller than a city; ""they drive through town on their way to work"""
930,village,"A group of houses and other buildings, such as a church, a school and some shops, which is smaller than a town, usually in the countryside.",n08672738,village//hamlet,a settlement smaller than a town
1010,boundary,The dividing line or location between two areas.,n13903079,boundary//edge//bound,a line determining the limits of an area
789,people,"A group of persons forming or belonging to a particular nation, class, ethnic group, country, family, etc.",n08160276,citizenry//people,"the body of citizens of a state or country; ""the Spanish people"""
302,clan,Extended family.,n07969695,kin//kin group//kinship group//kindred//clan//tribe,group of people related by blood or marriage
301,chieftain,The leader/ruler of a tribe/clan.,n10164025,headman//tribal chief//chieftain//chief,the head of a tribe or clan
1296,walking stick,"An object, specifically for providing support when walking.",n04546194,walking stick,a stick carried in the hand for support in walking
1846,rule,"To exercise power or authority over a person, a group of persons, animals, territories or an organization.",v02586619,govern//rule,"exercise authority over; as of nations; ""Who is governing the country now?"""
1508,king,A male member of a Royal Family and supreme ruler of his nation.,n10231515,king//male monarch//Rex,a male sovereign; ruler of a kingdom
1306,queen,A female monarch.,n10499355,queen//queen regnant//female monarch,a female sovereign ruler
482,noble,Someone of aristocratic blood.,n10271677,Lord//noble//nobleman,a titled peer of the realm
1032,citizen,"A native or naturalized member of a state or nation who owes allegiance, bears responsibilities and obtains rights, including protection, from the government.",n09923673,citizen,a native or naturalized member of a state or other political community
383,master,Someone who has control over something or someone; the owner of an animal or slave or someone who employs others.,n10388440,overlord//master//lord,a person who has general authority over others
812,slave,"A person who is owned and forced to work, usually without pay, by another.",n10609325,slave,a person who is owned by someone
255,servant,A person performing duties for others. For example a person employed in a household which cares about the domestic duties.,n10582154,servant//retainer,a person working in the service of another (especially in the household)
384,freeman,"A free man, one who is not a serf or slave.",n10111023,freeman//freewoman,a person who is not a serf or a slave
1998,command,To order someone or several persons by a superior authority to do something.,NA,NA,NA
1635,obey,To do as you are told.,v02542795,obey,be obedient to
1325,friend,"A person other than a family member, spouse or lover whose company one enjoys and towards whom one feels affection.",n10112591,friend,"a person you know well and regard with affection and trust; ""he was my best friend at the university"""
1358,enemy,"Someone who is hostile to, feels hatred towards, opposes the interests of, or intends injury to someone else.",n10098710,foe//enemy,"a personal enemy; ""they had been political foes for years"""
1332,neighbour,A person living in a house that is adjacent or nearby another person's house.,n10352299,neighbor//neighbour,a person who lives (or is located) near another
791,stranger,Someone who is not known.,n10661216,stranger,an individual that one is not acquainted with
1782,guest,"A person that visits and stays at a house, usually for one or more nights.",n10150940,guest//invitee,a visitor to whom hospitality is extended
1545,host,Person at whose place guests stay.,n10187130,host,a person who invites guests to a social event (such as a party in his or her own home) and who is responsible for them while they are there
1897,help,To give assistance or aid to.,v02547586,help//assist//aid,"give help or assistance; be of service; ""Everyone helped out during the earthquake""; ""Can you help me carry this table?""; ""She never helps around the house"""
1747,custom,A pattern of behavior inherited or acquired through frequent repetition.,n00413239,custom//usage//usance,accepted or habitual practice
1848,quarrel,A loud or noisy verbal confrontation between two or more people.,n07184149,quarrel//wrangle//row//words//run-in//dustup,"an angry dispute; ""they had a quarrel""; ""they had words"""
2024,plot,Agreement on a secret plot.,n05907682,plot//secret plan//game,"a secret scheme to do something (especially something underhand or illegal); ""they concocted a plot to discredit the governor""; ""I saw through his little game from the start"""
1831,meet,"To encounter a person, either intentionally or by chance.",v02022804,meet,"meet by design; be present at the arrival of; ""Can you meet me at the train station?"""
1610,prostitute,A woman who sells sexual services for money.,n10485440,prostitute//cocotte//whore//harlot//bawd//tart//cyprian//fancy woman//working girl//sporting lady//lady of pleasure//woman of the street,a woman who engages in sexual intercourse for money
1423,fight,To be involved in a physical confrontation.,v01090335,contend//fight//struggle,"be engaged in a fight; carry on a fight; ""the tribesmen fought each other""; ""Siblings are always fighting""; ""Militant groups are contending for control of the country"""
579,battle,An instance of combat in warfare between two or more parties wherein each group will seek to defeat the others.,n00953559,battle//conflict//fight//engagement,"a hostile meeting of opposing military forces in the course of a war; ""Grant won a decisive victory in the battle of Chickamauga""; ""he lost his romantic ideas about war when he got into a real engagement"""
1338,peace,"A state free of war, in particular war between different countries.",n13970236,peace,the state prevailing during the absence of war
1561,army,"A large, military force concerned mainly with ground operations.",n08191230,army//regular army//ground forces,a permanent organization of the military land forces of a nation or state
1941,soldier,"A person who is actively engaged in battle, conflict or warfare.",n10622053,soldier,"an enlisted man or woman who serves in an army; ""the soldiers stood at attention"""
951,weapons,"An instrument of attack or defense in combat, as a gun, missile, or sword.",n04565375,weapon//arm//weapon system,"any instrument or instrumentality used in fighting or hunting; ""he was licensed to carry a weapon"""
1763,club,A short heavy club with a rounded head used as a weapon.,n03053474,club,"stout stick that is larger at one end; ""he carried a club in self defense""; ""he felt as if he had been hit with a club"""
386,battle-axe,An ancient military weapon.,n02811468,battle-ax//battle-axe,a broadax used as a weapon
387,sling,"An instrument for throwing stones or other missiles, consisting of a short strap with two strings fastened to its ends, or with a string fastened to one end and a light stick to the other.",n04239639,sling,a simple weapon consisting of a looped strap in which a projectile is whirled and then released
994,bow,"A weapon made of a curved piece of wood or other flexible material whose ends are connected by a string, used for shooting arrows.",n02879718,bow,"a weapon for shooting arrows, composed of a curved piece of resilient wood with a taut cord to propel the arrow"
977,arrow,Pointed projectile that is shot with a bow.,n02742753,arrow,a projectile with a straight thin shaft and an arrowhead on one end and stabilizing vanes on the other; intended to be shot from a bow
945,spear,"a long, stabbing weapon for thrusting or throwing, consisting of a wooden shaft to which a sharp-pointed head, as of iron or steel, is attached.",n04270891,spear//lance//shaft,a long pointed rod used as a tool or weapon
1535,sword,"A long-bladed weapon that has a handle (and sometimes a hilt) and is designed to stab, cut or slash.",n04373894,sword//blade//brand//steel,a cutting or thrusting weapon that has a long metal blade and a hilt with a hand guard
1061,armour,"Clothing that soldiers wear to protect themselves during combat. Historically made of leather or metal, today special materials like kevlar are used.",n02739668,armor//armour,protective covering made of metal and used in combat
1680,helmet,"Any of various forms of protective head covering worn e.g.  by soldiers, firefighters, divers, cyclists, etc.",n03513137,helmet,a protective headgear made of hard material to resist blows
1064,shield,"A large plate made of metal or wood, held in the left hand during melee combat to protect the body from incoming attacks.",n04192698,shield//buckler,armor carried on the arm to intercept blows
1938,fortress,"A fortified place; a large and permanent fortification, sometimes including a town.",n03386011,fortress//fort,a fortified defensive structure
1671,tower,"Structure, usually taller than it is wide, often used as a lookout.",n04460130,tower,a structure taller than its diameter; can stand alone or be attached to a larger building
783,victory,An end to a struggle or contest that did end in success.,n07473441,victory//triumph,"a successful ending of a struggle or contest; ""a narrow victory""; ""the general always gets credit for his army's victory""; ""clinched a victory""; ""convincing victory""; ""the agreement was a triumph for common sense"""
782,defeat,An end to a struggle or contest that did not end in success.,n07475364,defeat//licking,"an unsuccessful ending to a struggle or contest; ""it was a narrow defeat""; ""the army's only defeat""; ""they suffered a convincing licking"""
722,attack,The application of violent force to someone or something.,n00773814,attack//attempt,"the act of attacking; ""attacks on women increased last year""; ""they made an attempt on his life"""
1330,defend,To keep something or someone safe or prevent harm coming to someone or something.,v01129876,defend//guard//hold,"protect against a challenge or attack; ""Hold that position behind the trees!""; ""Hold the bridge against the enemy's attacks"""
421,retreat,"To retreat unwillingly and/or suddenly, often caused by sudden pain, shock, scare, fright, surprise, or similar.",v01994442,withdraw//retreat//pull away//draw back//recede//pull back//retire//move back,"pull back or move away or backward; ""The enemy withdrew""; ""The limo pulled away from the curb"""
1696,surrender,To give up to the enemy.,v01115585,surrender//give up,"give up or agree to forgo to the power or possession of another; ""The last Taleban fighters finally surrendered"""
1072,prisoner,"A person confined in a prison, while on trial or serving a sentence.",n10476086,prisoner//captive,a person who is confined; especially a prisoner of war
1940,guard,A person who protects or watches over something.,n10150071,guard,a person who keeps watch over something or someone
1022,booty,"Profits from burglary, looting and raids.",n13262663,loot//booty//pillage//plunder//prize//swag//dirty money,goods or money obtained illegally
65,ambush,The act of concealing yourself and lying in wait to attack by surprise.,n01246926,ambush//ambuscade//lying in wait//trap,the act of concealing yourself and lying in wait to attack by surprise
1858,fisherman,A person whose profession is catching fish.,n10093658,fisherman//fisher,someone whose occupation is catching fish
1074,fishhook,A metal hook for catching fish.,n03351151,fishhook,a sharp barbed hook for catching fish
388,fishnet,A net used to catch fish.,n03352628,fishnet//fishing net,a net that will enclose fish when it is pulled in
2013,bait,Anything that serves as an enticement.,n02776205,bait//decoy//lure,something used to lure fish or other animals into danger so they can be trapped or killed
1435,hunt,To chase down prey and (usually) kill it.,v01143838,hunt//run//hunt down//track down,"pursue for food or sport (as of wild animals); ""Goering often hunted wild boars in Poland""; ""The dogs are running deer""; ""The Duke hunted in these woods"""
1172,shoot,"To fire a shot from a firearm, bow or other weapon.",v01137138,shoot//hit//pip,hit with a missile from a weapon
161,miss (a target),"To fail to hit (a target, a bell, etc.).",v01237901,miss,"fail to reach; ""The arrow missed the target"""
1075,trap (pitfall),A device for catching and holding animals.,n04474466,trap,a device in which something (usually an animal) can be caught and penned
1170,trap (catch),"To catch in a trap, to immobilize.",v01480770,trap//entrap//snare//ensnare//trammel,"catch in or as if in a trap; ""The men trap foxes"""
1062,law,"A body of rules of action or conduct prescribed by a legislative authority, and having binding legal force.",n08441203,law//jurisprudence,"the collection of rules imposed by authority; ""civilization presupposes respect for the law""; ""the great problem for jurisprudence to allow freedom while enforcing order"""
1068,court,"An organ of the government, belonging to the judicial department, whose function is the application of the laws to controversies brought before it and the public administration of justice.",n03649459,court//lawcourt//court of law//court of justice,a tribunal that is presided over by a magistrate or by one or more judges who administer justice according to the laws
1818,adjudicate,To act as a judge.,v00698855,decide//settle//resolve//adjudicate,"bring to an end; settle conclusively; ""The case was decided""; ""The judge decided the case in favor of the plaintiff""; ""The father adjudicated when the sons were quarreling over their inheritance"""
1067,judgment,"The official and authentic decision of a court of justice upon the respective rights and claims of the parties to an action or suit therein litigated and submitted to its determination, the final decision of the court resolving the dispute and determining the rights and obligations of the parties.",n01187810,judgment//judgement//judicial decision,(law) the determination by a court of competent jurisdiction on matters submitted to it
861,judge,A person who decides the fate of someone or something that has been called into question.,n10225219,judge//justice//jurist,a public official authorized to decide questions brought before a court of justice
2020,plaintiff,One who commences a legal process by a complaint.,n10437852,plaintiff//complainant,a person who brings an action in a court of law
1034,defendant,Any party who is required to answer the complaint of a plaintiff in a civil lawsuit before a court.,n09762101,defendant//suspect,a person or institution against whom an action is brought in a court of law; the person being sued or accused
1144,witness,Someone who has a personal knowledge of something.,n10786033,witness//witnesser//informant,someone who sees an event and reports what happened
1939,swear,To declare or affirm solemnly and formally as true.,v00889947,swear,promise solemnly; take an oath
1712,oath,"Promise or solemn declaration in front of an authority, another person or to oneself.",n07226841,oath,"a solemn promise, usually invoking a divine witness, regarding your future acts or behavior; ""they took an oath of allegiance"""
1814,accuse,To lay a charge against; bring an accusation against.,v00842989,accuse//impeach//incriminate//criminate,"bring an accusation against; level a charge against; ""The neighbors accused the man of spousal abuse"""
484,condemn,"To declare, after a judgment, that somebody is guilty of committing a crime.",v00906735,sentence//condemn//doom,"pronounce a sentence on (somebody) in a court of law; ""He was condemned to ten years in prison"""
983,convict,To find guilty of a crime as a result of legal proceedings.,v00906367,convict,"find or declare guilty; ""The man was convicted of fraud and sentenced"""
988,acquit,To pronounce not guilty of criminal charges.,v00904046,acquit//assoil//clear//discharge//exonerate//exculpate,"pronounce not guilty of criminal charges; ""The suspect was cleared of the murder charges"""
1682,guilty,"Having committed an offense, crime, violation, or wrong, especially against moral or penal law.",a01320988,guilty,"responsible for or chargeable with a reprehensible act; ""guilty of murder""; ""the guilty person""; ""secret guilty deeds"""
90,innocent,Not guilty.,a01319874,innocent//guiltless//clean-handed,"free from evil or guilt; ""an innocent child""; ""the principle that one is innocent until proved guilty"""
390,punishment,"The act or process of punishing, imposing and/or applying a sanction; a penalty to punish wrongdoing, especially for crime.",n01160342,punishment//penalty//penalization//penalisation,the act of punishing
218,fine (penalty),A pecuniary punishment or penalty imposed by lawful tribunal upon person convicted of crime or misdemeanor.,n13301328,fine//mulct//amercement,money extracted as a penalty
1281,prison,A place in which individual persons have restricted personal freedom.,n04005630,prison//prison house,a correctional institution where persons are confined while on trial or for punishment
845,murder,The intentional or premeditated killing of another person.,n00220522,murder//slaying//execution,unlawful premeditated killing of a human being by a human being
902,adultery,Sex by a married person with someone other than their spouse.,n00848466,adultery//criminal conversation//fornication,"extramarital sex that willfully and maliciously interferes with marriage relations; ""adultery is often cited as grounds for divorce"""
953,rape,The act of forcing sexual intercourse or other sexual activity upon another person against their will.,n00773402,rape//violation//assault//ravishment,the crime of forcing a woman to submit to sexual intercourse against her will
1889,arson,The crime of setting fire to a building or a property on purpose.,n00378296,arson//incendiarism//fire-raising,"malicious burning to destroy property; ""the British term for arson is fire-raising"""
1792,perjury,The deliberate giving of false or misleading testimony under oath.,n00772381,perjury//bearing false witness//lying under oath,criminal offense of making false statements under oath
713,steal,"To take possession of property belonging to another without the consent of this owner; most typically when not observed, rather than by force.",v02321757,steal,"take without the owner's consent; ""Someone stole my wallet on the train""; ""This author stole entire paragraphs from my dissertation"""
1160,thief,Someone who takes property belonging to someone else with the intention of keeping it or selling it.,n10707804,thief//stealer,a criminal who takes property belonging to someone else with the intention of keeping it or selling it
661,religion,The expression of man's belief in and reverence for a superhuman power recognized as the creator and governor of the universe.,n08081668,religion//faith//organized religion,"an institution to express belief in a divine power; ""he was raised in the Baptist religion""; ""a member of his own faith contradicted him"""
911,temple,A house of worship and spiritual activities.,n04407435,temple,place of worship consisting of an edifice for the worship of a deity
853,altar,Table for religious ceremonies.,n02699494,altar,a raised structure on which gifts or sacrifices to a god are made
1103,sacrifice,Something surrendered or lost in order to gain an objective.,n00227595,sacrifice//ritual killing,the act of killing (an animal or person) in order to propitiate a deity
257,worship,To show devotion and obeisance to.,v01778990,worship,"show devotion to (a deity); ""Many Hindus worship Shiva"""
24,pray,"To address God or a higher being with praise, thanksgiving, confession or supplication.",v00759944,pray,"address a deity, a prophet, a saint or an object of worship; say a prayer; ""pray to the Lord"""
852,priest,"A minister of the Catholic church empowered to administer the sacraments, most particularly that of the Eucharist or Holy Communion, as well as those of confession and extreme unction.",n10471250,priest//non-Christian priest,a person who performs religious duties and ceremonies in a non-Christian religion
1702,holy,Specially recognized as or declared sacred by religious use or authority.,a02053818,holy,belonging to or derived from or associated with a divine power
304,preach,To deliver a sermon.,v00828003,preach//prophesy,"deliver a sermon; ""The minister is not preaching this Sunday"""
391,bless,To make something blessed; to confer blessing upon.,v00866505,bless,"give a benediction to; ""The dying man blessed his son"""
8,curse,"To imprecate evil or misfortune upon someone or something, usually by means of a prayer or implication.",v00865958,curse//beshrew//damn//bedamn//anathemize//anathemise//imprecate//maledict,"wish harm upon; invoke evil upon; ""The bad witch cursed the child"""
303,abstain from food,To refrain from eating.,v01189604,fast,"abstain from certain foods, as for religious or medical reasons; ""Catholics sometimes fast during Lent"""
1565,heaven,"Outer space visible from the Earth's surface, infinitely extending above us and limited by the horizon.",n05627785,Heaven,the abode of God and the angels
878,hell,"In various religions, the place where sinners are said to go after death.",n05629682,Hell//perdition//Inferno//infernal region//nether region//pit,"(Christianity) the abode of Satan and the forces of evil; where sinners suffer eternal punishment; ""Hurl'd headlong...To bottomless perdition, there to dwell""- John Milton; ""a demon from the depths of the pit""; ""Hell is paved with good intentions""-Dr. Johnson"
1973,demon,Evil spirit or person that is wicked or cruel in their actions.,n09542339,devil//fiend//demon//daemon//daimon,an evil supernatural being
1945,idol,"A representation of a deity, notably a statue or a statuette.",n03560161,idol//graven image//god,"a material effigy that is worshipped; ""thou shalt not make unto thee any graven image""; ""money was his god"""
392,magic,"The use of rituals or actions, especially based on supernatural or occult knowledge, to manipulate or obtain information about the natural world, especially when seen as falling outside the realm of religion.",n05967977,magic//thaumaturgy,any art that invokes supernatural powers
2137,magician,A person who practices magic.,n10055297,enchantress//witch,a female sorcerer or magician
3206,elf or fairy,"A mythical being similar to but distinct from human, related to nature, and usually with supernatural or magic powers.",NA,NA,NA
1175,ghost,The visible disembodied soul of a dead person.,n09545976,ghost,the visible disembodied soul of a dead person
107,omen,A sign that is supposed to reveal whether the future will be favourable or not.,n07286368,omen//portent//presage//prognostic//prognostication//prodigy,"a sign of something about to happen; ""he looked for an omen before going into battle"""
