semantic_field,concepticon_id1,concepticon_gloss1,concepticon_id2,concepticon_gloss2,evidence
Agriculture and vegetation,1077,wheat,1950,beech,20
Agriculture and vegetation,1077,wheat,346,banyan,18
Agriculture and vegetation,1077,wheat,60,oat,10
Agriculture and vegetation,1077,wheat,644,oak,11
Agriculture and vegetation,1077,wheat,932,barley,5
Agriculture and vegetation,1077,wheat,968,acorn,15
Agriculture and vegetation,1124,pipe,140,paddy field,18
Agriculture and vegetation,1124,pipe,346,banyan,20
Agriculture and vegetation,1176,spade,116,larch,19
Agriculture and vegetation,1176,spade,1855,birch,14
Agriculture and vegetation,1176,spade,1915,fir,12
Agriculture and vegetation,1176,spade,1950,beech,19
Agriculture and vegetation,1176,spade,23,rye,13
Agriculture and vegetation,1176,spade,346,banyan,17
Agriculture and vegetation,1176,spade,968,acorn,16
Agriculture and vegetation,1204,bark,116,larch,24
Agriculture and vegetation,1204,bark,140,paddy field,22
Agriculture and vegetation,1204,bark,1927,bamboo,7
Agriculture and vegetation,1204,bark,286,needle tree,13
Agriculture and vegetation,1204,bark,287,cone,14
Agriculture and vegetation,1204,bark,33,nettle,10
Agriculture and vegetation,1204,bark,340,lasso,17
Agriculture and vegetation,1204,bark,345,sap,1
Agriculture and vegetation,1204,bark,346,banyan,23
Agriculture and vegetation,1204,bark,410,yam,18
Agriculture and vegetation,1204,bark,411,gourd,8
Agriculture and vegetation,1204,bark,864,pumpkin,3
Agriculture and vegetation,1204,bark,868,banana,5
Agriculture and vegetation,1204,bark,925,cassava,13
Agriculture and vegetation,1204,bark,931,millet,11
Agriculture and vegetation,1204,bark,970,coconut,10
Agriculture and vegetation,1418,dig,1077,wheat,6
Agriculture and vegetation,1418,dig,1124,pipe,4
Agriculture and vegetation,1418,dig,116,larch,24
Agriculture and vegetation,1418,dig,1176,spade,4
Agriculture and vegetation,1418,dig,140,paddy field,22
Agriculture and vegetation,1418,dig,1486,plant,1
Agriculture and vegetation,1418,dig,1689,smoke,1
Agriculture and vegetation,1418,dig,1740,pine,10
Agriculture and vegetation,1418,dig,1855,birch,20
Agriculture and vegetation,1418,dig,190,mow,3
Agriculture and vegetation,1418,dig,1901,shovel,3
Agriculture and vegetation,1418,dig,1915,fir,18
Agriculture and vegetation,1418,dig,1927,bamboo,7
Agriculture and vegetation,1418,dig,1950,beech,25
Agriculture and vegetation,1418,dig,2132,sickle or scythe,6
Agriculture and vegetation,1418,dig,223,threshing-floor,11
Agriculture and vegetation,1418,dig,23,rye,18
Agriculture and vegetation,1418,dig,284,hoe,3
Agriculture and vegetation,1418,dig,285,thresh,6
Agriculture and vegetation,1418,dig,286,needle tree,12
Agriculture and vegetation,1418,dig,287,cone,13
Agriculture and vegetation,1418,dig,33,nettle,9
Agriculture and vegetation,1418,dig,337,pitchfork,9
Agriculture and vegetation,1418,dig,338,rake,4
Agriculture and vegetation,1418,dig,340,lasso,17
Agriculture and vegetation,1418,dig,342,hay,5
Agriculture and vegetation,1418,dig,343,vine,5
Agriculture and vegetation,1418,dig,345,sap,1
Agriculture and vegetation,1418,dig,346,banyan,23
Agriculture and vegetation,1418,dig,3541,harvest or harvest season,7
Agriculture and vegetation,1418,dig,410,yam,18
Agriculture and vegetation,1418,dig,411,gourd,9
Agriculture and vegetation,1418,dig,506,maize,3
Agriculture and vegetation,1418,dig,60,oat,15
Agriculture and vegetation,1418,dig,605,grain,8
Agriculture and vegetation,1418,dig,606,grass,1
Agriculture and vegetation,1418,dig,644,oak,15
Agriculture and vegetation,1418,dig,653,plant,6
Agriculture and vegetation,1418,dig,748,sow seeds,2
Agriculture and vegetation,1418,dig,864,pumpkin,3
Agriculture and vegetation,1418,dig,868,banana,5
Agriculture and vegetation,1418,dig,925,cassava,13
Agriculture and vegetation,1418,dig,926,rice,2
Agriculture and vegetation,1418,dig,931,millet,11
Agriculture and vegetation,1418,dig,932,barley,11
Agriculture and vegetation,1418,dig,968,acorn,19
Agriculture and vegetation,1418,dig,970,coconut,9
Agriculture and vegetation,1418,dig,974,tobacco,1
Agriculture and vegetation,1486,plant,140,paddy field,21
Agriculture and vegetation,1486,plant,1927,bamboo,6
Agriculture and vegetation,1486,plant,1950,beech,24
Agriculture and vegetation,1486,plant,343,vine,5
Agriculture and vegetation,1486,plant,346,banyan,22
Agriculture and vegetation,1486,plant,410,yam,18
Agriculture and vegetation,1486,plant,411,gourd,7
Agriculture and vegetation,1486,plant,644,oak,15
Agriculture and vegetation,1486,plant,864,pumpkin,1
Agriculture and vegetation,1486,plant,868,banana,4
Agriculture and vegetation,1486,plant,925,cassava,12
Agriculture and vegetation,1486,plant,931,millet,10
Agriculture and vegetation,1486,plant,968,acorn,18
Agriculture and vegetation,1486,plant,970,coconut,8
Agriculture and vegetation,1541,cultivate,223,threshing-floor,5
Agriculture and vegetation,1541,cultivate,346,banyan,16
Agriculture and vegetation,1541,cultivate,931,millet,5
Agriculture and vegetation,1689,smoke,1124,pipe,3
Agriculture and vegetation,1689,smoke,140,paddy field,22
Agriculture and vegetation,1689,smoke,1927,bamboo,6
Agriculture and vegetation,1689,smoke,340,lasso,17
Agriculture and vegetation,1689,smoke,346,banyan,23
Agriculture and vegetation,1689,smoke,410,yam,18
Agriculture and vegetation,1689,smoke,411,gourd,8
Agriculture and vegetation,1689,smoke,868,banana,4
Agriculture and vegetation,1689,smoke,925,cassava,13
Agriculture and vegetation,1689,smoke,970,coconut,9
Agriculture and vegetation,1690,fence,1077,wheat,5
Agriculture and vegetation,1690,fence,116,larch,24
Agriculture and vegetation,1690,fence,1176,spade,3
Agriculture and vegetation,1690,fence,1740,pine,10
Agriculture and vegetation,1690,fence,1794,furrow,9
Agriculture and vegetation,1690,fence,1855,birch,20
Agriculture and vegetation,1690,fence,190,mow,2
Agriculture and vegetation,1690,fence,1915,fir,18
Agriculture and vegetation,1690,fence,1921,plough,7
Agriculture and vegetation,1690,fence,1950,beech,25
Agriculture and vegetation,1690,fence,2002,ditch,1
Agriculture and vegetation,1690,fence,2132,sickle or scythe,5
Agriculture and vegetation,1690,fence,223,threshing-floor,11
Agriculture and vegetation,1690,fence,23,rye,18
Agriculture and vegetation,1690,fence,285,thresh,5
Agriculture and vegetation,1690,fence,287,cone,13
Agriculture and vegetation,1690,fence,33,nettle,10
Agriculture and vegetation,1690,fence,337,pitchfork,8
Agriculture and vegetation,1690,fence,340,lasso,17
Agriculture and vegetation,1690,fence,342,hay,4
Agriculture and vegetation,1690,fence,343,vine,5
Agriculture and vegetation,1690,fence,346,banyan,23
Agriculture and vegetation,1690,fence,3541,harvest or harvest season,6
Agriculture and vegetation,1690,fence,60,oat,15
Agriculture and vegetation,1690,fence,644,oak,15
Agriculture and vegetation,1690,fence,653,plant,5
Agriculture and vegetation,1690,fence,931,millet,10
Agriculture and vegetation,1690,fence,932,barley,10
Agriculture and vegetation,1690,fence,968,acorn,20
Agriculture and vegetation,1740,pine,116,larch,13
Agriculture and vegetation,1740,pine,1915,fir,8
Agriculture and vegetation,1855,birch,116,larch,5
Agriculture and vegetation,190,mow,116,larch,21
Agriculture and vegetation,190,mow,1740,pine,7
Agriculture and vegetation,190,mow,1855,birch,17
Agriculture and vegetation,190,mow,1915,fir,15
Agriculture and vegetation,190,mow,1950,beech,21
Agriculture and vegetation,190,mow,23,rye,15
Agriculture and vegetation,190,mow,287,cone,10
Agriculture and vegetation,190,mow,33,nettle,7
Agriculture and vegetation,190,mow,340,lasso,15
Agriculture and vegetation,190,mow,346,banyan,19
Agriculture and vegetation,190,mow,60,oat,11
Agriculture and vegetation,190,mow,644,oak,12
Agriculture and vegetation,190,mow,968,acorn,16
Agriculture and vegetation,1901,shovel,116,larch,21
Agriculture and vegetation,1901,shovel,1855,birch,17
Agriculture and vegetation,1901,shovel,1915,fir,15
Agriculture and vegetation,1901,shovel,1950,beech,22
Agriculture and vegetation,1901,shovel,23,rye,15
Agriculture and vegetation,1901,shovel,286,needle tree,10
Agriculture and vegetation,1901,shovel,287,cone,10
Agriculture and vegetation,1901,shovel,33,nettle,7
Agriculture and vegetation,1901,shovel,337,pitchfork,6
Agriculture and vegetation,1901,shovel,340,lasso,15
Agriculture and vegetation,1901,shovel,60,oat,12
Agriculture and vegetation,1915,fir,116,larch,7
Agriculture and vegetation,1921,plough,1950,beech,18
Agriculture and vegetation,1921,plough,60,oat,8
Agriculture and vegetation,199,famine,116,larch,22
Agriculture and vegetation,199,famine,1541,cultivate,5
Agriculture and vegetation,199,famine,1794,furrow,7
Agriculture and vegetation,199,famine,1915,fir,15
Agriculture and vegetation,199,famine,1950,beech,22
Agriculture and vegetation,199,famine,23,rye,16
Agriculture and vegetation,199,famine,286,needle tree,11
Agriculture and vegetation,199,famine,33,nettle,7
Agriculture and vegetation,199,famine,340,lasso,15
Agriculture and vegetation,199,famine,60,oat,12
Agriculture and vegetation,199,famine,932,barley,7
Agriculture and vegetation,2002,ditch,1077,wheat,2
Agriculture and vegetation,2002,ditch,116,larch,22
Agriculture and vegetation,2002,ditch,1176,spade,2
Agriculture and vegetation,2002,ditch,1740,pine,8
Agriculture and vegetation,2002,ditch,1794,furrow,6
Agriculture and vegetation,2002,ditch,1855,birch,18
Agriculture and vegetation,2002,ditch,190,mow,1
Agriculture and vegetation,2002,ditch,1915,fir,15
Agriculture and vegetation,2002,ditch,1921,plough,3
Agriculture and vegetation,2002,ditch,1950,beech,21
Agriculture and vegetation,2002,ditch,2132,sickle or scythe,4
Agriculture and vegetation,2002,ditch,223,threshing-floor,8
Agriculture and vegetation,2002,ditch,23,rye,16
Agriculture and vegetation,2002,ditch,285,thresh,3
Agriculture and vegetation,2002,ditch,287,cone,11
Agriculture and vegetation,2002,ditch,33,nettle,7
Agriculture and vegetation,2002,ditch,337,pitchfork,6
Agriculture and vegetation,2002,ditch,340,lasso,15
Agriculture and vegetation,2002,ditch,342,hay,3
Agriculture and vegetation,2002,ditch,346,banyan,19
Agriculture and vegetation,2002,ditch,3541,harvest or harvest season,2
Agriculture and vegetation,2002,ditch,60,oat,11
Agriculture and vegetation,2002,ditch,644,oak,13
Agriculture and vegetation,2002,ditch,653,plant,2
Agriculture and vegetation,2002,ditch,931,millet,8
Agriculture and vegetation,2002,ditch,932,barley,6
Agriculture and vegetation,2002,ditch,968,acorn,17
Agriculture and vegetation,212,field,1077,wheat,6
Agriculture and vegetation,212,field,1124,pipe,4
Agriculture and vegetation,212,field,116,larch,24
Agriculture and vegetation,212,field,1176,spade,4
Agriculture and vegetation,212,field,140,paddy field,22
Agriculture and vegetation,212,field,1486,plant,1
Agriculture and vegetation,212,field,1541,cultivate,6
Agriculture and vegetation,212,field,1689,smoke,1
Agriculture and vegetation,212,field,1690,fence,1
Agriculture and vegetation,212,field,1740,pine,10
Agriculture and vegetation,212,field,1794,furrow,10
Agriculture and vegetation,212,field,1855,birch,20
Agriculture and vegetation,212,field,190,mow,3
Agriculture and vegetation,212,field,1901,shovel,3
Agriculture and vegetation,212,field,1915,fir,18
Agriculture and vegetation,212,field,1921,plough,7
Agriculture and vegetation,212,field,1927,bamboo,7
Agriculture and vegetation,212,field,1950,beech,25
Agriculture and vegetation,212,field,2002,ditch,2
Agriculture and vegetation,212,field,2132,sickle or scythe,5
Agriculture and vegetation,212,field,223,threshing-floor,11
Agriculture and vegetation,212,field,23,rye,18
Agriculture and vegetation,212,field,284,hoe,4
Agriculture and vegetation,212,field,285,thresh,5
Agriculture and vegetation,212,field,286,needle tree,12
Agriculture and vegetation,212,field,287,cone,13
Agriculture and vegetation,212,field,33,nettle,10
Agriculture and vegetation,212,field,337,pitchfork,9
Agriculture and vegetation,212,field,338,rake,4
Agriculture and vegetation,212,field,340,lasso,17
Agriculture and vegetation,212,field,342,hay,4
Agriculture and vegetation,212,field,343,vine,6
Agriculture and vegetation,212,field,345,sap,1
Agriculture and vegetation,212,field,346,banyan,24
Agriculture and vegetation,212,field,3541,harvest or harvest season,6
Agriculture and vegetation,212,field,410,yam,19
Agriculture and vegetation,212,field,411,gourd,9
Agriculture and vegetation,212,field,506,maize,3
Agriculture and vegetation,212,field,586,garden,6
Agriculture and vegetation,212,field,60,oat,15
Agriculture and vegetation,212,field,605,grain,8
Agriculture and vegetation,212,field,606,grass,1
Agriculture and vegetation,212,field,644,oak,15
Agriculture and vegetation,212,field,653,plant,6
Agriculture and vegetation,212,field,748,sow seeds,2
Agriculture and vegetation,212,field,864,pumpkin,3
Agriculture and vegetation,212,field,868,banana,5
Agriculture and vegetation,212,field,925,cassava,14
Agriculture and vegetation,212,field,926,rice,3
Agriculture and vegetation,212,field,931,millet,10
Agriculture and vegetation,212,field,932,barley,11
Agriculture and vegetation,212,field,968,acorn,19
Agriculture and vegetation,212,field,970,coconut,10
Agriculture and vegetation,212,field,974,tobacco,1
Agriculture and vegetation,2132,sickle or scythe,116,larch,18
Agriculture and vegetation,2132,sickle or scythe,1855,birch,14
Agriculture and vegetation,2132,sickle or scythe,1915,fir,12
Agriculture and vegetation,2132,sickle or scythe,1950,beech,19
Agriculture and vegetation,2132,sickle or scythe,223,threshing-floor,6
Agriculture and vegetation,2132,sickle or scythe,23,rye,12
Agriculture and vegetation,2132,sickle or scythe,340,lasso,12
Agriculture and vegetation,2132,sickle or scythe,60,oat,9
Agriculture and vegetation,2132,sickle or scythe,644,oak,10
Agriculture and vegetation,2132,sickle or scythe,968,acorn,14
Agriculture and vegetation,23,rye,116,larch,5
Agriculture and vegetation,284,hoe,1950,beech,22
Agriculture and vegetation,284,hoe,223,threshing-floor,8
Agriculture and vegetation,284,hoe,346,banyan,20
Agriculture and vegetation,284,hoe,60,oat,12
Agriculture and vegetation,284,hoe,644,oak,13
Agriculture and vegetation,284,hoe,968,acorn,16
Agriculture and vegetation,285,thresh,223,threshing-floor,5
Agriculture and vegetation,285,thresh,931,millet,5
Agriculture and vegetation,33,nettle,116,larch,13
Agriculture and vegetation,338,rake,116,larch,20
Agriculture and vegetation,338,rake,286,needle tree,9
Agriculture and vegetation,338,rake,287,cone,9
Agriculture and vegetation,338,rake,346,banyan,19
Agriculture and vegetation,338,rake,410,yam,14
Agriculture and vegetation,338,rake,968,acorn,15
Agriculture and vegetation,342,hay,116,larch,19
Agriculture and vegetation,342,hay,1950,beech,20
Agriculture and vegetation,342,hay,340,lasso,13
Agriculture and vegetation,342,hay,968,acorn,15
Agriculture and vegetation,343,vine,346,banyan,17
Agriculture and vegetation,345,sap,116,larch,24
Agriculture and vegetation,345,sap,140,paddy field,22
Agriculture and vegetation,345,sap,1927,bamboo,6
Agriculture and vegetation,345,sap,287,cone,13
Agriculture and vegetation,345,sap,340,lasso,17
Agriculture and vegetation,345,sap,410,yam,17
Agriculture and vegetation,345,sap,925,cassava,12
Agriculture and vegetation,345,sap,970,coconut,9
Agriculture and vegetation,3541,harvest or harvest season,1950,beech,19
Agriculture and vegetation,3541,harvest or harvest season,60,oat,9
Agriculture and vegetation,506,maize,140,paddy field,20
Agriculture and vegetation,506,maize,346,banyan,21
Agriculture and vegetation,506,maize,411,gourd,6
Agriculture and vegetation,506,maize,925,cassava,11
Agriculture and vegetation,506,maize,926,rice,1
Agriculture and vegetation,506,maize,970,coconut,7
Agriculture and vegetation,586,garden,116,larch,20
Agriculture and vegetation,586,garden,23,rye,13
Agriculture and vegetation,586,garden,286,needle tree,9
Agriculture and vegetation,586,garden,346,banyan,17
Agriculture and vegetation,586,garden,60,oat,9
Agriculture and vegetation,605,grain,116,larch,17
Agriculture and vegetation,605,grain,23,rye,11
Agriculture and vegetation,605,grain,60,oat,7
Agriculture and vegetation,606,grass,1124,pipe,3
Agriculture and vegetation,606,grass,116,larch,24
Agriculture and vegetation,606,grass,140,paddy field,22
Agriculture and vegetation,606,grass,1740,pine,10
Agriculture and vegetation,606,grass,1855,birch,20
Agriculture and vegetation,606,grass,1915,fir,18
Agriculture and vegetation,606,grass,1950,beech,25
Agriculture and vegetation,606,grass,286,needle tree,12
Agriculture and vegetation,606,grass,287,cone,13
Agriculture and vegetation,606,grass,33,nettle,9
Agriculture and vegetation,606,grass,340,lasso,17
Agriculture and vegetation,606,grass,342,hay,4
Agriculture and vegetation,606,grass,346,banyan,23
Agriculture and vegetation,606,grass,644,oak,15
Agriculture and vegetation,606,grass,653,plant,5
Agriculture and vegetation,606,grass,931,millet,10
Agriculture and vegetation,606,grass,968,acorn,19
Agriculture and vegetation,641,mushroom,116,larch,24
Agriculture and vegetation,641,mushroom,140,paddy field,22
Agriculture and vegetation,641,mushroom,286,needle tree,13
Agriculture and vegetation,641,mushroom,287,cone,14
Agriculture and vegetation,641,mushroom,340,lasso,18
Agriculture and vegetation,641,mushroom,931,millet,10
Agriculture and vegetation,644,oak,968,acorn,5
Agriculture and vegetation,653,plant,116,larch,20
Agriculture and vegetation,653,plant,1915,fir,13
Agriculture and vegetation,653,plant,1950,beech,20
Agriculture and vegetation,653,plant,340,lasso,12
Agriculture and vegetation,748,sow seeds,1077,wheat,3
Agriculture and vegetation,748,sow seeds,140,paddy field,20
Agriculture and vegetation,748,sow seeds,1927,bamboo,5
Agriculture and vegetation,748,sow seeds,1950,beech,23
Agriculture and vegetation,748,sow seeds,223,threshing-floor,9
Agriculture and vegetation,748,sow seeds,285,thresh,4
Agriculture and vegetation,748,sow seeds,346,banyan,21
Agriculture and vegetation,748,sow seeds,3541,harvest or harvest season,4
Agriculture and vegetation,748,sow seeds,410,yam,17
Agriculture and vegetation,748,sow seeds,60,oat,13
Agriculture and vegetation,748,sow seeds,605,grain,8
Agriculture and vegetation,748,sow seeds,644,oak,14
Agriculture and vegetation,748,sow seeds,931,millet,9
Agriculture and vegetation,748,sow seeds,932,barley,8
Agriculture and vegetation,748,sow seeds,968,acorn,17
Agriculture and vegetation,864,pumpkin,140,paddy field,20
Agriculture and vegetation,868,banana,140,paddy field,18
Agriculture and vegetation,868,banana,346,banyan,19
Agriculture and vegetation,868,banana,410,yam,14
Agriculture and vegetation,868,banana,411,gourd,4
Agriculture and vegetation,868,banana,925,cassava,9
Agriculture and vegetation,926,rice,140,paddy field,18
Agriculture and vegetation,926,rice,346,banyan,19
Agriculture and vegetation,926,rice,410,yam,15
Agriculture and vegetation,926,rice,925,cassava,9
Agriculture and vegetation,926,rice,970,coconut,5
Agriculture and vegetation,974,tobacco,1124,pipe,3
Agriculture and vegetation,974,tobacco,140,paddy field,22
Agriculture and vegetation,974,tobacco,1927,bamboo,6
Agriculture and vegetation,974,tobacco,340,lasso,17
Agriculture and vegetation,974,tobacco,346,banyan,23
Agriculture and vegetation,974,tobacco,410,yam,18
Agriculture and vegetation,974,tobacco,411,gourd,8
Agriculture and vegetation,974,tobacco,868,banana,4
Agriculture and vegetation,974,tobacco,925,cassava,13
Agriculture and vegetation,974,tobacco,970,coconut,9
Agriculture and vegetation,1204,bark,1077,wheat,6
Agriculture and vegetation,1486,plant,1077,wheat,4
Agriculture and vegetation,606,grass,1077,wheat,5
Agriculture and vegetation,641,mushroom,1077,wheat,6
Agriculture and vegetation,1204,bark,1124,pipe,4
Agriculture and vegetation,641,mushroom,1124,pipe,4
Agriculture and vegetation,286,needle tree,116,larch,9
Agriculture and vegetation,287,cone,116,larch,9
Agriculture and vegetation,1204,bark,1176,spade,4
Agriculture and vegetation,190,mow,1176,spade,1
Agriculture and vegetation,606,grass,1176,spade,3
Agriculture and vegetation,641,mushroom,1176,spade,3
Agriculture and vegetation,1204,bark,1486,plant,1
Agriculture and vegetation,641,mushroom,1486,plant,1
Agriculture and vegetation,1204,bark,1541,cultivate,6
Agriculture and vegetation,1418,dig,1541,cultivate,6
Agriculture and vegetation,1486,plant,1541,cultivate,5
Agriculture and vegetation,1690,fence,1541,cultivate,5
Agriculture and vegetation,2002,ditch,1541,cultivate,3
Agriculture and vegetation,606,grass,1541,cultivate,5
Agriculture and vegetation,641,mushroom,1541,cultivate,6
Agriculture and vegetation,748,sow seeds,1541,cultivate,4
Agriculture and vegetation,1204,bark,1689,smoke,1
Agriculture and vegetation,641,mushroom,1689,smoke,1
Agriculture and vegetation,1204,bark,1690,fence,1
Agriculture and vegetation,1418,dig,1690,fence,1
Agriculture and vegetation,641,mushroom,1690,fence,1
Agriculture and vegetation,1204,bark,1740,pine,11
Agriculture and vegetation,641,mushroom,1740,pine,11
Agriculture and vegetation,1077,wheat,1794,furrow,5
Agriculture and vegetation,1204,bark,1794,furrow,10
Agriculture and vegetation,1418,dig,1794,furrow,9
Agriculture and vegetation,1486,plant,1794,furrow,9
Agriculture and vegetation,190,mow,1794,furrow,6
Agriculture and vegetation,1901,shovel,1794,furrow,7
Agriculture and vegetation,284,hoe,1794,furrow,7
Agriculture and vegetation,606,grass,1794,furrow,9
Agriculture and vegetation,641,mushroom,1794,furrow,10
Agriculture and vegetation,748,sow seeds,1794,furrow,8
Agriculture and vegetation,1204,bark,1855,birch,20
Agriculture and vegetation,1740,pine,1855,birch,9
Agriculture and vegetation,641,mushroom,1855,birch,20
Agriculture and vegetation,1204,bark,190,mow,3
Agriculture and vegetation,1486,plant,190,mow,3
Agriculture and vegetation,606,grass,190,mow,2
Agriculture and vegetation,641,mushroom,190,mow,3
Agriculture and vegetation,1204,bark,1901,shovel,3
Agriculture and vegetation,606,grass,1901,shovel,2
Agriculture and vegetation,641,mushroom,1901,shovel,3
Agriculture and vegetation,1204,bark,1915,fir,19
Agriculture and vegetation,345,sap,1915,fir,18
Agriculture and vegetation,641,mushroom,1915,fir,18
Agriculture and vegetation,1204,bark,1921,plough,8
Agriculture and vegetation,1418,dig,1921,plough,8
Agriculture and vegetation,1486,plant,1921,plough,6
Agriculture and vegetation,3541,harvest or harvest season,1921,plough,1
Agriculture and vegetation,606,grass,1921,plough,7
Agriculture and vegetation,641,mushroom,1921,plough,8
Agriculture and vegetation,748,sow seeds,1921,plough,5
Agriculture and vegetation,641,mushroom,1927,bamboo,7
Agriculture and vegetation,1204,bark,1950,beech,25
Agriculture and vegetation,33,nettle,1950,beech,13
Agriculture and vegetation,343,vine,1950,beech,19
Agriculture and vegetation,345,sap,1950,beech,25
Agriculture and vegetation,641,mushroom,1950,beech,25
Agriculture and vegetation,864,pumpkin,1950,beech,23
Agriculture and vegetation,1204,bark,199,famine,4
Agriculture and vegetation,1418,dig,199,famine,4
Agriculture and vegetation,212,field,199,famine,4
Agriculture and vegetation,606,grass,199,famine,3
Agriculture and vegetation,641,mushroom,199,famine,4
Agriculture and vegetation,1204,bark,2002,ditch,2
Agriculture and vegetation,1418,dig,2002,ditch,2
Agriculture and vegetation,1486,plant,2002,ditch,2
Agriculture and vegetation,606,grass,2002,ditch,1
Agriculture and vegetation,641,mushroom,2002,ditch,2
Agriculture and vegetation,1204,bark,2132,sickle or scythe,6
Agriculture and vegetation,606,grass,2132,sickle or scythe,5
Agriculture and vegetation,641,mushroom,2132,sickle or scythe,6
Agriculture and vegetation,1077,wheat,223,threshing-floor,7
Agriculture and vegetation,1204,bark,223,threshing-floor,12
Agriculture and vegetation,1486,plant,223,threshing-floor,10
Agriculture and vegetation,606,grass,223,threshing-floor,11
Agriculture and vegetation,641,mushroom,223,threshing-floor,12
Agriculture and vegetation,1204,bark,23,rye,18
Agriculture and vegetation,33,nettle,23,rye,8
Agriculture and vegetation,342,hay,23,rye,13
Agriculture and vegetation,606,grass,23,rye,18
Agriculture and vegetation,641,mushroom,23,rye,19
Agriculture and vegetation,1204,bark,284,hoe,4
Agriculture and vegetation,1486,plant,284,hoe,3
Agriculture and vegetation,606,grass,284,hoe,3
Agriculture and vegetation,641,mushroom,284,hoe,4
Agriculture and vegetation,1204,bark,285,thresh,6
Agriculture and vegetation,1486,plant,285,thresh,5
Agriculture and vegetation,606,grass,285,thresh,5
Agriculture and vegetation,641,mushroom,285,thresh,6
Agriculture and vegetation,641,mushroom,33,nettle,10
Agriculture and vegetation,1077,wheat,337,pitchfork,4
Agriculture and vegetation,1204,bark,337,pitchfork,9
Agriculture and vegetation,1486,plant,337,pitchfork,8
Agriculture and vegetation,190,mow,337,pitchfork,5
Agriculture and vegetation,606,grass,337,pitchfork,8
Agriculture and vegetation,641,mushroom,337,pitchfork,9
Agriculture and vegetation,748,sow seeds,337,pitchfork,7
Agriculture and vegetation,1204,bark,338,rake,4
Agriculture and vegetation,641,mushroom,338,rake,4
Agriculture and vegetation,1204,bark,342,hay,5
Agriculture and vegetation,641,mushroom,342,hay,5
Agriculture and vegetation,1204,bark,343,vine,6
Agriculture and vegetation,641,mushroom,343,vine,6
Agriculture and vegetation,641,mushroom,345,sap,1
Agriculture and vegetation,641,mushroom,346,banyan,23
Agriculture and vegetation,864,pumpkin,346,banyan,21
Agriculture and vegetation,1204,bark,3541,harvest or harvest season,7
Agriculture and vegetation,1486,plant,3541,harvest or harvest season,5
Agriculture and vegetation,606,grass,3541,harvest or harvest season,6
Agriculture and vegetation,641,mushroom,3541,harvest or harvest season,7
Agriculture and vegetation,1927,bamboo,410,yam,11
Agriculture and vegetation,641,mushroom,410,yam,18
Agriculture and vegetation,641,mushroom,411,gourd,8
Agriculture and vegetation,864,pumpkin,411,gourd,6
Agriculture and vegetation,1204,bark,506,maize,3
Agriculture and vegetation,1486,plant,506,maize,1
Agriculture and vegetation,1689,smoke,506,maize,2
Agriculture and vegetation,641,mushroom,506,maize,3
Agriculture and vegetation,974,tobacco,506,maize,2
Agriculture and vegetation,1204,bark,586,garden,6
Agriculture and vegetation,1418,dig,586,garden,5
Agriculture and vegetation,606,grass,586,garden,5
Agriculture and vegetation,641,mushroom,586,garden,6
Agriculture and vegetation,1204,bark,60,oat,16
Agriculture and vegetation,1486,plant,60,oat,14
Agriculture and vegetation,342,hay,60,oat,10
Agriculture and vegetation,606,grass,60,oat,15
Agriculture and vegetation,641,mushroom,60,oat,16
Agriculture and vegetation,1204,bark,605,grain,8
Agriculture and vegetation,1486,plant,605,grain,9
Agriculture and vegetation,606,grass,605,grain,8
Agriculture and vegetation,641,mushroom,605,grain,9
Agriculture and vegetation,1204,bark,606,grass,1
Agriculture and vegetation,641,mushroom,606,grass,1
Agriculture and vegetation,1204,bark,644,oak,16
Agriculture and vegetation,345,sap,644,oak,15
Agriculture and vegetation,641,mushroom,644,oak,16
Agriculture and vegetation,1204,bark,653,plant,6
Agriculture and vegetation,1689,smoke,653,plant,6
Agriculture and vegetation,345,sap,653,plant,5
Agriculture and vegetation,641,mushroom,653,plant,6
Agriculture and vegetation,974,tobacco,653,plant,6
Agriculture and vegetation,1204,bark,748,sow seeds,2
Agriculture and vegetation,1486,plant,748,sow seeds,1
Agriculture and vegetation,641,mushroom,748,sow seeds,2
Agriculture and vegetation,641,mushroom,864,pumpkin,3
Agriculture and vegetation,641,mushroom,868,banana,4
Agriculture and vegetation,641,mushroom,925,cassava,13
Agriculture and vegetation,864,pumpkin,925,cassava,11
Agriculture and vegetation,1204,bark,926,rice,3
Agriculture and vegetation,1486,plant,926,rice,2
Agriculture and vegetation,1689,smoke,926,rice,2
Agriculture and vegetation,641,mushroom,926,rice,3
Agriculture and vegetation,974,tobacco,926,rice,2
Agriculture and vegetation,1204,bark,932,barley,11
Agriculture and vegetation,1486,plant,932,barley,9
Agriculture and vegetation,606,grass,932,barley,10
Agriculture and vegetation,641,mushroom,932,barley,11
Agriculture and vegetation,1204,bark,968,acorn,20
Agriculture and vegetation,343,vine,968,acorn,15
Agriculture and vegetation,345,sap,968,acorn,19
Agriculture and vegetation,641,mushroom,968,acorn,20
Agriculture and vegetation,864,pumpkin,968,acorn,17
Agriculture and vegetation,641,mushroom,970,coconut,9
Agriculture and vegetation,864,pumpkin,970,coconut,7
Agriculture and vegetation,868,banana,970,coconut,5
Agriculture and vegetation,1204,bark,974,tobacco,1
Agriculture and vegetation,641,mushroom,974,tobacco,1
Agriculture and vegetation,1204,bark,979,farmer,8
Agriculture and vegetation,1418,dig,979,farmer,8
Agriculture and vegetation,1486,plant,979,farmer,6
Agriculture and vegetation,212,field,979,farmer,8
Agriculture and vegetation,345,sap,979,farmer,7
Agriculture and vegetation,606,grass,979,farmer,7
Agriculture and vegetation,641,mushroom,979,farmer,8
Agriculture and vegetation,748,sow seeds,979,farmer,5
Animals,1007,cow,1344,ram,7
Animals,1007,cow,1345,ewe,9
Animals,1007,cow,1351,sow,10
Animals,1007,cow,1514,hen,2
Animals,1007,cow,1647,foal,4
Animals,1007,cow,1772,elk,24
Animals,1007,cow,1876,reindeer,24
Animals,1007,cow,1972,young goat,6
Animals,1007,cow,1989,calf,1
Animals,1007,cow,2475,male goat,7
Animals,1007,cow,820,lamb,4
Animals,1007,cow,828,raccoon,25
Animals,1007,cow,912,coyote,25
Animals,1007,cow,936,stallion,5
Animals,1007,cow,938,mare,7
Animals,1008,bull,1169,ox,4
Animals,1008,bull,1344,ram,6
Animals,1008,bull,1345,ewe,8
Animals,1008,bull,1351,sow,9
Animals,1008,bull,1514,hen,1
Animals,1008,bull,1647,foal,3
Animals,1008,bull,1772,elk,22
Animals,1008,bull,1876,reindeer,22
Animals,1008,bull,1972,young goat,5
Animals,1008,bull,2475,male goat,6
Animals,1008,bull,820,lamb,3
Animals,1008,bull,828,raccoon,24
Animals,1008,bull,936,stallion,4
Animals,1008,bull,938,mare,6
Animals,112,turtle,1893,quail,7
Animals,112,turtle,308,toucan,22
Animals,1136,rabbit,1194,beaver,20
Animals,1136,rabbit,164,kangaroo,17
Animals,1136,rabbit,1772,elk,21
Animals,1136,rabbit,1876,reindeer,21
Animals,1136,rabbit,1893,quail,7
Animals,1136,rabbit,828,raccoon,23
Animals,1136,rabbit,912,coyote,22
Animals,1136,rabbit,957,whale,13
Animals,1153,cattle,828,raccoon,18
Animals,1169,ox,1194,beaver,19
Animals,1169,ox,1250,jaguar,14
Animals,1169,ox,1772,elk,19
Animals,1169,ox,1876,reindeer,19
Animals,1169,ox,308,toucan,20
Animals,1169,ox,309,opossum,15
Animals,1169,ox,828,raccoon,20
Animals,1169,ox,912,coyote,21
Animals,1187,goose,1110,shark,12
Animals,1187,goose,1194,beaver,20
Animals,1187,goose,164,kangaroo,17
Animals,1187,goose,1772,elk,20
Animals,1187,goose,1876,reindeer,20
Animals,1187,goose,1893,quail,6
Animals,1187,goose,522,wolf,4
Animals,1187,goose,828,raccoon,22
Animals,1187,goose,840,cormorant,17
Animals,1187,goose,912,coyote,23
Animals,1187,goose,950,seagull,11
Animals,1187,goose,957,whale,11
Animals,1190,hare,1194,beaver,18
Animals,1190,hare,1772,elk,18
Animals,1190,hare,1876,reindeer,18
Animals,1190,hare,828,raccoon,21
Animals,1219,worm,112,turtle,4
Animals,1219,worm,1190,hare,5
Animals,1219,worm,1194,beaver,24
Animals,1219,worm,1250,jaguar,19
Animals,1219,worm,1527,tick,4
Animals,1219,worm,1543,snail,1
Animals,1219,worm,1555,chameleon,13
Animals,1219,worm,1628,squirrel,6
Animals,1219,worm,164,kangaroo,22
Animals,1219,worm,1772,elk,25
Animals,1219,worm,181,anteater,18
Animals,1219,worm,1857,crocodile,4
Animals,1219,worm,1876,reindeer,25
Animals,1219,worm,1893,quail,10
Animals,1219,worm,206,firefly,3
Animals,1219,worm,2686,crustaceans,13
Animals,1219,worm,308,toucan,25
Animals,1219,worm,312,tapir,22
Animals,1219,worm,632,lizard,1
Animals,1219,worm,828,raccoon,26
Animals,1219,worm,840,cormorant,22
Animals,1219,worm,883,termite,9
Animals,1219,worm,912,coyote,27
Animals,1219,worm,934,buffalo,13
Animals,1290,elephant,828,raccoon,22
Animals,1312,fox,1194,beaver,19
Animals,1312,fox,1772,elk,20
Animals,1312,fox,1876,reindeer,20
Animals,1312,fox,828,raccoon,21
Animals,1318,chicken,1194,beaver,22
Animals,1318,chicken,1250,jaguar,16
Animals,1318,chicken,164,kangaroo,18
Animals,1318,chicken,1772,elk,23
Animals,1318,chicken,1876,reindeer,23
Animals,1318,chicken,1910,stingray,17
Animals,1318,chicken,308,toucan,22
Animals,1318,chicken,309,opossum,16
Animals,1318,chicken,828,raccoon,23
Animals,1318,chicken,840,cormorant,18
Animals,1318,chicken,912,coyote,23
Animals,1331,sheep,1110,shark,15
Animals,1331,sheep,1344,ram,6
Animals,1331,sheep,1345,ewe,8
Animals,1331,sheep,1555,chameleon,11
Animals,1331,sheep,164,kangaroo,19
Animals,1331,sheep,1862,donkey,2
Animals,1331,sheep,1893,quail,7
Animals,1331,sheep,1972,young goat,5
Animals,1331,sheep,2475,male goat,6
Animals,1331,sheep,820,lamb,3
Animals,1331,sheep,828,raccoon,24
Animals,1331,sheep,840,cormorant,19
Animals,1331,sheep,890,mule,7
Animals,1331,sheep,912,coyote,24
Animals,1331,sheep,957,whale,14
Animals,1344,ram,1345,ewe,2
Animals,1348,boar,1110,shark,12
Animals,1348,boar,1250,jaguar,14
Animals,1348,boar,1351,sow,9
Animals,1348,boar,1910,stingray,15
Animals,1348,boar,308,toucan,20
Animals,1348,boar,312,tapir,17
Animals,1348,boar,828,raccoon,21
Animals,1348,boar,890,mule,7
Animals,1348,boar,957,whale,11
Animals,1350,monkey,1250,jaguar,16
Animals,1350,monkey,1555,chameleon,10
Animals,1350,monkey,164,kangaroo,18
Animals,1350,monkey,308,toucan,22
Animals,1350,monkey,828,raccoon,23
Animals,1350,monkey,840,cormorant,19
Animals,1350,monkey,912,coyote,23
Animals,1350,monkey,934,buffalo,10
Animals,1360,duck,1194,beaver,22
Animals,1360,duck,1250,jaguar,17
Animals,1360,duck,1312,fox,3
Animals,1360,duck,1772,elk,23
Animals,1360,duck,1876,reindeer,23
Animals,1360,duck,1893,quail,7
Animals,1360,duck,1936,deer,3
Animals,1360,duck,308,toucan,23
Animals,1360,duck,758,heron,6
Animals,1360,duck,828,raccoon,24
Animals,1360,duck,840,cormorant,19
Animals,1360,duck,912,coyote,24
Animals,1386,lion,164,kangaroo,17
Animals,1386,lion,1893,quail,7
Animals,1386,lion,828,raccoon,23
Animals,1386,lion,912,coyote,23
Animals,1502,goat,1110,shark,15
Animals,1502,goat,1290,elephant,3
Animals,1502,goat,1555,chameleon,11
Animals,1502,goat,164,kangaroo,19
Animals,1502,goat,1862,donkey,2
Animals,1502,goat,1893,quail,7
Animals,1502,goat,1972,young goat,5
Animals,1502,goat,2475,male goat,6
Animals,1502,goat,828,raccoon,24
Animals,1502,goat,840,cormorant,19
Animals,1502,goat,890,mule,7
Animals,1502,goat,912,coyote,24
Animals,1502,goat,957,whale,14
Animals,1509,mosquito,1250,jaguar,19
Animals,1509,mosquito,1555,chameleon,13
Animals,1509,mosquito,164,kangaroo,21
Animals,1509,mosquito,181,anteater,17
Animals,1509,mosquito,1876,reindeer,25
Animals,1509,mosquito,2686,crustaceans,13
Animals,1509,mosquito,308,toucan,25
Animals,1509,mosquito,312,tapir,22
Animals,1509,mosquito,828,raccoon,26
Animals,1509,mosquito,883,termite,8
Animals,1509,mosquito,912,coyote,26
Animals,1509,mosquito,934,buffalo,12
Animals,1511,rooster,1110,shark,14
Animals,1511,rooster,1194,beaver,22
Animals,1511,rooster,1250,jaguar,16
Animals,1511,rooster,1514,hen,2
Animals,1511,rooster,1555,chameleon,10
Animals,1511,rooster,1772,elk,23
Animals,1511,rooster,1876,reindeer,23
Animals,1511,rooster,1910,stingray,17
Animals,1511,rooster,308,toucan,22
Animals,1511,rooster,828,raccoon,23
Animals,1511,rooster,950,seagull,14
Animals,1511,rooster,957,whale,13
Animals,1514,hen,1772,elk,21
Animals,1514,hen,1876,reindeer,21
Animals,1514,hen,828,raccoon,21
Animals,1517,wasp,112,turtle,3
Animals,1517,wasp,1190,hare,5
Animals,1517,wasp,1194,beaver,24
Animals,1517,wasp,1250,jaguar,19
Animals,1517,wasp,1555,chameleon,13
Animals,1517,wasp,164,kangaroo,21
Animals,1517,wasp,1772,elk,25
Animals,1517,wasp,1876,reindeer,25
Animals,1517,wasp,1893,quail,9
Animals,1517,wasp,308,toucan,25
Animals,1517,wasp,828,raccoon,26
Animals,1517,wasp,840,cormorant,21
Animals,1517,wasp,912,coyote,26
Animals,1517,wasp,934,buffalo,13
Animals,1527,tick,308,toucan,17
Animals,1538,scorpion,308,toucan,19
Animals,1543,snail,1194,beaver,25
Animals,1543,snail,1250,jaguar,19
Animals,1543,snail,1555,chameleon,13
Animals,1543,snail,164,kangaroo,21
Animals,1543,snail,181,anteater,17
Animals,1543,snail,1857,crocodile,3
Animals,1543,snail,1893,quail,10
Animals,1543,snail,2686,crustaceans,12
Animals,1543,snail,308,toucan,24
Animals,1543,snail,312,tapir,22
Animals,1543,snail,828,raccoon,26
Animals,1543,snail,840,cormorant,21
Animals,1543,snail,912,coyote,27
Animals,1543,snail,934,buffalo,12
Animals,1575,cockroach,1250,jaguar,17
Animals,1575,cockroach,1555,chameleon,10
Animals,1575,cockroach,164,kangaroo,18
Animals,1575,cockroach,181,anteater,14
Animals,1575,cockroach,2686,crustaceans,10
Animals,1575,cockroach,308,toucan,22
Animals,1575,cockroach,312,tapir,20
Animals,1575,cockroach,828,raccoon,23
Animals,1575,cockroach,840,cormorant,19
Animals,1575,cockroach,883,termite,6
Animals,1575,cockroach,912,coyote,23
Animals,1575,cockroach,934,buffalo,9
Animals,1647,foal,1772,elk,19
Animals,1793,bat,1110,shark,18
Animals,1793,bat,112,turtle,4
Animals,1793,bat,1136,rabbit,4
Animals,1793,bat,1190,hare,6
Animals,1793,bat,1194,beaver,24
Animals,1793,bat,1250,jaguar,19
Animals,1793,bat,1290,elephant,5
Animals,1793,bat,1312,fox,6
Animals,1793,bat,1350,monkey,3
Animals,1793,bat,1386,lion,5
Animals,1793,bat,1509,mosquito,1
Animals,1793,bat,1517,wasp,1
Animals,1793,bat,1527,tick,4
Animals,1793,bat,1538,scorpion,5
Animals,1793,bat,1543,snail,1
Animals,1793,bat,1555,chameleon,13
Animals,1793,bat,1575,cockroach,2
Animals,1793,bat,1628,squirrel,6
Animals,1793,bat,164,kangaroo,21
Animals,1793,bat,1772,elk,25
Animals,1793,bat,181,anteater,17
Animals,1793,bat,1820,bear,9
Animals,1793,bat,1853,dove,1
Animals,1793,bat,1857,crocodile,3
Animals,1793,bat,1871,camel,9
Animals,1793,bat,1876,reindeer,25
Animals,1793,bat,1893,quail,10
Animals,1793,bat,1910,stingray,21
Animals,1793,bat,1916,gill,8
Animals,1793,bat,1931,beeswax,5
Animals,1793,bat,1936,deer,6
Animals,1793,bat,1974,centipede,4
Animals,1793,bat,206,firefly,3
Animals,1793,bat,213,fin,5
Animals,1793,bat,266,scale,3
Animals,1793,bat,267,nit,3
Animals,1793,bat,2686,crustaceans,13
Animals,1793,bat,308,toucan,25
Animals,1793,bat,309,opossum,20
Animals,1793,bat,312,tapir,22
Animals,1793,bat,522,wolf,10
Animals,1793,bat,598,shell,3
Animals,1793,bat,620,insect,7
Animals,1793,bat,632,lizard,1
Animals,1793,bat,735,owl,1
Animals,1793,bat,828,raccoon,26
Animals,1793,bat,840,cormorant,22
Animals,1793,bat,88,beehive,3
Animals,1793,bat,882,parrot,6
Animals,1793,bat,883,termite,8
Animals,1793,bat,912,coyote,26
Animals,1793,bat,913,crow,2
Animals,1793,bat,934,buffalo,12
Animals,1793,bat,95,sandfly,7
Animals,1793,bat,957,whale,17
Animals,181,anteater,308,toucan,8
Animals,1820,bear,1194,beaver,15
Animals,1820,bear,1772,elk,16
Animals,1820,bear,1876,reindeer,16
Animals,1820,bear,828,raccoon,18
Animals,1853,dove,1110,shark,16
Animals,1853,dove,112,turtle,1
Animals,1853,dove,1136,rabbit,3
Animals,1853,dove,1190,hare,5
Animals,1853,dove,1194,beaver,23
Animals,1853,dove,1250,jaguar,17
Animals,1853,dove,1312,fox,5
Animals,1853,dove,1350,monkey,1
Animals,1853,dove,1386,lion,3
Animals,1853,dove,1555,chameleon,11
Animals,1853,dove,164,kangaroo,19
Animals,1853,dove,1772,elk,24
Animals,1853,dove,1871,camel,7
Animals,1853,dove,1876,reindeer,24
Animals,1853,dove,1893,quail,8
Animals,1853,dove,1910,stingray,18
Animals,1853,dove,1936,deer,5
Animals,1853,dove,308,toucan,22
Animals,1853,dove,309,opossum,17
Animals,1853,dove,522,wolf,9
Animals,1853,dove,620,insect,6
Animals,1853,dove,828,raccoon,24
Animals,1853,dove,840,cormorant,20
Animals,1853,dove,912,coyote,24
Animals,1853,dove,934,buffalo,11
Animals,1853,dove,957,whale,15
Animals,1857,crocodile,1250,jaguar,16
Animals,1857,crocodile,1555,chameleon,10
Animals,1857,crocodile,164,kangaroo,18
Animals,1857,crocodile,181,anteater,14
Animals,1857,crocodile,2686,crustaceans,10
Animals,1857,crocodile,308,toucan,22
Animals,1857,crocodile,312,tapir,19
Animals,1857,crocodile,828,raccoon,23
Animals,1857,crocodile,840,cormorant,19
Animals,1857,crocodile,912,coyote,24
Animals,1857,crocodile,934,buffalo,9
Animals,1862,donkey,1110,shark,13
Animals,1862,donkey,1555,chameleon,9
Animals,1862,donkey,164,kangaroo,17
Animals,1862,donkey,1893,quail,6
Animals,1862,donkey,828,raccoon,22
Animals,1862,donkey,840,cormorant,17
Animals,1862,donkey,890,mule,5
Animals,1862,donkey,912,coyote,23
Animals,1862,donkey,957,whale,12
Animals,1871,camel,164,kangaroo,12
Animals,1893,quail,828,raccoon,15
Animals,1893,quail,840,cormorant,10
Animals,1905,eagle,1185,vulture,6
Animals,1905,eagle,1194,beaver,22
Animals,1905,eagle,1772,elk,22
Animals,1905,eagle,181,anteater,16
Animals,1905,eagle,1876,reindeer,22
Animals,1905,eagle,308,toucan,24
Animals,1905,eagle,309,opossum,18
Animals,1905,eagle,312,tapir,21
Animals,1905,eagle,828,raccoon,24
Animals,1905,eagle,840,cormorant,18
Animals,1905,eagle,883,termite,8
Animals,1905,eagle,912,coyote,24
Animals,1916,gill,1194,beaver,14
Animals,1916,gill,840,cormorant,12
Animals,1931,beeswax,181,anteater,11
Animals,1931,beeswax,308,toucan,19
Animals,1931,beeswax,312,tapir,16
Animals,1931,beeswax,828,raccoon,20
Animals,1931,beeswax,840,cormorant,16
Animals,1931,beeswax,912,coyote,21
Animals,1936,deer,1194,beaver,19
Animals,1936,deer,1250,jaguar,14
Animals,1936,deer,1772,elk,20
Animals,1936,deer,1876,reindeer,20
Animals,1936,deer,308,toucan,20
Animals,1936,deer,828,raccoon,21
Animals,1974,centipede,181,anteater,12
Animals,1974,centipede,308,toucan,20
Animals,1974,centipede,912,coyote,22
Animals,1989,calf,1344,ram,6
Animals,1989,calf,1345,ewe,8
Animals,1989,calf,1351,sow,9
Animals,1989,calf,1647,foal,3
Animals,1989,calf,1772,elk,23
Animals,1989,calf,1876,reindeer,23
Animals,1989,calf,1972,young goat,5
Animals,1989,calf,2475,male goat,6
Animals,1989,calf,820,lamb,3
Animals,1989,calf,912,coyote,24
Animals,1989,calf,936,stallion,4
Animals,1989,calf,938,mare,6
Animals,206,firefly,1555,chameleon,9
Animals,206,firefly,181,anteater,12
Animals,206,firefly,1893,quail,7
Animals,206,firefly,2686,crustaceans,9
Animals,206,firefly,308,toucan,20
Animals,206,firefly,312,tapir,17
Animals,206,firefly,828,raccoon,21
Animals,206,firefly,840,cormorant,18
Animals,206,firefly,883,termite,5
Animals,206,firefly,912,coyote,21
Animals,213,fin,1194,beaver,17
Animals,213,fin,1910,stingray,15
Animals,213,fin,1916,gill,3
Animals,213,fin,828,raccoon,19
Animals,213,fin,840,cormorant,17
Animals,2262,female,1110,shark,16
Animals,2262,female,1187,goose,3
Animals,2262,female,1194,beaver,24
Animals,2262,female,1250,jaguar,18
Animals,2262,female,1318,chicken,2
Animals,2262,female,1348,boar,2
Animals,2262,female,1351,sow,11
Animals,2262,female,1527,tick,3
Animals,2262,female,1628,squirrel,6
Animals,2262,female,164,kangaroo,20
Animals,2262,female,1647,foal,5
Animals,2262,female,1772,elk,25
Animals,2262,female,181,anteater,16
Animals,2262,female,1820,bear,9
Animals,2262,female,1876,reindeer,24
Animals,2262,female,1893,quail,9
Animals,2262,female,1910,stingray,19
Animals,2262,female,1916,gill,7
Animals,2262,female,213,fin,4
Animals,2262,female,265,fowl,9
Animals,2262,female,2686,crustaceans,12
Animals,2262,female,308,toucan,24
Animals,2262,female,309,opossum,18
Animals,2262,female,312,tapir,21
Animals,2262,female,522,wolf,9
Animals,2262,female,828,raccoon,25
Animals,2262,female,840,cormorant,21
Animals,2262,female,890,mule,9
Animals,2262,female,912,coyote,25
Animals,2262,female,936,stallion,6
Animals,2262,female,938,mare,8
Animals,2262,female,95,sandfly,7
Animals,2262,female,950,seagull,15
Animals,2262,female,957,whale,16
Animals,2263,male,1110,shark,16
Animals,2263,male,1187,goose,3
Animals,2263,male,1194,beaver,24
Animals,2263,male,1250,jaguar,18
Animals,2263,male,1318,chicken,2
Animals,2263,male,1348,boar,2
Animals,2263,male,1351,sow,11
Animals,2263,male,1527,tick,3
Animals,2263,male,1628,squirrel,6
Animals,2263,male,164,kangaroo,20
Animals,2263,male,1647,foal,5
Animals,2263,male,1772,elk,25
Animals,2263,male,181,anteater,16
Animals,2263,male,1820,bear,9
Animals,2263,male,1876,reindeer,24
Animals,2263,male,1893,quail,9
Animals,2263,male,1910,stingray,19
Animals,2263,male,1916,gill,7
Animals,2263,male,213,fin,4
Animals,2263,male,265,fowl,9
Animals,2263,male,2686,crustaceans,12
Animals,2263,male,308,toucan,24
Animals,2263,male,309,opossum,18
Animals,2263,male,312,tapir,21
Animals,2263,male,522,wolf,9
Animals,2263,male,828,raccoon,25
Animals,2263,male,840,cormorant,21
Animals,2263,male,890,mule,9
Animals,2263,male,912,coyote,25
Animals,2263,male,936,stallion,6
Animals,2263,male,938,mare,8
Animals,2263,male,95,sandfly,7
Animals,2263,male,950,seagull,15
Animals,2263,male,957,whale,16
Animals,232,flea,112,turtle,4
Animals,232,flea,1190,hare,5
Animals,232,flea,1194,beaver,24
Animals,232,flea,1250,jaguar,19
Animals,232,flea,1509,mosquito,1
Animals,232,flea,1517,wasp,1
Animals,232,flea,1527,tick,4
Animals,232,flea,1538,scorpion,5
Animals,232,flea,1543,snail,1
Animals,232,flea,1555,chameleon,13
Animals,232,flea,1575,cockroach,3
Animals,232,flea,1628,squirrel,6
Animals,232,flea,164,kangaroo,22
Animals,232,flea,1772,elk,25
Animals,232,flea,181,anteater,18
Animals,232,flea,1857,crocodile,4
Animals,232,flea,1876,reindeer,25
Animals,232,flea,1893,quail,10
Animals,232,flea,1931,beeswax,5
Animals,232,flea,1974,centipede,4
Animals,232,flea,206,firefly,3
Animals,232,flea,2686,crustaceans,13
Animals,232,flea,308,toucan,25
Animals,232,flea,312,tapir,22
Animals,232,flea,632,lizard,1
Animals,232,flea,828,raccoon,26
Animals,232,flea,840,cormorant,22
Animals,232,flea,88,beehive,3
Animals,232,flea,883,termite,9
Animals,232,flea,912,coyote,27
Animals,232,flea,934,buffalo,13
Animals,232,flea,95,sandfly,8
Animals,263,herdsman,1194,beaver,16
Animals,263,herdsman,1772,elk,17
Animals,263,herdsman,1876,reindeer,17
Animals,263,herdsman,912,coyote,18
Animals,266,scale,1110,shark,14
Animals,266,scale,1194,beaver,20
Animals,266,scale,164,kangaroo,17
Animals,266,scale,1772,elk,21
Animals,266,scale,181,anteater,13
Animals,266,scale,1876,reindeer,21
Animals,266,scale,1910,stingray,17
Animals,266,scale,1916,gill,5
Animals,266,scale,2686,crustaceans,9
Animals,266,scale,308,toucan,21
Animals,266,scale,828,raccoon,22
Animals,266,scale,840,cormorant,18
Animals,266,scale,912,coyote,22
Animals,266,scale,957,whale,13
Animals,307,hawk,1194,beaver,23
Animals,307,hawk,1555,chameleon,11
Animals,307,hawk,1893,quail,8
Animals,307,hawk,1910,stingray,18
Animals,307,hawk,308,toucan,23
Animals,307,hawk,309,opossum,17
Animals,307,hawk,828,raccoon,24
Animals,307,hawk,840,cormorant,19
Animals,307,hawk,912,coyote,25
Animals,309,opossum,308,toucan,4
Animals,522,wolf,1194,beaver,14
Animals,522,wolf,1772,elk,14
Animals,522,wolf,1876,reindeer,14
Animals,598,shell,1194,beaver,21
Animals,598,shell,164,kangaroo,17
Animals,598,shell,308,toucan,21
Animals,598,shell,312,tapir,19
Animals,598,shell,840,cormorant,17
Animals,598,shell,934,buffalo,9
Animals,620,insect,1194,beaver,18
Animals,620,insect,1772,elk,19
Animals,620,insect,1876,reindeer,19
Animals,620,insect,828,raccoon,21
Animals,631,livestock,828,raccoon,23
Animals,631,livestock,957,whale,11
Animals,632,lizard,112,turtle,3
Animals,632,lizard,1190,hare,5
Animals,632,lizard,1194,beaver,24
Animals,632,lizard,1250,jaguar,19
Animals,632,lizard,1555,chameleon,13
Animals,632,lizard,164,kangaroo,21
Animals,632,lizard,1772,elk,25
Animals,632,lizard,1876,reindeer,25
Animals,632,lizard,1893,quail,9
Animals,632,lizard,308,toucan,25
Animals,632,lizard,828,raccoon,26
Animals,632,lizard,840,cormorant,21
Animals,632,lizard,912,coyote,26
Animals,632,lizard,934,buffalo,13
Animals,649,pasture,1772,elk,19
Animals,649,pasture,1876,reindeer,19
Animals,649,pasture,828,raccoon,21
Animals,649,pasture,912,coyote,20
Animals,72,claw,1190,hare,6
Animals,72,claw,1194,beaver,24
Animals,72,claw,1250,jaguar,19
Animals,72,claw,1527,tick,4
Animals,72,claw,1555,chameleon,14
Animals,72,claw,1628,squirrel,7
Animals,72,claw,164,kangaroo,22
Animals,72,claw,1772,elk,25
Animals,72,claw,181,anteater,17
Animals,72,claw,1876,reindeer,25
Animals,72,claw,1893,quail,10
Animals,72,claw,2686,crustaceans,13
Animals,72,claw,308,toucan,25
Animals,72,claw,312,tapir,22
Animals,72,claw,828,raccoon,26
Animals,72,claw,840,cormorant,22
Animals,72,claw,883,termite,9
Animals,72,claw,912,coyote,26
Animals,72,claw,934,buffalo,12
Animals,735,owl,1110,shark,17
Animals,735,owl,112,turtle,3
Animals,735,owl,1136,rabbit,3
Animals,735,owl,1190,hare,5
Animals,735,owl,1194,beaver,24
Animals,735,owl,1250,jaguar,19
Animals,735,owl,1312,fox,5
Animals,735,owl,1350,monkey,3
Animals,735,owl,1386,lion,4
Animals,735,owl,1555,chameleon,13
Animals,735,owl,164,kangaroo,21
Animals,735,owl,1772,elk,25
Animals,735,owl,1871,camel,9
Animals,735,owl,1876,reindeer,25
Animals,735,owl,1893,quail,9
Animals,735,owl,1910,stingray,20
Animals,735,owl,1936,deer,5
Animals,735,owl,308,toucan,25
Animals,735,owl,309,opossum,19
Animals,735,owl,522,wolf,9
Animals,735,owl,620,insect,6
Animals,735,owl,828,raccoon,26
Animals,735,owl,840,cormorant,21
Animals,735,owl,912,coyote,26
Animals,735,owl,934,buffalo,13
Animals,735,owl,957,whale,16
Animals,758,heron,308,toucan,14
Animals,758,heron,828,raccoon,16
Animals,758,heron,840,cormorant,13
Animals,758,heron,912,coyote,16
Animals,820,lamb,1972,young goat,1
Animals,820,lamb,2475,male goat,2
Animals,851,stable,1194,beaver,22
Animals,851,stable,164,kangaroo,18
Animals,851,stable,828,raccoon,24
Animals,851,stable,912,coyote,24
Animals,88,beehive,1772,elk,21
Animals,88,beehive,1876,reindeer,21
Animals,88,beehive,828,raccoon,23
Animals,88,beehive,912,coyote,22
Animals,882,parrot,1110,shark,12
Animals,882,parrot,1250,jaguar,14
Animals,882,parrot,164,kangaroo,16
Animals,882,parrot,1893,quail,5
Animals,882,parrot,1910,stingray,15
Animals,882,parrot,308,toucan,20
Animals,882,parrot,309,opossum,14
Animals,882,parrot,828,raccoon,21
Animals,882,parrot,840,cormorant,16
Animals,882,parrot,912,coyote,22
Animals,882,parrot,957,whale,11
Animals,913,crow,1110,shark,15
Animals,913,crow,1190,hare,3
Animals,913,crow,1194,beaver,21
Animals,913,crow,164,kangaroo,18
Animals,913,crow,1772,elk,22
Animals,913,crow,1820,bear,7
Animals,913,crow,1871,camel,6
Animals,913,crow,1876,reindeer,22
Animals,913,crow,522,wolf,8
Animals,913,crow,620,insect,3
Animals,913,crow,828,raccoon,24
Animals,913,crow,840,cormorant,19
Animals,913,crow,912,coyote,23
Animals,936,stallion,1772,elk,19
Animals,936,stallion,1876,reindeer,19
Animals,938,mare,1772,elk,17
Animals,938,mare,1876,reindeer,17
Animals,95,sandfly,1194,beaver,16
Animals,95,sandfly,312,tapir,14
Animals,95,sandfly,828,raccoon,18
Animals,95,sandfly,840,cormorant,15
Animals,1219,worm,1007,cow,2
Animals,1517,wasp,1007,cow,1
Animals,1793,bat,1007,cow,2
Animals,1853,dove,1007,cow,1
Animals,232,flea,1007,cow,2
Animals,632,lizard,1007,cow,1
Animals,72,claw,1007,cow,2
Animals,735,owl,1007,cow,1
Animals,1007,cow,1008,bull,1
Animals,1219,worm,1008,bull,2
Animals,1517,wasp,1008,bull,2
Animals,1793,bat,1008,bull,3
Animals,1853,dove,1008,bull,2
Animals,232,flea,1008,bull,2
Animals,632,lizard,1008,bull,2
Animals,72,claw,1008,bull,3
Animals,735,owl,1008,bull,2
Animals,1219,worm,1110,shark,17
Animals,1350,monkey,1110,shark,15
Animals,1509,mosquito,1110,shark,17
Animals,1517,wasp,1110,shark,17
Animals,1543,snail,1110,shark,17
Animals,1575,cockroach,1110,shark,15
Animals,1857,crocodile,1110,shark,15
Animals,232,flea,1110,shark,17
Animals,632,lizard,1110,shark,17
Animals,72,claw,1110,shark,18
Animals,72,claw,112,turtle,4
Animals,1219,worm,1136,rabbit,4
Animals,1517,wasp,1136,rabbit,3
Animals,232,flea,1136,rabbit,4
Animals,632,lizard,1136,rabbit,3
Animals,72,claw,1136,rabbit,4
Animals,1219,worm,1153,cattle,9
Animals,1517,wasp,1153,cattle,8
Animals,1543,snail,1153,cattle,8
Animals,1793,bat,1153,cattle,8
Animals,1853,dove,1153,cattle,7
Animals,232,flea,1153,cattle,9
Animals,307,hawk,1153,cattle,6
Animals,632,lizard,1153,cattle,8
Animals,72,claw,1153,cattle,8
Animals,735,owl,1153,cattle,8
Animals,1007,cow,1169,ox,4
Animals,1219,worm,1169,ox,5
Animals,1511,rooster,1169,ox,3
Animals,1517,wasp,1169,ox,4
Animals,1793,bat,1169,ox,5
Animals,1853,dove,1169,ox,4
Animals,232,flea,1169,ox,5
Animals,632,lizard,1169,ox,4
Animals,72,claw,1169,ox,5
Animals,735,owl,1169,ox,4
Animals,1219,worm,1185,vulture,7
Animals,1543,snail,1185,vulture,6
Animals,1793,bat,1185,vulture,8
Animals,232,flea,1185,vulture,7
Animals,72,claw,1185,vulture,8
Animals,1219,worm,1187,goose,4
Animals,1517,wasp,1187,goose,3
Animals,1793,bat,1187,goose,4
Animals,1853,dove,1187,goose,3
Animals,232,flea,1187,goose,4
Animals,632,lizard,1187,goose,3
Animals,72,claw,1187,goose,4
Animals,735,owl,1187,goose,3
Animals,1219,worm,1290,elephant,5
Animals,232,flea,1290,elephant,5
Animals,72,claw,1290,elephant,6
Animals,1219,worm,1312,fox,5
Animals,1517,wasp,1312,fox,5
Animals,232,flea,1312,fox,5
Animals,632,lizard,1312,fox,5
Animals,72,claw,1312,fox,6
Animals,1219,worm,1318,chicken,3
Animals,1517,wasp,1318,chicken,2
Animals,1793,bat,1318,chicken,3
Animals,1853,dove,1318,chicken,2
Animals,232,flea,1318,chicken,3
Animals,632,lizard,1318,chicken,2
Animals,72,claw,1318,chicken,3
Animals,735,owl,1318,chicken,2
Animals,1219,worm,1331,sheep,3
Animals,1517,wasp,1331,sheep,2
Animals,1793,bat,1331,sheep,3
Animals,1853,dove,1331,sheep,2
Animals,232,flea,1331,sheep,3
Animals,632,lizard,1331,sheep,2
Animals,72,claw,1331,sheep,3
Animals,735,owl,1331,sheep,2
Animals,1219,worm,1344,ram,8
Animals,1502,goat,1344,ram,7
Animals,1514,hen,1344,ram,5
Animals,1517,wasp,1344,ram,8
Animals,1793,bat,1344,ram,9
Animals,1853,dove,1344,ram,8
Animals,1972,young goat,1344,ram,2
Animals,206,firefly,1344,ram,7
Animals,232,flea,1344,ram,8
Animals,2475,male goat,1344,ram,1
Animals,632,lizard,1344,ram,8
Animals,72,claw,1344,ram,9
Animals,735,owl,1344,ram,8
Animals,820,lamb,1344,ram,3
Animals,1219,worm,1345,ewe,10
Animals,1290,elephant,1345,ewe,6
Animals,1350,monkey,1345,ewe,8
Animals,1502,goat,1345,ewe,9
Animals,1514,hen,1345,ewe,7
Animals,1517,wasp,1345,ewe,10
Animals,1793,bat,1345,ewe,10
Animals,1853,dove,1345,ewe,9
Animals,1972,young goat,1345,ewe,4
Animals,206,firefly,1345,ewe,8
Animals,232,flea,1345,ewe,10
Animals,2475,male goat,1345,ewe,3
Animals,632,lizard,1345,ewe,10
Animals,72,claw,1345,ewe,11
Animals,735,owl,1345,ewe,10
Animals,820,lamb,1345,ewe,5
Animals,1219,worm,1348,boar,2
Animals,1793,bat,1348,boar,3
Animals,232,flea,1348,boar,2
Animals,72,claw,1348,boar,3
Animals,1219,worm,1350,monkey,4
Animals,1517,wasp,1350,monkey,3
Animals,232,flea,1350,monkey,4
Animals,632,lizard,1350,monkey,3
Animals,72,claw,1350,monkey,4
Animals,1219,worm,1351,sow,11
Animals,1318,chicken,1351,sow,9
Animals,1360,duck,1351,sow,10
Animals,1514,hen,1351,sow,8
Animals,1517,wasp,1351,sow,11
Animals,1793,bat,1351,sow,12
Animals,1853,dove,1351,sow,11
Animals,1905,eagle,1351,sow,10
Animals,232,flea,1351,sow,11
Animals,632,lizard,1351,sow,11
Animals,72,claw,1351,sow,12
Animals,735,owl,1351,sow,11
Animals,88,beehive,1351,sow,9
Animals,936,stallion,1351,sow,5
Animals,938,mare,1351,sow,3
Animals,1219,worm,1360,duck,3
Animals,1517,wasp,1360,duck,2
Animals,1793,bat,1360,duck,3
Animals,1853,dove,1360,duck,2
Animals,232,flea,1360,duck,3
Animals,632,lizard,1360,duck,2
Animals,72,claw,1360,duck,3
Animals,735,owl,1360,duck,2
Animals,1219,worm,1386,lion,5
Animals,1517,wasp,1386,lion,4
Animals,1543,snail,1386,lion,4
Animals,232,flea,1386,lion,5
Animals,632,lizard,1386,lion,4
Animals,72,claw,1386,lion,5
Animals,1219,worm,1479,dolphin,17
Animals,1348,boar,1479,dolphin,12
Animals,1350,monkey,1479,dolphin,15
Animals,1509,mosquito,1479,dolphin,17
Animals,1511,rooster,1479,dolphin,14
Animals,1517,wasp,1479,dolphin,17
Animals,1543,snail,1479,dolphin,17
Animals,1575,cockroach,1479,dolphin,15
Animals,1793,bat,1479,dolphin,18
Animals,1853,dove,1479,dolphin,16
Animals,1857,crocodile,1479,dolphin,15
Animals,2262,female,1479,dolphin,16
Animals,2263,male,1479,dolphin,16
Animals,232,flea,1479,dolphin,17
Animals,266,scale,1479,dolphin,14
Animals,632,lizard,1479,dolphin,17
Animals,72,claw,1479,dolphin,18
Animals,735,owl,1479,dolphin,17
Animals,882,parrot,1479,dolphin,12
Animals,1219,worm,1502,goat,3
Animals,1793,bat,1502,goat,3
Animals,232,flea,1502,goat,3
Animals,72,claw,1502,goat,3
Animals,1219,worm,1509,mosquito,1
Animals,72,claw,1509,mosquito,1
Animals,1219,worm,1511,rooster,2
Animals,1517,wasp,1511,rooster,2
Animals,1793,bat,1511,rooster,3
Animals,1853,dove,1511,rooster,2
Animals,232,flea,1511,rooster,2
Animals,632,lizard,1511,rooster,2
Animals,72,claw,1511,rooster,3
Animals,735,owl,1511,rooster,2
Animals,1219,worm,1514,hen,3
Animals,1517,wasp,1514,hen,3
Animals,1543,snail,1514,hen,4
Animals,1793,bat,1514,hen,4
Animals,1853,dove,1514,hen,3
Animals,232,flea,1514,hen,3
Animals,632,lizard,1514,hen,3
Animals,72,claw,1514,hen,4
Animals,735,owl,1514,hen,3
Animals,1219,worm,1517,wasp,1
Animals,72,claw,1517,wasp,1
Animals,1219,worm,1538,scorpion,5
Animals,1543,snail,1538,scorpion,4
Animals,1857,crocodile,1538,scorpion,3
Animals,72,claw,1538,scorpion,5
Animals,72,claw,1543,snail,1
Animals,1219,worm,1575,cockroach,3
Animals,72,claw,1575,cockroach,3
Animals,1219,worm,1647,foal,5
Animals,1517,wasp,1647,foal,5
Animals,1793,bat,1647,foal,6
Animals,1853,dove,1647,foal,5
Animals,232,flea,1647,foal,5
Animals,632,lizard,1647,foal,5
Animals,72,claw,1647,foal,6
Animals,735,owl,1647,foal,5
Animals,1219,worm,1820,bear,9
Animals,232,flea,1820,bear,9
Animals,72,claw,1820,bear,10
Animals,1219,worm,1853,dove,1
Animals,232,flea,1853,dove,1
Animals,72,claw,1853,dove,1
Animals,72,claw,1857,crocodile,4
Animals,1219,worm,1862,donkey,5
Animals,1517,wasp,1862,donkey,4
Animals,1543,snail,1862,donkey,4
Animals,1793,bat,1862,donkey,5
Animals,1853,dove,1862,donkey,3
Animals,232,flea,1862,donkey,5
Animals,632,lizard,1862,donkey,4
Animals,72,claw,1862,donkey,5
Animals,735,owl,1862,donkey,4
Animals,1219,worm,1871,camel,10
Animals,1517,wasp,1871,camel,9
Animals,232,flea,1871,camel,10
Animals,632,lizard,1871,camel,9
Animals,72,claw,1871,camel,10
Animals,1527,tick,1893,quail,7
Animals,1219,worm,1905,eagle,2
Animals,1793,bat,1905,eagle,2
Animals,232,flea,1905,eagle,2
Animals,72,claw,1905,eagle,2
Animals,112,turtle,1910,stingray,17
Animals,1219,worm,1910,stingray,20
Animals,1350,monkey,1910,stingray,18
Animals,1509,mosquito,1910,stingray,20
Animals,1517,wasp,1910,stingray,20
Animals,1527,tick,1910,stingray,15
Animals,1538,scorpion,1910,stingray,15
Animals,1543,snail,1910,stingray,19
Animals,1575,cockroach,1910,stingray,18
Animals,1857,crocodile,1910,stingray,18
Animals,1974,centipede,1910,stingray,16
Animals,206,firefly,1910,stingray,17
Animals,232,flea,1910,stingray,20
Animals,632,lizard,1910,stingray,20
Animals,72,claw,1910,stingray,21
Animals,883,termite,1910,stingray,11
Animals,95,sandfly,1910,stingray,13
Animals,1219,worm,1916,gill,8
Animals,232,flea,1916,gill,8
Animals,72,claw,1916,gill,8
Animals,1219,worm,1931,beeswax,5
Animals,1543,snail,1931,beeswax,5
Animals,206,firefly,1931,beeswax,2
Animals,72,claw,1931,beeswax,5
Animals,1219,worm,1936,deer,5
Animals,1517,wasp,1936,deer,5
Animals,232,flea,1936,deer,5
Animals,632,lizard,1936,deer,5
Animals,72,claw,1936,deer,5
Animals,1219,worm,1972,young goat,7
Animals,1517,wasp,1972,young goat,7
Animals,1793,bat,1972,young goat,8
Animals,1853,dove,1972,young goat,6
Animals,206,firefly,1972,young goat,5
Animals,232,flea,1972,young goat,7
Animals,632,lizard,1972,young goat,7
Animals,72,claw,1972,young goat,8
Animals,735,owl,1972,young goat,7
Animals,88,beehive,1972,young goat,6
Animals,1219,worm,1974,centipede,4
Animals,1509,mosquito,1974,centipede,4
Animals,1543,snail,1974,centipede,3
Animals,1857,crocodile,1974,centipede,1
Animals,72,claw,1974,centipede,4
Animals,1219,worm,1989,calf,3
Animals,1517,wasp,1989,calf,2
Animals,1793,bat,1989,calf,3
Animals,1853,dove,1989,calf,2
Animals,232,flea,1989,calf,3
Animals,632,lizard,1989,calf,2
Animals,72,claw,1989,calf,3
Animals,735,owl,1989,calf,2
Animals,72,claw,206,firefly,3
Animals,1219,worm,213,fin,5
Animals,232,flea,213,fin,5
Animals,72,claw,213,fin,5
Animals,1219,worm,2262,female,1
Animals,1509,mosquito,2262,female,1
Animals,1793,bat,2262,female,1
Animals,232,flea,2262,female,1
Animals,72,claw,2262,female,1
Animals,1219,worm,2263,male,1
Animals,1509,mosquito,2263,male,1
Animals,1793,bat,2263,male,1
Animals,232,flea,2263,male,1
Animals,72,claw,2263,male,1
Animals,1219,worm,2475,male goat,8
Animals,1514,hen,2475,male goat,4
Animals,1517,wasp,2475,male goat,8
Animals,1793,bat,2475,male goat,9
Animals,1853,dove,2475,male goat,7
Animals,1972,young goat,2475,male goat,1
Animals,206,firefly,2475,male goat,6
Animals,232,flea,2475,male goat,8
Animals,632,lizard,2475,male goat,8
Animals,72,claw,2475,male goat,9
Animals,735,owl,2475,male goat,8
Animals,88,beehive,2475,male goat,6
Animals,1219,worm,263,herdsman,9
Animals,1360,duck,263,herdsman,6
Animals,1517,wasp,263,herdsman,8
Animals,1793,bat,263,herdsman,9
Animals,1853,dove,263,herdsman,8
Animals,232,flea,263,herdsman,9
Animals,632,lizard,263,herdsman,8
Animals,72,claw,263,herdsman,9
Animals,735,owl,263,herdsman,8
Animals,913,crow,263,herdsman,6
Animals,1219,worm,265,fowl,9
Animals,1793,bat,265,fowl,10
Animals,232,flea,265,fowl,9
Animals,72,claw,265,fowl,9
Animals,1219,worm,266,scale,3
Animals,232,flea,266,scale,3
Animals,72,claw,266,scale,3
Animals,1219,worm,267,nit,3
Animals,232,flea,267,nit,3
Animals,72,claw,267,nit,3
Animals,1219,worm,307,hawk,3
Animals,1517,wasp,307,hawk,2
Animals,1543,snail,307,hawk,2
Animals,1793,bat,307,hawk,3
Animals,1853,dove,307,hawk,2
Animals,232,flea,307,hawk,3
Animals,632,lizard,307,hawk,2
Animals,72,claw,307,hawk,3
Animals,735,owl,307,hawk,2
Animals,1250,jaguar,308,toucan,6
Animals,112,turtle,309,opossum,16
Animals,1219,worm,309,opossum,20
Animals,1350,monkey,309,opossum,17
Animals,1509,mosquito,309,opossum,19
Animals,1517,wasp,309,opossum,19
Animals,1527,tick,309,opossum,15
Animals,1538,scorpion,309,opossum,15
Animals,1543,snail,309,opossum,18
Animals,1575,cockroach,309,opossum,18
Animals,1857,crocodile,309,opossum,17
Animals,1974,centipede,309,opossum,15
Animals,206,firefly,309,opossum,16
Animals,232,flea,309,opossum,20
Animals,632,lizard,309,opossum,19
Animals,72,claw,309,opossum,19
Animals,1219,worm,522,wolf,9
Animals,1517,wasp,522,wolf,9
Animals,232,flea,522,wolf,9
Animals,632,lizard,522,wolf,9
Animals,72,claw,522,wolf,10
Animals,1219,worm,598,shell,3
Animals,1543,snail,598,shell,2
Animals,232,flea,598,shell,3
Animals,72,claw,598,shell,3
Animals,1219,worm,620,insect,6
Animals,1517,wasp,620,insect,6
Animals,232,flea,620,insect,6
Animals,632,lizard,620,insect,6
Animals,72,claw,620,insect,7
Animals,1219,worm,631,livestock,4
Animals,1517,wasp,631,livestock,4
Animals,1793,bat,631,livestock,5
Animals,1853,dove,631,livestock,3
Animals,232,flea,631,livestock,4
Animals,632,lizard,631,livestock,4
Animals,72,claw,631,livestock,5
Animals,735,owl,631,livestock,4
Animals,72,claw,632,lizard,1
Animals,1007,cow,649,pasture,3
Animals,1219,worm,649,pasture,5
Animals,1517,wasp,649,pasture,4
Animals,1793,bat,649,pasture,5
Animals,1853,dove,649,pasture,4
Animals,232,flea,649,pasture,5
Animals,632,lizard,649,pasture,4
Animals,72,claw,649,pasture,5
Animals,735,owl,649,pasture,4
Animals,1219,worm,735,owl,1
Animals,232,flea,735,owl,1
Animals,72,claw,735,owl,1
Animals,1219,worm,758,heron,9
Animals,1517,wasp,758,heron,8
Animals,1575,cockroach,758,heron,7
Animals,1793,bat,758,heron,9
Animals,1853,dove,758,heron,7
Animals,232,flea,758,heron,9
Animals,632,lizard,758,heron,8
Animals,72,claw,758,heron,9
Animals,735,owl,758,heron,8
Animals,1219,worm,820,lamb,5
Animals,1502,goat,820,lamb,4
Animals,1517,wasp,820,lamb,5
Animals,1793,bat,820,lamb,6
Animals,1853,dove,820,lamb,5
Animals,232,flea,820,lamb,5
Animals,632,lizard,820,lamb,5
Animals,72,claw,820,lamb,6
Animals,735,owl,820,lamb,5
Animals,1555,chameleon,828,raccoon,13
Animals,1628,squirrel,828,raccoon,19
Animals,2686,crustaceans,828,raccoon,12
Animals,1219,worm,851,stable,4
Animals,1517,wasp,851,stable,3
Animals,1543,snail,851,stable,3
Animals,1793,bat,851,stable,4
Animals,1853,dove,851,stable,3
Animals,232,flea,851,stable,4
Animals,632,lizard,851,stable,3
Animals,72,claw,851,stable,4
Animals,735,owl,851,stable,3
Animals,1219,worm,88,beehive,3
Animals,72,claw,88,beehive,3
Animals,1219,worm,882,parrot,6
Animals,1517,wasp,882,parrot,5
Animals,1543,snail,882,parrot,5
Animals,1853,dove,882,parrot,4
Animals,232,flea,882,parrot,6
Animals,632,lizard,882,parrot,5
Animals,72,claw,882,parrot,6
Animals,735,owl,882,parrot,5
Animals,112,turtle,890,mule,6
Animals,1219,worm,890,mule,10
Animals,1290,elephant,890,mule,6
Animals,1350,monkey,890,mule,7
Animals,1386,lion,890,mule,5
Animals,1517,wasp,890,mule,9
Animals,1527,tick,890,mule,6
Animals,1543,snail,890,mule,8
Animals,1793,bat,890,mule,10
Animals,1853,dove,890,mule,7
Animals,1857,crocodile,890,mule,7
Animals,206,firefly,890,mule,7
Animals,232,flea,890,mule,10
Animals,307,hawk,890,mule,7
Animals,632,lizard,890,mule,9
Animals,72,claw,890,mule,10
Animals,735,owl,890,mule,9
Animals,913,crow,890,mule,7
Animals,181,anteater,912,coyote,10
Animals,1893,quail,912,coyote,15
Animals,1219,worm,913,crow,2
Animals,232,flea,913,crow,2
Animals,72,claw,913,crow,2
Animals,1219,worm,936,stallion,6
Animals,1517,wasp,936,stallion,6
Animals,1793,bat,936,stallion,7
Animals,1853,dove,936,stallion,6
Animals,232,flea,936,stallion,6
Animals,632,lizard,936,stallion,6
Animals,72,claw,936,stallion,7
Animals,735,owl,936,stallion,6
Animals,1219,worm,938,mare,8
Animals,1318,chicken,938,mare,6
Animals,1514,hen,938,mare,5
Animals,1517,wasp,938,mare,8
Animals,1793,bat,938,mare,9
Animals,1853,dove,938,mare,8
Animals,232,flea,938,mare,8
Animals,632,lizard,938,mare,8
Animals,72,claw,938,mare,9
Animals,735,owl,938,mare,8
Animals,1219,worm,95,sandfly,8
Animals,72,claw,95,sandfly,8
Animals,1219,worm,950,seagull,16
Animals,1509,mosquito,950,seagull,16
Animals,1517,wasp,950,seagull,16
Animals,1543,snail,950,seagull,16
Animals,1793,bat,950,seagull,17
Animals,1853,dove,950,seagull,16
Animals,1905,eagle,950,seagull,14
Animals,232,flea,950,seagull,16
Animals,266,scale,950,seagull,13
Animals,307,hawk,950,seagull,14
Animals,632,lizard,950,seagull,16
Animals,72,claw,950,seagull,17
Animals,735,owl,950,seagull,16
Animals,913,crow,950,seagull,15
Animals,1219,worm,957,whale,16
Animals,1386,lion,957,whale,12
Animals,1517,wasp,957,whale,16
Animals,1543,snail,957,whale,16
Animals,232,flea,957,whale,16
Animals,632,lizard,957,whale,16
Animals,72,claw,957,whale,17
Basic actions and technology,1001,blacksmith,135,boomerang,19
Basic actions and technology,1001,blacksmith,211,cast,9
Basic actions and technology,1001,blacksmith,361,peg,3
Basic actions and technology,1042,carpenter,135,boomerang,21
Basic actions and technology,1042,carpenter,293,netbag,11
Basic actions and technology,1069,glue,135,boomerang,23
Basic actions and technology,1069,glue,1648,anvil,10
Basic actions and technology,1069,glue,195,mat,4
Basic actions and technology,1069,glue,1979,chisel,5
Basic actions and technology,1069,glue,211,cast,13
Basic actions and technology,1069,glue,288,forge,10
Basic actions and technology,1069,glue,3217,tin or tinplate,7
Basic actions and technology,1069,glue,914,sculptor,14
Basic actions and technology,1361,tool,1971,fan,4
Basic actions and technology,1361,tool,211,cast,11
Basic actions and technology,1361,tool,289,mold,2
Basic actions and technology,1361,tool,294,tumpline,27
Basic actions and technology,1361,tool,359,potter,6
Basic actions and technology,1361,tool,914,sculptor,12
Basic actions and technology,1369,gold,135,boomerang,23
Basic actions and technology,1369,gold,1825,copper,3
Basic actions and technology,1369,gold,1979,chisel,5
Basic actions and technology,1369,gold,293,netbag,14
Basic actions and technology,1369,gold,3137,oar,6
Basic actions and technology,1369,gold,361,peg,5
Basic actions and technology,1369,gold,914,sculptor,12
Basic actions and technology,1399,clay,135,boomerang,24
Basic actions and technology,1399,clay,292,rug,7
Basic actions and technology,1399,clay,294,tumpline,29
Basic actions and technology,1481,hammer,1001,blacksmith,3
Basic actions and technology,1481,hammer,1069,glue,1
Basic actions and technology,1481,hammer,135,boomerang,25
Basic actions and technology,1481,hammer,1369,gold,2
Basic actions and technology,1481,hammer,1399,clay,2
Basic actions and technology,1481,hammer,1454,wipe,1
Basic actions and technology,1481,hammer,161,miss,1
Basic actions and technology,1481,hammer,1648,anvil,10
Basic actions and technology,1481,hammer,1825,copper,4
Basic actions and technology,1481,hammer,195,mat,6
Basic actions and technology,1481,hammer,1971,fan,5
Basic actions and technology,1481,hammer,1979,chisel,6
Basic actions and technology,1481,hammer,211,cast,12
Basic actions and technology,1481,hammer,228,carve,1
Basic actions and technology,1481,hammer,234,paddle,7
Basic actions and technology,1481,hammer,2866,drop,2
Basic actions and technology,1481,hammer,288,forge,9
Basic actions and technology,1481,hammer,289,mold,3
Basic actions and technology,1481,hammer,292,rug,7
Basic actions and technology,1481,hammer,293,netbag,15
Basic actions and technology,1481,hammer,294,tumpline,29
Basic actions and technology,1481,hammer,295,whetstone,3
Basic actions and technology,1481,hammer,3072,misplace,1
Basic actions and technology,1481,hammer,3137,oar,7
Basic actions and technology,1481,hammer,3217,tin or tinplate,8
Basic actions and technology,1481,hammer,3294,braid,1
Basic actions and technology,1481,hammer,359,potter,7
Basic actions and technology,1481,hammer,360,fan,2
Basic actions and technology,1481,hammer,361,peg,6
Basic actions and technology,1481,hammer,627,lead,3
Basic actions and technology,1481,hammer,759,silver,2
Basic actions and technology,1481,hammer,914,sculptor,14
Basic actions and technology,1501,bore,135,boomerang,24
Basic actions and technology,1501,bore,195,mat,5
Basic actions and technology,1501,bore,1971,fan,5
Basic actions and technology,1501,bore,234,paddle,7
Basic actions and technology,1501,bore,289,mold,3
Basic actions and technology,1501,bore,293,netbag,15
Basic actions and technology,1501,bore,294,tumpline,30
Basic actions and technology,1501,bore,3137,oar,7
Basic actions and technology,1501,bore,359,potter,8
Basic actions and technology,1501,bore,360,fan,1
Basic actions and technology,1501,bore,361,peg,6
Basic actions and technology,1501,bore,914,sculptor,15
Basic actions and technology,1539,basket,135,boomerang,26
Basic actions and technology,1539,basket,1454,wipe,1
Basic actions and technology,1539,basket,161,miss,1
Basic actions and technology,1539,basket,195,mat,6
Basic actions and technology,1539,basket,1971,fan,6
Basic actions and technology,1539,basket,1979,chisel,7
Basic actions and technology,1539,basket,2001,painting,1
Basic actions and technology,1539,basket,228,carve,2
Basic actions and technology,1539,basket,234,paddle,8
Basic actions and technology,1539,basket,2866,drop,2
Basic actions and technology,1539,basket,292,rug,8
Basic actions and technology,1539,basket,293,netbag,16
Basic actions and technology,1539,basket,294,tumpline,30
Basic actions and technology,1539,basket,295,whetstone,3
Basic actions and technology,1539,basket,3072,misplace,2
Basic actions and technology,1539,basket,3137,oar,8
Basic actions and technology,1539,basket,360,fan,2
Basic actions and technology,1539,basket,361,peg,7
Basic actions and technology,1539,basket,647,paint,1
Basic actions and technology,1539,basket,914,sculptor,15
Basic actions and technology,155,chop,1001,blacksmith,4
Basic actions and technology,155,chop,135,boomerang,25
Basic actions and technology,155,chop,1399,clay,1
Basic actions and technology,155,chop,1648,anvil,10
Basic actions and technology,155,chop,211,cast,12
Basic actions and technology,155,chop,2866,drop,1
Basic actions and technology,155,chop,288,forge,9
Basic actions and technology,155,chop,289,mold,4
Basic actions and technology,155,chop,292,rug,8
Basic actions and technology,155,chop,293,netbag,15
Basic actions and technology,155,chop,294,tumpline,29
Basic actions and technology,155,chop,295,whetstone,2
Basic actions and technology,155,chop,3137,oar,7
Basic actions and technology,155,chop,3217,tin or tinplate,8
Basic actions and technology,155,chop,359,potter,7
Basic actions and technology,155,chop,360,fan,2
Basic actions and technology,155,chop,361,peg,6
Basic actions and technology,161,miss,294,tumpline,29
Basic actions and technology,1627,chain,1001,blacksmith,3
Basic actions and technology,1627,chain,1002,statue,11
Basic actions and technology,1627,chain,1042,carpenter,4
Basic actions and technology,1627,chain,135,boomerang,24
Basic actions and technology,1627,chain,1369,gold,1
Basic actions and technology,1627,chain,1454,wipe,1
Basic actions and technology,1627,chain,1648,anvil,10
Basic actions and technology,1627,chain,1825,copper,4
Basic actions and technology,1627,chain,195,mat,4
Basic actions and technology,1627,chain,1979,chisel,5
Basic actions and technology,1627,chain,211,cast,12
Basic actions and technology,1627,chain,288,forge,9
Basic actions and technology,1627,chain,290,adze,9
Basic actions and technology,1627,chain,292,rug,7
Basic actions and technology,1627,chain,293,netbag,15
Basic actions and technology,1627,chain,3137,oar,7
Basic actions and technology,1627,chain,359,potter,7
Basic actions and technology,1627,chain,361,peg,6
Basic actions and technology,1627,chain,759,silver,1
Basic actions and technology,1627,chain,914,sculptor,13
Basic actions and technology,1648,anvil,135,boomerang,11
Basic actions and technology,1767,scrape,1001,blacksmith,4
Basic actions and technology,1767,scrape,135,boomerang,24
Basic actions and technology,1767,scrape,1399,clay,1
Basic actions and technology,1767,scrape,1648,anvil,10
Basic actions and technology,1767,scrape,211,cast,13
Basic actions and technology,1767,scrape,2866,drop,1
Basic actions and technology,1767,scrape,288,forge,10
Basic actions and technology,1767,scrape,289,mold,4
Basic actions and technology,1767,scrape,292,rug,8
Basic actions and technology,1767,scrape,293,netbag,14
Basic actions and technology,1767,scrape,294,tumpline,30
Basic actions and technology,1767,scrape,295,whetstone,2
Basic actions and technology,1767,scrape,3137,oar,6
Basic actions and technology,1767,scrape,3217,tin or tinplate,8
Basic actions and technology,1767,scrape,359,potter,8
Basic actions and technology,1767,scrape,360,fan,2
Basic actions and technology,1767,scrape,361,peg,6
Basic actions and technology,1913,press,1001,blacksmith,3
Basic actions and technology,1913,press,1042,carpenter,4
Basic actions and technology,1913,press,1069,glue,1
Basic actions and technology,1913,press,135,boomerang,23
Basic actions and technology,1913,press,1361,tool,3
Basic actions and technology,1913,press,1369,gold,2
Basic actions and technology,1913,press,1399,clay,2
Basic actions and technology,1913,press,1454,wipe,1
Basic actions and technology,1913,press,1501,bore,1
Basic actions and technology,1913,press,161,miss,1
Basic actions and technology,1913,press,1648,anvil,10
Basic actions and technology,1913,press,1825,copper,5
Basic actions and technology,1913,press,1948,saw,2
Basic actions and technology,1913,press,195,mat,6
Basic actions and technology,1913,press,1971,fan,5
Basic actions and technology,1913,press,1979,chisel,7
Basic actions and technology,1913,press,2001,painting,1
Basic actions and technology,1913,press,211,cast,13
Basic actions and technology,1913,press,228,carve,2
Basic actions and technology,1913,press,234,paddle,7
Basic actions and technology,1913,press,245,broom,1
Basic actions and technology,1913,press,2866,drop,2
Basic actions and technology,1913,press,288,forge,10
Basic actions and technology,1913,press,289,mold,4
Basic actions and technology,1913,press,292,rug,7
Basic actions and technology,1913,press,293,netbag,14
Basic actions and technology,1913,press,294,tumpline,30
Basic actions and technology,1913,press,295,whetstone,3
Basic actions and technology,1913,press,3072,misplace,2
Basic actions and technology,1913,press,3137,oar,7
Basic actions and technology,1913,press,3217,tin or tinplate,8
Basic actions and technology,1913,press,3294,braid,1
Basic actions and technology,1913,press,359,potter,9
Basic actions and technology,1913,press,360,fan,2
Basic actions and technology,1913,press,361,peg,7
Basic actions and technology,1913,press,604,glass,1
Basic actions and technology,1913,press,627,lead,4
Basic actions and technology,1913,press,647,paint,1
Basic actions and technology,1913,press,759,silver,2
Basic actions and technology,1913,press,914,sculptor,16
Basic actions and technology,1948,saw,135,boomerang,23
Basic actions and technology,1948,saw,1648,anvil,9
Basic actions and technology,1948,saw,1825,copper,3
Basic actions and technology,1948,saw,1971,fan,4
Basic actions and technology,1948,saw,1979,chisel,5
Basic actions and technology,1948,saw,211,cast,11
Basic actions and technology,1948,saw,234,paddle,5
Basic actions and technology,1948,saw,293,netbag,13
Basic actions and technology,1948,saw,294,tumpline,28
Basic actions and technology,1948,saw,3137,oar,5
Basic actions and technology,1948,saw,627,lead,2
Basic actions and technology,1948,saw,914,sculptor,13
Basic actions and technology,195,mat,135,boomerang,19
Basic actions and technology,195,mat,914,sculptor,9
Basic actions and technology,1971,fan,135,boomerang,20
Basic actions and technology,1971,fan,294,tumpline,24
Basic actions and technology,1979,chisel,135,boomerang,18
Basic actions and technology,2001,painting,135,boomerang,25
Basic actions and technology,2001,painting,234,paddle,7
Basic actions and technology,2001,painting,294,tumpline,30
Basic actions and technology,2001,painting,295,whetstone,3
Basic actions and technology,2001,painting,3072,misplace,1
Basic actions and technology,2001,painting,3137,oar,7
Basic actions and technology,2001,painting,361,peg,6
Basic actions and technology,214,stretch,1001,blacksmith,3
Basic actions and technology,214,stretch,1042,carpenter,4
Basic actions and technology,214,stretch,1069,glue,1
Basic actions and technology,214,stretch,135,boomerang,25
Basic actions and technology,214,stretch,1361,tool,2
Basic actions and technology,214,stretch,1369,gold,2
Basic actions and technology,214,stretch,1399,clay,2
Basic actions and technology,214,stretch,1454,wipe,1
Basic actions and technology,214,stretch,1501,bore,1
Basic actions and technology,214,stretch,161,miss,1
Basic actions and technology,214,stretch,1648,anvil,10
Basic actions and technology,214,stretch,1825,copper,4
Basic actions and technology,214,stretch,1948,saw,2
Basic actions and technology,214,stretch,195,mat,6
Basic actions and technology,214,stretch,1971,fan,5
Basic actions and technology,214,stretch,1979,chisel,6
Basic actions and technology,214,stretch,211,cast,13
Basic actions and technology,214,stretch,228,carve,1
Basic actions and technology,214,stretch,234,paddle,7
Basic actions and technology,214,stretch,2866,drop,2
Basic actions and technology,214,stretch,288,forge,10
Basic actions and technology,214,stretch,289,mold,3
Basic actions and technology,214,stretch,292,rug,7
Basic actions and technology,214,stretch,293,netbag,15
Basic actions and technology,214,stretch,294,tumpline,30
Basic actions and technology,214,stretch,295,whetstone,3
Basic actions and technology,214,stretch,3072,misplace,1
Basic actions and technology,214,stretch,3137,oar,7
Basic actions and technology,214,stretch,3217,tin or tinplate,8
Basic actions and technology,214,stretch,3294,braid,1
Basic actions and technology,214,stretch,359,potter,8
Basic actions and technology,214,stretch,360,fan,2
Basic actions and technology,214,stretch,361,peg,6
Basic actions and technology,214,stretch,627,lead,3
Basic actions and technology,214,stretch,759,silver,2
Basic actions and technology,214,stretch,914,sculptor,15
Basic actions and technology,228,carve,135,boomerang,22
Basic actions and technology,228,carve,294,tumpline,27
Basic actions and technology,228,carve,361,peg,6
Basic actions and technology,228,carve,914,sculptor,12
Basic actions and technology,234,paddle,135,boomerang,16
Basic actions and technology,245,broom,1001,blacksmith,3
Basic actions and technology,245,broom,1042,carpenter,4
Basic actions and technology,245,broom,135,boomerang,24
Basic actions and technology,245,broom,1361,tool,1
Basic actions and technology,245,broom,1648,anvil,10
Basic actions and technology,245,broom,1825,copper,4
Basic actions and technology,245,broom,1971,fan,5
Basic actions and technology,245,broom,1979,chisel,6
Basic actions and technology,245,broom,211,cast,12
Basic actions and technology,245,broom,228,carve,1
Basic actions and technology,245,broom,234,paddle,6
Basic actions and technology,245,broom,288,forge,9
Basic actions and technology,245,broom,289,mold,3
Basic actions and technology,245,broom,292,rug,7
Basic actions and technology,245,broom,293,netbag,14
Basic actions and technology,245,broom,294,tumpline,29
Basic actions and technology,245,broom,295,whetstone,3
Basic actions and technology,245,broom,3072,misplace,1
Basic actions and technology,245,broom,3137,oar,6
Basic actions and technology,245,broom,3217,tin or tinplate,8
Basic actions and technology,245,broom,359,potter,7
Basic actions and technology,245,broom,361,peg,6
Basic actions and technology,245,broom,627,lead,3
Basic actions and technology,245,broom,759,silver,2
Basic actions and technology,245,broom,914,sculptor,14
Basic actions and technology,2866,drop,294,tumpline,28
Basic actions and technology,2866,drop,295,whetstone,2
Basic actions and technology,289,mold,294,tumpline,22
Basic actions and technology,291,pull off,1001,blacksmith,4
Basic actions and technology,291,pull off,135,boomerang,25
Basic actions and technology,291,pull off,1399,clay,1
Basic actions and technology,291,pull off,1648,anvil,10
Basic actions and technology,291,pull off,211,cast,13
Basic actions and technology,291,pull off,2866,drop,1
Basic actions and technology,291,pull off,288,forge,10
Basic actions and technology,291,pull off,289,mold,4
Basic actions and technology,291,pull off,292,rug,8
Basic actions and technology,291,pull off,293,netbag,15
Basic actions and technology,291,pull off,294,tumpline,30
Basic actions and technology,291,pull off,295,whetstone,2
Basic actions and technology,291,pull off,3137,oar,7
Basic actions and technology,291,pull off,3217,tin or tinplate,8
Basic actions and technology,291,pull off,359,potter,8
Basic actions and technology,291,pull off,360,fan,2
Basic actions and technology,291,pull off,361,peg,6
Basic actions and technology,292,rug,135,boomerang,15
Basic actions and technology,295,whetstone,135,boomerang,20
Basic actions and technology,295,whetstone,294,tumpline,24
Basic actions and technology,295,whetstone,361,peg,3
Basic actions and technology,3072,misplace,135,boomerang,24
Basic actions and technology,3072,misplace,294,tumpline,29
Basic actions and technology,3072,misplace,295,whetstone,2
Basic actions and technology,3072,misplace,361,peg,5
Basic actions and technology,3137,oar,135,boomerang,17
Basic actions and technology,3190,broken,1001,blacksmith,4
Basic actions and technology,3190,broken,1002,statue,14
Basic actions and technology,3190,broken,1042,carpenter,5
Basic actions and technology,3190,broken,1069,glue,1
Basic actions and technology,3190,broken,135,boomerang,25
Basic actions and technology,3190,broken,1361,tool,3
Basic actions and technology,3190,broken,1369,gold,2
Basic actions and technology,3190,broken,1399,clay,2
Basic actions and technology,3190,broken,1454,wipe,1
Basic actions and technology,3190,broken,1501,bore,1
Basic actions and technology,3190,broken,161,miss,1
Basic actions and technology,3190,broken,1648,anvil,11
Basic actions and technology,3190,broken,1825,copper,5
Basic actions and technology,3190,broken,1948,saw,2
Basic actions and technology,3190,broken,195,mat,6
Basic actions and technology,3190,broken,1971,fan,6
Basic actions and technology,3190,broken,1979,chisel,7
Basic actions and technology,3190,broken,2001,painting,1
Basic actions and technology,3190,broken,211,cast,14
Basic actions and technology,3190,broken,228,carve,2
Basic actions and technology,3190,broken,234,paddle,8
Basic actions and technology,3190,broken,245,broom,1
Basic actions and technology,3190,broken,2866,drop,2
Basic actions and technology,3190,broken,288,forge,11
Basic actions and technology,3190,broken,289,mold,4
Basic actions and technology,3190,broken,291,pull off,1
Basic actions and technology,3190,broken,292,rug,8
Basic actions and technology,3190,broken,293,netbag,16
Basic actions and technology,3190,broken,294,tumpline,30
Basic actions and technology,3190,broken,295,whetstone,3
Basic actions and technology,3190,broken,3072,misplace,2
Basic actions and technology,3190,broken,3137,oar,8
Basic actions and technology,3190,broken,3217,tin or tinplate,9
Basic actions and technology,3190,broken,3294,braid,1
Basic actions and technology,3190,broken,359,potter,9
Basic actions and technology,3190,broken,360,fan,2
Basic actions and technology,3190,broken,361,peg,7
Basic actions and technology,3190,broken,604,glass,1
Basic actions and technology,3190,broken,627,lead,4
Basic actions and technology,3190,broken,647,paint,1
Basic actions and technology,3190,broken,759,silver,2
Basic actions and technology,3190,broken,914,sculptor,16
Basic actions and technology,3217,tin or tinplate,135,boomerang,15
Basic actions and technology,3294,braid,135,boomerang,25
Basic actions and technology,3294,braid,1454,wipe,1
Basic actions and technology,3294,braid,195,mat,5
Basic actions and technology,3294,braid,228,carve,1
Basic actions and technology,3294,braid,2866,drop,2
Basic actions and technology,3294,braid,294,tumpline,30
Basic actions and technology,3294,braid,361,peg,7
Basic actions and technology,3294,braid,914,sculptor,15
Basic actions and technology,354,pound,1002,statue,13
Basic actions and technology,354,pound,135,boomerang,24
Basic actions and technology,354,pound,1454,wipe,1
Basic actions and technology,354,pound,195,mat,5
Basic actions and technology,354,pound,211,cast,13
Basic actions and technology,354,pound,228,carve,1
Basic actions and technology,354,pound,2866,drop,2
Basic actions and technology,354,pound,288,forge,11
Basic actions and technology,354,pound,289,mold,4
Basic actions and technology,354,pound,290,adze,10
Basic actions and technology,354,pound,294,tumpline,29
Basic actions and technology,354,pound,3217,tin or tinplate,8
Basic actions and technology,354,pound,359,potter,8
Basic actions and technology,354,pound,361,peg,7
Basic actions and technology,354,pound,914,sculptor,14
Basic actions and technology,356,shears,1002,statue,12
Basic actions and technology,356,shears,1042,carpenter,4
Basic actions and technology,356,shears,135,boomerang,25
Basic actions and technology,356,shears,1369,gold,1
Basic actions and technology,356,shears,1648,anvil,10
Basic actions and technology,356,shears,1825,copper,4
Basic actions and technology,356,shears,1948,saw,1
Basic actions and technology,356,shears,1971,fan,5
Basic actions and technology,356,shears,1979,chisel,6
Basic actions and technology,356,shears,211,cast,12
Basic actions and technology,356,shears,234,paddle,7
Basic actions and technology,356,shears,288,forge,9
Basic actions and technology,356,shears,293,netbag,15
Basic actions and technology,356,shears,294,tumpline,29
Basic actions and technology,356,shears,3137,oar,7
Basic actions and technology,356,shears,361,peg,6
Basic actions and technology,356,shears,627,lead,3
Basic actions and technology,356,shears,914,sculptor,14
Basic actions and technology,360,fan,135,boomerang,20
Basic actions and technology,360,fan,234,paddle,6
Basic actions and technology,360,fan,294,tumpline,24
Basic actions and technology,360,fan,3137,oar,5
Basic actions and technology,360,fan,914,sculptor,12
Basic actions and technology,502,nail,1001,blacksmith,4
Basic actions and technology,502,nail,1069,glue,1
Basic actions and technology,502,nail,135,boomerang,26
Basic actions and technology,502,nail,1369,gold,2
Basic actions and technology,502,nail,1399,clay,2
Basic actions and technology,502,nail,1454,wipe,1
Basic actions and technology,502,nail,161,miss,1
Basic actions and technology,502,nail,1648,anvil,11
Basic actions and technology,502,nail,1825,copper,5
Basic actions and technology,502,nail,195,mat,6
Basic actions and technology,502,nail,1971,fan,6
Basic actions and technology,502,nail,1979,chisel,7
Basic actions and technology,502,nail,2001,painting,1
Basic actions and technology,502,nail,211,cast,13
Basic actions and technology,502,nail,228,carve,2
Basic actions and technology,502,nail,234,paddle,8
Basic actions and technology,502,nail,2866,drop,2
Basic actions and technology,502,nail,288,forge,10
Basic actions and technology,502,nail,289,mold,4
Basic actions and technology,502,nail,292,rug,8
Basic actions and technology,502,nail,293,netbag,16
Basic actions and technology,502,nail,294,tumpline,30
Basic actions and technology,502,nail,295,whetstone,3
Basic actions and technology,502,nail,3072,misplace,2
Basic actions and technology,502,nail,3137,oar,8
Basic actions and technology,502,nail,3217,tin or tinplate,9
Basic actions and technology,502,nail,3294,braid,1
Basic actions and technology,502,nail,359,potter,8
Basic actions and technology,502,nail,360,fan,2
Basic actions and technology,502,nail,361,peg,7
Basic actions and technology,502,nail,604,glass,1
Basic actions and technology,502,nail,627,lead,4
Basic actions and technology,502,nail,647,paint,1
Basic actions and technology,502,nail,759,silver,2
Basic actions and technology,502,nail,914,sculptor,15
Basic actions and technology,604,glass,135,boomerang,23
Basic actions and technology,604,glass,1971,fan,5
Basic actions and technology,604,glass,1979,chisel,6
Basic actions and technology,604,glass,228,carve,1
Basic actions and technology,604,glass,234,paddle,6
Basic actions and technology,604,glass,292,rug,6
Basic actions and technology,604,glass,293,netbag,15
Basic actions and technology,604,glass,294,tumpline,30
Basic actions and technology,604,glass,295,whetstone,3
Basic actions and technology,604,glass,3072,misplace,1
Basic actions and technology,604,glass,3137,oar,7
Basic actions and technology,604,glass,361,peg,6
Basic actions and technology,604,glass,914,sculptor,15
Basic actions and technology,621,iron,135,boomerang,24
Basic actions and technology,621,iron,1399,clay,2
Basic actions and technology,621,iron,1454,wipe,1
Basic actions and technology,621,iron,161,miss,1
Basic actions and technology,621,iron,195,mat,5
Basic actions and technology,621,iron,1971,fan,6
Basic actions and technology,621,iron,1979,chisel,6
Basic actions and technology,621,iron,2001,painting,1
Basic actions and technology,621,iron,228,carve,2
Basic actions and technology,621,iron,234,paddle,7
Basic actions and technology,621,iron,2866,drop,2
Basic actions and technology,621,iron,289,mold,4
Basic actions and technology,621,iron,292,rug,8
Basic actions and technology,621,iron,293,netbag,16
Basic actions and technology,621,iron,294,tumpline,29
Basic actions and technology,621,iron,295,whetstone,3
Basic actions and technology,621,iron,3072,misplace,2
Basic actions and technology,621,iron,3137,oar,8
Basic actions and technology,621,iron,3217,tin or tinplate,8
Basic actions and technology,621,iron,3294,braid,1
Basic actions and technology,621,iron,359,potter,8
Basic actions and technology,621,iron,360,fan,2
Basic actions and technology,621,iron,361,peg,7
Basic actions and technology,621,iron,604,glass,1
Basic actions and technology,621,iron,627,lead,4
Basic actions and technology,621,iron,647,paint,1
Basic actions and technology,621,iron,914,sculptor,14
Basic actions and technology,627,lead,135,boomerang,21
Basic actions and technology,627,lead,234,paddle,4
Basic actions and technology,647,paint,135,boomerang,25
Basic actions and technology,647,paint,234,paddle,7
Basic actions and technology,647,paint,294,tumpline,30
Basic actions and technology,647,paint,295,whetstone,3
Basic actions and technology,647,paint,3072,misplace,1
Basic actions and technology,647,paint,3137,oar,7
Basic actions and technology,647,paint,361,peg,6
Basic actions and technology,759,silver,135,boomerang,22
Basic actions and technology,759,silver,1825,copper,2
Basic actions and technology,759,silver,1979,chisel,4
Basic actions and technology,759,silver,292,rug,5
Basic actions and technology,759,silver,293,netbag,13
Basic actions and technology,759,silver,3137,oar,5
Basic actions and technology,759,silver,914,sculptor,12
Basic actions and technology,760,knot,1001,blacksmith,3
Basic actions and technology,760,knot,1002,statue,13
Basic actions and technology,760,knot,1042,carpenter,4
Basic actions and technology,760,knot,1069,glue,1
Basic actions and technology,760,knot,135,boomerang,24
Basic actions and technology,760,knot,1361,tool,2
Basic actions and technology,760,knot,1369,gold,2
Basic actions and technology,760,knot,1399,clay,2
Basic actions and technology,760,knot,1454,wipe,1
Basic actions and technology,760,knot,1501,bore,1
Basic actions and technology,760,knot,155,chop,1
Basic actions and technology,760,knot,161,miss,1
Basic actions and technology,760,knot,1648,anvil,10
Basic actions and technology,760,knot,1825,copper,4
Basic actions and technology,760,knot,1948,saw,2
Basic actions and technology,760,knot,195,mat,6
Basic actions and technology,760,knot,1971,fan,5
Basic actions and technology,760,knot,1979,chisel,6
Basic actions and technology,760,knot,211,cast,13
Basic actions and technology,760,knot,228,carve,1
Basic actions and technology,760,knot,234,paddle,6
Basic actions and technology,760,knot,2866,drop,2
Basic actions and technology,760,knot,288,forge,10
Basic actions and technology,760,knot,289,mold,3
Basic actions and technology,760,knot,290,adze,11
Basic actions and technology,760,knot,291,pull off,1
Basic actions and technology,760,knot,292,rug,7
Basic actions and technology,760,knot,293,netbag,14
Basic actions and technology,760,knot,294,tumpline,30
Basic actions and technology,760,knot,295,whetstone,3
Basic actions and technology,760,knot,3072,misplace,1
Basic actions and technology,760,knot,3137,oar,6
Basic actions and technology,760,knot,3217,tin or tinplate,8
Basic actions and technology,760,knot,3294,braid,1
Basic actions and technology,760,knot,354,pound,1
Basic actions and technology,760,knot,356,shears,1
Basic actions and technology,760,knot,359,potter,8
Basic actions and technology,760,knot,360,fan,2
Basic actions and technology,760,knot,361,peg,6
Basic actions and technology,760,knot,627,lead,3
Basic actions and technology,760,knot,759,silver,2
Basic actions and technology,760,knot,914,sculptor,15
Basic actions and technology,813,do,1001,blacksmith,3
Basic actions and technology,813,do,135,boomerang,23
Basic actions and technology,813,do,1648,anvil,9
Basic actions and technology,813,do,195,mat,5
Basic actions and technology,813,do,288,forge,9
Basic actions and technology,813,do,292,rug,7
Basic actions and technology,813,do,293,netbag,14
Basic actions and technology,813,do,294,tumpline,28
Basic actions and technology,813,do,3217,tin or tinplate,7
Basic actions and technology,1539,basket,1001,blacksmith,4
Basic actions and technology,2001,painting,1001,blacksmith,3
Basic actions and technology,3072,misplace,1001,blacksmith,2
Basic actions and technology,604,glass,1001,blacksmith,3
Basic actions and technology,621,iron,1001,blacksmith,4
Basic actions and technology,647,paint,1001,blacksmith,3
Basic actions and technology,1361,tool,1002,statue,11
Basic actions and technology,1369,gold,1002,statue,10
Basic actions and technology,1481,hammer,1002,statue,12
Basic actions and technology,1501,bore,1002,statue,13
Basic actions and technology,1539,basket,1002,statue,13
Basic actions and technology,1913,press,1002,statue,14
Basic actions and technology,1948,saw,1002,statue,11
Basic actions and technology,2001,painting,1002,statue,13
Basic actions and technology,214,stretch,1002,statue,13
Basic actions and technology,228,carve,1002,statue,10
Basic actions and technology,245,broom,1002,statue,12
Basic actions and technology,3072,misplace,1002,statue,12
Basic actions and technology,3294,braid,1002,statue,13
Basic actions and technology,360,fan,1002,statue,10
Basic actions and technology,502,nail,1002,statue,13
Basic actions and technology,604,glass,1002,statue,12
Basic actions and technology,621,iron,1002,statue,12
Basic actions and technology,627,lead,1002,statue,9
Basic actions and technology,647,paint,1002,statue,13
Basic actions and technology,759,silver,1002,statue,10
Basic actions and technology,1369,gold,1042,carpenter,3
Basic actions and technology,1481,hammer,1042,carpenter,4
Basic actions and technology,1539,basket,1042,carpenter,5
Basic actions and technology,2001,painting,1042,carpenter,4
Basic actions and technology,502,nail,1042,carpenter,5
Basic actions and technology,604,glass,1042,carpenter,4
Basic actions and technology,621,iron,1042,carpenter,5
Basic actions and technology,647,paint,1042,carpenter,4
Basic actions and technology,1539,basket,1069,glue,1
Basic actions and technology,621,iron,1069,glue,1
Basic actions and technology,1454,wipe,135,boomerang,21
Basic actions and technology,361,peg,135,boomerang,14
Basic actions and technology,1481,hammer,1361,tool,1
Basic actions and technology,1539,basket,1361,tool,2
Basic actions and technology,2001,painting,1361,tool,2
Basic actions and technology,502,nail,1361,tool,2
Basic actions and technology,604,glass,1361,tool,2
Basic actions and technology,621,iron,1361,tool,2
Basic actions and technology,647,paint,1361,tool,2
Basic actions and technology,1539,basket,1369,gold,2
Basic actions and technology,621,iron,1369,gold,2
Basic actions and technology,1539,basket,1399,clay,2
Basic actions and technology,1481,hammer,1501,bore,1
Basic actions and technology,1539,basket,1501,bore,1
Basic actions and technology,502,nail,1501,bore,1
Basic actions and technology,621,iron,1501,bore,1
Basic actions and technology,1481,hammer,155,chop,1
Basic actions and technology,1539,basket,155,chop,1
Basic actions and technology,1913,press,155,chop,1
Basic actions and technology,214,stretch,155,chop,1
Basic actions and technology,3190,broken,155,chop,1
Basic actions and technology,502,nail,155,chop,1
Basic actions and technology,621,iron,155,chop,1
Basic actions and technology,1481,hammer,1627,chain,1
Basic actions and technology,1539,basket,1627,chain,1
Basic actions and technology,1913,press,1627,chain,1
Basic actions and technology,214,stretch,1627,chain,1
Basic actions and technology,3190,broken,1627,chain,1
Basic actions and technology,502,nail,1627,chain,1
Basic actions and technology,621,iron,1627,chain,1
Basic actions and technology,760,knot,1627,chain,1
Basic actions and technology,1369,gold,1648,anvil,9
Basic actions and technology,1399,clay,1648,anvil,9
Basic actions and technology,1454,wipe,1648,anvil,7
Basic actions and technology,1539,basket,1648,anvil,11
Basic actions and technology,1979,chisel,1648,anvil,5
Basic actions and technology,2001,painting,1648,anvil,10
Basic actions and technology,604,glass,1648,anvil,9
Basic actions and technology,621,iron,1648,anvil,11
Basic actions and technology,627,lead,1648,anvil,7
Basic actions and technology,647,paint,1648,anvil,10
Basic actions and technology,759,silver,1648,anvil,8
Basic actions and technology,1481,hammer,1767,scrape,1
Basic actions and technology,1539,basket,1767,scrape,1
Basic actions and technology,1913,press,1767,scrape,1
Basic actions and technology,214,stretch,1767,scrape,1
Basic actions and technology,3190,broken,1767,scrape,1
Basic actions and technology,502,nail,1767,scrape,1
Basic actions and technology,621,iron,1767,scrape,1
Basic actions and technology,760,knot,1767,scrape,1
Basic actions and technology,1539,basket,1825,copper,5
Basic actions and technology,2001,painting,1825,copper,4
Basic actions and technology,604,glass,1825,copper,4
Basic actions and technology,621,iron,1825,copper,5
Basic actions and technology,647,paint,1825,copper,4
Basic actions and technology,1481,hammer,1948,saw,2
Basic actions and technology,1539,basket,1948,saw,2
Basic actions and technology,502,nail,1948,saw,2
Basic actions and technology,621,iron,1948,saw,2
Basic actions and technology,1454,wipe,195,mat,3
Basic actions and technology,2001,painting,1971,fan,5
Basic actions and technology,360,fan,1971,fan,2
Basic actions and technology,647,paint,1971,fan,5
Basic actions and technology,1454,wipe,1979,chisel,5
Basic actions and technology,2001,painting,1979,chisel,6
Basic actions and technology,647,paint,1979,chisel,6
Basic actions and technology,1369,gold,211,cast,10
Basic actions and technology,1399,clay,211,cast,12
Basic actions and technology,1454,wipe,211,cast,10
Basic actions and technology,1539,basket,211,cast,13
Basic actions and technology,2001,painting,211,cast,13
Basic actions and technology,228,carve,211,cast,11
Basic actions and technology,3072,misplace,211,cast,12
Basic actions and technology,3294,braid,211,cast,13
Basic actions and technology,604,glass,211,cast,12
Basic actions and technology,621,iron,211,cast,13
Basic actions and technology,627,lead,211,cast,9
Basic actions and technology,647,paint,211,cast,13
Basic actions and technology,759,silver,211,cast,10
Basic actions and technology,2001,painting,228,carve,1
Basic actions and technology,647,paint,228,carve,1
Basic actions and technology,1539,basket,245,broom,1
Basic actions and technology,502,nail,245,broom,1
Basic actions and technology,621,iron,245,broom,1
Basic actions and technology,1369,gold,288,forge,8
Basic actions and technology,1399,clay,288,forge,9
Basic actions and technology,1454,wipe,288,forge,8
Basic actions and technology,1539,basket,288,forge,10
Basic actions and technology,2001,painting,288,forge,10
Basic actions and technology,228,carve,288,forge,9
Basic actions and technology,3294,braid,288,forge,11
Basic actions and technology,604,glass,288,forge,9
Basic actions and technology,621,iron,288,forge,10
Basic actions and technology,647,paint,288,forge,10
Basic actions and technology,1399,clay,289,mold,4
Basic actions and technology,1539,basket,289,mold,4
Basic actions and technology,2001,painting,289,mold,3
Basic actions and technology,228,carve,289,mold,3
Basic actions and technology,3294,braid,289,mold,4
Basic actions and technology,604,glass,289,mold,3
Basic actions and technology,647,paint,289,mold,3
Basic actions and technology,1069,glue,290,adze,9
Basic actions and technology,1454,wipe,290,adze,7
Basic actions and technology,1481,hammer,290,adze,11
Basic actions and technology,1539,basket,290,adze,11
Basic actions and technology,1913,press,290,adze,11
Basic actions and technology,214,stretch,290,adze,11
Basic actions and technology,3190,broken,290,adze,11
Basic actions and technology,3294,braid,290,adze,10
Basic actions and technology,502,nail,290,adze,11
Basic actions and technology,621,iron,290,adze,10
Basic actions and technology,759,silver,290,adze,9
Basic actions and technology,1481,hammer,291,pull off,1
Basic actions and technology,1539,basket,291,pull off,1
Basic actions and technology,1913,press,291,pull off,1
Basic actions and technology,214,stretch,291,pull off,1
Basic actions and technology,502,nail,291,pull off,1
Basic actions and technology,621,iron,291,pull off,1
Basic actions and technology,2001,painting,292,rug,7
Basic actions and technology,647,paint,292,rug,7
Basic actions and technology,1971,fan,293,netbag,11
Basic actions and technology,2001,painting,293,netbag,15
Basic actions and technology,360,fan,293,netbag,12
Basic actions and technology,647,paint,293,netbag,15
Basic actions and technology,1454,wipe,3217,tin or tinplate,6
Basic actions and technology,1539,basket,3217,tin or tinplate,9
Basic actions and technology,2001,painting,3217,tin or tinplate,8
Basic actions and technology,228,carve,3217,tin or tinplate,6
Basic actions and technology,3294,braid,3217,tin or tinplate,8
Basic actions and technology,604,glass,3217,tin or tinplate,7
Basic actions and technology,647,paint,3217,tin or tinplate,8
Basic actions and technology,1539,basket,3294,braid,1
Basic actions and technology,1481,hammer,354,pound,1
Basic actions and technology,1539,basket,354,pound,1
Basic actions and technology,1913,press,354,pound,1
Basic actions and technology,214,stretch,354,pound,1
Basic actions and technology,3190,broken,354,pound,1
Basic actions and technology,502,nail,354,pound,1
Basic actions and technology,621,iron,354,pound,1
Basic actions and technology,1481,hammer,356,shears,1
Basic actions and technology,1539,basket,356,shears,1
Basic actions and technology,1913,press,356,shears,1
Basic actions and technology,214,stretch,356,shears,1
Basic actions and technology,3190,broken,356,shears,1
Basic actions and technology,502,nail,356,shears,1
Basic actions and technology,621,iron,356,shears,1
Basic actions and technology,1539,basket,359,potter,8
Basic actions and technology,2001,painting,359,potter,8
Basic actions and technology,228,carve,359,potter,7
Basic actions and technology,289,mold,359,potter,2
Basic actions and technology,3294,braid,359,potter,8
Basic actions and technology,604,glass,359,potter,8
Basic actions and technology,647,paint,359,potter,8
Basic actions and technology,1539,basket,604,glass,1
Basic actions and technology,1539,basket,627,lead,4
Basic actions and technology,2001,painting,627,lead,3
Basic actions and technology,604,glass,627,lead,2
Basic actions and technology,647,paint,627,lead,3
Basic actions and technology,1539,basket,759,silver,2
Basic actions and technology,2001,painting,759,silver,2
Basic actions and technology,604,glass,759,silver,2
Basic actions and technology,621,iron,759,silver,2
Basic actions and technology,647,paint,759,silver,2
Basic actions and technology,1481,hammer,813,do,2
Basic actions and technology,1539,basket,813,do,2
Basic actions and technology,1913,press,813,do,1
Basic actions and technology,214,stretch,813,do,2
Basic actions and technology,3190,broken,813,do,2
Basic actions and technology,356,shears,813,do,2
Basic actions and technology,502,nail,813,do,2
Basic actions and technology,621,iron,813,do,1
Basic actions and technology,760,knot,813,do,2
Basic actions and technology,1454,wipe,914,sculptor,13
Basic actions and technology,1979,chisel,914,sculptor,9
Basic actions and technology,2001,painting,914,sculptor,15
Basic actions and technology,3072,misplace,914,sculptor,14
Basic actions and technology,647,paint,914,sculptor,15
Clothing and grooming,1021,towel,233,snowshoe,24
Clothing and grooming,1043,braid,233,snowshoe,25
Clothing and grooming,1161,thread,1021,towel,1
Clothing and grooming,1161,thread,1029,jewel,8
Clothing and grooming,1161,thread,1043,braid,2
Clothing and grooming,1161,thread,1151,veil,15
Clothing and grooming,1161,thread,151,razor,4
Clothing and grooming,1161,thread,157,dye,3
Clothing and grooming,1161,thread,1754,bracelet,1
Clothing and grooming,1161,thread,1821,brush,4
Clothing and grooming,1161,thread,1860,bead,1
Clothing and grooming,1161,thread,1926,ointment,1
Clothing and grooming,1161,thread,2012,collar,3
Clothing and grooming,1161,thread,233,snowshoe,26
Clothing and grooming,1161,thread,326,cloak,14
Clothing and grooming,1161,thread,327,poncho,21
Clothing and grooming,1161,thread,328,grass-skirt,29
Clothing and grooming,1161,thread,332,rag,1
Clothing and grooming,1161,thread,3457,headband or headdress,4
Clothing and grooming,1161,thread,474,dress,1
Clothing and grooming,1161,thread,585,boot,4
Clothing and grooming,1161,thread,603,coat,4
Clothing and grooming,1161,thread,64,pin,4
Clothing and grooming,1161,thread,68,tattoo,10
Clothing and grooming,1161,thread,757,button,1
Clothing and grooming,1161,thread,867,glove,10
Clothing and grooming,1161,thread,875,shoemaker,10
Clothing and grooming,1161,thread,917,ornament,3
Clothing and grooming,1171,mirror,233,snowshoe,25
Clothing and grooming,121,spin,1787,loom,9
Clothing and grooming,121,spin,233,snowshoe,24
Clothing and grooming,121,spin,277,spindle,4
Clothing and grooming,121,spin,278,awl,7
Clothing and grooming,121,spin,328,grass-skirt,27
Clothing and grooming,133,weave,1151,veil,12
Clothing and grooming,133,weave,327,poncho,18
Clothing and grooming,133,weave,328,grass-skirt,26
Clothing and grooming,1374,ring,1021,towel,1
Clothing and grooming,1374,ring,1043,braid,2
Clothing and grooming,1374,ring,151,razor,4
Clothing and grooming,1374,ring,1754,bracelet,1
Clothing and grooming,1374,ring,1821,brush,4
Clothing and grooming,1374,ring,1860,bead,1
Clothing and grooming,1374,ring,1926,ointment,1
Clothing and grooming,1374,ring,233,snowshoe,25
Clothing and grooming,1374,ring,332,rag,1
Clothing and grooming,1374,ring,3457,headband or headdress,4
Clothing and grooming,1374,ring,68,tattoo,10
Clothing and grooming,1475,comb,1043,braid,2
Clothing and grooming,1475,comb,151,razor,4
Clothing and grooming,1475,comb,1821,brush,4
Clothing and grooming,1475,comb,1926,ointment,1
Clothing and grooming,1475,comb,233,snowshoe,26
Clothing and grooming,151,razor,233,snowshoe,22
Clothing and grooming,157,dye,1029,jewel,4
Clothing and grooming,157,dye,1151,veil,10
Clothing and grooming,157,dye,233,snowshoe,21
Clothing and grooming,157,dye,326,cloak,10
Clothing and grooming,157,dye,327,poncho,15
Clothing and grooming,157,dye,328,grass-skirt,23
Clothing and grooming,157,dye,867,glove,6
Clothing and grooming,157,dye,875,shoemaker,6
Clothing and grooming,1600,skirt,1021,towel,1
Clothing and grooming,1600,skirt,1029,jewel,8
Clothing and grooming,1600,skirt,1043,braid,2
Clothing and grooming,1600,skirt,1151,veil,15
Clothing and grooming,1600,skirt,151,razor,4
Clothing and grooming,1600,skirt,1754,bracelet,1
Clothing and grooming,1600,skirt,1821,brush,4
Clothing and grooming,1600,skirt,1860,bead,1
Clothing and grooming,1600,skirt,1926,ointment,1
Clothing and grooming,1600,skirt,233,snowshoe,26
Clothing and grooming,1600,skirt,328,grass-skirt,29
Clothing and grooming,1600,skirt,332,rag,1
Clothing and grooming,1600,skirt,3457,headband or headdress,4
Clothing and grooming,1600,skirt,585,boot,4
Clothing and grooming,1600,skirt,64,pin,4
Clothing and grooming,1600,skirt,68,tattoo,10
Clothing and grooming,1600,skirt,757,button,1
Clothing and grooming,1600,skirt,867,glove,10
Clothing and grooming,1600,skirt,875,shoemaker,10
Clothing and grooming,1600,skirt,917,ornament,3
Clothing and grooming,1616,cloth,1021,towel,1
Clothing and grooming,1616,cloth,1029,jewel,8
Clothing and grooming,1616,cloth,1043,braid,2
Clothing and grooming,1616,cloth,1151,veil,15
Clothing and grooming,1616,cloth,121,spin,3
Clothing and grooming,1616,cloth,133,weave,3
Clothing and grooming,1616,cloth,151,razor,4
Clothing and grooming,1616,cloth,157,dye,3
Clothing and grooming,1616,cloth,1641,silk,9
Clothing and grooming,1616,cloth,1754,bracelet,1
Clothing and grooming,1616,cloth,1787,loom,12
Clothing and grooming,1616,cloth,1821,brush,4
Clothing and grooming,1616,cloth,1850,cotton,6
Clothing and grooming,1616,cloth,1860,bead,1
Clothing and grooming,1616,cloth,1926,ointment,1
Clothing and grooming,1616,cloth,2012,collar,3
Clothing and grooming,1616,cloth,233,snowshoe,26
Clothing and grooming,1616,cloth,277,spindle,7
Clothing and grooming,1616,cloth,278,awl,10
Clothing and grooming,1616,cloth,325,felt,15
Clothing and grooming,1616,cloth,326,cloak,15
Clothing and grooming,1616,cloth,327,poncho,22
Clothing and grooming,1616,cloth,328,grass-skirt,30
Clothing and grooming,1616,cloth,332,rag,1
Clothing and grooming,1616,cloth,3457,headband or headdress,4
Clothing and grooming,1616,cloth,474,dress,1
Clothing and grooming,1616,cloth,585,boot,4
Clothing and grooming,1616,cloth,603,coat,4
Clothing and grooming,1616,cloth,629,leather,2
Clothing and grooming,1616,cloth,64,pin,4
Clothing and grooming,1616,cloth,68,tattoo,10
Clothing and grooming,1616,cloth,757,button,1
Clothing and grooming,1616,cloth,867,glove,10
Clothing and grooming,1616,cloth,875,shoemaker,11
Clothing and grooming,1616,cloth,916,linen,16
Clothing and grooming,1616,cloth,917,ornament,3
Clothing and grooming,1616,cloth,964,wool,7
Clothing and grooming,1641,silk,233,snowshoe,19
Clothing and grooming,1641,silk,325,felt,7
Clothing and grooming,1641,silk,326,cloak,6
Clothing and grooming,1641,silk,327,poncho,13
Clothing and grooming,1641,silk,875,shoemaker,2
Clothing and grooming,1754,bracelet,151,razor,3
Clothing and grooming,1754,bracelet,233,snowshoe,25
Clothing and grooming,1754,bracelet,68,tattoo,7
Clothing and grooming,1850,cotton,1029,jewel,4
Clothing and grooming,1850,cotton,325,felt,10
Clothing and grooming,1850,cotton,875,shoemaker,7
Clothing and grooming,1851,pocket,1021,towel,1
Clothing and grooming,1851,pocket,1029,jewel,7
Clothing and grooming,1851,pocket,1043,braid,1
Clothing and grooming,1851,pocket,151,razor,3
Clothing and grooming,1851,pocket,1754,bracelet,1
Clothing and grooming,1851,pocket,1821,brush,3
Clothing and grooming,1851,pocket,1860,bead,1
Clothing and grooming,1851,pocket,1926,ointment,1
Clothing and grooming,1851,pocket,233,snowshoe,24
Clothing and grooming,1851,pocket,332,rag,1
Clothing and grooming,1851,pocket,3457,headband or headdress,4
Clothing and grooming,1851,pocket,64,pin,3
Clothing and grooming,1851,pocket,68,tattoo,10
Clothing and grooming,1851,pocket,757,button,1
Clothing and grooming,1851,pocket,917,ornament,3
Clothing and grooming,1860,bead,1821,brush,3
Clothing and grooming,1860,bead,68,tattoo,9
Clothing and grooming,1895,clothes,1021,towel,1
Clothing and grooming,1895,clothes,1029,jewel,7
Clothing and grooming,1895,clothes,1043,braid,2
Clothing and grooming,1895,clothes,1151,veil,14
Clothing and grooming,1895,clothes,121,spin,3
Clothing and grooming,1895,clothes,133,weave,3
Clothing and grooming,1895,clothes,151,razor,4
Clothing and grooming,1895,clothes,157,dye,3
Clothing and grooming,1895,clothes,1641,silk,9
Clothing and grooming,1895,clothes,1754,bracelet,1
Clothing and grooming,1895,clothes,1787,loom,11
Clothing and grooming,1895,clothes,1821,brush,4
Clothing and grooming,1895,clothes,1850,cotton,5
Clothing and grooming,1895,clothes,1860,bead,1
Clothing and grooming,1895,clothes,1926,ointment,1
Clothing and grooming,1895,clothes,2012,collar,3
Clothing and grooming,1895,clothes,233,snowshoe,27
Clothing and grooming,1895,clothes,277,spindle,7
Clothing and grooming,1895,clothes,278,awl,10
Clothing and grooming,1895,clothes,325,felt,15
Clothing and grooming,1895,clothes,326,cloak,14
Clothing and grooming,1895,clothes,327,poncho,21
Clothing and grooming,1895,clothes,328,grass-skirt,29
Clothing and grooming,1895,clothes,332,rag,1
Clothing and grooming,1895,clothes,3457,headband or headdress,4
Clothing and grooming,1895,clothes,474,dress,1
Clothing and grooming,1895,clothes,585,boot,4
Clothing and grooming,1895,clothes,603,coat,4
Clothing and grooming,1895,clothes,629,leather,2
Clothing and grooming,1895,clothes,64,pin,4
Clothing and grooming,1895,clothes,68,tattoo,9
Clothing and grooming,1895,clothes,757,button,1
Clothing and grooming,1895,clothes,867,glove,10
Clothing and grooming,1895,clothes,875,shoemaker,11
Clothing and grooming,1895,clothes,881,tailor,9
Clothing and grooming,1895,clothes,916,linen,15
Clothing and grooming,1895,clothes,917,ornament,3
Clothing and grooming,1895,clothes,964,wool,7
Clothing and grooming,1926,ointment,233,snowshoe,24
Clothing and grooming,1961,necklace,1021,towel,1
Clothing and grooming,1961,necklace,1043,braid,2
Clothing and grooming,1961,necklace,151,razor,4
Clothing and grooming,1961,necklace,1821,brush,4
Clothing and grooming,1961,necklace,1860,bead,1
Clothing and grooming,1961,necklace,1926,ointment,1
Clothing and grooming,1961,necklace,233,snowshoe,25
Clothing and grooming,1961,necklace,332,rag,1
Clothing and grooming,1961,necklace,3457,headband or headdress,4
Clothing and grooming,1961,necklace,68,tattoo,10
Clothing and grooming,2012,collar,1029,jewel,5
Clothing and grooming,2012,collar,1151,veil,11
Clothing and grooming,2012,collar,233,snowshoe,22
Clothing and grooming,2012,collar,328,grass-skirt,24
Clothing and grooming,2012,collar,64,pin,1
Clothing and grooming,2012,collar,867,glove,7
Clothing and grooming,2012,collar,875,shoemaker,7
Clothing and grooming,2130,headgear,1021,towel,1
Clothing and grooming,2130,headgear,1029,jewel,7
Clothing and grooming,2130,headgear,1043,braid,1
Clothing and grooming,2130,headgear,1151,veil,14
Clothing and grooming,2130,headgear,151,razor,3
Clothing and grooming,2130,headgear,1754,bracelet,1
Clothing and grooming,2130,headgear,1821,brush,3
Clothing and grooming,2130,headgear,1860,bead,1
Clothing and grooming,2130,headgear,1926,ointment,1
Clothing and grooming,2130,headgear,233,snowshoe,26
Clothing and grooming,2130,headgear,332,rag,1
Clothing and grooming,2130,headgear,3457,headband or headdress,4
Clothing and grooming,2130,headgear,64,pin,3
Clothing and grooming,2130,headgear,68,tattoo,10
Clothing and grooming,2130,headgear,757,button,1
Clothing and grooming,2130,headgear,867,glove,9
Clothing and grooming,2130,headgear,917,ornament,3
Clothing and grooming,278,awl,233,snowshoe,14
Clothing and grooming,329,stocking,1021,towel,1
Clothing and grooming,329,stocking,1029,jewel,8
Clothing and grooming,329,stocking,1043,braid,2
Clothing and grooming,329,stocking,1151,veil,15
Clothing and grooming,329,stocking,151,razor,4
Clothing and grooming,329,stocking,1754,bracelet,1
Clothing and grooming,329,stocking,1821,brush,4
Clothing and grooming,329,stocking,1860,bead,1
Clothing and grooming,329,stocking,1926,ointment,1
Clothing and grooming,329,stocking,233,snowshoe,26
Clothing and grooming,329,stocking,332,rag,1
Clothing and grooming,329,stocking,3457,headband or headdress,4
Clothing and grooming,329,stocking,585,boot,4
Clothing and grooming,329,stocking,64,pin,4
Clothing and grooming,329,stocking,68,tattoo,10
Clothing and grooming,329,stocking,757,button,1
Clothing and grooming,329,stocking,867,glove,10
Clothing and grooming,329,stocking,875,shoemaker,10
Clothing and grooming,329,stocking,917,ornament,3
Clothing and grooming,332,rag,233,snowshoe,25
Clothing and grooming,474,dress,1029,jewel,7
Clothing and grooming,474,dress,1043,braid,1
Clothing and grooming,474,dress,1151,veil,13
Clothing and grooming,474,dress,151,razor,3
Clothing and grooming,474,dress,1821,brush,2
Clothing and grooming,474,dress,2012,collar,2
Clothing and grooming,474,dress,233,snowshoe,25
Clothing and grooming,474,dress,328,grass-skirt,28
Clothing and grooming,474,dress,585,boot,3
Clothing and grooming,474,dress,603,coat,3
Clothing and grooming,474,dress,64,pin,3
Clothing and grooming,474,dress,68,tattoo,9
Clothing and grooming,474,dress,757,button,1
Clothing and grooming,474,dress,867,glove,8
Clothing and grooming,474,dress,875,shoemaker,10
Clothing and grooming,585,boot,1151,veil,11
Clothing and grooming,585,boot,233,snowshoe,23
Clothing and grooming,585,boot,875,shoemaker,7
Clothing and grooming,603,coat,1151,veil,11
Clothing and grooming,603,coat,233,snowshoe,22
Clothing and grooming,603,coat,328,grass-skirt,26
Clothing and grooming,603,coat,867,glove,6
Clothing and grooming,603,coat,875,shoemaker,7
Clothing and grooming,629,leather,1029,jewel,6
Clothing and grooming,629,leather,1151,veil,13
Clothing and grooming,629,leather,1787,loom,10
Clothing and grooming,629,leather,233,snowshoe,25
Clothing and grooming,629,leather,277,spindle,5
Clothing and grooming,629,leather,278,awl,8
Clothing and grooming,629,leather,326,cloak,13
Clothing and grooming,629,leather,327,poncho,20
Clothing and grooming,629,leather,875,shoemaker,9
Clothing and grooming,64,pin,233,snowshoe,20
Clothing and grooming,757,button,1029,jewel,6
Clothing and grooming,757,button,233,snowshoe,24
Clothing and grooming,757,button,64,pin,2
Clothing and grooming,757,button,917,ornament,2
Clothing and grooming,770,earring,1021,towel,1
Clothing and grooming,770,earring,1043,braid,2
Clothing and grooming,770,earring,151,razor,4
Clothing and grooming,770,earring,1821,brush,4
Clothing and grooming,770,earring,1926,ointment,1
Clothing and grooming,770,earring,233,snowshoe,26
Clothing and grooming,770,earring,332,rag,1
Clothing and grooming,770,earring,3457,headband or headdress,4
Clothing and grooming,770,earring,68,tattoo,10
Clothing and grooming,772,belt,1021,towel,1
Clothing and grooming,772,belt,1029,jewel,7
Clothing and grooming,772,belt,1043,braid,1
Clothing and grooming,772,belt,1151,veil,14
Clothing and grooming,772,belt,151,razor,3
Clothing and grooming,772,belt,1754,bracelet,1
Clothing and grooming,772,belt,1821,brush,3
Clothing and grooming,772,belt,1860,bead,1
Clothing and grooming,772,belt,1926,ointment,1
Clothing and grooming,772,belt,233,snowshoe,26
Clothing and grooming,772,belt,332,rag,1
Clothing and grooming,772,belt,3457,headband or headdress,4
Clothing and grooming,772,belt,64,pin,3
Clothing and grooming,772,belt,68,tattoo,10
Clothing and grooming,772,belt,757,button,1
Clothing and grooming,772,belt,867,glove,9
Clothing and grooming,772,belt,917,ornament,3
Clothing and grooming,809,trousers,1021,towel,1
Clothing and grooming,809,trousers,1029,jewel,8
Clothing and grooming,809,trousers,1043,braid,2
Clothing and grooming,809,trousers,1151,veil,15
Clothing and grooming,809,trousers,151,razor,4
Clothing and grooming,809,trousers,1754,bracelet,1
Clothing and grooming,809,trousers,1821,brush,4
Clothing and grooming,809,trousers,1860,bead,1
Clothing and grooming,809,trousers,1926,ointment,1
Clothing and grooming,809,trousers,233,snowshoe,26
Clothing and grooming,809,trousers,332,rag,1
Clothing and grooming,809,trousers,3457,headband or headdress,4
Clothing and grooming,809,trousers,585,boot,4
Clothing and grooming,809,trousers,64,pin,4
Clothing and grooming,809,trousers,68,tattoo,10
Clothing and grooming,809,trousers,757,button,1
Clothing and grooming,809,trousers,867,glove,10
Clothing and grooming,809,trousers,875,shoemaker,11
Clothing and grooming,809,trousers,917,ornament,3
Clothing and grooming,875,shoemaker,233,snowshoe,16
Clothing and grooming,881,tailor,1151,veil,5
Clothing and grooming,881,tailor,325,felt,7
Clothing and grooming,881,tailor,875,shoemaker,3
Clothing and grooming,881,tailor,916,linen,6
Clothing and grooming,917,ornament,233,snowshoe,22
Clothing and grooming,964,wool,1151,veil,8
Clothing and grooming,964,wool,233,snowshoe,19
Clothing and grooming,964,wool,278,awl,3
Clothing and grooming,964,wool,325,felt,7
Clothing and grooming,964,wool,326,cloak,7
Clothing and grooming,964,wool,327,poncho,14
Clothing and grooming,964,wool,875,shoemaker,3
Clothing and grooming,964,wool,916,linen,8
Clothing and grooming,1171,mirror,1021,towel,1
Clothing and grooming,1475,comb,1021,towel,1
Clothing and grooming,1021,towel,1029,jewel,7
Clothing and grooming,1171,mirror,1029,jewel,7
Clothing and grooming,1374,ring,1029,jewel,8
Clothing and grooming,1475,comb,1029,jewel,8
Clothing and grooming,1754,bracelet,1029,jewel,8
Clothing and grooming,1860,bead,1029,jewel,8
Clothing and grooming,1926,ointment,1029,jewel,8
Clothing and grooming,1961,necklace,1029,jewel,8
Clothing and grooming,332,rag,1029,jewel,8
Clothing and grooming,770,earring,1029,jewel,8
Clothing and grooming,1171,mirror,1043,braid,1
Clothing and grooming,1021,towel,1151,veil,14
Clothing and grooming,1043,braid,1151,veil,12
Clothing and grooming,1171,mirror,1151,veil,14
Clothing and grooming,1374,ring,1151,veil,15
Clothing and grooming,1475,comb,1151,veil,15
Clothing and grooming,1754,bracelet,1151,veil,13
Clothing and grooming,1851,pocket,1151,veil,14
Clothing and grooming,1860,bead,1151,veil,14
Clothing and grooming,1926,ointment,1151,veil,13
Clothing and grooming,1961,necklace,1151,veil,15
Clothing and grooming,332,rag,1151,veil,14
Clothing and grooming,757,button,1151,veil,13
Clothing and grooming,770,earring,1151,veil,15
Clothing and grooming,1161,thread,121,spin,3
Clothing and grooming,1171,mirror,121,spin,2
Clothing and grooming,1374,ring,121,spin,3
Clothing and grooming,1475,comb,121,spin,3
Clothing and grooming,1600,skirt,121,spin,3
Clothing and grooming,1851,pocket,121,spin,2
Clothing and grooming,1961,necklace,121,spin,3
Clothing and grooming,2130,headgear,121,spin,2
Clothing and grooming,329,stocking,121,spin,3
Clothing and grooming,474,dress,121,spin,2
Clothing and grooming,770,earring,121,spin,3
Clothing and grooming,772,belt,121,spin,2
Clothing and grooming,809,trousers,121,spin,3
Clothing and grooming,1161,thread,133,weave,3
Clothing and grooming,1171,mirror,133,weave,3
Clothing and grooming,1374,ring,133,weave,3
Clothing and grooming,1475,comb,133,weave,3
Clothing and grooming,1600,skirt,133,weave,3
Clothing and grooming,1851,pocket,133,weave,3
Clothing and grooming,1961,necklace,133,weave,3
Clothing and grooming,2130,headgear,133,weave,3
Clothing and grooming,329,stocking,133,weave,3
Clothing and grooming,770,earring,133,weave,3
Clothing and grooming,772,belt,133,weave,3
Clothing and grooming,809,trousers,133,weave,3
Clothing and grooming,1171,mirror,151,razor,3
Clothing and grooming,1021,towel,157,dye,2
Clothing and grooming,1171,mirror,157,dye,3
Clothing and grooming,1374,ring,157,dye,3
Clothing and grooming,1475,comb,157,dye,3
Clothing and grooming,1600,skirt,157,dye,3
Clothing and grooming,1851,pocket,157,dye,3
Clothing and grooming,1961,necklace,157,dye,3
Clothing and grooming,2130,headgear,157,dye,3
Clothing and grooming,329,stocking,157,dye,3
Clothing and grooming,757,button,157,dye,2
Clothing and grooming,770,earring,157,dye,3
Clothing and grooming,772,belt,157,dye,3
Clothing and grooming,809,trousers,157,dye,3
Clothing and grooming,1021,towel,1641,silk,7
Clothing and grooming,1043,braid,1641,silk,7
Clothing and grooming,1161,thread,1641,silk,8
Clothing and grooming,1171,mirror,1641,silk,7
Clothing and grooming,1374,ring,1641,silk,8
Clothing and grooming,1475,comb,1641,silk,8
Clothing and grooming,157,dye,1641,silk,4
Clothing and grooming,1600,skirt,1641,silk,8
Clothing and grooming,1851,pocket,1641,silk,8
Clothing and grooming,1926,ointment,1641,silk,6
Clothing and grooming,1961,necklace,1641,silk,8
Clothing and grooming,2012,collar,1641,silk,5
Clothing and grooming,2130,headgear,1641,silk,8
Clothing and grooming,329,stocking,1641,silk,8
Clothing and grooming,332,rag,1641,silk,7
Clothing and grooming,474,dress,1641,silk,8
Clothing and grooming,603,coat,1641,silk,5
Clothing and grooming,629,leather,1641,silk,7
Clothing and grooming,757,button,1641,silk,6
Clothing and grooming,770,earring,1641,silk,8
Clothing and grooming,772,belt,1641,silk,8
Clothing and grooming,809,trousers,1641,silk,9
Clothing and grooming,1171,mirror,1754,bracelet,1
Clothing and grooming,1475,comb,1754,bracelet,1
Clothing and grooming,1860,bead,1754,bracelet,1
Clothing and grooming,1961,necklace,1754,bracelet,1
Clothing and grooming,770,earring,1754,bracelet,1
Clothing and grooming,1043,braid,1787,loom,10
Clothing and grooming,1161,thread,1787,loom,11
Clothing and grooming,1171,mirror,1787,loom,10
Clothing and grooming,1374,ring,1787,loom,11
Clothing and grooming,1475,comb,1787,loom,11
Clothing and grooming,1600,skirt,1787,loom,11
Clothing and grooming,1851,pocket,1787,loom,11
Clothing and grooming,1926,ointment,1787,loom,9
Clothing and grooming,1961,necklace,1787,loom,11
Clothing and grooming,2130,headgear,1787,loom,11
Clothing and grooming,329,stocking,1787,loom,11
Clothing and grooming,332,rag,1787,loom,10
Clothing and grooming,474,dress,1787,loom,11
Clothing and grooming,770,earring,1787,loom,11
Clothing and grooming,772,belt,1787,loom,11
Clothing and grooming,809,trousers,1787,loom,12
Clothing and grooming,1171,mirror,1821,brush,3
Clothing and grooming,1161,thread,1850,cotton,5
Clothing and grooming,1171,mirror,1850,cotton,4
Clothing and grooming,1374,ring,1850,cotton,5
Clothing and grooming,1475,comb,1850,cotton,5
Clothing and grooming,1600,skirt,1850,cotton,5
Clothing and grooming,1851,pocket,1850,cotton,5
Clothing and grooming,1860,bead,1850,cotton,4
Clothing and grooming,1961,necklace,1850,cotton,5
Clothing and grooming,2130,headgear,1850,cotton,5
Clothing and grooming,329,stocking,1850,cotton,5
Clothing and grooming,474,dress,1850,cotton,4
Clothing and grooming,629,leather,1850,cotton,4
Clothing and grooming,770,earring,1850,cotton,5
Clothing and grooming,772,belt,1850,cotton,5
Clothing and grooming,809,trousers,1850,cotton,6
Clothing and grooming,1171,mirror,1860,bead,1
Clothing and grooming,1475,comb,1860,bead,1
Clothing and grooming,770,earring,1860,bead,1
Clothing and grooming,1171,mirror,1926,ointment,1
Clothing and grooming,1021,towel,2012,collar,2
Clothing and grooming,1171,mirror,2012,collar,2
Clothing and grooming,1374,ring,2012,collar,3
Clothing and grooming,1475,comb,2012,collar,3
Clothing and grooming,1600,skirt,2012,collar,3
Clothing and grooming,1851,pocket,2012,collar,2
Clothing and grooming,1961,necklace,2012,collar,3
Clothing and grooming,2130,headgear,2012,collar,2
Clothing and grooming,329,stocking,2012,collar,3
Clothing and grooming,757,button,2012,collar,1
Clothing and grooming,770,earring,2012,collar,3
Clothing and grooming,772,belt,2012,collar,2
Clothing and grooming,809,trousers,2012,collar,3
Clothing and grooming,1161,thread,277,spindle,7
Clothing and grooming,1171,mirror,277,spindle,6
Clothing and grooming,1374,ring,277,spindle,7
Clothing and grooming,1475,comb,277,spindle,7
Clothing and grooming,1600,skirt,277,spindle,7
Clothing and grooming,1851,pocket,277,spindle,6
Clothing and grooming,1961,necklace,277,spindle,7
Clothing and grooming,2130,headgear,277,spindle,6
Clothing and grooming,329,stocking,277,spindle,7
Clothing and grooming,474,dress,277,spindle,6
Clothing and grooming,770,earring,277,spindle,7
Clothing and grooming,772,belt,277,spindle,6
Clothing and grooming,809,trousers,277,spindle,7
Clothing and grooming,1021,towel,278,awl,9
Clothing and grooming,1043,braid,278,awl,8
Clothing and grooming,1161,thread,278,awl,10
Clothing and grooming,1171,mirror,278,awl,9
Clothing and grooming,1374,ring,278,awl,10
Clothing and grooming,1475,comb,278,awl,10
Clothing and grooming,157,dye,278,awl,6
Clothing and grooming,1600,skirt,278,awl,10
Clothing and grooming,1851,pocket,278,awl,9
Clothing and grooming,1961,necklace,278,awl,10
Clothing and grooming,2012,collar,278,awl,7
Clothing and grooming,2130,headgear,278,awl,9
Clothing and grooming,329,stocking,278,awl,10
Clothing and grooming,474,dress,278,awl,9
Clothing and grooming,585,boot,278,awl,6
Clothing and grooming,603,coat,278,awl,6
Clothing and grooming,64,pin,278,awl,6
Clothing and grooming,757,button,278,awl,8
Clothing and grooming,770,earring,278,awl,10
Clothing and grooming,772,belt,278,awl,9
Clothing and grooming,809,trousers,278,awl,10
Clothing and grooming,1021,towel,325,felt,13
Clothing and grooming,1029,jewel,325,felt,6
Clothing and grooming,1043,braid,325,felt,13
Clothing and grooming,1161,thread,325,felt,14
Clothing and grooming,1171,mirror,325,felt,13
Clothing and grooming,121,spin,325,felt,12
Clothing and grooming,1374,ring,325,felt,14
Clothing and grooming,1475,comb,325,felt,14
Clothing and grooming,157,dye,325,felt,10
Clothing and grooming,1600,skirt,325,felt,14
Clothing and grooming,1754,bracelet,325,felt,13
Clothing and grooming,1851,pocket,325,felt,14
Clothing and grooming,1860,bead,325,felt,13
Clothing and grooming,1926,ointment,325,felt,13
Clothing and grooming,1961,necklace,325,felt,14
Clothing and grooming,2012,collar,325,felt,11
Clothing and grooming,2130,headgear,325,felt,14
Clothing and grooming,278,awl,325,felt,4
Clothing and grooming,329,stocking,325,felt,14
Clothing and grooming,332,rag,325,felt,14
Clothing and grooming,474,dress,325,felt,13
Clothing and grooming,585,boot,325,felt,11
Clothing and grooming,603,coat,325,felt,11
Clothing and grooming,629,leather,325,felt,13
Clothing and grooming,64,pin,325,felt,9
Clothing and grooming,757,button,325,felt,12
Clothing and grooming,770,earring,325,felt,14
Clothing and grooming,772,belt,325,felt,14
Clothing and grooming,809,trousers,325,felt,15
Clothing and grooming,867,glove,325,felt,5
Clothing and grooming,875,shoemaker,325,felt,4
Clothing and grooming,917,ornament,325,felt,12
Clothing and grooming,1021,towel,326,cloak,13
Clothing and grooming,1043,braid,326,cloak,13
Clothing and grooming,1171,mirror,326,cloak,13
Clothing and grooming,1374,ring,326,cloak,14
Clothing and grooming,1475,comb,326,cloak,14
Clothing and grooming,151,razor,326,cloak,10
Clothing and grooming,1600,skirt,326,cloak,14
Clothing and grooming,1754,bracelet,326,cloak,14
Clothing and grooming,1851,pocket,326,cloak,14
Clothing and grooming,1926,ointment,326,cloak,12
Clothing and grooming,1961,necklace,326,cloak,13
Clothing and grooming,2012,collar,326,cloak,11
Clothing and grooming,2130,headgear,326,cloak,14
Clothing and grooming,329,stocking,326,cloak,14
Clothing and grooming,332,rag,326,cloak,13
Clothing and grooming,474,dress,326,cloak,14
Clothing and grooming,585,boot,326,cloak,11
Clothing and grooming,603,coat,326,cloak,11
Clothing and grooming,757,button,326,cloak,12
Clothing and grooming,770,earring,326,cloak,14
Clothing and grooming,772,belt,326,cloak,14
Clothing and grooming,809,trousers,326,cloak,15
Clothing and grooming,875,shoemaker,326,cloak,3
Clothing and grooming,917,ornament,326,cloak,10
Clothing and grooming,1021,towel,327,poncho,20
Clothing and grooming,1029,jewel,327,poncho,11
Clothing and grooming,1043,braid,327,poncho,19
Clothing and grooming,1171,mirror,327,poncho,20
Clothing and grooming,1374,ring,327,poncho,21
Clothing and grooming,1475,comb,327,poncho,21
Clothing and grooming,1600,skirt,327,poncho,21
Clothing and grooming,1851,pocket,327,poncho,20
Clothing and grooming,1926,ointment,327,poncho,19
Clothing and grooming,1961,necklace,327,poncho,21
Clothing and grooming,2012,collar,327,poncho,16
Clothing and grooming,2130,headgear,327,poncho,21
Clothing and grooming,329,stocking,327,poncho,21
Clothing and grooming,332,rag,327,poncho,19
Clothing and grooming,474,dress,327,poncho,21
Clothing and grooming,585,boot,327,poncho,18
Clothing and grooming,603,coat,327,poncho,18
Clothing and grooming,757,button,327,poncho,19
Clothing and grooming,770,earring,327,poncho,21
Clothing and grooming,772,belt,327,poncho,21
Clothing and grooming,809,trousers,327,poncho,22
Clothing and grooming,1021,towel,328,grass-skirt,28
Clothing and grooming,1043,braid,328,grass-skirt,27
Clothing and grooming,1171,mirror,328,grass-skirt,28
Clothing and grooming,1374,ring,328,grass-skirt,29
Clothing and grooming,1475,comb,328,grass-skirt,29
Clothing and grooming,151,razor,328,grass-skirt,25
Clothing and grooming,1754,bracelet,328,grass-skirt,27
Clothing and grooming,1821,brush,328,grass-skirt,24
Clothing and grooming,1851,pocket,328,grass-skirt,28
Clothing and grooming,1860,bead,328,grass-skirt,27
Clothing and grooming,1926,ointment,328,grass-skirt,27
Clothing and grooming,1961,necklace,328,grass-skirt,28
Clothing and grooming,2130,headgear,328,grass-skirt,29
Clothing and grooming,329,stocking,328,grass-skirt,29
Clothing and grooming,332,rag,328,grass-skirt,27
Clothing and grooming,585,boot,328,grass-skirt,26
Clothing and grooming,68,tattoo,328,grass-skirt,15
Clothing and grooming,757,button,328,grass-skirt,27
Clothing and grooming,770,earring,328,grass-skirt,29
Clothing and grooming,772,belt,328,grass-skirt,29
Clothing and grooming,809,trousers,328,grass-skirt,30
Clothing and grooming,917,ornament,328,grass-skirt,25
Clothing and grooming,1171,mirror,332,rag,1
Clothing and grooming,1475,comb,332,rag,1
Clothing and grooming,1171,mirror,3457,headband or headdress,4
Clothing and grooming,1475,comb,3457,headband or headdress,4
Clothing and grooming,1374,ring,474,dress,1
Clothing and grooming,1475,comb,474,dress,1
Clothing and grooming,1600,skirt,474,dress,1
Clothing and grooming,1860,bead,474,dress,1
Clothing and grooming,1961,necklace,474,dress,1
Clothing and grooming,329,stocking,474,dress,1
Clothing and grooming,770,earring,474,dress,1
Clothing and grooming,809,trousers,474,dress,1
Clothing and grooming,1021,towel,585,boot,3
Clothing and grooming,1171,mirror,585,boot,3
Clothing and grooming,1374,ring,585,boot,4
Clothing and grooming,1475,comb,585,boot,4
Clothing and grooming,1851,pocket,585,boot,3
Clothing and grooming,1961,necklace,585,boot,4
Clothing and grooming,2130,headgear,585,boot,3
Clothing and grooming,757,button,585,boot,2
Clothing and grooming,770,earring,585,boot,4
Clothing and grooming,772,belt,585,boot,3
Clothing and grooming,1021,towel,603,coat,3
Clothing and grooming,1171,mirror,603,coat,3
Clothing and grooming,1374,ring,603,coat,4
Clothing and grooming,1475,comb,603,coat,4
Clothing and grooming,1600,skirt,603,coat,4
Clothing and grooming,1851,pocket,603,coat,3
Clothing and grooming,1961,necklace,603,coat,4
Clothing and grooming,2012,collar,603,coat,1
Clothing and grooming,2130,headgear,603,coat,3
Clothing and grooming,329,stocking,603,coat,4
Clothing and grooming,757,button,603,coat,2
Clothing and grooming,770,earring,603,coat,4
Clothing and grooming,772,belt,603,coat,3
Clothing and grooming,809,trousers,603,coat,4
Clothing and grooming,1161,thread,629,leather,2
Clothing and grooming,1171,mirror,629,leather,1
Clothing and grooming,1374,ring,629,leather,2
Clothing and grooming,1475,comb,629,leather,2
Clothing and grooming,1600,skirt,629,leather,2
Clothing and grooming,1851,pocket,629,leather,1
Clothing and grooming,1961,necklace,629,leather,2
Clothing and grooming,2130,headgear,629,leather,1
Clothing and grooming,329,stocking,629,leather,2
Clothing and grooming,474,dress,629,leather,1
Clothing and grooming,770,earring,629,leather,2
Clothing and grooming,772,belt,629,leather,1
Clothing and grooming,809,trousers,629,leather,2
Clothing and grooming,1021,towel,64,pin,3
Clothing and grooming,1171,mirror,64,pin,3
Clothing and grooming,1374,ring,64,pin,4
Clothing and grooming,1475,comb,64,pin,4
Clothing and grooming,1754,bracelet,64,pin,4
Clothing and grooming,1961,necklace,64,pin,4
Clothing and grooming,770,earring,64,pin,4
Clothing and grooming,1171,mirror,68,tattoo,10
Clothing and grooming,1475,comb,68,tattoo,10
Clothing and grooming,151,razor,68,tattoo,7
Clothing and grooming,1926,ointment,68,tattoo,10
Clothing and grooming,332,rag,68,tattoo,10
Clothing and grooming,1171,mirror,757,button,1
Clothing and grooming,1374,ring,757,button,1
Clothing and grooming,1475,comb,757,button,1
Clothing and grooming,1961,necklace,757,button,1
Clothing and grooming,770,earring,757,button,1
Clothing and grooming,1021,towel,867,glove,9
Clothing and grooming,1043,braid,867,glove,8
Clothing and grooming,1171,mirror,867,glove,9
Clothing and grooming,1374,ring,867,glove,10
Clothing and grooming,1475,comb,867,glove,10
Clothing and grooming,1754,bracelet,867,glove,8
Clothing and grooming,1851,pocket,867,glove,9
Clothing and grooming,1860,bead,867,glove,9
Clothing and grooming,1961,necklace,867,glove,10
Clothing and grooming,757,button,867,glove,8
Clothing and grooming,770,earring,867,glove,10
Clothing and grooming,1021,towel,875,shoemaker,9
Clothing and grooming,1043,braid,875,shoemaker,9
Clothing and grooming,1171,mirror,875,shoemaker,9
Clothing and grooming,1374,ring,875,shoemaker,10
Clothing and grooming,1475,comb,875,shoemaker,10
Clothing and grooming,1754,bracelet,875,shoemaker,10
Clothing and grooming,1851,pocket,875,shoemaker,10
Clothing and grooming,1860,bead,875,shoemaker,10
Clothing and grooming,1926,ointment,875,shoemaker,8
Clothing and grooming,1961,necklace,875,shoemaker,10
Clothing and grooming,2130,headgear,875,shoemaker,10
Clothing and grooming,332,rag,875,shoemaker,9
Clothing and grooming,757,button,875,shoemaker,8
Clothing and grooming,770,earring,875,shoemaker,10
Clothing and grooming,772,belt,875,shoemaker,10
Clothing and grooming,1161,thread,881,tailor,9
Clothing and grooming,1171,mirror,881,tailor,8
Clothing and grooming,1374,ring,881,tailor,9
Clothing and grooming,1475,comb,881,tailor,9
Clothing and grooming,1600,skirt,881,tailor,9
Clothing and grooming,1616,cloth,881,tailor,9
Clothing and grooming,1754,bracelet,881,tailor,7
Clothing and grooming,1851,pocket,881,tailor,8
Clothing and grooming,1860,bead,881,tailor,8
Clothing and grooming,1926,ointment,881,tailor,7
Clothing and grooming,1961,necklace,881,tailor,9
Clothing and grooming,2130,headgear,881,tailor,8
Clothing and grooming,329,stocking,881,tailor,9
Clothing and grooming,332,rag,881,tailor,8
Clothing and grooming,474,dress,881,tailor,7
Clothing and grooming,629,leather,881,tailor,7
Clothing and grooming,770,earring,881,tailor,9
Clothing and grooming,772,belt,881,tailor,8
Clothing and grooming,809,trousers,881,tailor,9
Clothing and grooming,1021,towel,916,linen,14
Clothing and grooming,1029,jewel,916,linen,5
Clothing and grooming,1043,braid,916,linen,14
Clothing and grooming,1161,thread,916,linen,15
Clothing and grooming,1171,mirror,916,linen,14
Clothing and grooming,1374,ring,916,linen,15
Clothing and grooming,1475,comb,916,linen,15
Clothing and grooming,157,dye,916,linen,11
Clothing and grooming,1600,skirt,916,linen,15
Clothing and grooming,1641,silk,916,linen,7
Clothing and grooming,1754,bracelet,916,linen,14
Clothing and grooming,1850,cotton,916,linen,10
Clothing and grooming,1851,pocket,916,linen,15
Clothing and grooming,1860,bead,916,linen,13
Clothing and grooming,1926,ointment,916,linen,13
Clothing and grooming,1961,necklace,916,linen,14
Clothing and grooming,2012,collar,916,linen,12
Clothing and grooming,2130,headgear,916,linen,15
Clothing and grooming,329,stocking,916,linen,15
Clothing and grooming,332,rag,916,linen,14
Clothing and grooming,474,dress,916,linen,14
Clothing and grooming,585,boot,916,linen,12
Clothing and grooming,603,coat,916,linen,12
Clothing and grooming,629,leather,916,linen,14
Clothing and grooming,64,pin,916,linen,10
Clothing and grooming,757,button,916,linen,13
Clothing and grooming,770,earring,916,linen,15
Clothing and grooming,772,belt,916,linen,15
Clothing and grooming,809,trousers,916,linen,16
Clothing and grooming,875,shoemaker,916,linen,3
Clothing and grooming,917,ornament,916,linen,11
Clothing and grooming,1021,towel,917,ornament,2
Clothing and grooming,1171,mirror,917,ornament,3
Clothing and grooming,1374,ring,917,ornament,3
Clothing and grooming,1475,comb,917,ornament,3
Clothing and grooming,1754,bracelet,917,ornament,3
Clothing and grooming,1926,ointment,917,ornament,3
Clothing and grooming,1961,necklace,917,ornament,2
Clothing and grooming,332,rag,917,ornament,3
Clothing and grooming,770,earring,917,ornament,3
Clothing and grooming,1021,towel,964,wool,6
Clothing and grooming,1161,thread,964,wool,7
Clothing and grooming,1171,mirror,964,wool,6
Clothing and grooming,1374,ring,964,wool,7
Clothing and grooming,1475,comb,964,wool,7
Clothing and grooming,157,dye,964,wool,3
Clothing and grooming,1600,skirt,964,wool,7
Clothing and grooming,1851,pocket,964,wool,6
Clothing and grooming,1961,necklace,964,wool,7
Clothing and grooming,2012,collar,964,wool,4
Clothing and grooming,2130,headgear,964,wool,6
Clothing and grooming,329,stocking,964,wool,7
Clothing and grooming,474,dress,964,wool,6
Clothing and grooming,585,boot,964,wool,3
Clothing and grooming,603,coat,964,wool,3
Clothing and grooming,629,leather,964,wool,5
Clothing and grooming,757,button,964,wool,5
Clothing and grooming,770,earring,964,wool,7
Clothing and grooming,772,belt,964,wool,6
Clothing and grooming,809,trousers,964,wool,7
Cognition,1157,because,1268,yes,1
Cognition,117,imitate,1014,or,2
Cognition,117,imitate,1121,secret,2
Cognition,117,imitate,1157,because,1
Cognition,117,imitate,1162,intention,6
Cognition,117,imitate,1268,yes,2
Cognition,117,imitate,1269,no,3
Cognition,117,imitate,1308,doubt,5
Cognition,117,imitate,1459,if,2
Cognition,117,imitate,1518,stupid,2
Cognition,117,imitate,1521,seem,6
Cognition,117,imitate,1577,and,6
Cognition,117,imitate,1609,idea,1
Cognition,117,imitate,1626,explain,1
Cognition,117,imitate,1764,obscure,7
Cognition,117,imitate,1812,try,1
Cognition,117,imitate,1841,suspect,5
Cognition,117,imitate,1902,betray,1
Cognition,117,imitate,488,manner,4
Cognition,117,imitate,509,certain,3
Cognition,117,imitate,643,need,4
Cognition,117,imitate,686,easy,1
Cognition,117,imitate,698,wise,2
Cognition,117,imitate,753,pupil,2
Cognition,117,imitate,860,cause,7
Cognition,117,imitate,989,clear,4
Cognition,1310,clever,1121,secret,1
Cognition,1310,clever,1308,doubt,4
Cognition,1310,clever,1415,think,1
Cognition,1310,clever,1518,stupid,1
Cognition,1310,clever,1577,and,5
Cognition,1310,clever,1764,obscure,6
Cognition,1310,clever,1841,suspect,4
Cognition,1310,clever,488,manner,3
Cognition,1310,clever,698,wise,1
Cognition,1310,clever,989,clear,3
Cognition,1415,think,1577,and,4
Cognition,1415,think,1841,suspect,3
Cognition,1513,think,1268,yes,1
Cognition,1518,stupid,1121,secret,1
Cognition,1518,stupid,1308,doubt,3
Cognition,1518,stupid,1577,and,4
Cognition,1518,stupid,1764,obscure,5
Cognition,1518,stupid,1841,suspect,3
Cognition,1518,stupid,488,manner,3
Cognition,1518,stupid,989,clear,2
Cognition,1562,mind,1162,intention,3
Cognition,1562,mind,1308,doubt,3
Cognition,1562,mind,1841,suspect,3
Cognition,1609,idea,509,certain,1
Cognition,1609,idea,643,need,3
Cognition,1609,idea,860,cause,5
Cognition,1626,explain,1162,intention,4
Cognition,1626,explain,1269,no,2
Cognition,1626,explain,1308,doubt,4
Cognition,1626,explain,1577,and,3
Cognition,1626,explain,1841,suspect,4
Cognition,1626,explain,488,manner,4
Cognition,1626,explain,643,need,3
Cognition,1626,explain,860,cause,5
Cognition,1812,try,1577,and,5
Cognition,1890,believe,1014,or,2
Cognition,1890,believe,1121,secret,2
Cognition,1890,believe,1157,because,1
Cognition,1890,believe,1162,intention,6
Cognition,1890,believe,1268,yes,2
Cognition,1890,believe,1269,no,3
Cognition,1890,believe,1308,doubt,5
Cognition,1890,believe,1459,if,2
Cognition,1890,believe,1518,stupid,2
Cognition,1890,believe,1521,seem,6
Cognition,1890,believe,1577,and,5
Cognition,1890,believe,1609,idea,1
Cognition,1890,believe,1626,explain,1
Cognition,1890,believe,1764,obscure,7
Cognition,1890,believe,1812,try,1
Cognition,1890,believe,1841,suspect,5
Cognition,1890,believe,1902,betray,1
Cognition,1890,believe,1932,guess,4
Cognition,1890,believe,488,manner,4
Cognition,1890,believe,509,certain,3
Cognition,1890,believe,643,need,4
Cognition,1890,believe,686,easy,1
Cognition,1890,believe,698,wise,2
Cognition,1890,believe,753,pupil,2
Cognition,1890,believe,860,cause,7
Cognition,1890,believe,989,clear,4
Cognition,1899,mad,1014,or,2
Cognition,1899,mad,1121,secret,2
Cognition,1899,mad,1157,because,1
Cognition,1899,mad,1162,intention,5
Cognition,1899,mad,1268,yes,2
Cognition,1899,mad,1269,no,2
Cognition,1899,mad,1308,doubt,4
Cognition,1899,mad,1459,if,2
Cognition,1899,mad,1577,and,5
Cognition,1899,mad,1764,obscure,6
Cognition,1899,mad,1812,try,1
Cognition,1899,mad,1841,suspect,4
Cognition,1899,mad,488,manner,4
Cognition,1899,mad,509,certain,2
Cognition,1899,mad,643,need,3
Cognition,1899,mad,686,easy,1
Cognition,1899,mad,753,pupil,1
Cognition,1899,mad,860,cause,6
Cognition,1899,mad,989,clear,3
Cognition,1902,betray,1269,no,2
Cognition,1902,betray,1577,and,3
Cognition,1902,betray,488,manner,4
Cognition,1902,betray,643,need,3
Cognition,1929,study,1014,or,2
Cognition,1929,study,1121,secret,2
Cognition,1929,study,1157,because,1
Cognition,1929,study,1162,intention,6
Cognition,1929,study,1268,yes,2
Cognition,1929,study,1269,no,3
Cognition,1929,study,1308,doubt,5
Cognition,1929,study,1459,if,2
Cognition,1929,study,1577,and,5
Cognition,1929,study,1626,explain,1
Cognition,1929,study,1764,obscure,7
Cognition,1929,study,1812,try,1
Cognition,1929,study,1841,suspect,5
Cognition,1929,study,1902,betray,1
Cognition,1929,study,488,manner,4
Cognition,1929,study,509,certain,3
Cognition,1929,study,643,need,4
Cognition,1929,study,686,easy,1
Cognition,1929,study,753,pupil,2
Cognition,1929,study,860,cause,7
Cognition,1929,study,989,clear,4
Cognition,509,certain,860,cause,4
Cognition,584,difficult,1014,or,2
Cognition,584,difficult,1157,because,1
Cognition,584,difficult,1268,yes,2
Cognition,584,difficult,1269,no,3
Cognition,584,difficult,1459,if,2
Cognition,584,difficult,1577,and,5
Cognition,584,difficult,1812,try,1
Cognition,584,difficult,488,manner,4
Cognition,686,easy,1577,and,4
Cognition,686,easy,488,manner,3
Cognition,698,wise,1121,secret,1
Cognition,698,wise,1308,doubt,3
Cognition,698,wise,1577,and,4
Cognition,698,wise,1764,obscure,5
Cognition,698,wise,1841,suspect,3
Cognition,698,wise,488,manner,3
Cognition,698,wise,989,clear,2
Cognition,707,remember,1014,or,2
Cognition,707,remember,1121,secret,2
Cognition,707,remember,1157,because,1
Cognition,707,remember,1162,intention,5
Cognition,707,remember,1268,yes,2
Cognition,707,remember,1269,no,3
Cognition,707,remember,1308,doubt,4
Cognition,707,remember,1459,if,2
Cognition,707,remember,1577,and,6
Cognition,707,remember,1626,explain,1
Cognition,707,remember,1764,obscure,6
Cognition,707,remember,1812,try,1
Cognition,707,remember,1841,suspect,5
Cognition,707,remember,1902,betray,1
Cognition,707,remember,488,manner,4
Cognition,707,remember,509,certain,3
Cognition,707,remember,643,need,3
Cognition,707,remember,686,easy,1
Cognition,707,remember,860,cause,7
Cognition,707,remember,989,clear,3
Cognition,753,pupil,1162,intention,4
Cognition,753,pupil,1308,doubt,3
Cognition,753,pupil,1841,suspect,3
Cognition,989,clear,1308,doubt,2
Cognition,1626,explain,1121,secret,2
Cognition,1902,betray,1121,secret,2
Cognition,584,difficult,1121,secret,2
Cognition,686,easy,1121,secret,1
Cognition,1014,or,1162,intention,5
Cognition,1902,betray,1162,intention,4
Cognition,584,difficult,1162,intention,6
Cognition,1014,or,1308,doubt,4
Cognition,1459,if,1308,doubt,5
Cognition,1902,betray,1308,doubt,4
Cognition,584,difficult,1308,doubt,5
Cognition,686,easy,1308,doubt,4
Cognition,117,imitate,1310,clever,1
Cognition,1890,believe,1310,clever,1
Cognition,1899,mad,1310,clever,1
Cognition,1929,study,1310,clever,1
Cognition,584,difficult,1310,clever,1
Cognition,707,remember,1310,clever,1
Cognition,117,imitate,1415,think,2
Cognition,1890,believe,1415,think,2
Cognition,1899,mad,1415,think,2
Cognition,1929,study,1415,think,2
Cognition,584,difficult,1415,think,2
Cognition,686,easy,1415,think,1
Cognition,707,remember,1415,think,2
Cognition,117,imitate,1513,think,1
Cognition,1890,believe,1513,think,1
Cognition,1899,mad,1513,think,1
Cognition,1929,study,1513,think,1
Cognition,584,difficult,1513,think,1
Cognition,707,remember,1513,think,1
Cognition,1626,explain,1518,stupid,1
Cognition,1899,mad,1518,stupid,1
Cognition,1902,betray,1518,stupid,1
Cognition,1929,study,1518,stupid,2
Cognition,584,difficult,1518,stupid,2
Cognition,686,easy,1518,stupid,1
Cognition,707,remember,1518,stupid,2
Cognition,1609,idea,1521,seem,4
Cognition,1626,explain,1521,seem,4
Cognition,1899,mad,1521,seem,5
Cognition,1902,betray,1521,seem,3
Cognition,1929,study,1521,seem,6
Cognition,509,certain,1521,seem,3
Cognition,584,difficult,1521,seem,6
Cognition,707,remember,1521,seem,6
Cognition,117,imitate,1562,mind,2
Cognition,1626,explain,1562,mind,1
Cognition,1890,believe,1562,mind,2
Cognition,1899,mad,1562,mind,2
Cognition,1902,betray,1562,mind,1
Cognition,1929,study,1562,mind,2
Cognition,584,difficult,1562,mind,2
Cognition,707,remember,1562,mind,2
Cognition,753,pupil,1562,mind,1
Cognition,1899,mad,1609,idea,1
Cognition,1929,study,1609,idea,1
Cognition,584,difficult,1609,idea,1
Cognition,707,remember,1609,idea,1
Cognition,584,difficult,1626,explain,1
Cognition,1121,secret,1764,obscure,3
Cognition,1626,explain,1764,obscure,6
Cognition,1902,betray,1764,obscure,6
Cognition,584,difficult,1764,obscure,7
Cognition,686,easy,1764,obscure,6
Cognition,1014,or,1841,suspect,5
Cognition,1459,if,1841,suspect,5
Cognition,1902,betray,1841,suspect,4
Cognition,584,difficult,1841,suspect,5
Cognition,686,easy,1841,suspect,4
Cognition,584,difficult,1902,betray,1
Cognition,117,imitate,1932,guess,4
Cognition,1609,idea,1932,guess,3
Cognition,1899,mad,1932,guess,4
Cognition,1929,study,1932,guess,4
Cognition,584,difficult,1932,guess,4
Cognition,707,remember,1932,guess,3
Cognition,1626,explain,509,certain,2
Cognition,1902,betray,509,certain,1
Cognition,584,difficult,509,certain,3
Cognition,584,difficult,643,need,4
Cognition,584,difficult,686,easy,1
Cognition,1626,explain,698,wise,1
Cognition,1899,mad,698,wise,1
Cognition,1902,betray,698,wise,1
Cognition,1929,study,698,wise,2
Cognition,584,difficult,698,wise,2
Cognition,686,easy,698,wise,1
Cognition,707,remember,698,wise,2
Cognition,1626,explain,753,pupil,1
Cognition,1902,betray,753,pupil,1
Cognition,584,difficult,753,pupil,2
Cognition,707,remember,753,pupil,2
Cognition,1014,or,860,cause,4
Cognition,1459,if,860,cause,5
Cognition,1902,betray,860,cause,4
Cognition,584,difficult,860,cause,7
Cognition,1626,explain,989,clear,3
Cognition,1902,betray,989,clear,3
Cognition,584,difficult,989,clear,4
Cognition,686,easy,989,clear,3
Emotions and values,1000,anxiety,100,faithful,5
Emotions and values,1000,anxiety,1141,pity,1
Emotions and values,1000,anxiety,13,deceit,3
Emotions and values,1000,anxiety,134,fault,3
Emotions and values,1000,anxiety,1528,forgive,2
Emotions and values,1000,anxiety,1687,praise,2
Emotions and values,1000,anxiety,1779,dare,4
Emotions and values,1000,anxiety,2018,greedy,4
Emotions and values,1000,anxiety,381,blame,3
Emotions and values,1141,pity,100,faithful,4
Emotions and values,1141,pity,13,deceit,2
Emotions and values,1141,pity,134,fault,2
Emotions and values,1141,pity,1528,forgive,1
Emotions and values,1141,pity,1687,praise,1
Emotions and values,1141,pity,1779,dare,3
Emotions and values,1141,pity,2018,greedy,3
Emotions and values,1141,pity,381,blame,2
Emotions and values,1451,smile,100,faithful,6
Emotions and values,1451,smile,1000,anxiety,1
Emotions and values,1451,smile,1141,pity,2
Emotions and values,1451,smile,1293,mistake,1
Emotions and values,1451,smile,13,deceit,4
Emotions and values,1451,smile,134,fault,4
Emotions and values,1451,smile,1390,wrong,2
Emotions and values,1451,smile,1528,forgive,3
Emotions and values,1451,smile,1607,hate,1
Emotions and values,1451,smile,1668,grief,1
Emotions and values,1451,smile,1687,praise,3
Emotions and values,1451,smile,174,proud,1
Emotions and values,1451,smile,1750,choose,1
Emotions and values,1451,smile,1776,shame,1
Emotions and values,1451,smile,1779,dare,6
Emotions and values,1451,smile,1810,danger,3
Emotions and values,1451,smile,2018,greedy,5
Emotions and values,1451,smile,3212,hope,3
Emotions and values,1451,smile,381,blame,4
Emotions and values,1451,smile,40,envy,1
Emotions and values,1451,smile,781,fear,1
Emotions and values,1451,smile,928,embrace,1
Emotions and values,1528,forgive,2018,greedy,2
Emotions and values,1572,surprised,100,faithful,5
Emotions and values,1572,surprised,1390,wrong,1
Emotions and values,1572,surprised,1528,forgive,2
Emotions and values,1572,surprised,2018,greedy,4
Emotions and values,1572,surprised,3212,hope,2
Emotions and values,1607,hate,100,faithful,5
Emotions and values,1607,hate,1810,danger,2
Emotions and values,1651,tear,100,faithful,6
Emotions and values,1651,tear,1293,mistake,1
Emotions and values,1651,tear,13,deceit,4
Emotions and values,1651,tear,134,fault,4
Emotions and values,1651,tear,1390,wrong,2
Emotions and values,1651,tear,1528,forgive,3
Emotions and values,1651,tear,1607,hate,1
Emotions and values,1651,tear,1687,praise,3
Emotions and values,1651,tear,174,proud,1
Emotions and values,1651,tear,1750,choose,1
Emotions and values,1651,tear,1776,shame,1
Emotions and values,1651,tear,1779,dare,6
Emotions and values,1651,tear,1810,danger,3
Emotions and values,1651,tear,2018,greedy,5
Emotions and values,1651,tear,3212,hope,3
Emotions and values,1651,tear,381,blame,4
Emotions and values,1651,tear,40,envy,1
Emotions and values,1651,tear,781,fear,1
Emotions and values,1668,grief,100,faithful,5
Emotions and values,1668,grief,1141,pity,1
Emotions and values,1668,grief,13,deceit,3
Emotions and values,1668,grief,134,fault,3
Emotions and values,1668,grief,1528,forgive,2
Emotions and values,1668,grief,1687,praise,2
Emotions and values,1668,grief,1779,dare,4
Emotions and values,1668,grief,1810,danger,2
Emotions and values,1668,grief,2018,greedy,4
Emotions and values,1668,grief,381,blame,3
Emotions and values,1687,praise,2018,greedy,3
Emotions and values,1725,correct,1293,mistake,1
Emotions and values,1725,correct,134,fault,4
Emotions and values,1725,correct,1390,wrong,2
Emotions and values,1725,correct,1687,praise,3
Emotions and values,1725,correct,2018,greedy,5
Emotions and values,1725,correct,381,blame,4
Emotions and values,174,proud,100,faithful,5
Emotions and values,174,proud,13,deceit,3
Emotions and values,174,proud,134,fault,3
Emotions and values,174,proud,1528,forgive,2
Emotions and values,174,proud,1687,praise,2
Emotions and values,174,proud,1779,dare,4
Emotions and values,174,proud,1810,danger,2
Emotions and values,174,proud,2018,greedy,4
Emotions and values,174,proud,381,blame,3
Emotions and values,1750,choose,100,faithful,5
Emotions and values,1750,choose,1390,wrong,1
Emotions and values,1750,choose,1528,forgive,2
Emotions and values,1750,choose,2018,greedy,4
Emotions and values,1750,choose,3212,hope,2
Emotions and values,1776,shame,100,faithful,5
Emotions and values,1776,shame,13,deceit,3
Emotions and values,1776,shame,134,fault,3
Emotions and values,1776,shame,1528,forgive,2
Emotions and values,1776,shame,1687,praise,2
Emotions and values,1776,shame,1779,dare,4
Emotions and values,1776,shame,1810,danger,2
Emotions and values,1776,shame,2018,greedy,4
Emotions and values,1776,shame,381,blame,3
Emotions and values,1875,regret,100,faithful,6
Emotions and values,1875,regret,1141,pity,2
Emotions and values,1875,regret,1293,mistake,1
Emotions and values,1875,regret,13,deceit,4
Emotions and values,1875,regret,134,fault,3
Emotions and values,1875,regret,1390,wrong,2
Emotions and values,1875,regret,1528,forgive,3
Emotions and values,1875,regret,1607,hate,1
Emotions and values,1875,regret,1687,praise,2
Emotions and values,1875,regret,174,proud,1
Emotions and values,1875,regret,1750,choose,1
Emotions and values,1875,regret,1776,shame,1
Emotions and values,1875,regret,1779,dare,5
Emotions and values,1875,regret,1810,danger,3
Emotions and values,1875,regret,2018,greedy,5
Emotions and values,1875,regret,3212,hope,3
Emotions and values,1875,regret,381,blame,4
Emotions and values,1875,regret,40,envy,1
Emotions and values,1875,regret,781,fear,1
Emotions and values,3,brave,100,faithful,6
Emotions and values,3,brave,1293,mistake,1
Emotions and values,3,brave,13,deceit,4
Emotions and values,3,brave,134,fault,4
Emotions and values,3,brave,1390,wrong,2
Emotions and values,3,brave,1528,forgive,3
Emotions and values,3,brave,1687,praise,3
Emotions and values,3,brave,1750,choose,1
Emotions and values,3,brave,1810,danger,3
Emotions and values,3,brave,2018,greedy,5
Emotions and values,3,brave,3212,hope,3
Emotions and values,3,brave,381,blame,4
Emotions and values,3,brave,781,fear,1
Emotions and values,40,envy,100,faithful,5
Emotions and values,40,envy,13,deceit,3
Emotions and values,40,envy,134,fault,3
Emotions and values,40,envy,1528,forgive,2
Emotions and values,40,envy,1687,praise,2
Emotions and values,40,envy,1779,dare,4
Emotions and values,40,envy,2018,greedy,4
Emotions and values,40,envy,381,blame,3
Emotions and values,578,kiss,100,faithful,5
Emotions and values,578,kiss,1000,anxiety,1
Emotions and values,578,kiss,1141,pity,1
Emotions and values,578,kiss,1293,mistake,1
Emotions and values,578,kiss,13,deceit,3
Emotions and values,578,kiss,134,fault,3
Emotions and values,578,kiss,1390,wrong,2
Emotions and values,578,kiss,1528,forgive,2
Emotions and values,578,kiss,1607,hate,1
Emotions and values,578,kiss,1687,praise,2
Emotions and values,578,kiss,1750,choose,1
Emotions and values,578,kiss,1779,dare,5
Emotions and values,578,kiss,1810,danger,2
Emotions and values,578,kiss,2018,greedy,4
Emotions and values,578,kiss,3212,hope,3
Emotions and values,578,kiss,381,blame,3
Emotions and values,578,kiss,40,envy,1
Emotions and values,578,kiss,928,embrace,1
Emotions and values,716,groan,100,faithful,5
Emotions and values,716,groan,1293,mistake,1
Emotions and values,716,groan,13,deceit,4
Emotions and values,716,groan,134,fault,4
Emotions and values,716,groan,1390,wrong,2
Emotions and values,716,groan,1528,forgive,3
Emotions and values,716,groan,1607,hate,1
Emotions and values,716,groan,1687,praise,3
Emotions and values,716,groan,174,proud,1
Emotions and values,716,groan,1750,choose,1
Emotions and values,716,groan,1776,shame,1
Emotions and values,716,groan,1779,dare,6
Emotions and values,716,groan,1810,danger,3
Emotions and values,716,groan,2018,greedy,5
Emotions and values,716,groan,3212,hope,3
Emotions and values,716,groan,381,blame,4
Emotions and values,716,groan,40,envy,1
Emotions and values,716,groan,781,fear,1
Emotions and values,720,good luck,56,bad luck,6
Emotions and values,781,fear,100,faithful,5
Emotions and values,781,fear,13,deceit,3
Emotions and values,781,fear,134,fault,3
Emotions and values,781,fear,1528,forgive,2
Emotions and values,781,fear,1687,praise,2
Emotions and values,781,fear,1810,danger,2
Emotions and values,781,fear,2018,greedy,4
Emotions and values,781,fear,381,blame,3
Emotions and values,82,anger,100,faithful,6
Emotions and values,82,anger,1293,mistake,1
Emotions and values,82,anger,13,deceit,4
Emotions and values,82,anger,134,fault,4
Emotions and values,82,anger,1390,wrong,2
Emotions and values,82,anger,1528,forgive,3
Emotions and values,82,anger,1687,praise,3
Emotions and values,82,anger,174,proud,1
Emotions and values,82,anger,1750,choose,1
Emotions and values,82,anger,1776,shame,1
Emotions and values,82,anger,1779,dare,5
Emotions and values,82,anger,1810,danger,3
Emotions and values,82,anger,2018,greedy,5
Emotions and values,82,anger,3212,hope,3
Emotions and values,82,anger,381,blame,4
Emotions and values,82,anger,40,envy,1
Emotions and values,82,anger,781,fear,1
Emotions and values,928,embrace,381,blame,3
Emotions and values,1390,wrong,100,faithful,4
Emotions and values,1528,forgive,100,faithful,3
Emotions and values,1687,praise,100,faithful,4
Emotions and values,1725,correct,100,faithful,6
Emotions and values,1651,tear,1000,anxiety,1
Emotions and values,1725,correct,1000,anxiety,1
Emotions and values,1875,regret,1000,anxiety,1
Emotions and values,3,brave,1000,anxiety,1
Emotions and values,716,groan,1000,anxiety,1
Emotions and values,82,anger,1000,anxiety,1
Emotions and values,1651,tear,1141,pity,2
Emotions and values,1725,correct,1141,pity,2
Emotions and values,174,proud,1141,pity,1
Emotions and values,1776,shame,1141,pity,1
Emotions and values,3,brave,1141,pity,2
Emotions and values,40,envy,1141,pity,1
Emotions and values,716,groan,1141,pity,2
Emotions and values,781,fear,1141,pity,1
Emotions and values,82,anger,1141,pity,2
Emotions and values,1725,correct,13,deceit,4
Emotions and values,1293,mistake,134,fault,3
Emotions and values,1687,praise,134,fault,1
Emotions and values,1725,correct,1528,forgive,3
Emotions and values,1451,smile,1572,surprised,1
Emotions and values,1651,tear,1572,surprised,1
Emotions and values,1725,correct,1572,surprised,1
Emotions and values,1875,regret,1572,surprised,1
Emotions and values,3,brave,1572,surprised,1
Emotions and values,578,kiss,1572,surprised,1
Emotions and values,716,groan,1572,surprised,1
Emotions and values,82,anger,1572,surprised,1
Emotions and values,1725,correct,1607,hate,1
Emotions and values,3,brave,1607,hate,1
Emotions and values,82,anger,1607,hate,1
Emotions and values,1651,tear,1668,grief,1
Emotions and values,1725,correct,1668,grief,1
Emotions and values,1875,regret,1668,grief,1
Emotions and values,3,brave,1668,grief,1
Emotions and values,716,groan,1668,grief,1
Emotions and values,82,anger,1668,grief,1
Emotions and values,1725,correct,174,proud,1
Emotions and values,3,brave,174,proud,1
Emotions and values,1725,correct,1750,choose,1
Emotions and values,1725,correct,1776,shame,1
Emotions and values,3,brave,1776,shame,1
Emotions and values,1293,mistake,1779,dare,5
Emotions and values,1725,correct,1779,dare,6
Emotions and values,3,brave,1779,dare,6
Emotions and values,781,fear,1779,dare,4
Emotions and values,1725,correct,1810,danger,3
Emotions and values,1390,wrong,3212,hope,1
Emotions and values,1725,correct,3212,hope,3
Emotions and values,1725,correct,40,envy,1
Emotions and values,3,brave,40,envy,1
Emotions and values,1293,mistake,56,bad luck,8
Emotions and values,1451,smile,56,bad luck,10
Emotions and values,1651,tear,56,bad luck,10
Emotions and values,1668,grief,56,bad luck,9
Emotions and values,1725,correct,56,bad luck,10
Emotions and values,174,proud,56,bad luck,7
Emotions and values,1776,shame,56,bad luck,9
Emotions and values,1875,regret,56,bad luck,9
Emotions and values,3,brave,56,bad luck,10
Emotions and values,578,kiss,56,bad luck,9
Emotions and values,716,groan,56,bad luck,8
Emotions and values,781,fear,56,bad luck,8
Emotions and values,82,anger,56,bad luck,10
Emotions and values,1293,mistake,720,good luck,2
Emotions and values,1451,smile,720,good luck,3
Emotions and values,1651,tear,720,good luck,3
Emotions and values,1725,correct,720,good luck,3
Emotions and values,1875,regret,720,good luck,3
Emotions and values,3,brave,720,good luck,3
Emotions and values,578,kiss,720,good luck,3
Emotions and values,716,groan,720,good luck,3
Emotions and values,82,anger,720,good luck,3
Emotions and values,1725,correct,781,fear,1
Emotions and values,1651,tear,928,embrace,1
Emotions and values,1725,correct,928,embrace,1
Emotions and values,1875,regret,928,embrace,1
Emotions and values,3,brave,928,embrace,1
Emotions and values,716,groan,928,embrace,1
Emotions and values,82,anger,928,embrace,1
Food and drink,1100,cook,1154,olive,16
Food and drink,1100,cook,1966,bunch,2
Food and drink,1100,cook,224,mortar,3
Food and drink,1100,cook,225,pestle,4
Food and drink,1143,oven,1154,olive,12
Food and drink,1245,butter,941,mead,16
Food and drink,129,choke,1154,olive,14
Food and drink,129,choke,1833,dinner,12
Food and drink,129,choke,1874,sausage,10
Food and drink,129,choke,322,fig,10
Food and drink,129,choke,941,mead,19
Food and drink,1322,breakfast,1833,dinner,9
Food and drink,1322,breakfast,1874,sausage,6
Food and drink,1322,breakfast,322,fig,8
Food and drink,1322,breakfast,768,lunch,1
Food and drink,1322,breakfast,941,mead,17
Food and drink,1368,bread,1154,olive,16
Food and drink,1368,bread,1245,butter,4
Food and drink,1368,bread,1299,coffee,1
Food and drink,1368,bread,1569,cheese,8
Food and drink,1368,bread,1639,beer,3
Food and drink,1368,bread,191,nut,4
Food and drink,1368,bread,224,mortar,2
Food and drink,1368,bread,225,pestle,3
Food and drink,1368,bread,322,fig,12
Food and drink,1368,bread,731,beverage,1
Food and drink,1368,bread,941,mead,21
Food and drink,1484,oil,1245,butter,4
Food and drink,1484,oil,1385,pepper,6
Food and drink,1484,oil,1639,beer,3
Food and drink,1484,oil,941,mead,21
Food and drink,1507,fruit,1154,olive,15
Food and drink,1507,fruit,1966,bunch,1
Food and drink,1507,fruit,322,fig,11
Food and drink,1507,fruit,920,grape,6
Food and drink,1507,fruit,941,mead,20
Food and drink,1526,meal,1833,dinner,11
Food and drink,1526,meal,941,mead,19
Food and drink,1530,bowl,924,vegetables,4
Food and drink,1530,bowl,941,mead,20
Food and drink,1547,soup,1154,olive,16
Food and drink,1547,soup,1245,butter,4
Food and drink,1547,soup,1385,pepper,6
Food and drink,1547,soup,1524,wine,4
Food and drink,1547,soup,1569,cheese,8
Food and drink,1547,soup,1639,beer,3
Food and drink,1547,soup,191,nut,4
Food and drink,1547,soup,322,fig,12
Food and drink,1547,soup,593,potato,2
Food and drink,1547,soup,920,grape,7
Food and drink,1547,soup,924,vegetables,4
Food and drink,1547,soup,93,draw milk,2
Food and drink,1547,soup,941,mead,20
Food and drink,1556,yolk,1299,coffee,1
Food and drink,1958,unripe,1833,dinner,11
Food and drink,1958,unripe,941,mead,18
Food and drink,1959,raw,1100,cook,1
Food and drink,1959,raw,1143,oven,5
Food and drink,1959,raw,1154,olive,17
Food and drink,1959,raw,1245,butter,5
Food and drink,1959,raw,129,choke,2
Food and drink,1959,raw,1299,coffee,2
Food and drink,1959,raw,1302,fork,3
Food and drink,1959,raw,1322,breakfast,5
Food and drink,1959,raw,1368,bread,1
Food and drink,1959,raw,1385,pepper,7
Food and drink,1959,raw,1484,oil,1
Food and drink,1959,raw,1507,fruit,2
Food and drink,1959,raw,1524,wine,5
Food and drink,1959,raw,1526,meal,3
Food and drink,1959,raw,1530,bowl,1
Food and drink,1959,raw,1547,soup,1
Food and drink,1959,raw,1569,cheese,9
Food and drink,1959,raw,1639,beer,4
Food and drink,1959,raw,183,bake,4
Food and drink,1959,raw,1833,dinner,14
Food and drink,1959,raw,1874,sausage,11
Food and drink,1959,raw,191,nut,5
Food and drink,1959,raw,1958,unripe,3
Food and drink,1959,raw,1966,bunch,2
Food and drink,1959,raw,224,mortar,3
Food and drink,1959,raw,225,pestle,4
Food and drink,1959,raw,270,jug,5
Food and drink,1959,raw,271,saucer,8
Food and drink,1959,raw,272,tongs,2
Food and drink,1959,raw,273,dough,4
Food and drink,1959,raw,31,pan,1
Food and drink,1959,raw,3210,knife,4
Food and drink,1959,raw,322,fig,13
Food and drink,1959,raw,476,cup,1
Food and drink,1959,raw,480,plate,1
Food and drink,1959,raw,481,dish,2
Food and drink,1959,raw,593,potato,3
Food and drink,1959,raw,636,mill,8
Food and drink,1959,raw,731,beverage,2
Food and drink,1959,raw,768,lunch,6
Food and drink,1959,raw,832,bean,3
Food and drink,1959,raw,854,kettle,5
Food and drink,1959,raw,920,grape,8
Food and drink,1959,raw,924,vegetables,5
Food and drink,1959,raw,93,draw milk,3
Food and drink,1959,raw,941,mead,21
Food and drink,1959,raw,942,honey,1
Food and drink,1966,bunch,1154,olive,12
Food and drink,1966,bunch,322,fig,9
Food and drink,1966,bunch,920,grape,5
Food and drink,224,mortar,941,mead,18
Food and drink,225,pestle,941,mead,16
Food and drink,256,food,1143,oven,4
Food and drink,256,food,1154,olive,16
Food and drink,256,food,1245,butter,4
Food and drink,256,food,1322,breakfast,4
Food and drink,256,food,1385,pepper,6
Food and drink,256,food,1524,wine,4
Food and drink,256,food,1526,meal,2
Food and drink,256,food,1569,cheese,8
Food and drink,256,food,1639,beer,3
Food and drink,256,food,183,bake,3
Food and drink,256,food,1833,dinner,13
Food and drink,256,food,1874,sausage,10
Food and drink,256,food,191,nut,4
Food and drink,256,food,1958,unripe,2
Food and drink,256,food,273,dough,3
Food and drink,256,food,3210,knife,3
Food and drink,256,food,322,fig,12
Food and drink,256,food,593,potato,2
Food and drink,256,food,636,mill,7
Food and drink,256,food,768,lunch,5
Food and drink,256,food,920,grape,7
Food and drink,256,food,924,vegetables,4
Food and drink,256,food,93,draw milk,2
Food and drink,256,food,941,mead,21
Food and drink,269,cooked,1154,olive,16
Food and drink,269,cooked,1245,butter,4
Food and drink,269,cooked,1322,breakfast,4
Food and drink,269,cooked,1385,pepper,6
Food and drink,269,cooked,1524,wine,4
Food and drink,269,cooked,1569,cheese,8
Food and drink,269,cooked,1833,dinner,13
Food and drink,269,cooked,1874,sausage,10
Food and drink,269,cooked,270,jug,4
Food and drink,269,cooked,271,saucer,7
Food and drink,269,cooked,272,tongs,1
Food and drink,269,cooked,322,fig,12
Food and drink,269,cooked,636,mill,7
Food and drink,269,cooked,768,lunch,5
Food and drink,269,cooked,854,kettle,4
Food and drink,269,cooked,93,draw milk,2
Food and drink,269,cooked,941,mead,21
Food and drink,270,jug,1154,olive,11
Food and drink,270,jug,1569,cheese,3
Food and drink,272,tongs,1385,pepper,5
Food and drink,272,tongs,1874,sausage,9
Food and drink,273,dough,941,mead,17
Food and drink,31,pan,1154,olive,15
Food and drink,31,pan,1245,butter,4
Food and drink,31,pan,1322,breakfast,4
Food and drink,31,pan,1385,pepper,6
Food and drink,31,pan,1524,wine,3
Food and drink,31,pan,1526,meal,2
Food and drink,31,pan,1569,cheese,7
Food and drink,31,pan,1639,beer,3
Food and drink,31,pan,1833,dinner,13
Food and drink,31,pan,1874,sausage,10
Food and drink,31,pan,191,nut,4
Food and drink,31,pan,273,dough,3
Food and drink,31,pan,3210,knife,3
Food and drink,31,pan,322,fig,12
Food and drink,31,pan,593,potato,2
Food and drink,31,pan,636,mill,6
Food and drink,31,pan,768,lunch,5
Food and drink,31,pan,920,grape,6
Food and drink,31,pan,924,vegetables,4
Food and drink,31,pan,93,draw milk,2
Food and drink,31,pan,941,mead,20
Food and drink,3448,sieve or strain,1154,olive,16
Food and drink,3448,sieve or strain,1245,butter,5
Food and drink,3448,sieve or strain,1299,coffee,2
Food and drink,3448,sieve or strain,1368,bread,1
Food and drink,3448,sieve or strain,1385,pepper,7
Food and drink,3448,sieve or strain,1484,oil,1
Food and drink,3448,sieve or strain,1507,fruit,2
Food and drink,3448,sieve or strain,1524,wine,4
Food and drink,3448,sieve or strain,1547,soup,1
Food and drink,3448,sieve or strain,1569,cheese,8
Food and drink,3448,sieve or strain,1639,beer,4
Food and drink,3448,sieve or strain,1874,sausage,11
Food and drink,3448,sieve or strain,191,nut,5
Food and drink,3448,sieve or strain,1966,bunch,2
Food and drink,3448,sieve or strain,224,mortar,3
Food and drink,3448,sieve or strain,225,pestle,4
Food and drink,3448,sieve or strain,273,dough,4
Food and drink,3448,sieve or strain,322,fig,13
Food and drink,3448,sieve or strain,593,potato,3
Food and drink,3448,sieve or strain,636,mill,7
Food and drink,3448,sieve or strain,731,beverage,2
Food and drink,3448,sieve or strain,832,bean,2
Food and drink,3448,sieve or strain,920,grape,7
Food and drink,3448,sieve or strain,924,vegetables,5
Food and drink,3448,sieve or strain,93,draw milk,3
Food and drink,3448,sieve or strain,941,mead,21
Food and drink,3448,sieve or strain,942,honey,1
Food and drink,476,cup,1154,olive,16
Food and drink,476,cup,322,fig,12
Food and drink,476,cup,941,mead,21
Food and drink,480,plate,1299,coffee,1
Food and drink,480,plate,1302,fork,2
Food and drink,480,plate,1322,breakfast,5
Food and drink,480,plate,1833,dinner,14
Food and drink,480,plate,1966,bunch,2
Food and drink,480,plate,271,saucer,7
Food and drink,480,plate,593,potato,2
Food and drink,481,dish,1154,olive,14
Food and drink,481,dish,1569,cheese,6
Food and drink,481,dish,1639,beer,2
Food and drink,481,dish,270,jug,3
Food and drink,481,dish,322,fig,11
Food and drink,481,dish,941,mead,18
Food and drink,731,beverage,941,mead,20
Food and drink,768,lunch,322,fig,7
Food and drink,768,lunch,941,mead,15
Food and drink,832,bean,1154,olive,14
Food and drink,832,bean,920,grape,5
Food and drink,832,bean,941,mead,19
Food and drink,897,swallow,1100,cook,1
Food and drink,897,swallow,1143,oven,5
Food and drink,897,swallow,1154,olive,17
Food and drink,897,swallow,1245,butter,5
Food and drink,897,swallow,129,choke,2
Food and drink,897,swallow,1299,coffee,1
Food and drink,897,swallow,1302,fork,2
Food and drink,897,swallow,1322,breakfast,5
Food and drink,897,swallow,1368,bread,1
Food and drink,897,swallow,1385,pepper,7
Food and drink,897,swallow,1484,oil,1
Food and drink,897,swallow,1507,fruit,2
Food and drink,897,swallow,1524,wine,5
Food and drink,897,swallow,1526,meal,3
Food and drink,897,swallow,1530,bowl,1
Food and drink,897,swallow,1547,soup,1
Food and drink,897,swallow,1569,cheese,9
Food and drink,897,swallow,1639,beer,4
Food and drink,897,swallow,183,bake,4
Food and drink,897,swallow,1833,dinner,14
Food and drink,897,swallow,1874,sausage,11
Food and drink,897,swallow,191,nut,5
Food and drink,897,swallow,1966,bunch,2
Food and drink,897,swallow,224,mortar,3
Food and drink,897,swallow,225,pestle,4
Food and drink,897,swallow,270,jug,5
Food and drink,897,swallow,271,saucer,7
Food and drink,897,swallow,272,tongs,2
Food and drink,897,swallow,273,dough,4
Food and drink,897,swallow,31,pan,1
Food and drink,897,swallow,3210,knife,4
Food and drink,897,swallow,322,fig,13
Food and drink,897,swallow,476,cup,1
Food and drink,897,swallow,481,dish,2
Food and drink,897,swallow,593,potato,2
Food and drink,897,swallow,636,mill,8
Food and drink,897,swallow,731,beverage,2
Food and drink,897,swallow,768,lunch,6
Food and drink,897,swallow,832,bean,3
Food and drink,897,swallow,854,kettle,5
Food and drink,897,swallow,920,grape,8
Food and drink,897,swallow,924,vegetables,5
Food and drink,897,swallow,93,draw milk,3
Food and drink,897,swallow,941,mead,22
Food and drink,897,swallow,942,honey,1
Food and drink,920,grape,1154,olive,9
Food and drink,924,vegetables,941,mead,17
Food and drink,93,draw milk,941,mead,18
Food and drink,942,honey,1245,butter,4
Food and drink,942,honey,1299,coffee,1
Food and drink,942,honey,1569,cheese,8
Food and drink,942,honey,1639,beer,3
Food and drink,942,honey,731,beverage,1
Food and drink,942,honey,941,mead,21
Food and drink,1556,yolk,1100,cook,1
Food and drink,3448,sieve or strain,1100,cook,1
Food and drink,1368,bread,1143,oven,4
Food and drink,1547,soup,1143,oven,4
Food and drink,1556,yolk,1143,oven,3
Food and drink,31,pan,1143,oven,4
Food and drink,3448,sieve or strain,1143,oven,5
Food and drink,731,beverage,1143,oven,3
Food and drink,942,honey,1143,oven,4
Food and drink,1245,butter,1154,olive,12
Food and drink,1484,oil,1154,olive,16
Food and drink,1524,wine,1154,olive,12
Food and drink,1556,yolk,1154,olive,15
Food and drink,1639,beer,1154,olive,13
Food and drink,731,beverage,1154,olive,15
Food and drink,93,draw milk,1154,olive,13
Food and drink,942,honey,1154,olive,16
Food and drink,1556,yolk,1245,butter,4
Food and drink,1484,oil,129,choke,1
Food and drink,1556,yolk,129,choke,2
Food and drink,3448,sieve or strain,129,choke,2
Food and drink,1556,yolk,1302,fork,1
Food and drink,3448,sieve or strain,1302,fork,3
Food and drink,1547,soup,1322,breakfast,4
Food and drink,1556,yolk,1322,breakfast,4
Food and drink,3448,sieve or strain,1322,breakfast,5
Food and drink,593,potato,1322,breakfast,3
Food and drink,93,draw milk,1322,breakfast,1
Food and drink,1556,yolk,1368,bread,1
Food and drink,1556,yolk,1385,pepper,6
Food and drink,1556,yolk,1484,oil,1
Food and drink,1556,yolk,1507,fruit,2
Food and drink,1556,yolk,1524,wine,4
Food and drink,1368,bread,1526,meal,2
Food and drink,1547,soup,1526,meal,2
Food and drink,1556,yolk,1526,meal,2
Food and drink,3448,sieve or strain,1526,meal,3
Food and drink,942,honey,1526,meal,2
Food and drink,1556,yolk,1530,bowl,1
Food and drink,3448,sieve or strain,1530,bowl,1
Food and drink,1524,wine,1569,cheese,4
Food and drink,1556,yolk,1569,cheese,8
Food and drink,1556,yolk,1639,beer,3
Food and drink,1530,bowl,183,bake,3
Food and drink,1547,soup,183,bake,3
Food and drink,1556,yolk,183,bake,3
Food and drink,31,pan,183,bake,3
Food and drink,3448,sieve or strain,183,bake,4
Food and drink,1299,coffee,1833,dinner,13
Food and drink,1368,bread,1833,dinner,13
Food and drink,1484,oil,1833,dinner,13
Food and drink,1547,soup,1833,dinner,13
Food and drink,1556,yolk,1833,dinner,13
Food and drink,224,mortar,1833,dinner,11
Food and drink,3448,sieve or strain,1833,dinner,14
Food and drink,593,potato,1833,dinner,12
Food and drink,93,draw milk,1833,dinner,10
Food and drink,942,honey,1833,dinner,13
Food and drink,1484,oil,1874,sausage,11
Food and drink,1547,soup,1874,sausage,10
Food and drink,1556,yolk,1874,sausage,10
Food and drink,93,draw milk,1874,sausage,7
Food and drink,1484,oil,191,nut,5
Food and drink,1556,yolk,191,nut,4
Food and drink,942,honey,191,nut,4
Food and drink,1547,soup,1958,unripe,2
Food and drink,1556,yolk,1958,unripe,2
Food and drink,31,pan,1958,unripe,2
Food and drink,3448,sieve or strain,1958,unripe,3
Food and drink,897,swallow,1958,unripe,3
Food and drink,1484,oil,1966,bunch,2
Food and drink,1556,yolk,1966,bunch,2
Food and drink,1556,yolk,224,mortar,3
Food and drink,731,beverage,224,mortar,2
Food and drink,942,honey,224,mortar,2
Food and drink,1484,oil,225,pestle,3
Food and drink,1556,yolk,225,pestle,4
Food and drink,731,beverage,225,pestle,3
Food and drink,942,honey,225,pestle,3
Food and drink,1959,raw,256,food,1
Food and drink,3448,sieve or strain,256,food,1
Food and drink,897,swallow,256,food,1
Food and drink,1556,yolk,269,cooked,1
Food and drink,1959,raw,269,cooked,1
Food and drink,3448,sieve or strain,269,cooked,1
Food and drink,897,swallow,269,cooked,1
Food and drink,1368,bread,270,jug,4
Food and drink,1556,yolk,270,jug,5
Food and drink,3448,sieve or strain,270,jug,5
Food and drink,942,honey,270,jug,4
Food and drink,1299,coffee,271,saucer,6
Food and drink,1368,bread,271,saucer,7
Food and drink,1556,yolk,271,saucer,7
Food and drink,3448,sieve or strain,271,saucer,8
Food and drink,942,honey,271,saucer,7
Food and drink,1368,bread,272,tongs,2
Food and drink,1556,yolk,272,tongs,2
Food and drink,3448,sieve or strain,272,tongs,2
Food and drink,942,honey,272,tongs,2
Food and drink,1547,soup,273,dough,3
Food and drink,1556,yolk,273,dough,3
Food and drink,3448,sieve or strain,31,pan,1
Food and drink,1547,soup,3210,knife,3
Food and drink,1556,yolk,3210,knife,2
Food and drink,3448,sieve or strain,3210,knife,4
Food and drink,1484,oil,322,fig,12
Food and drink,1556,yolk,322,fig,11
Food and drink,1639,beer,322,fig,9
Food and drink,731,beverage,322,fig,11
Food and drink,93,draw milk,322,fig,9
Food and drink,942,honey,322,fig,12
Food and drink,1556,yolk,476,cup,1
Food and drink,3448,sieve or strain,476,cup,1
Food and drink,3448,sieve or strain,480,plate,1
Food and drink,1368,bread,481,dish,1
Food and drink,1556,yolk,481,dish,2
Food and drink,3448,sieve or strain,481,dish,2
Food and drink,942,honey,481,dish,1
Food and drink,1556,yolk,593,potato,1
Food and drink,1547,soup,636,mill,7
Food and drink,1556,yolk,636,mill,7
Food and drink,1556,yolk,731,beverage,1
Food and drink,1547,soup,768,lunch,5
Food and drink,1556,yolk,768,lunch,4
Food and drink,3448,sieve or strain,768,lunch,6
Food and drink,93,draw milk,768,lunch,2
Food and drink,1507,fruit,832,bean,1
Food and drink,1556,yolk,832,bean,3
Food and drink,1484,oil,854,kettle,5
Food and drink,1530,bowl,854,kettle,4
Food and drink,1556,yolk,854,kettle,5
Food and drink,3448,sieve or strain,854,kettle,5
Food and drink,1556,yolk,920,grape,7
Food and drink,1556,yolk,924,vegetables,4
Food and drink,1556,yolk,93,draw milk,2
Food and drink,1556,yolk,941,mead,20
Food and drink,1639,beer,941,mead,18
Food and drink,1556,yolk,942,honey,1
Kinship,1005,twins,1058,stepdaughter,4
Kinship,1005,twins,1059,stepson,4
Kinship,1005,twins,1060,child-in-law,19
Kinship,1005,twins,1063,nephew,8
Kinship,1005,twins,1130,we,10
Kinship,1005,twins,1131,we,10
Kinship,1005,twins,1149,orphan,3
Kinship,1005,twins,1211,he,6
Kinship,1005,twins,1212,we,7
Kinship,1005,twins,1272,aunt,9
Kinship,1005,twins,1327,uncle,10
Kinship,1005,twins,1383,grandfather,2
Kinship,1005,twins,1496,grandmother,2
Kinship,1005,twins,1617,grandchild,5
Kinship,1005,twins,1618,grandson,4
Kinship,1005,twins,1619,granddaughter,4
Kinship,1005,twins,1642,niece,8
Kinship,1005,twins,1643,cousin,6
Kinship,1005,twins,1644,relatives,1
Kinship,1005,twins,1669,ancestors,1
Kinship,1005,twins,169,it,11
Kinship,1005,twins,1756,widow,3
Kinship,1005,twins,1832,sibling-in-law,13
Kinship,1005,twins,1834,she,7
Kinship,1005,twins,194,family,2
Kinship,1005,twins,1981,widower,4
Kinship,1005,twins,2254,father-in-law,2
Kinship,1005,twins,2255,father-in-law,2
Kinship,1005,twins,2256,mother-in-law,2
Kinship,1005,twins,2257,mother-in-law,2
Kinship,1005,twins,2264,daughter-in-law,3
Kinship,1005,twins,2265,daughter-in-law,3
Kinship,1005,twins,2266,son-in-law,2
Kinship,1005,twins,2267,son-in-law,2
Kinship,1005,twins,236,stepmother,2
Kinship,1005,twins,237,stepfather,3
Kinship,1005,twins,262,he or she or it,4
Kinship,1005,twins,305,grandparents,14
Kinship,1005,twins,306,parents-in-law,13
Kinship,1005,twins,490,descendants,4
Kinship,1005,twins,817,they,1
Kinship,1149,orphan,1981,widower,1
Kinship,1209,i,1060,child-in-law,21
Kinship,1209,i,1130,we,11
Kinship,1209,i,1131,we,11
Kinship,1209,i,1211,he,6
Kinship,1209,i,1212,we,8
Kinship,1209,i,1617,grandchild,6
Kinship,1209,i,169,it,11
Kinship,1209,i,1832,sibling-in-law,14
Kinship,1209,i,1834,she,7
Kinship,1209,i,262,he or she or it,4
Kinship,1209,i,305,grandparents,17
Kinship,1209,i,306,parents-in-law,15
Kinship,1209,i,817,they,1
Kinship,1211,he,169,it,5
Kinship,1259,wedding,1058,stepdaughter,3
Kinship,1259,wedding,1059,stepson,3
Kinship,1259,wedding,1063,nephew,6
Kinship,1259,wedding,1211,he,5
Kinship,1259,wedding,1212,we,5
Kinship,1259,wedding,1262,brother,5
Kinship,1259,wedding,1272,aunt,9
Kinship,1259,wedding,1327,uncle,10
Kinship,1259,wedding,1640,sibling,10
Kinship,1259,wedding,1642,niece,6
Kinship,1259,wedding,1643,cousin,4
Kinship,1259,wedding,169,it,10
Kinship,1259,wedding,1834,she,5
Kinship,1259,wedding,2256,mother-in-law,1
Kinship,1259,wedding,490,descendants,2
Kinship,1289,baby,1063,nephew,6
Kinship,1289,baby,1211,he,4
Kinship,1289,baby,1618,grandson,2
Kinship,1289,baby,1619,granddaughter,2
Kinship,1289,baby,1640,sibling,11
Kinship,1289,baby,1642,niece,6
Kinship,1289,baby,169,it,9
Kinship,1289,baby,1834,she,5
Kinship,1289,baby,2264,daughter-in-law,1
Kinship,1289,baby,2265,daughter-in-law,1
Kinship,1357,daughter,1058,stepdaughter,4
Kinship,1357,daughter,1059,stepson,4
Kinship,1357,daughter,1063,nephew,7
Kinship,1357,daughter,1149,orphan,2
Kinship,1357,daughter,1211,he,5
Kinship,1357,daughter,1212,we,7
Kinship,1357,daughter,1262,brother,6
Kinship,1357,daughter,1263,sister,6
Kinship,1357,daughter,1272,aunt,11
Kinship,1357,daughter,1327,uncle,12
Kinship,1357,daughter,1618,grandson,3
Kinship,1357,daughter,1619,granddaughter,3
Kinship,1357,daughter,1640,sibling,12
Kinship,1357,daughter,1642,niece,7
Kinship,1357,daughter,1643,cousin,5
Kinship,1357,daughter,169,it,10
Kinship,1357,daughter,1756,widow,2
Kinship,1357,daughter,1834,she,6
Kinship,1357,daughter,1981,widower,3
Kinship,1357,daughter,2254,father-in-law,1
Kinship,1357,daughter,2255,father-in-law,1
Kinship,1357,daughter,2256,mother-in-law,1
Kinship,1357,daughter,2257,mother-in-law,1
Kinship,1357,daughter,2264,daughter-in-law,2
Kinship,1357,daughter,2265,daughter-in-law,2
Kinship,1357,daughter,2266,son-in-law,1
Kinship,1357,daughter,2267,son-in-law,1
Kinship,1357,daughter,490,descendants,3
Kinship,1366,boy,1058,stepdaughter,4
Kinship,1366,boy,1059,stepson,4
Kinship,1366,boy,1063,nephew,7
Kinship,1366,boy,1134,divorce,5
Kinship,1366,boy,1149,orphan,2
Kinship,1366,boy,1211,he,5
Kinship,1366,boy,1212,we,7
Kinship,1366,boy,1259,wedding,1
Kinship,1366,boy,1262,brother,6
Kinship,1366,boy,1263,sister,6
Kinship,1366,boy,1272,aunt,11
Kinship,1366,boy,1289,baby,1
Kinship,1366,boy,1327,uncle,12
Kinship,1366,boy,1618,grandson,3
Kinship,1366,boy,1619,granddaughter,3
Kinship,1366,boy,1640,sibling,12
Kinship,1366,boy,1642,niece,7
Kinship,1366,boy,1643,cousin,5
Kinship,1366,boy,169,it,10
Kinship,1366,boy,1756,widow,2
Kinship,1366,boy,1834,she,6
Kinship,1366,boy,1981,widower,3
Kinship,1366,boy,2254,father-in-law,1
Kinship,1366,boy,2255,father-in-law,1
Kinship,1366,boy,2256,mother-in-law,1
Kinship,1366,boy,2257,mother-in-law,1
Kinship,1366,boy,2264,daughter-in-law,2
Kinship,1366,boy,2265,daughter-in-law,2
Kinship,1366,boy,2266,son-in-law,1
Kinship,1366,boy,2267,son-in-law,1
Kinship,1366,boy,490,descendants,3
Kinship,1383,grandfather,1060,child-in-law,19
Kinship,1383,grandfather,1063,nephew,6
Kinship,1383,grandfather,1618,grandson,2
Kinship,1383,grandfather,1619,granddaughter,2
Kinship,1383,grandfather,1642,niece,6
Kinship,1383,grandfather,1832,sibling-in-law,12
Kinship,1383,grandfather,306,parents-in-law,14
Kinship,1496,grandmother,1060,child-in-law,19
Kinship,1496,grandmother,1063,nephew,6
Kinship,1496,grandmother,1618,grandson,2
Kinship,1496,grandmother,1619,granddaughter,2
Kinship,1496,grandmother,1642,niece,6
Kinship,1496,grandmother,1832,sibling-in-law,12
Kinship,1496,grandmother,306,parents-in-law,14
Kinship,1618,grandson,1063,nephew,4
Kinship,1618,grandson,1642,niece,4
Kinship,1619,granddaughter,1063,nephew,4
Kinship,1619,granddaughter,1642,niece,4
Kinship,1620,son,1058,stepdaughter,4
Kinship,1620,son,1059,stepson,4
Kinship,1620,son,1063,nephew,7
Kinship,1620,son,1149,orphan,2
Kinship,1620,son,1211,he,5
Kinship,1620,son,1212,we,7
Kinship,1620,son,1262,brother,6
Kinship,1620,son,1263,sister,6
Kinship,1620,son,1272,aunt,11
Kinship,1620,son,1327,uncle,12
Kinship,1620,son,1618,grandson,3
Kinship,1620,son,1619,granddaughter,3
Kinship,1620,son,1640,sibling,12
Kinship,1620,son,1642,niece,7
Kinship,1620,son,1643,cousin,5
Kinship,1620,son,169,it,10
Kinship,1620,son,1756,widow,2
Kinship,1620,son,1834,she,6
Kinship,1620,son,1981,widower,3
Kinship,1620,son,2254,father-in-law,1
Kinship,1620,son,2255,father-in-law,1
Kinship,1620,son,2256,mother-in-law,1
Kinship,1620,son,2257,mother-in-law,1
Kinship,1620,son,2264,daughter-in-law,2
Kinship,1620,son,2265,daughter-in-law,2
Kinship,1620,son,2266,son-in-law,1
Kinship,1620,son,2267,son-in-law,1
Kinship,1620,son,490,descendants,3
Kinship,1644,relatives,1211,he,5
Kinship,1644,relatives,1212,we,7
Kinship,1644,relatives,169,it,10
Kinship,1644,relatives,1834,she,6
Kinship,1646,girl,1058,stepdaughter,4
Kinship,1646,girl,1059,stepson,4
Kinship,1646,girl,1063,nephew,7
Kinship,1646,girl,1134,divorce,5
Kinship,1646,girl,1149,orphan,2
Kinship,1646,girl,1211,he,5
Kinship,1646,girl,1212,we,7
Kinship,1646,girl,1259,wedding,1
Kinship,1646,girl,1262,brother,6
Kinship,1646,girl,1263,sister,6
Kinship,1646,girl,1272,aunt,11
Kinship,1646,girl,1289,baby,1
Kinship,1646,girl,1327,uncle,12
Kinship,1646,girl,1618,grandson,3
Kinship,1646,girl,1619,granddaughter,3
Kinship,1646,girl,1640,sibling,12
Kinship,1646,girl,1642,niece,7
Kinship,1646,girl,1643,cousin,5
Kinship,1646,girl,169,it,10
Kinship,1646,girl,1756,widow,2
Kinship,1646,girl,1834,she,6
Kinship,1646,girl,1981,widower,3
Kinship,1646,girl,2254,father-in-law,1
Kinship,1646,girl,2255,father-in-law,1
Kinship,1646,girl,2256,mother-in-law,1
Kinship,1646,girl,2257,mother-in-law,1
Kinship,1646,girl,2264,daughter-in-law,2
Kinship,1646,girl,2265,daughter-in-law,2
Kinship,1646,girl,2266,son-in-law,1
Kinship,1646,girl,2267,son-in-law,1
Kinship,1646,girl,490,descendants,3
Kinship,1669,ancestors,1060,child-in-law,19
Kinship,1669,ancestors,1130,we,10
Kinship,1669,ancestors,1131,we,10
Kinship,1669,ancestors,262,he or she or it,3
Kinship,1669,ancestors,305,grandparents,15
Kinship,1669,ancestors,306,parents-in-law,13
Kinship,1669,ancestors,490,descendants,3
Kinship,1756,widow,1981,widower,1
Kinship,1801,child,1058,stepdaughter,4
Kinship,1801,child,1059,stepson,4
Kinship,1801,child,1060,child-in-law,20
Kinship,1801,child,1212,we,7
Kinship,1801,child,1262,brother,6
Kinship,1801,child,1263,sister,6
Kinship,1801,child,1617,grandchild,5
Kinship,1801,child,1640,sibling,12
Kinship,1801,child,1643,cousin,5
Kinship,1801,child,1832,sibling-in-law,13
Kinship,1801,child,236,stepmother,1
Kinship,1801,child,237,stepfather,2
Kinship,1801,child,306,parents-in-law,14
Kinship,1834,she,169,it,5
Kinship,194,family,1060,child-in-law,20
Kinship,194,family,305,grandparents,15
Kinship,194,family,306,parents-in-law,13
Kinship,2254,father-in-law,1058,stepdaughter,2
Kinship,2254,father-in-law,1059,stepson,2
Kinship,2254,father-in-law,1211,he,4
Kinship,2254,father-in-law,1212,we,5
Kinship,2254,father-in-law,169,it,9
Kinship,2254,father-in-law,1834,she,5
Kinship,2254,father-in-law,2264,daughter-in-law,1
Kinship,2254,father-in-law,2265,daughter-in-law,1
Kinship,2255,father-in-law,1058,stepdaughter,3
Kinship,2255,father-in-law,1059,stepson,3
Kinship,2255,father-in-law,1211,he,4
Kinship,2255,father-in-law,1212,we,6
Kinship,2255,father-in-law,169,it,9
Kinship,2255,father-in-law,1834,she,5
Kinship,2255,father-in-law,2264,daughter-in-law,1
Kinship,2255,father-in-law,2265,daughter-in-law,1
Kinship,2256,mother-in-law,1058,stepdaughter,3
Kinship,2256,mother-in-law,1059,stepson,3
Kinship,2256,mother-in-law,1211,he,4
Kinship,2256,mother-in-law,1212,we,5
Kinship,2256,mother-in-law,169,it,8
Kinship,2256,mother-in-law,1834,she,4
Kinship,2256,mother-in-law,2264,daughter-in-law,1
Kinship,2256,mother-in-law,2265,daughter-in-law,1
Kinship,2257,mother-in-law,1058,stepdaughter,3
Kinship,2257,mother-in-law,1059,stepson,3
Kinship,2257,mother-in-law,1211,he,4
Kinship,2257,mother-in-law,1212,we,6
Kinship,2257,mother-in-law,169,it,8
Kinship,2257,mother-in-law,1834,she,5
Kinship,2257,mother-in-law,2264,daughter-in-law,1
Kinship,2257,mother-in-law,2265,daughter-in-law,1
Kinship,2260,female,1060,child-in-law,19
Kinship,2260,female,1130,we,9
Kinship,2261,male,1060,child-in-law,19
Kinship,2261,male,1130,we,9
Kinship,2264,daughter-in-law,1211,he,3
Kinship,2264,daughter-in-law,169,it,8
Kinship,2264,daughter-in-law,1834,she,4
Kinship,2265,daughter-in-law,1211,he,3
Kinship,2265,daughter-in-law,169,it,8
Kinship,2265,daughter-in-law,1834,she,4
Kinship,2266,son-in-law,1058,stepdaughter,3
Kinship,2266,son-in-law,1059,stepson,3
Kinship,2266,son-in-law,1211,he,4
Kinship,2266,son-in-law,1212,we,6
Kinship,2266,son-in-law,169,it,8
Kinship,2266,son-in-law,1834,she,5
Kinship,2266,son-in-law,2264,daughter-in-law,1
Kinship,2266,son-in-law,2265,daughter-in-law,1
Kinship,2267,son-in-law,1058,stepdaughter,3
Kinship,2267,son-in-law,1059,stepson,3
Kinship,2267,son-in-law,1211,he,4
Kinship,2267,son-in-law,1212,we,6
Kinship,2267,son-in-law,169,it,9
Kinship,2267,son-in-law,1834,she,5
Kinship,2267,son-in-law,2264,daughter-in-law,1
Kinship,2267,son-in-law,2265,daughter-in-law,1
Kinship,236,stepmother,1058,stepdaughter,3
Kinship,236,stepmother,1059,stepson,3
Kinship,236,stepmother,1060,child-in-law,19
Kinship,236,stepmother,1832,sibling-in-law,12
Kinship,236,stepmother,306,parents-in-law,13
Kinship,237,stepfather,1060,child-in-law,18
Kinship,262,he or she or it,1060,child-in-law,17
Kinship,262,he or she or it,1130,we,7
Kinship,262,he or she or it,1131,we,7
Kinship,306,parents-in-law,1060,child-in-law,6
Kinship,683,person,1058,stepdaughter,4
Kinship,683,person,1059,stepson,4
Kinship,683,person,1060,child-in-law,20
Kinship,683,person,1134,divorce,5
Kinship,683,person,1212,we,6
Kinship,683,person,1262,brother,5
Kinship,683,person,1263,sister,6
Kinship,683,person,1617,grandchild,5
Kinship,683,person,1640,sibling,11
Kinship,683,person,1643,cousin,4
Kinship,683,person,1832,sibling-in-law,13
Kinship,683,person,236,stepmother,1
Kinship,683,person,237,stepfather,2
Kinship,683,person,306,parents-in-law,13
Kinship,817,they,1060,child-in-law,20
Kinship,817,they,1211,he,5
Kinship,817,they,1617,grandchild,5
Kinship,817,they,169,it,10
Kinship,817,they,1832,sibling-in-law,13
Kinship,817,they,1834,she,6
Kinship,817,they,305,grandparents,16
Kinship,817,they,306,parents-in-law,15
Kinship,1209,i,1058,stepdaughter,5
Kinship,1644,relatives,1058,stepdaughter,4
Kinship,1209,i,1059,stepson,5
Kinship,1644,relatives,1059,stepson,4
Kinship,1832,sibling-in-law,1060,child-in-law,7
Kinship,1209,i,1063,nephew,8
Kinship,1644,relatives,1063,nephew,7
Kinship,2254,father-in-law,1063,nephew,6
Kinship,2255,father-in-law,1063,nephew,6
Kinship,2256,mother-in-law,1063,nephew,5
Kinship,2257,mother-in-law,1063,nephew,6
Kinship,2264,daughter-in-law,1063,nephew,5
Kinship,2265,daughter-in-law,1063,nephew,5
Kinship,2266,son-in-law,1063,nephew,6
Kinship,2267,son-in-law,1063,nephew,6
Kinship,817,they,1063,nephew,7
Kinship,817,they,1130,we,10
Kinship,817,they,1131,we,10
Kinship,1005,twins,1134,divorce,6
Kinship,1209,i,1134,divorce,6
Kinship,1357,daughter,1134,divorce,5
Kinship,1620,son,1134,divorce,5
Kinship,1644,relatives,1134,divorce,5
Kinship,1801,child,1134,divorce,5
Kinship,1209,i,1149,orphan,3
Kinship,1644,relatives,1149,orphan,2
Kinship,1005,twins,1259,wedding,2
Kinship,1209,i,1259,wedding,2
Kinship,1357,daughter,1259,wedding,1
Kinship,1620,son,1259,wedding,1
Kinship,1644,relatives,1259,wedding,1
Kinship,1005,twins,1262,brother,6
Kinship,1209,i,1262,brother,7
Kinship,1263,sister,1262,brother,1
Kinship,1644,relatives,1262,brother,6
Kinship,2254,father-in-law,1262,brother,5
Kinship,2255,father-in-law,1262,brother,5
Kinship,2256,mother-in-law,1262,brother,4
Kinship,2257,mother-in-law,1262,brother,5
Kinship,2266,son-in-law,1262,brother,4
Kinship,2267,son-in-law,1262,brother,5
Kinship,1005,twins,1263,sister,6
Kinship,1209,i,1263,sister,6
Kinship,1644,relatives,1263,sister,6
Kinship,2254,father-in-law,1263,sister,5
Kinship,2255,father-in-law,1263,sister,5
Kinship,2256,mother-in-law,1263,sister,5
Kinship,2257,mother-in-law,1263,sister,5
Kinship,2266,son-in-law,1263,sister,4
Kinship,2267,son-in-law,1263,sister,5
Kinship,1209,i,1272,aunt,12
Kinship,1644,relatives,1272,aunt,11
Kinship,1669,ancestors,1272,aunt,10
Kinship,194,family,1272,aunt,10
Kinship,1005,twins,1289,baby,2
Kinship,1209,i,1289,baby,2
Kinship,1357,daughter,1289,baby,1
Kinship,1620,son,1289,baby,1
Kinship,1644,relatives,1289,baby,1
Kinship,817,they,1289,baby,1
Kinship,1149,orphan,1327,uncle,10
Kinship,1209,i,1327,uncle,13
Kinship,1272,aunt,1327,uncle,1
Kinship,1644,relatives,1327,uncle,12
Kinship,1669,ancestors,1327,uncle,11
Kinship,1756,widow,1327,uncle,10
Kinship,194,family,1327,uncle,11
Kinship,1005,twins,1357,daughter,1
Kinship,1209,i,1357,daughter,1
Kinship,1005,twins,1366,boy,1
Kinship,1209,i,1366,boy,1
Kinship,1209,i,1383,grandfather,2
Kinship,817,they,1383,grandfather,1
Kinship,1209,i,1496,grandmother,2
Kinship,817,they,1496,grandmother,1
Kinship,1209,i,1618,grandson,4
Kinship,1644,relatives,1618,grandson,3
Kinship,2254,father-in-law,1618,grandson,2
Kinship,2255,father-in-law,1618,grandson,2
Kinship,2256,mother-in-law,1618,grandson,2
Kinship,2257,mother-in-law,1618,grandson,2
Kinship,2264,daughter-in-law,1618,grandson,1
Kinship,2265,daughter-in-law,1618,grandson,1
Kinship,2266,son-in-law,1618,grandson,2
Kinship,2267,son-in-law,1618,grandson,2
Kinship,817,they,1618,grandson,3
Kinship,1209,i,1619,granddaughter,4
Kinship,1644,relatives,1619,granddaughter,3
Kinship,2254,father-in-law,1619,granddaughter,2
Kinship,2255,father-in-law,1619,granddaughter,2
Kinship,2256,mother-in-law,1619,granddaughter,2
Kinship,2257,mother-in-law,1619,granddaughter,2
Kinship,2264,daughter-in-law,1619,granddaughter,1
Kinship,2265,daughter-in-law,1619,granddaughter,1
Kinship,2266,son-in-law,1619,granddaughter,2
Kinship,2267,son-in-law,1619,granddaughter,2
Kinship,817,they,1619,granddaughter,3
Kinship,1005,twins,1620,son,1
Kinship,1209,i,1620,son,1
Kinship,1005,twins,1640,sibling,11
Kinship,1209,i,1640,sibling,13
Kinship,1383,grandfather,1640,sibling,11
Kinship,1496,grandmother,1640,sibling,11
Kinship,1643,cousin,1640,sibling,7
Kinship,1644,relatives,1640,sibling,12
Kinship,236,stepmother,1640,sibling,10
Kinship,817,they,1640,sibling,12
Kinship,1209,i,1642,niece,8
Kinship,1644,relatives,1642,niece,7
Kinship,2254,father-in-law,1642,niece,6
Kinship,2255,father-in-law,1642,niece,6
Kinship,2256,mother-in-law,1642,niece,5
Kinship,2257,mother-in-law,1642,niece,6
Kinship,2264,daughter-in-law,1642,niece,5
Kinship,2265,daughter-in-law,1642,niece,5
Kinship,2266,son-in-law,1642,niece,6
Kinship,2267,son-in-law,1642,niece,6
Kinship,817,they,1642,niece,7
Kinship,1209,i,1643,cousin,6
Kinship,1644,relatives,1643,cousin,5
Kinship,236,stepmother,1643,cousin,4
Kinship,1209,i,1644,relatives,1
Kinship,1005,twins,1646,girl,1
Kinship,1209,i,1646,girl,1
Kinship,1209,i,1669,ancestors,1
Kinship,1209,i,1756,widow,3
Kinship,1644,relatives,1756,widow,2
Kinship,1005,twins,1801,child,1
Kinship,1209,i,1801,child,1
Kinship,1209,i,194,family,2
Kinship,1209,i,1981,widower,4
Kinship,1644,relatives,1981,widower,3
Kinship,1209,i,2254,father-in-law,2
Kinship,1644,relatives,2254,father-in-law,1
Kinship,1209,i,2255,father-in-law,2
Kinship,1644,relatives,2255,father-in-law,1
Kinship,1209,i,2256,mother-in-law,2
Kinship,1644,relatives,2256,mother-in-law,1
Kinship,1209,i,2257,mother-in-law,2
Kinship,1644,relatives,2257,mother-in-law,1
Kinship,1005,twins,2260,female,2
Kinship,1209,i,2260,female,2
Kinship,1005,twins,2261,male,2
Kinship,1209,i,2261,male,2
Kinship,1209,i,2264,daughter-in-law,3
Kinship,1644,relatives,2264,daughter-in-law,2
Kinship,817,they,2264,daughter-in-law,2
Kinship,1209,i,2265,daughter-in-law,3
Kinship,1644,relatives,2265,daughter-in-law,2
Kinship,817,they,2265,daughter-in-law,2
Kinship,1209,i,2266,son-in-law,2
Kinship,1644,relatives,2266,son-in-law,1
Kinship,1209,i,2267,son-in-law,2
Kinship,1644,relatives,2267,son-in-law,1
Kinship,1209,i,236,stepmother,2
Kinship,1209,i,237,stepfather,3
Kinship,236,stepmother,237,stepfather,1
Kinship,817,they,262,he or she or it,3
Kinship,1209,i,490,descendants,4
Kinship,1644,relatives,490,descendants,3
Kinship,1005,twins,505,parents,3
Kinship,1209,i,505,parents,3
Kinship,194,family,505,parents,1
Kinship,1005,twins,683,person,1
Kinship,1209,i,683,person,1
Law,1034,defendant,1792,perjury,5
Law,1062,law,1792,perjury,7
Law,1062,law,1818,adjudicate,5
Law,1062,law,983,convict,4
Law,1062,law,988,acquit,5
Law,1067,judgment,1792,perjury,5
Law,1068,court,1818,adjudicate,5
Law,1068,court,484,condemn,4
Law,1068,court,988,acquit,5
Law,1144,witness,1792,perjury,8
Law,1144,witness,1939,swear,3
Law,1144,witness,983,convict,6
Law,1281,prison,1792,perjury,12
Law,1281,prison,1889,arson,9
Law,1281,prison,845,murder,2
Law,1281,prison,902,adultery,6
Law,1281,prison,953,rape,3
Law,1682,guilty,1792,perjury,7
Law,1682,guilty,90,innocent,4
Law,1712,oath,1792,perjury,6
Law,1814,accuse,1792,perjury,8
Law,1814,accuse,218,fine,3
Law,1814,accuse,988,acquit,7
Law,1939,swear,1792,perjury,6
Law,2020,plaintiff,1792,perjury,4
Law,218,fine,1792,perjury,6
Law,845,murder,1792,perjury,9
Law,845,murder,1889,arson,8
Law,845,murder,953,rape,2
Law,861,judge,983,convict,4
Law,953,rape,1792,perjury,6
Law,1160,thief,1034,defendant,8
Law,1281,prison,1034,defendant,7
Law,1814,accuse,1034,defendant,4
Law,845,murder,1034,defendant,5
Law,953,rape,1034,defendant,3
Law,1160,thief,1062,law,5
Law,1281,prison,1062,law,5
Law,1144,witness,1067,judgment,3
Law,1160,thief,1067,judgment,7
Law,1281,prison,1067,judgment,6
Law,1160,thief,1068,court,7
Law,1281,prison,1068,court,5
Law,1160,thief,1144,witness,3
Law,1281,prison,1144,witness,3
Law,1160,thief,1281,prison,1
Law,1160,thief,1682,guilty,6
Law,845,murder,1682,guilty,3
Law,1160,thief,1712,oath,7
Law,1160,thief,1792,perjury,13
Law,1160,thief,1814,accuse,2
Law,1281,prison,1814,accuse,2
Law,1067,judgment,1818,adjudicate,3
Law,1144,witness,1818,adjudicate,6
Law,1160,thief,1818,adjudicate,11
Law,1281,prison,1818,adjudicate,10
Law,1939,swear,1818,adjudicate,4
Law,861,judge,1818,adjudicate,5
Law,953,rape,1818,adjudicate,5
Law,1160,thief,1889,arson,10
Law,1160,thief,1939,swear,7
Law,1034,defendant,2020,plaintiff,1
Law,1160,thief,2020,plaintiff,9
Law,1281,prison,2020,plaintiff,8
Law,1814,accuse,2020,plaintiff,5
Law,845,murder,2020,plaintiff,6
Law,953,rape,2020,plaintiff,3
Law,1160,thief,218,fine,7
Law,1281,prison,218,fine,6
Law,1160,thief,390,punishment,5
Law,1160,thief,484,condemn,8
Law,1281,prison,484,condemn,8
Law,845,murder,484,condemn,6
Law,902,adultery,484,condemn,3
Law,953,rape,484,condemn,4
Law,1160,thief,845,murder,2
Law,1160,thief,861,judge,6
Law,1281,prison,861,judge,4
Law,1160,thief,90,innocent,9
Law,845,murder,90,innocent,6
Law,1160,thief,902,adultery,6
Law,1160,thief,953,rape,3
Law,1160,thief,983,convict,10
Law,1281,prison,983,convict,9
Law,1682,guilty,983,convict,5
Law,845,murder,983,convict,7
Law,953,rape,983,convict,4
Law,1160,thief,988,acquit,11
Law,1281,prison,988,acquit,10
Miscellaneous function words,1214,this,1354,next,1
Miscellaneous function words,1214,this,78,that,1
Miscellaneous function words,1214,this,1240,not,4
Miscellaneous function words,78,that,1240,not,3
Miscellaneous function words,1214,this,1579,be,6
Miscellaneous function words,1214,this,1990,become,4
Miscellaneous function words,78,that,1990,become,3
Miscellaneous function words,1214,this,200,same,4
Miscellaneous function words,1354,next,200,same,3
Miscellaneous function words,1214,this,97,through,10
Miscellaneous function words,1340,with,97,through,9
Miscellaneous function words,1354,next,97,through,9
Miscellaneous function words,78,that,97,through,9
Modern world,105,mattress,1677,workshop,5
Modern world,1051,can,144,machine,2
Modern world,1051,can,1497,postcard,9
Modern world,1051,can,1677,workshop,9
Modern world,1051,can,1804,bomb,6
Modern world,1051,can,1898,spectacles,1
Modern world,1051,can,1967,calendar,7
Modern world,1051,can,642,music,4
Modern world,1051,can,654,plastic,6
Modern world,1051,can,900,train,6
Modern world,1051,can,966,brake,5
Modern world,1070,bus,110,motor,1
Modern world,1070,bus,1104,nurse,2
Modern world,1070,bus,1284,bank,6
Modern world,1070,bus,1298,newspaper,4
Modern world,1070,bus,1488,faucet,5
Modern world,1070,bus,1497,postcard,9
Modern world,1070,bus,1677,workshop,9
Modern world,1070,bus,1805,injection,4
Modern world,1070,bus,216,movie,4
Modern world,1070,bus,59,electricity,2
Modern world,1070,bus,662,battery,5
Modern world,1070,bus,815,government,4
Modern world,1070,bus,915,sink,8
Modern world,1070,bus,966,brake,5
Modern world,1096,song,110,motor,3
Modern world,1096,song,1298,newspaper,6
Modern world,1096,song,1356,number,2
Modern world,1096,song,144,machine,5
Modern world,1096,song,1497,postcard,10
Modern world,1096,song,591,address,9
Modern world,1096,song,747,bicycle,3
Modern world,1096,song,900,train,6
Modern world,1096,song,966,brake,5
Modern world,110,motor,1497,postcard,7
Modern world,1104,nurse,1488,faucet,3
Modern world,1104,nurse,1497,postcard,5
Modern world,1104,nurse,915,sink,4
Modern world,1104,nurse,966,brake,3
Modern world,1111,car,105,mattress,5
Modern world,1111,car,1070,bus,1
Modern world,1111,car,110,motor,2
Modern world,1111,car,1104,nurse,3
Modern world,1111,car,1284,bank,8
Modern world,1111,car,1298,newspaper,5
Modern world,1111,car,1373,tea,1
Modern world,1111,car,144,machine,4
Modern world,1111,car,1488,faucet,6
Modern world,1111,car,1497,postcard,10
Modern world,1111,car,167,mail,7
Modern world,1111,car,1677,workshop,10
Modern world,1111,car,1802,screw,4
Modern world,1111,car,1804,bomb,7
Modern world,1111,car,1805,injection,5
Modern world,1111,car,1898,spectacles,1
Modern world,1111,car,216,movie,5
Modern world,1111,car,219,toilet,1
Modern world,1111,car,240,election,7
Modern world,1111,car,395,pill,4
Modern world,1111,car,486,minister,9
Modern world,1111,car,59,electricity,3
Modern world,1111,car,591,address,10
Modern world,1111,car,650,petroleum,4
Modern world,1111,car,654,plastic,8
Modern world,1111,car,656,police,1
Modern world,1111,car,662,battery,6
Modern world,1111,car,747,bicycle,2
Modern world,1111,car,815,government,5
Modern world,1111,car,836,screwdriver,6
Modern world,1111,car,874,candy,1
Modern world,1111,car,899,president,8
Modern world,1111,car,900,train,6
Modern world,1111,car,915,sink,9
Modern world,1111,car,966,brake,6
Modern world,1111,car,969,cigarette,1
Modern world,1284,bank,1677,workshop,4
Modern world,1298,newspaper,1497,postcard,3
Modern world,1315,radio,1788,television,2
Modern world,1315,radio,1804,bomb,4
Modern world,1315,radio,1805,injection,3
Modern world,1315,radio,240,election,3
Modern world,1315,radio,591,address,6
Modern world,1315,radio,654,plastic,4
Modern world,1315,radio,662,battery,3
Modern world,1315,radio,899,president,3
Modern world,1315,radio,915,sink,6
Modern world,1315,radio,966,brake,3
Modern world,1321,bottle,1096,song,1
Modern world,1321,bottle,110,motor,3
Modern world,1321,bottle,1298,newspaper,6
Modern world,1321,bottle,1356,number,3
Modern world,1321,bottle,1362,street,1
Modern world,1321,bottle,1373,tea,2
Modern world,1321,bottle,144,machine,5
Modern world,1321,bottle,1497,postcard,11
Modern world,1321,bottle,1677,workshop,11
Modern world,1321,bottle,1804,bomb,8
Modern world,1321,bottle,1898,spectacles,2
Modern world,1321,bottle,1967,calendar,9
Modern world,1321,bottle,216,movie,6
Modern world,1321,bottle,591,address,10
Modern world,1321,bottle,642,music,5
Modern world,1321,bottle,650,petroleum,5
Modern world,1321,bottle,654,plastic,9
Modern world,1321,bottle,747,bicycle,3
Modern world,1321,bottle,874,candy,2
Modern world,1321,bottle,900,train,7
Modern world,1321,bottle,966,brake,6
Modern world,1321,bottle,969,cigarette,2
Modern world,1356,number,966,brake,2
Modern world,1362,street,1497,postcard,10
Modern world,1379,telephone,1488,faucet,5
Modern world,1379,telephone,1804,bomb,4
Modern world,1379,telephone,1805,injection,2
Modern world,1379,telephone,240,election,3
Modern world,1379,telephone,591,address,6
Modern world,1379,telephone,638,motorcycle,1
Modern world,1379,telephone,650,petroleum,2
Modern world,1379,telephone,654,plastic,5
Modern world,1379,telephone,662,battery,4
Modern world,1379,telephone,815,government,2
Modern world,1379,telephone,899,president,4
Modern world,1379,telephone,915,sink,6
Modern world,1379,telephone,966,brake,2
Modern world,1597,airplane,105,mattress,5
Modern world,1597,airplane,110,motor,2
Modern world,1597,airplane,1104,nurse,3
Modern world,1597,airplane,1284,bank,8
Modern world,1597,airplane,1298,newspaper,5
Modern world,1597,airplane,1373,tea,1
Modern world,1597,airplane,144,machine,4
Modern world,1597,airplane,1488,faucet,6
Modern world,1597,airplane,1497,postcard,10
Modern world,1597,airplane,167,mail,7
Modern world,1597,airplane,1677,workshop,10
Modern world,1597,airplane,1802,screw,4
Modern world,1597,airplane,1804,bomb,7
Modern world,1597,airplane,1805,injection,5
Modern world,1597,airplane,1898,spectacles,1
Modern world,1597,airplane,216,movie,5
Modern world,1597,airplane,219,toilet,1
Modern world,1597,airplane,240,election,7
Modern world,1597,airplane,395,pill,4
Modern world,1597,airplane,486,minister,9
Modern world,1597,airplane,59,electricity,3
Modern world,1597,airplane,591,address,10
Modern world,1597,airplane,650,petroleum,4
Modern world,1597,airplane,654,plastic,8
Modern world,1597,airplane,656,police,1
Modern world,1597,airplane,662,battery,6
Modern world,1597,airplane,747,bicycle,2
Modern world,1597,airplane,815,government,5
Modern world,1597,airplane,836,screwdriver,6
Modern world,1597,airplane,874,candy,1
Modern world,1597,airplane,899,president,8
Modern world,1597,airplane,900,train,6
Modern world,1597,airplane,915,sink,9
Modern world,1597,airplane,966,brake,6
Modern world,1597,airplane,969,cigarette,1
Modern world,1802,screw,1677,workshop,6
Modern world,1802,screw,591,address,5
Modern world,1802,screw,654,plastic,2
Modern world,1802,screw,836,screwdriver,2
Modern world,1805,injection,915,sink,3
Modern world,1898,spectacles,144,machine,3
Modern world,1898,spectacles,1497,postcard,8
Modern world,1898,spectacles,1677,workshop,8
Modern world,1898,spectacles,1804,bomb,6
Modern world,1898,spectacles,654,plastic,5
Modern world,1898,spectacles,900,train,4
Modern world,1898,spectacles,966,brake,5
Modern world,219,toilet,110,motor,1
Modern world,219,toilet,1284,bank,7
Modern world,219,toilet,1298,newspaper,4
Modern world,219,toilet,1497,postcard,8
Modern world,219,toilet,1677,workshop,8
Modern world,219,toilet,216,movie,4
Modern world,219,toilet,815,government,4
Modern world,219,toilet,966,brake,4
Modern world,240,election,591,address,3
Modern world,59,electricity,1677,workshop,7
Modern world,616,hospital,1066,crime,7
Modern world,616,hospital,110,motor,2
Modern world,616,hospital,1104,nurse,3
Modern world,616,hospital,1298,newspaper,5
Modern world,616,hospital,1356,number,3
Modern world,616,hospital,1488,faucet,6
Modern world,616,hospital,1497,postcard,9
Modern world,616,hospital,167,mail,7
Modern world,616,hospital,1804,bomb,6
Modern world,616,hospital,1805,injection,5
Modern world,616,hospital,1967,calendar,6
Modern world,616,hospital,240,election,5
Modern world,616,hospital,591,address,8
Modern world,616,hospital,642,music,4
Modern world,616,hospital,650,petroleum,4
Modern world,616,hospital,654,plastic,7
Modern world,616,hospital,656,police,1
Modern world,616,hospital,815,government,5
Modern world,616,hospital,899,president,6
Modern world,616,hospital,900,train,6
Modern world,616,hospital,915,sink,9
Modern world,616,hospital,966,brake,4
Modern world,638,motorcycle,1488,faucet,4
Modern world,638,motorcycle,1805,injection,2
Modern world,638,motorcycle,662,battery,3
Modern world,638,motorcycle,815,government,2
Modern world,638,motorcycle,915,sink,6
Modern world,638,motorcycle,966,brake,3
Modern world,656,police,110,motor,1
Modern world,656,police,1298,newspaper,4
Modern world,656,police,1497,postcard,9
Modern world,656,police,167,mail,6
Modern world,656,police,1804,bomb,6
Modern world,656,police,240,election,6
Modern world,656,police,591,address,9
Modern world,656,police,650,petroleum,3
Modern world,656,police,654,plastic,7
Modern world,656,police,900,train,5
Modern world,656,police,966,brake,5
Modern world,815,government,966,brake,1
Modern world,836,screwdriver,591,address,3
Modern world,899,president,591,address,3
Modern world,969,cigarette,1298,newspaper,4
Modern world,969,cigarette,1497,postcard,9
Modern world,969,cigarette,591,address,9
Modern world,969,cigarette,650,petroleum,3
Modern world,969,cigarette,900,train,5
Modern world,1051,can,105,mattress,4
Modern world,1321,bottle,105,mattress,6
Modern world,1373,tea,105,mattress,4
Modern world,144,machine,105,mattress,2
Modern world,1898,spectacles,105,mattress,4
Modern world,747,bicycle,105,mattress,3
Modern world,969,cigarette,105,mattress,4
Modern world,1321,bottle,1051,can,1
Modern world,1051,can,1066,crime,8
Modern world,1096,song,1066,crime,8
Modern world,1321,bottle,1066,crime,9
Modern world,1356,number,1066,crime,6
Modern world,1362,street,1066,crime,8
Modern world,966,brake,1066,crime,3
Modern world,1321,bottle,1070,bus,2
Modern world,1597,airplane,1070,bus,1
Modern world,1362,street,110,motor,3
Modern world,1051,can,1104,nurse,3
Modern world,1096,song,1104,nurse,4
Modern world,110,motor,1104,nurse,1
Modern world,1321,bottle,1104,nurse,4
Modern world,1362,street,1104,nurse,4
Modern world,1898,spectacles,1104,nurse,2
Modern world,219,toilet,1104,nurse,2
Modern world,656,police,1104,nurse,2
Modern world,1321,bottle,1111,car,1
Modern world,1096,song,1284,bank,8
Modern world,1321,bottle,1284,bank,9
Modern world,1356,number,1284,bank,5
Modern world,1362,street,1284,bank,8
Modern world,1373,tea,1284,bank,7
Modern world,1802,screw,1284,bank,2
Modern world,216,movie,1284,bank,3
Modern world,747,bicycle,1284,bank,5
Modern world,969,cigarette,1284,bank,7
Modern world,110,motor,1298,newspaper,3
Modern world,1362,street,1298,newspaper,6
Modern world,1373,tea,1298,newspaper,4
Modern world,1111,car,1315,radio,3
Modern world,1321,bottle,1315,radio,4
Modern world,1379,telephone,1315,radio,1
Modern world,1597,airplane,1315,radio,3
Modern world,616,hospital,1315,radio,3
Modern world,656,police,1315,radio,2
Modern world,1362,street,1356,number,2
Modern world,1096,song,1379,telephone,3
Modern world,1111,car,1379,telephone,2
Modern world,1321,bottle,1379,telephone,3
Modern world,1362,street,1379,telephone,3
Modern world,1597,airplane,1379,telephone,2
Modern world,616,hospital,1379,telephone,2
Modern world,656,police,1379,telephone,1
Modern world,1362,street,144,machine,5
Modern world,1373,tea,144,machine,3
Modern world,747,bicycle,144,machine,2
Modern world,1051,can,1488,faucet,6
Modern world,110,motor,1488,faucet,4
Modern world,1321,bottle,1488,faucet,7
Modern world,1373,tea,1488,faucet,5
Modern world,1898,spectacles,1488,faucet,5
Modern world,219,toilet,1488,faucet,5
Modern world,656,police,1488,faucet,5
Modern world,747,bicycle,1488,faucet,5
Modern world,874,candy,1488,faucet,5
Modern world,1373,tea,1497,postcard,9
Modern world,1321,bottle,1597,airplane,1
Modern world,1051,can,167,mail,7
Modern world,1096,song,167,mail,7
Modern world,1321,bottle,167,mail,8
Modern world,1362,street,167,mail,7
Modern world,1373,tea,167,mail,6
Modern world,1898,spectacles,167,mail,5
Modern world,969,cigarette,167,mail,6
Modern world,1096,song,1677,workshop,10
Modern world,1356,number,1677,workshop,8
Modern world,1362,street,1677,workshop,10
Modern world,1373,tea,1677,workshop,9
Modern world,144,machine,1677,workshop,6
Modern world,216,movie,1677,workshop,5
Modern world,747,bicycle,1677,workshop,7
Modern world,969,cigarette,1677,workshop,9
Modern world,1051,can,1788,television,3
Modern world,1111,car,1788,television,5
Modern world,1321,bottle,1788,television,6
Modern world,1379,telephone,1788,television,3
Modern world,1597,airplane,1788,television,5
Modern world,1898,spectacles,1788,television,4
Modern world,616,hospital,1788,television,5
Modern world,656,police,1788,television,4
Modern world,874,candy,1788,television,4
Modern world,1096,song,1802,screw,4
Modern world,1321,bottle,1802,screw,5
Modern world,1362,street,1802,screw,4
Modern world,1373,tea,1802,screw,3
Modern world,747,bicycle,1802,screw,1
Modern world,969,cigarette,1802,screw,3
Modern world,1373,tea,1804,bomb,6
Modern world,144,machine,1804,bomb,4
Modern world,747,bicycle,1804,bomb,5
Modern world,1096,song,1805,injection,5
Modern world,110,motor,1805,injection,2
Modern world,1321,bottle,1805,injection,6
Modern world,1356,number,1805,injection,2
Modern world,1362,street,1805,injection,5
Modern world,219,toilet,1805,injection,4
Modern world,656,police,1805,injection,4
Modern world,1096,song,1898,spectacles,2
Modern world,1362,street,1898,spectacles,2
Modern world,1096,song,1967,calendar,8
Modern world,1362,street,1967,calendar,8
Modern world,1096,song,216,movie,5
Modern world,1356,number,216,movie,3
Modern world,1362,street,216,movie,5
Modern world,1373,tea,216,movie,4
Modern world,747,bicycle,216,movie,2
Modern world,1321,bottle,219,toilet,2
Modern world,1096,song,240,election,7
Modern world,1321,bottle,240,election,8
Modern world,1362,street,240,election,7
Modern world,1373,tea,240,election,6
Modern world,1802,screw,240,election,2
Modern world,747,bicycle,240,election,4
Modern world,969,cigarette,240,election,6
Modern world,1051,can,395,pill,3
Modern world,1321,bottle,395,pill,5
Modern world,1898,spectacles,395,pill,3
Modern world,1051,can,486,minister,8
Modern world,1096,song,486,minister,9
Modern world,1321,bottle,486,minister,10
Modern world,1362,street,486,minister,9
Modern world,1898,spectacles,486,minister,6
Modern world,969,cigarette,486,minister,8
Modern world,1321,bottle,59,electricity,4
Modern world,219,toilet,59,electricity,2
Modern world,1362,street,591,address,9
Modern world,1373,tea,591,address,9
Modern world,650,petroleum,591,address,6
Modern world,747,bicycle,591,address,7
Modern world,1321,bottle,616,hospital,1
Modern world,1070,bus,638,motorcycle,2
Modern world,110,motor,638,motorcycle,1
Modern world,1111,car,638,motorcycle,3
Modern world,1321,bottle,638,motorcycle,4
Modern world,1597,airplane,638,motorcycle,3
Modern world,219,toilet,638,motorcycle,2
Modern world,616,hospital,638,motorcycle,3
Modern world,656,police,638,motorcycle,2
Modern world,1096,song,642,music,4
Modern world,1362,street,642,music,4
Modern world,1096,song,654,plastic,8
Modern world,1362,street,654,plastic,8
Modern world,1373,tea,654,plastic,7
Modern world,144,machine,654,plastic,2
Modern world,747,bicycle,654,plastic,5
Modern world,969,cigarette,654,plastic,7
Modern world,1321,bottle,656,police,2
Modern world,110,motor,662,battery,4
Modern world,1321,bottle,662,battery,7
Modern world,219,toilet,662,battery,5
Modern world,616,hospital,662,battery,6
Modern world,656,police,662,battery,5
Modern world,874,candy,662,battery,5
Modern world,1362,street,747,bicycle,3
Modern world,1373,tea,747,bicycle,1
Modern world,1096,song,815,government,5
Modern world,110,motor,815,government,2
Modern world,1321,bottle,815,government,6
Modern world,1356,number,815,government,2
Modern world,1362,street,815,government,5
Modern world,1373,tea,815,government,4
Modern world,656,police,815,government,4
Modern world,747,bicycle,815,government,2
Modern world,1096,song,836,screwdriver,6
Modern world,1321,bottle,836,screwdriver,7
Modern world,1362,street,836,screwdriver,6
Modern world,1373,tea,836,screwdriver,5
Modern world,747,bicycle,836,screwdriver,3
Modern world,969,cigarette,836,screwdriver,5
Modern world,1096,song,899,president,8
Modern world,1321,bottle,899,president,9
Modern world,1362,street,899,president,8
Modern world,1373,tea,899,president,7
Modern world,1802,screw,899,president,2
Modern world,656,police,899,president,7
Modern world,747,bicycle,899,president,5
Modern world,969,cigarette,899,president,7
Modern world,1362,street,900,train,6
Modern world,1373,tea,900,train,5
Modern world,1051,can,915,sink,7
Modern world,1096,song,915,sink,9
Modern world,110,motor,915,sink,6
Modern world,1321,bottle,915,sink,10
Modern world,1356,number,915,sink,6
Modern world,1362,street,915,sink,9
Modern world,1898,spectacles,915,sink,7
Modern world,219,toilet,915,sink,8
Modern world,656,police,915,sink,8
Modern world,969,cigarette,915,sink,8
Modern world,110,motor,966,brake,3
Modern world,1362,street,966,brake,5
Modern world,1373,tea,966,brake,5
Modern world,144,machine,966,brake,3
Modern world,747,bicycle,966,brake,3
Motion,1011,bridge,108,rudder,11
Motion,1011,bridge,122,cart,5
Motion,1011,bridge,14,yoke,7
Motion,1011,bridge,142,return home,3
Motion,1011,bridge,16,sled,20
Motion,1011,bridge,1664,raft,10
Motion,1011,bridge,1769,axle,9
Motion,1011,bridge,184,mast,15
Motion,1011,bridge,1844,boat,2
Motion,1011,bridge,1849,row,6
Motion,1011,bridge,1870,anchor,12
Motion,1011,bridge,1922,land,6
Motion,1011,bridge,1970,canoe,10
Motion,1011,bridge,416,outrigger,23
Motion,1011,bridge,610,port,13
Motion,1011,bridge,710,wheel,1
Motion,1011,bridge,740,ship,5
Motion,1011,bridge,786,sailcloth,13
Motion,1047,pursue,108,rudder,12
Motion,1047,pursue,1127,send,1
Motion,1047,pursue,122,cart,5
Motion,1047,pursue,14,yoke,7
Motion,1047,pursue,142,return home,3
Motion,1047,pursue,16,sled,20
Motion,1047,pursue,1664,raft,10
Motion,1047,pursue,1769,axle,9
Motion,1047,pursue,1778,approach,1
Motion,1047,pursue,184,mast,15
Motion,1047,pursue,1844,boat,2
Motion,1047,pursue,1849,row,6
Motion,1047,pursue,1870,anchor,13
Motion,1047,pursue,1922,land,6
Motion,1047,pursue,1970,canoe,10
Motion,1047,pursue,367,ride,6
Motion,1047,pursue,412,carry in hand,9
Motion,1047,pursue,413,carry on shoulder,8
Motion,1047,pursue,414,carry on head,12
Motion,1047,pursue,415,carry under arm,12
Motion,1047,pursue,416,outrigger,23
Motion,1047,pursue,43,lead,1
Motion,1047,pursue,610,port,14
Motion,1047,pursue,667,road,1
Motion,1047,pursue,692,bring,1
Motion,1047,pursue,700,carry,1
Motion,1047,pursue,710,wheel,1
Motion,1047,pursue,740,ship,5
Motion,1047,pursue,741,drive,5
Motion,1047,pursue,786,sailcloth,13
Motion,108,rudder,184,mast,3
Motion,1085,follow,14,yoke,6
Motion,1085,follow,184,mast,15
Motion,1085,follow,1970,canoe,9
Motion,1085,follow,412,carry in hand,8
Motion,1085,follow,413,carry on shoulder,7
Motion,1085,follow,414,carry on head,11
Motion,1085,follow,415,carry under arm,11
Motion,1085,follow,416,outrigger,22
Motion,1085,follow,610,port,12
Motion,1102,climb,108,rudder,12
Motion,1102,climb,1085,follow,1
Motion,1102,climb,1127,send,1
Motion,1102,climb,122,cart,4
Motion,1102,climb,14,yoke,7
Motion,1102,climb,142,return home,3
Motion,1102,climb,16,sled,21
Motion,1102,climb,1664,raft,10
Motion,1102,climb,1769,axle,8
Motion,1102,climb,1778,approach,1
Motion,1102,climb,184,mast,16
Motion,1102,climb,1844,boat,2
Motion,1102,climb,1849,row,6
Motion,1102,climb,1870,anchor,13
Motion,1102,climb,1922,land,6
Motion,1102,climb,1970,canoe,10
Motion,1102,climb,367,ride,6
Motion,1102,climb,412,carry in hand,9
Motion,1102,climb,413,carry on shoulder,8
Motion,1102,climb,414,carry on head,12
Motion,1102,climb,415,carry under arm,12
Motion,1102,climb,416,outrigger,22
Motion,1102,climb,43,lead,1
Motion,1102,climb,485,disappear,1
Motion,1102,climb,610,port,13
Motion,1102,climb,667,road,1
Motion,1102,climb,692,bring,1
Motion,1102,climb,700,carry,1
Motion,1102,climb,710,wheel,1
Motion,1102,climb,740,ship,5
Motion,1102,climb,741,drive,4
Motion,1102,climb,786,sailcloth,14
Motion,1113,wrap,108,rudder,12
Motion,1113,wrap,1085,follow,1
Motion,1113,wrap,1127,send,1
Motion,1113,wrap,1135,kick,1
Motion,1113,wrap,119,dive,4
Motion,1113,wrap,122,cart,5
Motion,1113,wrap,14,yoke,7
Motion,1113,wrap,142,return home,3
Motion,1113,wrap,1443,walk,1
Motion,1113,wrap,1574,float,1
Motion,1113,wrap,16,sled,21
Motion,1113,wrap,1664,raft,10
Motion,1113,wrap,1769,axle,9
Motion,1113,wrap,1778,approach,1
Motion,1113,wrap,184,mast,16
Motion,1113,wrap,1844,boat,2
Motion,1113,wrap,1849,row,6
Motion,1113,wrap,1870,anchor,13
Motion,1113,wrap,1922,land,6
Motion,1113,wrap,1970,canoe,10
Motion,1113,wrap,365,splash,1
Motion,1113,wrap,366,limp,1
Motion,1113,wrap,367,ride,6
Motion,1113,wrap,412,carry in hand,9
Motion,1113,wrap,413,carry on shoulder,8
Motion,1113,wrap,414,carry on head,12
Motion,1113,wrap,415,carry under arm,12
Motion,1113,wrap,416,outrigger,23
Motion,1113,wrap,43,lead,1
Motion,1113,wrap,485,disappear,1
Motion,1113,wrap,610,port,14
Motion,1113,wrap,667,road,1
Motion,1113,wrap,692,bring,1
Motion,1113,wrap,700,carry,1
Motion,1113,wrap,710,wheel,1
Motion,1113,wrap,740,ship,5
Motion,1113,wrap,741,drive,5
Motion,1113,wrap,786,sailcloth,14
Motion,1113,wrap,787,sail,16
Motion,1127,send,108,rudder,11
Motion,1127,send,122,cart,4
Motion,1127,send,14,yoke,6
Motion,1127,send,16,sled,20
Motion,1127,send,1769,axle,8
Motion,1127,send,184,mast,15
Motion,1127,send,1844,boat,1
Motion,1127,send,1849,row,5
Motion,1127,send,1870,anchor,12
Motion,1127,send,1970,canoe,9
Motion,1127,send,367,ride,5
Motion,1127,send,416,outrigger,23
Motion,1127,send,610,port,13
Motion,1127,send,786,sailcloth,13
Motion,1135,kick,108,rudder,11
Motion,1135,kick,1664,raft,9
Motion,1135,kick,184,mast,15
Motion,1135,kick,1849,row,5
Motion,1135,kick,1870,anchor,12
Motion,1135,kick,1922,land,5
Motion,1135,kick,1970,canoe,9
Motion,1135,kick,416,outrigger,23
Motion,1135,kick,610,port,13
Motion,1135,kick,741,drive,4
Motion,1135,kick,786,sailcloth,13
Motion,119,dive,184,mast,10
Motion,119,dive,416,outrigger,18
Motion,119,dive,786,sailcloth,9
Motion,119,dive,787,sail,12
Motion,1324,slip,108,rudder,11
Motion,1324,slip,1085,follow,1
Motion,1324,slip,1127,send,1
Motion,1324,slip,1135,kick,1
Motion,1324,slip,122,cart,5
Motion,1324,slip,14,yoke,7
Motion,1324,slip,142,return home,3
Motion,1324,slip,1443,walk,1
Motion,1324,slip,16,sled,21
Motion,1324,slip,1664,raft,9
Motion,1324,slip,1769,axle,8
Motion,1324,slip,1778,approach,1
Motion,1324,slip,184,mast,15
Motion,1324,slip,1844,boat,1
Motion,1324,slip,1849,row,5
Motion,1324,slip,1870,anchor,12
Motion,1324,slip,1922,land,6
Motion,1324,slip,1970,canoe,9
Motion,1324,slip,366,limp,1
Motion,1324,slip,367,ride,6
Motion,1324,slip,412,carry in hand,9
Motion,1324,slip,413,carry on shoulder,8
Motion,1324,slip,414,carry on head,12
Motion,1324,slip,415,carry under arm,12
Motion,1324,slip,416,outrigger,22
Motion,1324,slip,43,lead,1
Motion,1324,slip,485,disappear,1
Motion,1324,slip,610,port,13
Motion,1324,slip,667,road,1
Motion,1324,slip,692,bring,1
Motion,1324,slip,700,carry,1
Motion,1324,slip,710,wheel,1
Motion,1324,slip,740,ship,4
Motion,1324,slip,741,drive,4
Motion,1324,slip,786,sailcloth,13
Motion,14,yoke,416,outrigger,12
Motion,1443,walk,142,return home,3
Motion,1443,walk,1664,raft,9
Motion,1443,walk,184,mast,15
Motion,1443,walk,1849,row,5
Motion,1443,walk,1870,anchor,12
Motion,1443,walk,1970,canoe,9
Motion,1443,walk,367,ride,5
Motion,1443,walk,412,carry in hand,8
Motion,1443,walk,413,carry on shoulder,7
Motion,1443,walk,414,carry on head,11
Motion,1443,walk,415,carry under arm,11
Motion,1443,walk,416,outrigger,23
Motion,1443,walk,741,drive,4
Motion,1443,walk,786,sailcloth,13
Motion,1574,float,108,rudder,11
Motion,1574,float,122,cart,4
Motion,1574,float,16,sled,20
Motion,1574,float,1664,raft,9
Motion,1574,float,1769,axle,8
Motion,1574,float,184,mast,15
Motion,1574,float,1870,anchor,12
Motion,1574,float,1922,land,5
Motion,1574,float,1970,canoe,9
Motion,1574,float,412,carry in hand,8
Motion,1574,float,414,carry on head,11
Motion,1574,float,415,carry under arm,11
Motion,1574,float,416,outrigger,23
Motion,1574,float,610,port,13
Motion,1574,float,740,ship,4
Motion,1574,float,786,sailcloth,13
Motion,1574,float,787,sail,15
Motion,175,blow,108,rudder,12
Motion,175,blow,1085,follow,1
Motion,175,blow,1127,send,1
Motion,175,blow,1135,kick,1
Motion,175,blow,122,cart,5
Motion,175,blow,14,yoke,7
Motion,175,blow,142,return home,3
Motion,175,blow,1443,walk,1
Motion,175,blow,16,sled,20
Motion,175,blow,1664,raft,10
Motion,175,blow,1769,axle,9
Motion,175,blow,1778,approach,1
Motion,175,blow,184,mast,15
Motion,175,blow,1844,boat,2
Motion,175,blow,1849,row,6
Motion,175,blow,1870,anchor,13
Motion,175,blow,1922,land,6
Motion,175,blow,1970,canoe,10
Motion,175,blow,366,limp,1
Motion,175,blow,367,ride,6
Motion,175,blow,412,carry in hand,9
Motion,175,blow,413,carry on shoulder,8
Motion,175,blow,414,carry on head,12
Motion,175,blow,415,carry under arm,12
Motion,175,blow,416,outrigger,23
Motion,175,blow,43,lead,1
Motion,175,blow,485,disappear,1
Motion,175,blow,610,port,14
Motion,175,blow,667,road,1
Motion,175,blow,692,bring,1
Motion,175,blow,700,carry,1
Motion,175,blow,710,wheel,1
Motion,175,blow,740,ship,5
Motion,175,blow,741,drive,5
Motion,175,blow,786,sailcloth,13
Motion,1769,axle,416,outrigger,12
Motion,1778,approach,108,rudder,9
Motion,1778,approach,14,yoke,6
Motion,1778,approach,16,sled,20
Motion,1778,approach,184,mast,13
Motion,1778,approach,367,ride,5
Motion,1778,approach,412,carry in hand,8
Motion,1778,approach,415,carry under arm,11
Motion,1778,approach,416,outrigger,21
Motion,1778,approach,610,port,11
Motion,1844,boat,108,rudder,10
Motion,1844,boat,16,sled,19
Motion,1844,boat,184,mast,13
Motion,1844,boat,1849,row,4
Motion,1844,boat,1870,anchor,11
Motion,1844,boat,1970,canoe,8
Motion,1844,boat,416,outrigger,21
Motion,1844,boat,610,port,12
Motion,1844,boat,786,sailcloth,11
Motion,1849,row,184,mast,9
Motion,1849,row,1870,anchor,5
Motion,1849,row,786,sailcloth,7
Motion,1970,canoe,416,outrigger,13
Motion,2003,flow,108,rudder,12
Motion,2003,flow,1085,follow,1
Motion,2003,flow,1127,send,1
Motion,2003,flow,1135,kick,1
Motion,2003,flow,119,dive,4
Motion,2003,flow,122,cart,5
Motion,2003,flow,14,yoke,7
Motion,2003,flow,142,return home,3
Motion,2003,flow,1574,float,1
Motion,2003,flow,16,sled,20
Motion,2003,flow,1664,raft,9
Motion,2003,flow,1769,axle,9
Motion,2003,flow,1778,approach,1
Motion,2003,flow,184,mast,14
Motion,2003,flow,1844,boat,2
Motion,2003,flow,1849,row,5
Motion,2003,flow,1870,anchor,12
Motion,2003,flow,1922,land,6
Motion,2003,flow,1970,canoe,9
Motion,2003,flow,365,splash,1
Motion,2003,flow,366,limp,1
Motion,2003,flow,367,ride,5
Motion,2003,flow,412,carry in hand,8
Motion,2003,flow,413,carry on shoulder,7
Motion,2003,flow,414,carry on head,11
Motion,2003,flow,415,carry under arm,11
Motion,2003,flow,416,outrigger,22
Motion,2003,flow,43,lead,1
Motion,2003,flow,485,disappear,1
Motion,2003,flow,610,port,14
Motion,2003,flow,667,road,1
Motion,2003,flow,692,bring,1
Motion,2003,flow,700,carry,1
Motion,2003,flow,710,wheel,1
Motion,2003,flow,740,ship,5
Motion,2003,flow,741,drive,4
Motion,2003,flow,786,sailcloth,12
Motion,2003,flow,787,sail,14
Motion,2253,drip,108,rudder,11
Motion,2253,drip,1085,follow,1
Motion,2253,drip,1135,kick,1
Motion,2253,drip,119,dive,4
Motion,2253,drip,122,cart,4
Motion,2253,drip,14,yoke,6
Motion,2253,drip,142,return home,3
Motion,2253,drip,1574,float,1
Motion,2253,drip,16,sled,20
Motion,2253,drip,1664,raft,9
Motion,2253,drip,1769,axle,8
Motion,2253,drip,1778,approach,1
Motion,2253,drip,184,mast,14
Motion,2253,drip,1844,boat,1
Motion,2253,drip,1849,row,4
Motion,2253,drip,1870,anchor,11
Motion,2253,drip,1922,land,6
Motion,2253,drip,1970,canoe,8
Motion,2253,drip,365,splash,1
Motion,2253,drip,367,ride,4
Motion,2253,drip,412,carry in hand,8
Motion,2253,drip,413,carry on shoulder,7
Motion,2253,drip,414,carry on head,11
Motion,2253,drip,415,carry under arm,11
Motion,2253,drip,416,outrigger,22
Motion,2253,drip,485,disappear,1
Motion,2253,drip,610,port,13
Motion,2253,drip,667,road,1
Motion,2253,drip,692,bring,1
Motion,2253,drip,700,carry,1
Motion,2253,drip,740,ship,5
Motion,2253,drip,741,drive,4
Motion,2253,drip,786,sailcloth,12
Motion,2253,drip,787,sail,14
Motion,296,crouch,108,rudder,12
Motion,296,crouch,1085,follow,1
Motion,296,crouch,1127,send,1
Motion,296,crouch,1135,kick,1
Motion,296,crouch,122,cart,3
Motion,296,crouch,14,yoke,6
Motion,296,crouch,142,return home,3
Motion,296,crouch,1443,walk,1
Motion,296,crouch,16,sled,20
Motion,296,crouch,1664,raft,10
Motion,296,crouch,1769,axle,7
Motion,296,crouch,1778,approach,1
Motion,296,crouch,184,mast,16
Motion,296,crouch,1844,boat,2
Motion,296,crouch,1849,row,6
Motion,296,crouch,1870,anchor,13
Motion,296,crouch,1922,land,6
Motion,296,crouch,1970,canoe,10
Motion,296,crouch,366,limp,1
Motion,296,crouch,367,ride,5
Motion,296,crouch,412,carry in hand,8
Motion,296,crouch,413,carry on shoulder,7
Motion,296,crouch,414,carry on head,11
Motion,296,crouch,415,carry under arm,11
Motion,296,crouch,416,outrigger,21
Motion,296,crouch,43,lead,1
Motion,296,crouch,485,disappear,1
Motion,296,crouch,610,port,13
Motion,296,crouch,667,road,1
Motion,296,crouch,692,bring,1
Motion,296,crouch,700,carry,1
Motion,296,crouch,710,wheel,1
Motion,296,crouch,740,ship,5
Motion,296,crouch,741,drive,4
Motion,296,crouch,786,sailcloth,14
Motion,3456,crawl or creep,108,rudder,12
Motion,3456,crawl or creep,1085,follow,1
Motion,3456,crawl or creep,1127,send,1
Motion,3456,crawl or creep,1135,kick,1
Motion,3456,crawl or creep,122,cart,5
Motion,3456,crawl or creep,14,yoke,7
Motion,3456,crawl or creep,142,return home,3
Motion,3456,crawl or creep,1443,walk,1
Motion,3456,crawl or creep,16,sled,20
Motion,3456,crawl or creep,1664,raft,10
Motion,3456,crawl or creep,1769,axle,9
Motion,3456,crawl or creep,1778,approach,1
Motion,3456,crawl or creep,184,mast,15
Motion,3456,crawl or creep,1844,boat,2
Motion,3456,crawl or creep,1849,row,6
Motion,3456,crawl or creep,1870,anchor,13
Motion,3456,crawl or creep,1922,land,6
Motion,3456,crawl or creep,1970,canoe,10
Motion,3456,crawl or creep,366,limp,1
Motion,3456,crawl or creep,367,ride,6
Motion,3456,crawl or creep,412,carry in hand,9
Motion,3456,crawl or creep,413,carry on shoulder,8
Motion,3456,crawl or creep,414,carry on head,12
Motion,3456,crawl or creep,415,carry under arm,12
Motion,3456,crawl or creep,416,outrigger,23
Motion,3456,crawl or creep,43,lead,1
Motion,3456,crawl or creep,485,disappear,1
Motion,3456,crawl or creep,610,port,14
Motion,3456,crawl or creep,667,road,1
Motion,3456,crawl or creep,692,bring,1
Motion,3456,crawl or creep,700,carry,1
Motion,3456,crawl or creep,710,wheel,1
Motion,3456,crawl or creep,740,ship,5
Motion,3456,crawl or creep,741,drive,5
Motion,3456,crawl or creep,786,sailcloth,13
Motion,365,splash,16,sled,20
Motion,365,splash,1664,raft,9
Motion,365,splash,1922,land,5
Motion,365,splash,416,outrigger,21
Motion,365,splash,786,sailcloth,12
Motion,366,limp,108,rudder,10
Motion,366,limp,122,cart,4
Motion,366,limp,14,yoke,6
Motion,366,limp,16,sled,19
Motion,366,limp,1769,axle,8
Motion,366,limp,184,mast,14
Motion,366,limp,1844,boat,1
Motion,366,limp,1849,row,5
Motion,366,limp,1870,anchor,11
Motion,366,limp,1970,canoe,9
Motion,366,limp,367,ride,5
Motion,366,limp,416,outrigger,23
Motion,366,limp,610,port,12
Motion,366,limp,786,sailcloth,13
Motion,412,carry in hand,415,carry under arm,2
Motion,413,carry on shoulder,414,carry on head,4
Motion,413,carry on shoulder,415,carry under arm,4
Motion,43,lead,108,rudder,10
Motion,43,lead,122,cart,4
Motion,43,lead,14,yoke,6
Motion,43,lead,16,sled,19
Motion,43,lead,1769,axle,7
Motion,43,lead,184,mast,13
Motion,43,lead,1849,row,4
Motion,43,lead,1870,anchor,11
Motion,43,lead,1970,canoe,8
Motion,43,lead,367,ride,5
Motion,43,lead,416,outrigger,21
Motion,43,lead,610,port,12
Motion,43,lead,786,sailcloth,12
Motion,485,disappear,108,rudder,11
Motion,485,disappear,14,yoke,6
Motion,485,disappear,16,sled,20
Motion,485,disappear,1769,axle,8
Motion,485,disappear,184,mast,15
Motion,485,disappear,1870,anchor,12
Motion,485,disappear,416,outrigger,23
Motion,485,disappear,740,ship,4
Motion,485,disappear,786,sailcloth,13
Motion,66,kneel,108,rudder,10
Motion,66,kneel,1085,follow,1
Motion,66,kneel,1135,kick,1
Motion,66,kneel,122,cart,3
Motion,66,kneel,14,yoke,6
Motion,66,kneel,142,return home,3
Motion,66,kneel,1443,walk,1
Motion,66,kneel,16,sled,20
Motion,66,kneel,1664,raft,9
Motion,66,kneel,1769,axle,6
Motion,66,kneel,1778,approach,1
Motion,66,kneel,184,mast,14
Motion,66,kneel,1849,row,4
Motion,66,kneel,1870,anchor,11
Motion,66,kneel,1922,land,6
Motion,66,kneel,1970,canoe,8
Motion,66,kneel,367,ride,5
Motion,66,kneel,412,carry in hand,9
Motion,66,kneel,413,carry on shoulder,8
Motion,66,kneel,414,carry on head,12
Motion,66,kneel,415,carry under arm,12
Motion,66,kneel,416,outrigger,21
Motion,66,kneel,485,disappear,1
Motion,66,kneel,610,port,11
Motion,66,kneel,667,road,1
Motion,66,kneel,692,bring,1
Motion,66,kneel,700,carry,1
Motion,66,kneel,740,ship,4
Motion,66,kneel,741,drive,3
Motion,66,kneel,786,sailcloth,12
Motion,667,road,108,rudder,12
Motion,667,road,16,sled,20
Motion,667,road,1664,raft,10
Motion,667,road,184,mast,15
Motion,667,road,1870,anchor,13
Motion,667,road,1922,land,6
Motion,667,road,416,outrigger,23
Motion,667,road,740,ship,4
Motion,667,road,786,sailcloth,14
Motion,692,bring,108,rudder,11
Motion,692,bring,14,yoke,6
Motion,692,bring,16,sled,20
Motion,692,bring,184,mast,15
Motion,692,bring,367,ride,5
Motion,692,bring,416,outrigger,23
Motion,692,bring,610,port,13
Motion,700,carry,108,rudder,11
Motion,700,carry,122,cart,4
Motion,700,carry,16,sled,20
Motion,700,carry,1664,raft,9
Motion,700,carry,1769,axle,8
Motion,700,carry,184,mast,15
Motion,700,carry,1870,anchor,12
Motion,700,carry,1922,land,5
Motion,700,carry,1970,canoe,9
Motion,700,carry,412,carry in hand,8
Motion,700,carry,414,carry on head,11
Motion,700,carry,415,carry under arm,11
Motion,700,carry,416,outrigger,23
Motion,700,carry,610,port,13
Motion,700,carry,740,ship,4
Motion,700,carry,786,sailcloth,13
Motion,710,wheel,108,rudder,9
Motion,710,wheel,14,yoke,6
Motion,710,wheel,16,sled,19
Motion,710,wheel,1769,axle,7
Motion,710,wheel,184,mast,13
Motion,710,wheel,1849,row,4
Motion,710,wheel,1870,anchor,10
Motion,710,wheel,1970,canoe,8
Motion,710,wheel,416,outrigger,21
Motion,710,wheel,610,port,11
Motion,710,wheel,786,sailcloth,11
Motion,740,ship,108,rudder,7
Motion,740,ship,16,sled,15
Motion,740,ship,184,mast,9
Motion,740,ship,1870,anchor,8
Motion,740,ship,416,outrigger,17
Motion,740,ship,786,sailcloth,8
Motion,765,move,108,rudder,11
Motion,765,move,14,yoke,6
Motion,765,move,16,sled,20
Motion,765,move,1769,axle,8
Motion,765,move,184,mast,15
Motion,765,move,1870,anchor,12
Motion,765,move,416,outrigger,23
Motion,765,move,740,ship,4
Motion,765,move,786,sailcloth,13
Motion,765,move,787,sail,15
Motion,787,sail,416,outrigger,5
Motion,1011,bridge,1085,follow,1
Motion,1047,pursue,1085,follow,1
Motion,1011,bridge,1127,send,1
Motion,1011,bridge,1135,kick,1
Motion,1047,pursue,1135,kick,1
Motion,1102,climb,1135,kick,1
Motion,1011,bridge,119,dive,4
Motion,1047,pursue,119,dive,4
Motion,1102,climb,119,dive,4
Motion,1135,kick,119,dive,3
Motion,1324,slip,119,dive,4
Motion,175,blow,119,dive,4
Motion,296,crouch,119,dive,4
Motion,3456,crawl or creep,119,dive,4
Motion,66,kneel,119,dive,4
Motion,667,road,119,dive,3
Motion,1844,boat,122,cart,4
Motion,710,wheel,122,cart,4
Motion,1844,boat,14,yoke,6
Motion,1011,bridge,1443,walk,1
Motion,1047,pursue,1443,walk,1
Motion,1102,climb,1443,walk,1
Motion,1011,bridge,1574,float,1
Motion,1047,pursue,1574,float,1
Motion,1102,climb,1574,float,1
Motion,1324,slip,1574,float,1
Motion,175,blow,1574,float,1
Motion,296,crouch,1574,float,1
Motion,3456,crawl or creep,1574,float,1
Motion,66,kneel,1574,float,1
Motion,1844,boat,1769,axle,7
Motion,1011,bridge,1778,approach,1
Motion,1011,bridge,365,splash,1
Motion,1047,pursue,365,splash,1
Motion,1102,climb,365,splash,1
Motion,1324,slip,365,splash,1
Motion,175,blow,365,splash,1
Motion,296,crouch,365,splash,1
Motion,3456,crawl or creep,365,splash,1
Motion,66,kneel,365,splash,1
Motion,1011,bridge,366,limp,1
Motion,1047,pursue,366,limp,1
Motion,1102,climb,366,limp,1
Motion,1011,bridge,367,ride,6
Motion,710,wheel,367,ride,5
Motion,1011,bridge,412,carry in hand,9
Motion,142,return home,412,carry in hand,6
Motion,413,carry on shoulder,412,carry in hand,2
Motion,692,bring,412,carry in hand,8
Motion,1011,bridge,413,carry on shoulder,8
Motion,142,return home,413,carry on shoulder,4
Motion,1011,bridge,414,carry on head,12
Motion,142,return home,414,carry on head,8
Motion,667,road,414,carry on head,12
Motion,1011,bridge,415,carry under arm,12
Motion,142,return home,415,carry under arm,8
Motion,667,road,415,carry under arm,12
Motion,692,bring,415,carry under arm,11
Motion,1849,row,416,outrigger,16
Motion,1011,bridge,43,lead,1
Motion,667,road,43,lead,1
Motion,1011,bridge,485,disappear,1
Motion,1047,pursue,485,disappear,1
Motion,1011,bridge,667,road,1
Motion,1011,bridge,692,bring,1
Motion,1011,bridge,700,carry,1
Motion,1011,bridge,741,drive,5
Motion,1011,bridge,765,move,1
Motion,1047,pursue,765,move,1
Motion,1102,climb,765,move,1
Motion,1113,wrap,765,move,1
Motion,1324,slip,765,move,1
Motion,175,blow,765,move,1
Motion,2003,flow,765,move,1
Motion,2253,drip,765,move,1
Motion,296,crouch,765,move,1
Motion,3456,crawl or creep,765,move,1
Motion,66,kneel,765,move,1
Motion,1011,bridge,787,sail,15
Motion,1047,pursue,787,sail,15
Motion,1085,follow,787,sail,15
Motion,1102,climb,787,sail,16
Motion,1127,send,787,sail,15
Motion,1135,kick,787,sail,15
Motion,1324,slip,787,sail,16
Motion,1443,walk,787,sail,15
Motion,175,blow,787,sail,15
Motion,1844,boat,787,sail,14
Motion,1849,row,787,sail,10
Motion,1970,canoe,787,sail,6
Motion,296,crouch,787,sail,15
Motion,3456,crawl or creep,787,sail,15
Motion,366,limp,787,sail,15
Motion,43,lead,787,sail,15
Motion,485,disappear,787,sail,15
Motion,66,kneel,787,sail,15
Motion,667,road,787,sail,16
Motion,700,carry,787,sail,15
Motion,710,wheel,787,sail,14
Motion,740,ship,787,sail,11
Possession,1095,let go or set free,1081,bill,8
Possession,1095,let go or set free,1082,merchant,4
Possession,1095,let go or set free,1098,weigh,2
Possession,1095,let go or set free,1116,damage,1
Possession,1095,let go or set free,1122,wages,2
Possession,1095,let go or set free,1571,sell,1
Possession,1095,let go or set free,1674,poor,1
Possession,1095,let go or set free,1774,stingy,1
Possession,1095,let go or set free,1887,cheap,1
Possession,1095,let go or set free,1914,debt,2
Possession,1095,let go or set free,1934,beggar,2
Possession,1095,let go or set free,2135,trade or barter,2
Possession,1095,let go or set free,369,owe,2
Possession,1095,let go or set free,582,lend,1
Possession,1095,let go or set free,633,market,4
Possession,1095,let go or set free,657,price,2
Possession,1095,let go or set free,712,rich,3
Possession,1095,let go or set free,718,pay,1
Possession,1095,let go or set free,733,earn,4
Possession,1095,let go or set free,752,store,2
Possession,1095,let go or set free,856,hire,5
Possession,1095,let go or set free,873,tax,5
Possession,1448,hold,1081,bill,9
Possession,1448,hold,1082,merchant,5
Possession,1448,hold,1098,weigh,3
Possession,1448,hold,1116,damage,1
Possession,1448,hold,1122,wages,2
Possession,1448,hold,1477,keep,3
Possession,1448,hold,1571,sell,1
Possession,1448,hold,1674,poor,2
Possession,1448,hold,1774,stingy,1
Possession,1448,hold,1867,coin,1
Possession,1448,hold,1887,cheap,1
Possession,1448,hold,1914,debt,2
Possession,1448,hold,1934,beggar,3
Possession,1448,hold,1997,preserve,1
Possession,1448,hold,2008,rescue,4
Possession,1448,hold,2135,trade or barter,2
Possession,1448,hold,369,owe,3
Possession,1448,hold,582,lend,1
Possession,1448,hold,633,market,4
Possession,1448,hold,657,price,2
Possession,1448,hold,681,destroy,1
Possession,1448,hold,694,get,2
Possession,1448,hold,712,rich,4
Possession,1448,hold,718,pay,1
Possession,1448,hold,733,earn,5
Possession,1448,hold,752,store,2
Possession,1448,hold,856,hire,6
Possession,1448,hold,873,tax,6
Possession,1477,keep,1082,merchant,2
Possession,1477,keep,856,hire,3
Possession,1674,poor,1081,bill,7
Possession,1674,poor,1082,merchant,3
Possession,1674,poor,1934,beggar,1
Possession,1674,poor,856,hire,4
Possession,1674,poor,873,tax,4
Possession,1774,stingy,1081,bill,7
Possession,1774,stingy,1082,merchant,4
Possession,1774,stingy,1914,debt,1
Possession,1774,stingy,369,owe,2
Possession,1774,stingy,733,earn,4
Possession,1774,stingy,752,store,1
Possession,1774,stingy,856,hire,4
Possession,1823,borrow,1081,bill,8
Possession,1823,borrow,1082,merchant,4
Possession,1823,borrow,1098,weigh,3
Possession,1823,borrow,1116,damage,1
Possession,1823,borrow,1122,wages,2
Possession,1823,borrow,1571,sell,1
Possession,1823,borrow,1887,cheap,1
Possession,1823,borrow,1914,debt,2
Possession,1823,borrow,2135,trade or barter,2
Possession,1823,borrow,369,owe,3
Possession,1823,borrow,633,market,3
Possession,1823,borrow,657,price,1
Possession,1823,borrow,718,pay,1
Possession,1823,borrow,733,earn,5
Possession,1823,borrow,752,store,2
Possession,1823,borrow,856,hire,6
Possession,1823,borrow,873,tax,5
Possession,1867,coin,1081,bill,8
Possession,1867,coin,1082,merchant,4
Possession,1867,coin,1098,weigh,2
Possession,1867,coin,1116,damage,1
Possession,1867,coin,1674,poor,1
Possession,1867,coin,1934,beggar,2
Possession,1867,coin,369,owe,2
Possession,1867,coin,712,rich,3
Possession,1867,coin,733,earn,4
Possession,1867,coin,856,hire,4
Possession,1867,coin,873,tax,5
Possession,1914,debt,1081,bill,6
Possession,1914,debt,1082,merchant,2
Possession,1914,debt,856,hire,4
Possession,1934,beggar,1081,bill,6
Possession,1934,beggar,856,hire,4
Possession,1934,beggar,873,tax,2
Possession,1997,preserve,1081,bill,8
Possession,1997,preserve,1082,merchant,4
Possession,1997,preserve,1098,weigh,2
Possession,1997,preserve,1116,damage,1
Possession,1997,preserve,1674,poor,1
Possession,1997,preserve,1934,beggar,2
Possession,1997,preserve,2008,rescue,3
Possession,1997,preserve,369,owe,2
Possession,1997,preserve,712,rich,3
Possession,1997,preserve,733,earn,4
Possession,1997,preserve,856,hire,4
Possession,1997,preserve,873,tax,5
Possession,369,owe,1081,bill,4
Possession,369,owe,856,hire,3
Possession,681,destroy,1081,bill,8
Possession,681,destroy,1082,merchant,4
Possession,681,destroy,1098,weigh,2
Possession,681,destroy,1116,damage,1
Possession,681,destroy,1674,poor,1
Possession,681,destroy,1934,beggar,2
Possession,681,destroy,369,owe,2
Possession,681,destroy,712,rich,3
Possession,681,destroy,733,earn,4
Possession,681,destroy,856,hire,5
Possession,681,destroy,873,tax,4
Possession,712,rich,1081,bill,5
Possession,718,pay,1081,bill,8
Possession,718,pay,1082,merchant,4
Possession,718,pay,733,earn,4
Possession,718,pay,752,store,1
Possession,718,pay,856,hire,5
Possession,738,thing,1081,bill,9
Possession,738,thing,1082,merchant,5
Possession,738,thing,1098,weigh,3
Possession,738,thing,1116,damage,1
Possession,738,thing,1122,wages,2
Possession,738,thing,1571,sell,1
Possession,738,thing,1674,poor,2
Possession,738,thing,1774,stingy,1
Possession,738,thing,1867,coin,1
Possession,738,thing,1887,cheap,1
Possession,738,thing,1914,debt,2
Possession,738,thing,1934,beggar,3
Possession,738,thing,1997,preserve,1
Possession,738,thing,2008,rescue,4
Possession,738,thing,2135,trade or barter,2
Possession,738,thing,369,owe,3
Possession,738,thing,582,lend,1
Possession,738,thing,633,market,4
Possession,738,thing,657,price,2
Possession,738,thing,681,destroy,1
Possession,738,thing,712,rich,4
Possession,738,thing,718,pay,1
Possession,738,thing,733,earn,5
Possession,738,thing,752,store,2
Possession,738,thing,856,hire,6
Possession,738,thing,873,tax,6
Possession,855,seize,1081,bill,8
Possession,855,seize,1082,merchant,4
Possession,855,seize,1098,weigh,2
Possession,855,seize,1116,damage,1
Possession,855,seize,1122,wages,2
Possession,855,seize,1477,keep,2
Possession,855,seize,1571,sell,1
Possession,855,seize,1674,poor,1
Possession,855,seize,1774,stingy,1
Possession,855,seize,1887,cheap,1
Possession,855,seize,1914,debt,2
Possession,855,seize,1934,beggar,2
Possession,855,seize,2008,rescue,3
Possession,855,seize,2135,trade or barter,2
Possession,855,seize,369,owe,2
Possession,855,seize,582,lend,1
Possession,855,seize,633,market,4
Possession,855,seize,657,price,2
Possession,855,seize,694,get,2
Possession,855,seize,712,rich,3
Possession,855,seize,718,pay,1
Possession,855,seize,733,earn,4
Possession,855,seize,752,store,2
Possession,855,seize,856,hire,5
Possession,855,seize,873,tax,5
Possession,1571,sell,1081,bill,8
Possession,1887,cheap,1081,bill,8
Possession,2135,trade or barter,1081,bill,7
Possession,657,price,1081,bill,7
Possession,752,store,1081,bill,8
Possession,873,tax,1081,bill,4
Possession,1887,cheap,1082,merchant,4
Possession,1095,let go or set free,1477,keep,2
Possession,1674,poor,1477,keep,1
Possession,1823,borrow,1477,keep,3
Possession,1867,coin,1477,keep,2
Possession,1887,cheap,1477,keep,2
Possession,1997,preserve,1477,keep,2
Possession,681,destroy,1477,keep,2
Possession,738,thing,1477,keep,3
Possession,1823,borrow,1674,poor,2
Possession,1887,cheap,1674,poor,1
Possession,1823,borrow,1774,stingy,1
Possession,1823,borrow,1867,coin,1
Possession,1887,cheap,1914,debt,1
Possession,718,pay,1914,debt,1
Possession,1823,borrow,1934,beggar,3
Possession,1887,cheap,1934,beggar,2
Possession,1823,borrow,1997,preserve,1
Possession,1095,let go or set free,2008,rescue,3
Possession,1674,poor,2008,rescue,2
Possession,1823,borrow,2008,rescue,4
Possession,1867,coin,2008,rescue,3
Possession,1887,cheap,2008,rescue,3
Possession,681,destroy,2008,rescue,3
Possession,657,price,369,owe,3
Possession,718,pay,369,owe,2
Possession,1823,borrow,582,lend,1
Possession,1887,cheap,633,market,3
Possession,1823,borrow,681,destroy,1
Possession,1095,let go or set free,684,own,5
Possession,1448,hold,684,own,6
Possession,1823,borrow,684,own,6
Possession,1867,coin,684,own,5
Possession,1997,preserve,684,own,5
Possession,582,lend,684,own,5
Possession,681,destroy,684,own,5
Possession,738,thing,684,own,6
Possession,855,seize,684,own,5
Possession,1095,let go or set free,694,get,2
Possession,1116,damage,694,get,1
Possession,1823,borrow,694,get,2
Possession,738,thing,694,get,2
Possession,1571,sell,712,rich,3
Possession,1674,poor,712,rich,2
Possession,1823,borrow,712,rich,3
Possession,1887,cheap,712,rich,3
Possession,1571,sell,733,earn,4
Possession,1095,let go or set free,773,have,8
Possession,1448,hold,773,have,7
Possession,1823,borrow,773,have,8
Possession,738,thing,773,have,8
Possession,855,seize,773,have,7
Possession,1887,cheap,856,hire,5
Possession,1887,cheap,873,tax,5
Quantity,1242,few,1384,second,3
Quantity,1242,few,1624,empty,1
Quantity,1242,few,1859,third,4
Quantity,1384,second,1859,third,1
Quantity,1420,count,1241,some,2
Quantity,1420,count,1242,few,1
Quantity,1420,count,1384,second,4
Quantity,1420,count,1546,twice,2
Quantity,1420,count,1624,empty,2
Quantity,1420,count,1859,third,5
Quantity,1420,count,1881,enough,1
Quantity,1420,count,1992,more,4
Quantity,1420,count,2023,crowd,3
Quantity,1420,count,594,piece,1
Quantity,1420,count,779,part,2
Quantity,1420,count,816,half,1
Quantity,1483,nine,1384,second,3
Quantity,1483,nine,1859,third,4
Quantity,1515,ten,1384,second,3
Quantity,1515,ten,1859,third,4
Quantity,1529,last,1384,second,4
Quantity,1529,last,1546,twice,2
Quantity,1529,last,1859,third,5
Quantity,1529,last,594,piece,1
Quantity,1634,hundred,1384,second,3
Quantity,1634,hundred,1859,third,4
Quantity,1703,six,1384,second,3
Quantity,1703,six,1859,third,4
Quantity,1704,seven,1384,second,3
Quantity,1704,seven,1859,third,4
Quantity,1705,eight,1384,second,3
Quantity,1705,eight,1859,third,4
Quantity,1706,eleven,1384,second,3
Quantity,1706,eleven,1859,third,4
Quantity,1707,twelve,1384,second,3
Quantity,1707,twelve,1859,third,4
Quantity,1709,fifteen,1384,second,3
Quantity,1709,fifteen,1859,third,4
Quantity,1710,twenty,1384,second,3
Quantity,1710,twenty,1859,third,4
Quantity,1843,thousand,1384,second,3
Quantity,1843,thousand,1859,third,4
Quantity,1881,enough,1384,second,3
Quantity,1881,enough,1624,empty,1
Quantity,1881,enough,1859,third,4
Quantity,1888,pair,1546,twice,2
Quantity,1888,pair,1859,third,5
Quantity,1888,pair,594,piece,1
Quantity,1529,last,1241,some,2
Quantity,1888,pair,1241,some,2
Quantity,1964,alone,1241,some,2
Quantity,1529,last,1242,few,1
Quantity,1888,pair,1242,few,1
Quantity,1964,alone,1242,few,1
Quantity,1242,few,1294,zero,8
Quantity,1420,count,1294,zero,8
Quantity,1483,nine,1294,zero,8
Quantity,1515,ten,1294,zero,8
Quantity,1529,last,1294,zero,9
Quantity,1624,empty,1294,zero,7
Quantity,1634,hundred,1294,zero,8
Quantity,1703,six,1294,zero,8
Quantity,1704,seven,1294,zero,8
Quantity,1705,eight,1294,zero,8
Quantity,1706,eleven,1294,zero,8
Quantity,1707,twelve,1294,zero,8
Quantity,1709,fifteen,1294,zero,8
Quantity,1710,twenty,1294,zero,8
Quantity,1843,thousand,1294,zero,8
Quantity,1881,enough,1294,zero,8
Quantity,1888,pair,1294,zero,8
Quantity,1964,alone,1294,zero,9
Quantity,2023,crowd,1294,zero,7
Quantity,594,piece,1294,zero,8
Quantity,816,half,1294,zero,8
Quantity,1888,pair,1384,second,4
Quantity,1964,alone,1384,second,4
Quantity,1420,count,1483,nine,1
Quantity,1529,last,1483,nine,1
Quantity,1888,pair,1483,nine,1
Quantity,1964,alone,1483,nine,1
Quantity,1420,count,1515,ten,1
Quantity,1529,last,1515,ten,1
Quantity,1888,pair,1515,ten,1
Quantity,1964,alone,1515,ten,1
Quantity,1964,alone,1546,twice,2
Quantity,1529,last,1624,empty,2
Quantity,1888,pair,1624,empty,2
Quantity,1964,alone,1624,empty,2
Quantity,816,half,1624,empty,1
Quantity,1420,count,1634,hundred,1
Quantity,1529,last,1634,hundred,1
Quantity,1888,pair,1634,hundred,1
Quantity,1964,alone,1634,hundred,1
Quantity,1420,count,1703,six,1
Quantity,1529,last,1703,six,1
Quantity,1888,pair,1703,six,1
Quantity,1964,alone,1703,six,1
Quantity,1420,count,1704,seven,1
Quantity,1529,last,1704,seven,1
Quantity,1888,pair,1704,seven,1
Quantity,1964,alone,1704,seven,1
Quantity,1420,count,1705,eight,1
Quantity,1529,last,1705,eight,1
Quantity,1888,pair,1705,eight,1
Quantity,1964,alone,1705,eight,1
Quantity,1420,count,1706,eleven,1
Quantity,1529,last,1706,eleven,1
Quantity,1888,pair,1706,eleven,1
Quantity,1964,alone,1706,eleven,1
Quantity,1420,count,1707,twelve,1
Quantity,1529,last,1707,twelve,1
Quantity,1888,pair,1707,twelve,1
Quantity,1964,alone,1707,twelve,1
Quantity,1420,count,1709,fifteen,1
Quantity,1529,last,1709,fifteen,1
Quantity,1888,pair,1709,fifteen,1
Quantity,1964,alone,1709,fifteen,1
Quantity,1420,count,1710,twenty,1
Quantity,1529,last,1710,twenty,1
Quantity,1888,pair,1710,twenty,1
Quantity,1964,alone,1710,twenty,1
Quantity,1420,count,1843,thousand,1
Quantity,1529,last,1843,thousand,1
Quantity,1888,pair,1843,thousand,1
Quantity,1964,alone,1843,thousand,1
Quantity,1964,alone,1859,third,5
Quantity,1529,last,1881,enough,1
Quantity,1888,pair,1881,enough,1
Quantity,1964,alone,1881,enough,1
Quantity,1529,last,1992,more,4
Quantity,1888,pair,1992,more,4
Quantity,1964,alone,1992,more,4
Quantity,1529,last,2023,crowd,3
Quantity,1888,pair,2023,crowd,3
Quantity,1964,alone,2023,crowd,3
Quantity,816,half,2023,crowd,2
Quantity,1964,alone,594,piece,1
Quantity,1529,last,779,part,2
Quantity,1888,pair,779,part,2
Quantity,1964,alone,779,part,2
Quantity,816,half,779,part,1
Quantity,1529,last,816,half,1
Quantity,1888,pair,816,half,1
Quantity,1964,alone,816,half,1
Religion and belief,1349,church,1603,mosque,16
Religion and belief,1565,heaven,1603,mosque,14
Religion and belief,1565,heaven,1973,demon,1
Religion and belief,1565,heaven,3206,elf or fairy,10
Religion and belief,1565,heaven,878,hell,2
Religion and belief,1973,demon,1603,mosque,14
Religion and belief,1973,demon,3206,elf or fairy,10
Religion and belief,2137,magician,1603,mosque,15
Religion and belief,2137,magician,3206,elf or fairy,11
Religion and belief,2137,magician,393,circumcision,11
Religion and belief,24,pray,1603,mosque,16
Religion and belief,24,pray,1945,idol,9
Religion and belief,24,pray,3206,elf or fairy,12
Religion and belief,24,pray,393,circumcision,12
Religion and belief,303,abstain from food,1603,mosque,15
Religion and belief,303,abstain from food,3206,elf or fairy,11
Religion and belief,303,abstain from food,393,circumcision,11
Religion and belief,304,preach,1603,mosque,11
Religion and belief,304,preach,3206,elf or fairy,8
Religion and belief,304,preach,393,circumcision,8
Religion and belief,391,bless,1603,mosque,14
Religion and belief,391,bless,393,circumcision,11
Religion and belief,392,magic,1603,mosque,15
Religion and belief,392,magic,3206,elf or fairy,11
Religion and belief,392,magic,393,circumcision,11
Religion and belief,661,religion,1603,mosque,12
Religion and belief,8,curse,1945,idol,9
Religion and belief,852,priest,1603,mosque,15
Religion and belief,852,priest,1945,idol,9
Religion and belief,878,hell,1603,mosque,13
Religion and belief,24,pray,1103,sacrifice,3
Religion and belief,392,magic,1103,sacrifice,4
Religion and belief,8,curse,1702,holy,5
Religion and belief,1349,church,1945,idol,11
Religion and belief,2137,magician,1945,idol,10
Religion and belief,392,magic,1945,idol,9
Religion and belief,2137,magician,1973,demon,2
Religion and belief,8,curse,257,worship,6
Religion and belief,1349,church,304,preach,4
Religion and belief,2137,magician,304,preach,3
Religion and belief,391,bless,304,preach,3
Religion and belief,107,omen,3206,elf or fairy,7
Religion and belief,1175,ghost,3206,elf or fairy,12
Religion and belief,1349,church,3206,elf or fairy,12
Religion and belief,8,curse,391,bless,3
Religion and belief,1349,church,393,circumcision,12
Religion and belief,392,magic,661,religion,4
Religion and belief,24,pray,853,altar,9
Religion and belief,303,abstain from food,853,altar,9
Religion and belief,392,magic,853,altar,9
Religion and belief,8,curse,853,altar,11
Religion and belief,1973,demon,878,hell,1
Religion and belief,2137,magician,878,hell,3
Religion and belief,391,bless,911,temple,5
Religion and belief,8,curse,911,temple,8
Sense perception,1052,light,704,clean,1
Sense perception,1079,feel,1052,light,1
Sense perception,1079,feel,1232,warm,1
Sense perception,1079,feel,1923,rough,2
Sense perception,1079,feel,379,blunt,3
Sense perception,1079,feel,704,clean,2
Sense perception,1091,salty,1613,color,3
Sense perception,1091,salty,1923,rough,1
Sense perception,1091,salty,379,blunt,2
Sense perception,1091,salty,70,brackish,13
Sense perception,1396,sharp,1052,light,1
Sense perception,1396,sharp,1232,warm,1
Sense perception,1396,sharp,379,blunt,3
Sense perception,1396,sharp,704,clean,2
Sense perception,1811,sound or noise,1052,light,1
Sense perception,1811,sound or noise,1232,warm,1
Sense perception,1811,sound or noise,1314,quiet,2
Sense perception,1811,sound or noise,1613,color,4
Sense perception,1811,sound or noise,1923,rough,2
Sense perception,1811,sound or noise,250,light,3
Sense perception,1811,sound or noise,379,blunt,3
Sense perception,1811,sound or noise,679,bright,1
Sense perception,1811,sound or noise,704,clean,2
Sense perception,1811,sound or noise,706,dark,3
Sense perception,1892,touch,1052,light,1
Sense perception,1892,touch,1232,warm,1
Sense perception,1892,touch,1923,rough,2
Sense perception,1892,touch,379,blunt,3
Sense perception,1892,touch,704,clean,2
Sense perception,1906,sour,1613,color,3
Sense perception,1906,sour,379,blunt,2
Sense perception,375,sniff,1052,light,1
Sense perception,375,sniff,1091,salty,1
Sense perception,375,sniff,1232,warm,1
Sense perception,375,sniff,1314,quiet,2
Sense perception,375,sniff,1613,color,4
Sense perception,375,sniff,1906,sour,1
Sense perception,375,sniff,1923,rough,2
Sense perception,375,sniff,21,taste,3
Sense perception,375,sniff,250,light,3
Sense perception,375,sniff,379,blunt,3
Sense perception,375,sniff,679,bright,1
Sense perception,375,sniff,70,brackish,14
Sense perception,375,sniff,704,clean,2
Sense perception,375,sniff,706,dark,3
Sense perception,376,fragrant,1052,light,1
Sense perception,376,fragrant,1091,salty,1
Sense perception,376,fragrant,1232,warm,1
Sense perception,376,fragrant,1314,quiet,2
Sense perception,376,fragrant,1613,color,4
Sense perception,376,fragrant,1906,sour,1
Sense perception,376,fragrant,1923,rough,2
Sense perception,376,fragrant,21,taste,3
Sense perception,376,fragrant,250,light,3
Sense perception,376,fragrant,379,blunt,3
Sense perception,376,fragrant,679,bright,1
Sense perception,376,fragrant,70,brackish,14
Sense perception,376,fragrant,704,clean,2
Sense perception,376,fragrant,706,dark,3
Sense perception,377,loud,1052,light,1
Sense perception,377,loud,1232,warm,1
Sense perception,377,loud,1314,quiet,2
Sense perception,377,loud,1613,color,4
Sense perception,377,loud,1923,rough,2
Sense perception,377,loud,250,light,3
Sense perception,377,loud,379,blunt,3
Sense perception,377,loud,679,bright,1
Sense perception,377,loud,704,clean,2
Sense perception,377,loud,706,dark,3
Sense perception,380,wrinkled,1232,warm,1
Sense perception,380,wrinkled,70,brackish,12
Sense perception,380,wrinkled,704,clean,1
Sense perception,42,stinking,1052,light,1
Sense perception,42,stinking,1091,salty,1
Sense perception,42,stinking,1232,warm,1
Sense perception,42,stinking,1314,quiet,2
Sense perception,42,stinking,1613,color,4
Sense perception,42,stinking,1906,sour,1
Sense perception,42,stinking,1923,rough,2
Sense perception,42,stinking,21,taste,3
Sense perception,42,stinking,250,light,3
Sense perception,42,stinking,379,blunt,3
Sense perception,42,stinking,679,bright,1
Sense perception,42,stinking,70,brackish,14
Sense perception,42,stinking,704,clean,2
Sense perception,42,stinking,706,dark,3
Sense perception,708,shine,1052,light,1
Sense perception,708,shine,1232,warm,1
Sense perception,708,shine,1613,color,4
Sense perception,708,shine,1923,rough,2
Sense perception,708,shine,250,light,3
Sense perception,708,shine,379,blunt,3
Sense perception,708,shine,679,bright,1
Sense perception,708,shine,704,clean,2
Sense perception,708,shine,706,dark,3
Sense perception,1079,feel,1091,salty,1
Sense perception,1396,sharp,1091,salty,1
Sense perception,1811,sound or noise,1091,salty,1
Sense perception,1892,touch,1091,salty,1
Sense perception,377,loud,1091,salty,1
Sense perception,708,shine,1091,salty,1
Sense perception,1052,light,1314,quiet,1
Sense perception,1079,feel,1314,quiet,2
Sense perception,1232,warm,1314,quiet,1
Sense perception,1396,sharp,1314,quiet,2
Sense perception,1892,touch,1314,quiet,2
Sense perception,708,shine,1314,quiet,1
Sense perception,1079,feel,1558,similar,2
Sense perception,1396,sharp,1558,similar,2
Sense perception,1811,sound or noise,1558,similar,2
Sense perception,1892,touch,1558,similar,1
Sense perception,375,sniff,1558,similar,2
Sense perception,376,fragrant,1558,similar,2
Sense perception,377,loud,1558,similar,1
Sense perception,42,stinking,1558,similar,2
Sense perception,708,shine,1558,similar,1
Sense perception,1079,feel,1587,smell,3
Sense perception,1396,sharp,1587,smell,3
Sense perception,1811,sound or noise,1587,smell,3
Sense perception,1892,touch,1587,smell,2
Sense perception,1906,sour,1587,smell,2
Sense perception,375,sniff,1587,smell,3
Sense perception,376,fragrant,1587,smell,3
Sense perception,377,loud,1587,smell,3
Sense perception,42,stinking,1587,smell,3
Sense perception,708,shine,1587,smell,2
Sense perception,1052,light,1613,color,3
Sense perception,1079,feel,1613,color,4
Sense perception,1232,warm,1613,color,3
Sense perception,1396,sharp,1613,color,4
Sense perception,1892,touch,1613,color,4
Sense perception,379,blunt,1613,color,1
Sense perception,1079,feel,1906,sour,1
Sense perception,1396,sharp,1906,sour,1
Sense perception,1811,sound or noise,1906,sour,1
Sense perception,1892,touch,1906,sour,1
Sense perception,377,loud,1906,sour,1
Sense perception,708,shine,1906,sour,1
Sense perception,1396,sharp,1923,rough,2
Sense perception,1079,feel,21,taste,3
Sense perception,1396,sharp,21,taste,3
Sense perception,1811,sound or noise,21,taste,3
Sense perception,1892,touch,21,taste,3
Sense perception,377,loud,21,taste,3
Sense perception,708,shine,21,taste,2
Sense perception,1079,feel,250,light,3
Sense perception,1396,sharp,250,light,3
Sense perception,1892,touch,250,light,2
Sense perception,1052,light,379,blunt,2
Sense perception,1232,warm,379,blunt,2
Sense perception,1079,feel,380,wrinkled,1
Sense perception,1396,sharp,380,wrinkled,1
Sense perception,1811,sound or noise,380,wrinkled,1
Sense perception,1892,touch,380,wrinkled,1
Sense perception,375,sniff,380,wrinkled,1
Sense perception,376,fragrant,380,wrinkled,1
Sense perception,377,loud,380,wrinkled,1
Sense perception,42,stinking,380,wrinkled,1
Sense perception,708,shine,380,wrinkled,1
Sense perception,1079,feel,679,bright,1
Sense perception,1396,sharp,679,bright,1
Sense perception,1892,touch,679,bright,1
Sense perception,1052,light,70,brackish,13
Sense perception,1079,feel,70,brackish,13
Sense perception,1232,warm,70,brackish,12
Sense perception,1396,sharp,70,brackish,14
Sense perception,1811,sound or noise,70,brackish,14
Sense perception,1892,touch,70,brackish,13
Sense perception,1923,rough,70,brackish,11
Sense perception,377,loud,70,brackish,14
Sense perception,704,clean,70,brackish,12
Sense perception,708,shine,70,brackish,14
Sense perception,1079,feel,706,dark,3
Sense perception,1396,sharp,706,dark,3
Sense perception,1892,touch,706,dark,2
Social and political relations,1003,permit,1611,invite,2
Social and political relations,1003,permit,1782,guest,2
Social and political relations,1003,permit,2024,plot,12
Social and political relations,1003,permit,37,liberate,4
Social and political relations,1010,boundary,1032,citizen,11
Social and political relations,1010,boundary,2024,plot,11
Social and political relations,1010,boundary,384,freeman,13
Social and political relations,1010,boundary,482,noble,16
Social and political relations,1010,boundary,812,slave,4
Social and political relations,1300,country,1032,citizen,12
Social and political relations,1300,country,1306,queen,4
Social and political relations,1300,country,1610,prostitute,1
Social and political relations,1300,country,1846,rule,3
Social and political relations,1300,country,255,servant,2
Social and political relations,1300,country,482,noble,17
Social and political relations,1300,country,812,slave,5
Social and political relations,1306,queen,482,noble,12
Social and political relations,1332,neighbour,1545,host,4
Social and political relations,1332,neighbour,2024,plot,10
Social and political relations,1358,enemy,1332,neighbour,2
Social and political relations,1358,enemy,1545,host,6
Social and political relations,1358,enemy,1550,prevent,1
Social and political relations,1358,enemy,1610,prostitute,2
Social and political relations,1358,enemy,1782,guest,1
Social and political relations,1358,enemy,2024,plot,12
Social and political relations,1358,enemy,37,liberate,5
Social and political relations,1391,town,1032,citizen,13
Social and political relations,1391,town,1306,queen,5
Social and political relations,1391,town,1508,king,3
Social and political relations,1391,town,1545,host,6
Social and political relations,1391,town,1846,rule,3
Social and political relations,1391,town,2024,plot,12
Social and political relations,1391,town,384,freeman,15
Social and political relations,1391,town,482,noble,18
Social and political relations,1508,king,1032,citizen,10
Social and political relations,1508,king,1306,queen,2
Social and political relations,1508,king,482,noble,15
Social and political relations,1545,host,2024,plot,4
Social and political relations,1550,prevent,2024,plot,10
Social and political relations,1635,obey,1545,host,4
Social and political relations,1635,obey,2024,plot,10
Social and political relations,1747,custom,2024,plot,11
Social and political relations,1747,custom,37,liberate,4
Social and political relations,1782,guest,1545,host,5
Social and political relations,1782,guest,1610,prostitute,1
Social and political relations,1782,guest,2024,plot,11
Social and political relations,1782,guest,37,liberate,3
Social and political relations,1846,rule,1032,citizen,9
Social and political relations,1846,rule,482,noble,13
Social and political relations,1848,quarrel,1610,prostitute,2
Social and political relations,1848,quarrel,2024,plot,12
Social and political relations,1848,quarrel,37,liberate,5
Social and political relations,1998,command,1611,invite,2
Social and political relations,1998,command,1635,obey,2
Social and political relations,1998,command,1782,guest,2
Social and political relations,1998,command,2024,plot,11
Social and political relations,1998,command,37,liberate,4
Social and political relations,301,chieftain,1032,citizen,13
Social and political relations,301,chieftain,2024,plot,11
Social and political relations,301,chieftain,383,master,4
Social and political relations,301,chieftain,384,freeman,14
Social and political relations,301,chieftain,482,noble,17
Social and political relations,302,clan,1032,citizen,12
Social and political relations,302,clan,482,noble,17
Social and political relations,302,clan,812,slave,5
Social and political relations,383,master,2024,plot,7
Social and political relations,383,master,384,freeman,10
Social and political relations,789,people,1032,citizen,13
Social and political relations,789,people,1306,queen,5
Social and political relations,789,people,1508,king,3
Social and political relations,789,people,1545,host,6
Social and political relations,789,people,1610,prostitute,2
Social and political relations,789,people,1635,obey,1
Social and political relations,789,people,1782,guest,1
Social and political relations,789,people,1846,rule,3
Social and political relations,789,people,2024,plot,12
Social and political relations,789,people,384,freeman,15
Social and political relations,789,people,482,noble,18
Social and political relations,789,people,812,slave,4
Social and political relations,930,village,1003,permit,1
Social and political relations,930,village,1010,boundary,3
Social and political relations,930,village,1032,citizen,15
Social and political relations,930,village,1306,queen,7
Social and political relations,930,village,1332,neighbour,3
Social and political relations,930,village,1358,enemy,1
Social and political relations,930,village,1508,king,5
Social and political relations,930,village,1545,host,7
Social and political relations,930,village,1550,prevent,2
Social and political relations,930,village,1610,prostitute,3
Social and political relations,930,village,1611,invite,2
Social and political relations,930,village,1635,obey,2
Social and political relations,930,village,1747,custom,2
Social and political relations,930,village,1782,guest,2
Social and political relations,930,village,1846,rule,4
Social and political relations,930,village,1848,quarrel,1
Social and political relations,930,village,1998,command,1
Social and political relations,930,village,2024,plot,13
Social and political relations,930,village,255,servant,3
Social and political relations,930,village,301,chieftain,3
Social and political relations,930,village,302,clan,3
Social and political relations,930,village,37,liberate,6
Social and political relations,930,village,383,master,6
Social and political relations,930,village,384,freeman,17
Social and political relations,930,village,482,noble,20
Social and political relations,930,village,789,people,2
Social and political relations,930,village,791,stranger,3
Social and political relations,930,village,812,slave,6
Social and political relations,1003,permit,1010,boundary,3
Social and political relations,1358,enemy,1010,boundary,1
Social and political relations,1848,quarrel,1010,boundary,2
Social and political relations,1998,command,1010,boundary,2
Social and political relations,1003,permit,1032,citizen,13
Social and political relations,1332,neighbour,1032,citizen,11
Social and political relations,1358,enemy,1032,citizen,13
Social and political relations,1550,prevent,1032,citizen,12
Social and political relations,1610,prostitute,1032,citizen,11
Social and political relations,1635,obey,1032,citizen,10
Social and political relations,1747,custom,1032,citizen,13
Social and political relations,1782,guest,1032,citizen,11
Social and political relations,1848,quarrel,1032,citizen,14
Social and political relations,1998,command,1032,citizen,12
Social and political relations,37,liberate,1032,citizen,9
Social and political relations,383,master,1032,citizen,9
Social and political relations,1358,enemy,1300,country,1
Social and political relations,1848,quarrel,1300,country,2
Social and political relations,930,village,1300,country,3
Social and political relations,1003,permit,1306,queen,6
Social and political relations,1358,enemy,1306,queen,5
Social and political relations,1610,prostitute,1306,queen,3
Social and political relations,1782,guest,1306,queen,3
Social and political relations,1848,quarrel,1306,queen,6
Social and political relations,1998,command,1306,queen,6
Social and political relations,1550,prevent,1332,neighbour,1
Social and political relations,1848,quarrel,1332,neighbour,2
Social and political relations,930,village,1391,town,2
Social and political relations,1003,permit,1508,king,4
Social and political relations,1998,command,1508,king,4
Social and political relations,1550,prevent,1545,host,5
Social and political relations,1747,custom,1545,host,6
Social and political relations,1848,quarrel,1545,host,6
Social and political relations,1848,quarrel,1550,prevent,1
Social and political relations,1003,permit,1635,obey,2
Social and political relations,1358,enemy,1635,obey,2
Social and political relations,1782,guest,1635,obey,1
Social and political relations,1848,quarrel,1635,obey,2
Social and political relations,1848,quarrel,1782,guest,1
Social and political relations,1358,enemy,1846,rule,4
Social and political relations,1610,prostitute,1846,rule,2
Social and political relations,1747,custom,1846,rule,2
Social and political relations,1782,guest,1846,rule,3
Social and political relations,1848,quarrel,1846,rule,4
Social and political relations,1358,enemy,255,servant,2
Social and political relations,1848,quarrel,255,servant,2
Social and political relations,1358,enemy,301,chieftain,2
Social and political relations,1848,quarrel,301,chieftain,2
Social and political relations,1358,enemy,302,clan,2
Social and political relations,1848,quarrel,302,clan,2
Social and political relations,1358,enemy,383,master,5
Social and political relations,1747,custom,383,master,4
Social and political relations,1782,guest,383,master,4
Social and political relations,1848,quarrel,383,master,5
Social and political relations,1003,permit,384,freeman,14
Social and political relations,1358,enemy,384,freeman,15
Social and political relations,1747,custom,384,freeman,14
Social and political relations,1782,guest,384,freeman,12
Social and political relations,1848,quarrel,384,freeman,16
Social and political relations,1998,command,384,freeman,13
Social and political relations,1003,permit,482,noble,17
Social and political relations,1332,neighbour,482,noble,16
Social and political relations,1358,enemy,482,noble,18
Social and political relations,1545,host,482,noble,9
Social and political relations,1550,prevent,482,noble,17
Social and political relations,1610,prostitute,482,noble,15
Social and political relations,1611,invite,482,noble,16
Social and political relations,1635,obey,482,noble,14
Social and political relations,1747,custom,482,noble,17
Social and political relations,1782,guest,482,noble,15
Social and political relations,1848,quarrel,482,noble,19
Social and political relations,1998,command,482,noble,16
Social and political relations,255,servant,482,noble,15
Social and political relations,37,liberate,482,noble,14
Social and political relations,383,master,482,noble,13
Social and political relations,1358,enemy,812,slave,5
Social and political relations,1610,prostitute,812,slave,4
Social and political relations,1782,guest,812,slave,4
Social and political relations,1848,quarrel,812,slave,6
Spatial relations,1119,divide,1048,line,2
Spatial relations,1119,divide,1264,change,1
Spatial relations,1119,divide,1367,cross,2
Spatial relations,1119,divide,1595,south,4
Spatial relations,1119,divide,1598,north,4
Spatial relations,1119,divide,1817,west,2
Spatial relations,1119,divide,1845,ball,1
Spatial relations,1119,divide,1877,east,2
Spatial relations,1119,divide,193,shallow,3
Spatial relations,1119,divide,81,fathom,16
Spatial relations,1119,divide,850,square,6
Spatial relations,1267,narrow,1048,line,2
Spatial relations,1267,narrow,1461,at,5
Spatial relations,1267,narrow,193,shallow,2
Spatial relations,1367,cross,850,square,5
Spatial relations,1467,circle,1048,line,2
Spatial relations,1467,circle,1264,change,1
Spatial relations,1467,circle,1845,ball,1
Spatial relations,1485,below or under,1048,line,2
Spatial relations,1485,below or under,1119,divide,1
Spatial relations,1485,below or under,1264,change,2
Spatial relations,1485,below or under,1267,narrow,1
Spatial relations,1485,below or under,1367,cross,3
Spatial relations,1485,below or under,1404,straight,1
Spatial relations,1485,below or under,1460,in,2
Spatial relations,1485,below or under,1461,at,5
Spatial relations,1485,below or under,1467,circle,1
Spatial relations,1485,below or under,1506,measure,1
Spatial relations,1485,below or under,1595,south,5
Spatial relations,1485,below or under,1598,north,5
Spatial relations,1485,below or under,1645,short,1
Spatial relations,1485,below or under,1743,join,1
Spatial relations,1485,below or under,1817,west,3
Spatial relations,1485,below or under,1845,ball,2
Spatial relations,1485,below or under,1877,east,3
Spatial relations,1485,below or under,192,corner,1
Spatial relations,1485,below or under,193,shallow,3
Spatial relations,1485,below or under,372,pointed,1
Spatial relations,1485,below or under,721,low,1
Spatial relations,1485,below or under,723,place,1
Spatial relations,1485,below or under,81,fathom,16
Spatial relations,1485,below or under,838,remains,4
Spatial relations,1485,below or under,850,square,6
Spatial relations,1506,measure,1048,line,2
Spatial relations,1506,measure,1264,change,1
Spatial relations,1506,measure,1367,cross,2
Spatial relations,1506,measure,1845,ball,1
Spatial relations,1506,measure,193,shallow,3
Spatial relations,1506,measure,81,fathom,16
Spatial relations,1506,measure,850,square,6
Spatial relations,1591,up,1048,line,3
Spatial relations,1591,up,1119,divide,1
Spatial relations,1591,up,1264,change,2
Spatial relations,1591,up,1267,narrow,1
Spatial relations,1591,up,1367,cross,3
Spatial relations,1591,up,1404,straight,1
Spatial relations,1591,up,1460,in,3
Spatial relations,1591,up,1461,at,6
Spatial relations,1591,up,1467,circle,1
Spatial relations,1591,up,1506,measure,1
Spatial relations,1591,up,1595,south,5
Spatial relations,1591,up,1598,north,5
Spatial relations,1591,up,1645,short,1
Spatial relations,1591,up,1743,join,1
Spatial relations,1591,up,1817,west,3
Spatial relations,1591,up,1845,ball,2
Spatial relations,1591,up,1877,east,3
Spatial relations,1591,up,192,corner,1
Spatial relations,1591,up,193,shallow,3
Spatial relations,1591,up,372,pointed,1
Spatial relations,1591,up,721,low,1
Spatial relations,1591,up,723,place,1
Spatial relations,1591,up,81,fathom,17
Spatial relations,1591,up,838,remains,4
Spatial relations,1591,up,850,square,7
Spatial relations,1595,south,81,fathom,13
Spatial relations,1598,north,81,fathom,13
Spatial relations,1633,flat,1048,line,2
Spatial relations,1633,flat,1264,change,1
Spatial relations,1633,flat,1367,cross,2
Spatial relations,1633,flat,1404,straight,1
Spatial relations,1633,flat,1460,in,3
Spatial relations,1633,flat,1461,at,6
Spatial relations,1633,flat,1845,ball,1
Spatial relations,1633,flat,850,square,6
Spatial relations,1645,short,1048,line,2
Spatial relations,1645,short,1461,at,5
Spatial relations,1645,short,193,shallow,2
Spatial relations,1685,after,1048,line,3
Spatial relations,1685,after,1119,divide,1
Spatial relations,1685,after,1264,change,2
Spatial relations,1685,after,1267,narrow,1
Spatial relations,1685,after,1367,cross,3
Spatial relations,1685,after,1404,straight,1
Spatial relations,1685,after,1460,in,3
Spatial relations,1685,after,1461,at,6
Spatial relations,1685,after,1467,circle,1
Spatial relations,1685,after,1506,measure,1
Spatial relations,1685,after,1595,south,5
Spatial relations,1685,after,1598,north,5
Spatial relations,1685,after,1645,short,1
Spatial relations,1685,after,1743,join,1
Spatial relations,1685,after,1817,west,3
Spatial relations,1685,after,1845,ball,2
Spatial relations,1685,after,1877,east,3
Spatial relations,1685,after,192,corner,1
Spatial relations,1685,after,193,shallow,3
Spatial relations,1685,after,372,pointed,1
Spatial relations,1685,after,721,low,1
Spatial relations,1685,after,723,place,1
Spatial relations,1685,after,81,fathom,17
Spatial relations,1685,after,838,remains,4
Spatial relations,1685,after,850,square,7
Spatial relations,1741,above,1460,in,3
Spatial relations,1743,join,1595,south,4
Spatial relations,1743,join,1598,north,4
Spatial relations,1743,join,81,fathom,16
Spatial relations,1816,beside,1048,line,3
Spatial relations,1816,beside,1119,divide,1
Spatial relations,1816,beside,1264,change,2
Spatial relations,1816,beside,1267,narrow,1
Spatial relations,1816,beside,1367,cross,3
Spatial relations,1816,beside,1404,straight,1
Spatial relations,1816,beside,1460,in,3
Spatial relations,1816,beside,1461,at,6
Spatial relations,1816,beside,1467,circle,1
Spatial relations,1816,beside,1506,measure,1
Spatial relations,1816,beside,1595,south,5
Spatial relations,1816,beside,1598,north,5
Spatial relations,1816,beside,1645,short,1
Spatial relations,1816,beside,1743,join,1
Spatial relations,1816,beside,1817,west,3
Spatial relations,1816,beside,1845,ball,2
Spatial relations,1816,beside,1877,east,3
Spatial relations,1816,beside,192,corner,1
Spatial relations,1816,beside,193,shallow,3
Spatial relations,1816,beside,372,pointed,1
Spatial relations,1816,beside,721,low,1
Spatial relations,1816,beside,723,place,1
Spatial relations,1816,beside,81,fathom,17
Spatial relations,1816,beside,838,remains,4
Spatial relations,1816,beside,850,square,7
Spatial relations,1817,west,1595,south,2
Spatial relations,1817,west,1598,north,2
Spatial relations,1817,west,81,fathom,15
Spatial relations,1877,east,1595,south,2
Spatial relations,1877,east,1598,north,2
Spatial relations,1877,east,81,fathom,15
Spatial relations,1883,in front of,1048,line,3
Spatial relations,1883,in front of,1119,divide,1
Spatial relations,1883,in front of,1264,change,2
Spatial relations,1883,in front of,1267,narrow,1
Spatial relations,1883,in front of,1367,cross,2
Spatial relations,1883,in front of,1404,straight,1
Spatial relations,1883,in front of,1460,in,3
Spatial relations,1883,in front of,1461,at,5
Spatial relations,1883,in front of,1467,circle,1
Spatial relations,1883,in front of,1506,measure,1
Spatial relations,1883,in front of,1595,south,5
Spatial relations,1883,in front of,1598,north,5
Spatial relations,1883,in front of,1645,short,1
Spatial relations,1883,in front of,1743,join,1
Spatial relations,1883,in front of,1817,west,3
Spatial relations,1883,in front of,1845,ball,2
Spatial relations,1883,in front of,1877,east,3
Spatial relations,1883,in front of,192,corner,1
Spatial relations,1883,in front of,193,shallow,3
Spatial relations,1883,in front of,721,low,1
Spatial relations,1883,in front of,723,place,1
Spatial relations,1883,in front of,81,fathom,18
Spatial relations,1883,in front of,838,remains,4
Spatial relations,1883,in front of,850,square,6
Spatial relations,192,corner,1048,line,2
Spatial relations,192,corner,1264,change,1
Spatial relations,192,corner,1367,cross,2
Spatial relations,192,corner,1845,ball,1
Spatial relations,192,corner,850,square,6
Spatial relations,372,pointed,1367,cross,2
Spatial relations,372,pointed,1461,at,5
Spatial relations,372,pointed,850,square,6
Spatial relations,721,low,193,shallow,2
Spatial relations,721,low,81,fathom,17
Spatial relations,723,place,850,square,6
Spatial relations,742,end,1048,line,3
Spatial relations,742,end,1264,change,2
Spatial relations,742,end,1267,narrow,1
Spatial relations,742,end,1367,cross,3
Spatial relations,742,end,1404,straight,1
Spatial relations,742,end,1460,in,3
Spatial relations,742,end,1461,at,6
Spatial relations,742,end,1467,circle,1
Spatial relations,742,end,1506,measure,1
Spatial relations,742,end,1595,south,5
Spatial relations,742,end,1598,north,5
Spatial relations,742,end,1645,short,1
Spatial relations,742,end,1817,west,3
Spatial relations,742,end,1845,ball,2
Spatial relations,742,end,1877,east,3
Spatial relations,742,end,192,corner,1
Spatial relations,742,end,193,shallow,3
Spatial relations,742,end,372,pointed,1
Spatial relations,742,end,81,fathom,18
Spatial relations,742,end,850,square,7
Spatial relations,761,cover,1048,line,3
Spatial relations,761,cover,1264,change,2
Spatial relations,761,cover,1267,narrow,1
Spatial relations,761,cover,1367,cross,3
Spatial relations,761,cover,1404,straight,1
Spatial relations,761,cover,1460,in,3
Spatial relations,761,cover,1461,at,6
Spatial relations,761,cover,1467,circle,1
Spatial relations,761,cover,1506,measure,1
Spatial relations,761,cover,1595,south,5
Spatial relations,761,cover,1598,north,5
Spatial relations,761,cover,1645,short,1
Spatial relations,761,cover,1817,west,3
Spatial relations,761,cover,1845,ball,2
Spatial relations,761,cover,1877,east,3
Spatial relations,761,cover,192,corner,1
Spatial relations,761,cover,193,shallow,3
Spatial relations,761,cover,372,pointed,1
Spatial relations,761,cover,721,low,1
Spatial relations,761,cover,81,fathom,17
Spatial relations,761,cover,850,square,7
Spatial relations,838,remains,81,fathom,12
Spatial relations,863,edge,1048,line,3
Spatial relations,863,edge,1264,change,2
Spatial relations,863,edge,1267,narrow,1
Spatial relations,863,edge,1367,cross,3
Spatial relations,863,edge,1404,straight,1
Spatial relations,863,edge,1460,in,3
Spatial relations,863,edge,1461,at,6
Spatial relations,863,edge,1467,circle,1
Spatial relations,863,edge,1506,measure,1
Spatial relations,863,edge,1595,south,5
Spatial relations,863,edge,1598,north,5
Spatial relations,863,edge,1645,short,1
Spatial relations,863,edge,1817,west,3
Spatial relations,863,edge,1845,ball,2
Spatial relations,863,edge,1877,east,3
Spatial relations,863,edge,192,corner,1
Spatial relations,863,edge,193,shallow,3
Spatial relations,863,edge,81,fathom,18
Spatial relations,863,edge,850,square,7
Spatial relations,998,put,1048,line,3
Spatial relations,998,put,1119,divide,1
Spatial relations,998,put,1264,change,2
Spatial relations,998,put,1267,narrow,1
Spatial relations,998,put,1367,cross,3
Spatial relations,998,put,1404,straight,1
Spatial relations,998,put,1460,in,3
Spatial relations,998,put,1461,at,6
Spatial relations,998,put,1467,circle,1
Spatial relations,998,put,1506,measure,1
Spatial relations,998,put,1595,south,5
Spatial relations,998,put,1598,north,5
Spatial relations,998,put,1645,short,1
Spatial relations,998,put,1743,join,1
Spatial relations,998,put,1817,west,3
Spatial relations,998,put,1845,ball,2
Spatial relations,998,put,1877,east,3
Spatial relations,998,put,192,corner,1
Spatial relations,998,put,193,shallow,3
Spatial relations,998,put,372,pointed,1
Spatial relations,998,put,721,low,1
Spatial relations,998,put,81,fathom,18
Spatial relations,998,put,838,remains,4
Spatial relations,998,put,850,square,7
Spatial relations,1741,above,1048,line,3
Spatial relations,1741,above,1119,divide,1
Spatial relations,742,end,1119,divide,1
Spatial relations,761,cover,1119,divide,1
Spatial relations,863,edge,1119,divide,1
Spatial relations,1741,above,1264,change,2
Spatial relations,1633,flat,1267,narrow,1
Spatial relations,1741,above,1267,narrow,1
Spatial relations,1467,circle,1367,cross,2
Spatial relations,1741,above,1367,cross,3
Spatial relations,1741,above,1404,straight,1
Spatial relations,1460,in,1461,at,3
Spatial relations,1741,above,1461,at,6
Spatial relations,1741,above,1467,circle,1
Spatial relations,1741,above,1506,measure,1
Spatial relations,1264,change,1595,south,3
Spatial relations,1267,narrow,1595,south,4
Spatial relations,1467,circle,1595,south,4
Spatial relations,1506,measure,1595,south,4
Spatial relations,1633,flat,1595,south,4
Spatial relations,1645,short,1595,south,4
Spatial relations,1741,above,1595,south,5
Spatial relations,192,corner,1595,south,4
Spatial relations,1267,narrow,1598,north,4
Spatial relations,1467,circle,1598,north,4
Spatial relations,1506,measure,1598,north,4
Spatial relations,1633,flat,1598,north,4
Spatial relations,1645,short,1598,north,4
Spatial relations,1741,above,1598,north,5
Spatial relations,192,corner,1598,north,4
Spatial relations,1633,flat,1645,short,1
Spatial relations,1741,above,1645,short,1
Spatial relations,1633,flat,1743,join,1
Spatial relations,1741,above,1743,join,1
Spatial relations,742,end,1743,join,1
Spatial relations,761,cover,1743,join,1
Spatial relations,863,edge,1743,join,1
Spatial relations,1267,narrow,1817,west,2
Spatial relations,1467,circle,1817,west,2
Spatial relations,1506,measure,1817,west,2
Spatial relations,1633,flat,1817,west,2
Spatial relations,1645,short,1817,west,2
Spatial relations,1741,above,1817,west,3
Spatial relations,192,corner,1817,west,2
Spatial relations,1741,above,1845,ball,2
Spatial relations,1267,narrow,1877,east,2
Spatial relations,1467,circle,1877,east,2
Spatial relations,1506,measure,1877,east,2
Spatial relations,1633,flat,1877,east,2
Spatial relations,1645,short,1877,east,2
Spatial relations,1741,above,1877,east,3
Spatial relations,192,corner,1877,east,2
Spatial relations,1741,above,192,corner,1
Spatial relations,1404,straight,193,shallow,2
Spatial relations,1467,circle,193,shallow,3
Spatial relations,1633,flat,193,shallow,3
Spatial relations,1741,above,193,shallow,3
Spatial relations,192,corner,193,shallow,3
Spatial relations,1633,flat,372,pointed,1
Spatial relations,1741,above,372,pointed,1
Spatial relations,863,edge,372,pointed,1
Spatial relations,1633,flat,721,low,1
Spatial relations,1741,above,721,low,1
Spatial relations,742,end,721,low,1
Spatial relations,863,edge,721,low,1
Spatial relations,1633,flat,723,place,1
Spatial relations,1741,above,723,place,1
Spatial relations,742,end,723,place,1
Spatial relations,761,cover,723,place,1
Spatial relations,863,edge,723,place,1
Spatial relations,998,put,723,place,1
Spatial relations,1048,line,81,fathom,13
Spatial relations,1264,change,81,fathom,16
Spatial relations,1267,narrow,81,fathom,17
Spatial relations,1404,straight,81,fathom,17
Spatial relations,1460,in,81,fathom,15
Spatial relations,1467,circle,81,fathom,16
Spatial relations,1633,flat,81,fathom,17
Spatial relations,1645,short,81,fathom,17
Spatial relations,1741,above,81,fathom,18
Spatial relations,1845,ball,81,fathom,16
Spatial relations,192,corner,81,fathom,17
Spatial relations,193,shallow,81,fathom,14
Spatial relations,1119,divide,838,remains,3
Spatial relations,1404,straight,838,remains,3
Spatial relations,1467,circle,838,remains,3
Spatial relations,1506,measure,838,remains,3
Spatial relations,1633,flat,838,remains,3
Spatial relations,1741,above,838,remains,4
Spatial relations,192,corner,838,remains,3
Spatial relations,721,low,838,remains,3
Spatial relations,742,end,838,remains,4
Spatial relations,761,cover,838,remains,4
Spatial relations,863,edge,838,remains,4
Spatial relations,1467,circle,850,square,6
Spatial relations,1741,above,850,square,7
Speech and language,101,boast,1045,poet,11
Speech and language,1084,call,101,boast,2
Speech and language,1084,call,1045,poet,13
Speech and language,1084,call,1192,threaten,1
Speech and language,1084,call,2136,brass instrument,9
Speech and language,1084,call,300,rattle,8
Speech and language,1084,call,724,read,1
Speech and language,1084,call,777,flute,4
Speech and language,1084,call,794,pen,2
Speech and language,1084,call,9,announce,2
Speech and language,1084,call,908,drum,2
Speech and language,1192,threaten,101,boast,1
Speech and language,1192,threaten,1045,poet,12
Speech and language,128,mumble,1045,poet,8
Speech and language,1307,language,101,boast,1
Speech and language,1307,language,1045,poet,12
Speech and language,1307,language,1599,word,2
Speech and language,1307,language,1675,promise,2
Speech and language,1307,language,2136,brass instrument,8
Speech and language,1307,language,300,rattle,8
Speech and language,1307,language,49,refuse,1
Speech and language,1307,language,755,deny,2
Speech and language,1307,language,83,forbid,1
Speech and language,1307,language,9,announce,1
Speech and language,1307,language,908,drum,1
Speech and language,1599,word,1045,poet,11
Speech and language,180,call by name,101,boast,2
Speech and language,180,call by name,1045,poet,13
Speech and language,180,call by name,1192,threaten,1
Speech and language,180,call by name,2136,brass instrument,9
Speech and language,180,call by name,300,rattle,9
Speech and language,180,call by name,724,read,1
Speech and language,180,call by name,777,flute,4
Speech and language,180,call by name,794,pen,2
Speech and language,180,call by name,9,announce,2
Speech and language,180,call by name,908,drum,2
Speech and language,1866,stutter,101,boast,2
Speech and language,1866,stutter,1045,poet,13
Speech and language,1866,stutter,1115,speech,5
Speech and language,1866,stutter,1192,threaten,1
Speech and language,1866,stutter,1307,language,1
Speech and language,1866,stutter,1599,word,2
Speech and language,1866,stutter,1675,promise,3
Speech and language,1866,stutter,2022,admit,3
Speech and language,1866,stutter,2136,brass instrument,8
Speech and language,1866,stutter,299,scold,1
Speech and language,1866,stutter,300,rattle,9
Speech and language,1866,stutter,48,be silent,2
Speech and language,1866,stutter,49,refuse,2
Speech and language,1866,stutter,724,read,1
Speech and language,1866,stutter,755,deny,3
Speech and language,1866,stutter,777,flute,3
Speech and language,1866,stutter,794,pen,1
Speech and language,1866,stutter,83,forbid,2
Speech and language,1866,stutter,9,announce,2
Speech and language,1866,stutter,908,drum,1
Speech and language,2022,admit,1045,poet,8
Speech and language,298,shriek,1045,poet,10
Speech and language,299,scold,1045,poet,12
Speech and language,299,scold,300,rattle,8
Speech and language,48,be silent,1045,poet,11
Speech and language,49,refuse,1045,poet,9
Speech and language,526,howl,1045,poet,12
Speech and language,526,howl,48,be silent,1
Speech and language,55,whisper,1045,poet,12
Speech and language,55,whisper,128,mumble,1
Speech and language,55,whisper,298,shriek,1
Speech and language,55,whisper,48,be silent,1
Speech and language,724,read,1045,poet,12
Speech and language,724,read,2136,brass instrument,8
Speech and language,724,read,300,rattle,8
Speech and language,724,read,908,drum,1
Speech and language,755,deny,1045,poet,8
Speech and language,777,flute,300,rattle,6
Speech and language,794,pen,1045,poet,11
Speech and language,83,forbid,1045,poet,9
Speech and language,9,announce,1045,poet,10
Speech and language,908,drum,2136,brass instrument,7
Speech and language,908,drum,300,rattle,7
Speech and language,724,read,101,boast,1
Speech and language,908,drum,101,boast,1
Speech and language,777,flute,1045,poet,10
Speech and language,908,drum,1045,poet,11
Speech and language,1084,call,1115,speech,5
Speech and language,1307,language,1115,speech,4
Speech and language,180,call by name,1115,speech,5
Speech and language,724,read,1115,speech,4
Speech and language,1084,call,128,mumble,2
Speech and language,1307,language,128,mumble,2
Speech and language,180,call by name,128,mumble,2
Speech and language,1866,stutter,128,mumble,2
Speech and language,526,howl,128,mumble,1
Speech and language,724,read,128,mumble,2
Speech and language,1084,call,1307,language,1
Speech and language,180,call by name,1307,language,1
Speech and language,1084,call,1599,word,3
Speech and language,180,call by name,1599,word,3
Speech and language,299,scold,1599,word,2
Speech and language,724,read,1599,word,2
Speech and language,101,boast,1675,promise,1
Speech and language,1084,call,1675,promise,3
Speech and language,1192,threaten,1675,promise,2
Speech and language,180,call by name,1675,promise,3
Speech and language,49,refuse,1675,promise,1
Speech and language,724,read,1675,promise,2
Speech and language,9,announce,1675,promise,1
Speech and language,1084,call,2022,admit,4
Speech and language,1192,threaten,2022,admit,3
Speech and language,180,call by name,2022,admit,4
Speech and language,299,scold,2022,admit,3
Speech and language,1084,call,298,shriek,2
Speech and language,180,call by name,298,shriek,2
Speech and language,1866,stutter,298,shriek,2
Speech and language,526,howl,298,shriek,1
Speech and language,794,pen,298,shriek,1
Speech and language,1084,call,299,scold,1
Speech and language,180,call by name,299,scold,1
Speech and language,1084,call,48,be silent,2
Speech and language,1192,threaten,48,be silent,1
Speech and language,180,call by name,48,be silent,2
Speech and language,1084,call,49,refuse,2
Speech and language,1192,threaten,49,refuse,1
Speech and language,180,call by name,49,refuse,2
Speech and language,724,read,49,refuse,1
Speech and language,1084,call,526,howl,1
Speech and language,180,call by name,526,howl,1
Speech and language,1866,stutter,526,howl,1
Speech and language,1084,call,55,whisper,1
Speech and language,180,call by name,55,whisper,1
Speech and language,1866,stutter,55,whisper,1
Speech and language,101,boast,755,deny,1
Speech and language,1084,call,755,deny,3
Speech and language,1192,threaten,755,deny,2
Speech and language,180,call by name,755,deny,3
Speech and language,49,refuse,755,deny,1
Speech and language,724,read,755,deny,2
Speech and language,9,announce,755,deny,1
Speech and language,908,drum,755,deny,2
Speech and language,1084,call,83,forbid,2
Speech and language,180,call by name,83,forbid,2
Speech and language,724,read,83,forbid,1
Speech and language,1192,threaten,9,announce,1
Speech and language,724,read,9,announce,1
The body,102,common cold,148,itch,2
The body,102,common cold,1653,blind,1
The body,102,common cold,1666,mute,3
The body,102,common cold,1770,carcass,1
The body,102,common cold,1837,vulva,5
The body,102,common cold,1903,swelling,1
The body,102,common cold,210,life,2
The body,102,common cold,320,lame,1
The body,102,common cold,323,fat,1
The body,102,common cold,44,injure,1
The body,102,common cold,497,scar,1
The body,102,common cold,499,cure,1
The body,102,common cold,580,fur,3
The body,102,common cold,590,naked,1
The body,102,common cold,597,physician,1
The body,102,common cold,655,poison,1
The body,102,common cold,793,boil,1
The body,102,common cold,996,deaf,1
The body,1049,molar tooth,1152,beget,4
The body,1049,molar tooth,1957,goiter,1
The body,1049,molar tooth,1994,collarbone,1
The body,1123,pregnant,1087,conceive,3
The body,1123,pregnant,148,itch,2
The body,1123,pregnant,1534,fever,1
The body,1123,pregnant,1601,weak,1
The body,1123,pregnant,1653,blind,1
The body,1123,pregnant,1666,mute,3
The body,1123,pregnant,1770,carcass,1
The body,1123,pregnant,1837,vulva,6
The body,1123,pregnant,1903,swelling,1
The body,1123,pregnant,1904,drown,2
The body,1123,pregnant,1957,goiter,2
The body,1123,pregnant,210,life,2
The body,1123,pregnant,320,lame,1
The body,1123,pregnant,323,fat,1
The body,1123,pregnant,44,injure,1
The body,1123,pregnant,497,scar,1
The body,1123,pregnant,499,cure,1
The body,1123,pregnant,580,fur,3
The body,1123,pregnant,590,naked,1
The body,1123,pregnant,597,physician,1
The body,1123,pregnant,655,poison,1
The body,1123,pregnant,793,boil,1
The body,1123,pregnant,996,deaf,1
The body,1137,tendon,1770,carcass,1
The body,1137,tendon,1837,vulva,6
The body,1137,tendon,210,life,2
The body,1148,bruise,148,itch,1
The body,1148,bruise,1653,blind,1
The body,1148,bruise,1666,mute,2
The body,1148,bruise,1837,vulva,6
The body,1148,bruise,210,life,2
The body,1148,bruise,320,lame,1
The body,1148,bruise,323,fat,1
The body,1148,bruise,44,injure,1
The body,1148,bruise,497,scar,1
The body,1148,bruise,580,fur,3
The body,1148,bruise,590,naked,1
The body,1148,bruise,597,physician,1
The body,1148,bruise,655,poison,1
The body,1148,bruise,793,boil,1
The body,1148,bruise,996,deaf,1
The body,1159,fart,1087,conceive,3
The body,1159,fart,1152,beget,5
The body,1159,fart,148,itch,2
The body,1159,fart,1601,weak,1
The body,1159,fart,1653,blind,1
The body,1159,fart,1666,mute,2
The body,1159,fart,1770,carcass,1
The body,1159,fart,1837,vulva,5
The body,1159,fart,1903,swelling,1
The body,1159,fart,1904,drown,2
The body,1159,fart,1957,goiter,2
The body,1159,fart,210,life,2
The body,1159,fart,320,lame,1
The body,1159,fart,323,fat,1
The body,1159,fart,44,injure,1
The body,1159,fart,497,scar,1
The body,1159,fart,499,cure,1
The body,1159,fart,580,fur,2
The body,1159,fart,590,naked,1
The body,1159,fart,597,physician,1
The body,1159,fart,655,poison,1
The body,1159,fart,793,boil,1
The body,1159,fart,996,deaf,1
The body,1178,nostril,1049,molar tooth,1
The body,1178,nostril,1087,conceive,3
The body,1178,nostril,1152,beget,5
The body,1178,nostril,1297,leg,2
The body,1178,nostril,148,itch,2
The body,1178,nostril,1534,fever,1
The body,1178,nostril,154,udder,3
The body,1178,nostril,1601,weak,1
The body,1178,nostril,1653,blind,1
The body,1178,nostril,1666,mute,3
The body,1178,nostril,1673,arm,1
The body,1178,nostril,1681,waist,2
The body,1178,nostril,172,shoulderblade,1
The body,1178,nostril,1744,spleen,2
The body,1178,nostril,1770,carcass,1
The body,1178,nostril,1837,vulva,6
The body,1178,nostril,1903,swelling,1
The body,1178,nostril,1904,drown,2
The body,1178,nostril,1957,goiter,2
The body,1178,nostril,1994,collarbone,2
The body,1178,nostril,210,life,2
The body,1178,nostril,268,dribble,1
The body,1178,nostril,320,lame,1
The body,1178,nostril,323,fat,1
The body,1178,nostril,44,injure,1
The body,1178,nostril,497,scar,1
The body,1178,nostril,499,cure,1
The body,1178,nostril,580,fur,3
The body,1178,nostril,590,naked,1
The body,1178,nostril,597,physician,1
The body,1178,nostril,655,poison,1
The body,1178,nostril,793,boil,1
The body,1178,nostril,799,wrist,1
The body,1178,nostril,804,womb,1
The body,1178,nostril,996,deaf,1
The body,1278,vomit,1087,conceive,3
The body,1278,vomit,1152,beget,5
The body,1278,vomit,148,itch,2
The body,1278,vomit,1534,fever,1
The body,1278,vomit,1601,weak,1
The body,1278,vomit,1653,blind,1
The body,1278,vomit,1666,mute,3
The body,1278,vomit,1770,carcass,1
The body,1278,vomit,1837,vulva,6
The body,1278,vomit,1903,swelling,1
The body,1278,vomit,1904,drown,2
The body,1278,vomit,1957,goiter,2
The body,1278,vomit,210,life,2
The body,1278,vomit,268,dribble,1
The body,1278,vomit,320,lame,1
The body,1278,vomit,323,fat,1
The body,1278,vomit,44,injure,1
The body,1278,vomit,497,scar,1
The body,1278,vomit,499,cure,1
The body,1278,vomit,580,fur,3
The body,1278,vomit,590,naked,1
The body,1278,vomit,597,physician,1
The body,1278,vomit,655,poison,1
The body,1278,vomit,793,boil,1
The body,1278,vomit,996,deaf,1
The body,1364,healthy,148,itch,2
The body,1364,healthy,1534,fever,1
The body,1364,healthy,1653,blind,1
The body,1364,healthy,1666,mute,3
The body,1364,healthy,1770,carcass,1
The body,1364,healthy,1837,vulva,5
The body,1364,healthy,1903,swelling,1
The body,1364,healthy,1957,goiter,2
The body,1364,healthy,210,life,2
The body,1364,healthy,320,lame,1
The body,1364,healthy,323,fat,1
The body,1364,healthy,44,injure,1
The body,1364,healthy,497,scar,1
The body,1364,healthy,499,cure,1
The body,1364,healthy,580,fur,3
The body,1364,healthy,590,naked,1
The body,1364,healthy,597,physician,1
The body,1364,healthy,655,poison,1
The body,1364,healthy,793,boil,1
The body,1364,healthy,996,deaf,1
The body,139,gums,1049,molar tooth,1
The body,139,gums,1087,conceive,3
The body,139,gums,1152,beget,5
The body,139,gums,1297,leg,2
The body,139,gums,148,itch,2
The body,139,gums,1534,fever,1
The body,139,gums,154,udder,3
The body,139,gums,1601,weak,1
The body,139,gums,1653,blind,1
The body,139,gums,1666,mute,3
The body,139,gums,1673,arm,1
The body,139,gums,1681,waist,1
The body,139,gums,172,shoulderblade,1
The body,139,gums,1744,spleen,2
The body,139,gums,1770,carcass,1
The body,139,gums,1837,vulva,6
The body,139,gums,1903,swelling,1
The body,139,gums,1904,drown,2
The body,139,gums,1957,goiter,2
The body,139,gums,1994,collarbone,2
The body,139,gums,210,life,2
The body,139,gums,268,dribble,1
The body,139,gums,320,lame,1
The body,139,gums,323,fat,1
The body,139,gums,44,injure,1
The body,139,gums,497,scar,1
The body,139,gums,580,fur,3
The body,139,gums,590,naked,1
The body,139,gums,597,physician,1
The body,139,gums,655,poison,1
The body,139,gums,793,boil,1
The body,139,gums,799,wrist,1
The body,139,gums,804,womb,1
The body,139,gums,996,deaf,1
The body,1480,body,1087,conceive,2
The body,1480,body,1297,leg,1
The body,1480,body,148,itch,1
The body,1480,body,1604,temples,7
The body,1480,body,210,life,1
The body,1480,body,576,dandruff,2
The body,1534,fever,1666,mute,2
The body,1534,fever,1837,vulva,5
The body,1534,fever,1957,goiter,2
The body,1534,fever,580,fur,2
The body,1584,blister,1653,blind,1
The body,1584,blister,1666,mute,3
The body,1584,blister,1770,carcass,1
The body,1584,blister,1837,vulva,6
The body,1584,blister,210,life,1
The body,1584,blister,323,fat,1
The body,1584,blister,497,scar,1
The body,1584,blister,499,cure,1
The body,1584,blister,580,fur,2
The body,1584,blister,590,naked,1
The body,1584,blister,793,boil,1
The body,1584,blister,996,deaf,1
The body,1601,weak,148,itch,1
The body,1601,weak,210,life,1
The body,1605,skull,1049,molar tooth,1
The body,1605,skull,1087,conceive,3
The body,1605,skull,1152,beget,5
The body,1605,skull,1297,leg,2
The body,1605,skull,148,itch,2
The body,1605,skull,1534,fever,1
The body,1605,skull,154,udder,3
The body,1605,skull,1601,weak,1
The body,1605,skull,1653,blind,1
The body,1605,skull,1666,mute,3
The body,1605,skull,1673,arm,1
The body,1605,skull,1681,waist,1
The body,1605,skull,172,shoulderblade,1
The body,1605,skull,1744,spleen,2
The body,1605,skull,1770,carcass,1
The body,1605,skull,18,earlobe,3
The body,1605,skull,1837,vulva,6
The body,1605,skull,1903,swelling,1
The body,1605,skull,1904,drown,2
The body,1605,skull,1957,goiter,2
The body,1605,skull,1994,collarbone,2
The body,1605,skull,210,life,2
The body,1605,skull,268,dribble,1
The body,1605,skull,32,earwax,1
The body,1605,skull,320,lame,1
The body,1605,skull,323,fat,1
The body,1605,skull,44,injure,1
The body,1605,skull,497,scar,1
The body,1605,skull,580,fur,3
The body,1605,skull,590,naked,1
The body,1605,skull,597,physician,1
The body,1605,skull,655,poison,1
The body,1605,skull,793,boil,1
The body,1605,skull,799,wrist,1
The body,1605,skull,804,womb,1
The body,1605,skull,996,deaf,1
The body,1653,blind,1770,carcass,1
The body,1673,arm,1087,conceive,2
The body,1673,arm,1297,leg,1
The body,1673,arm,148,itch,1
The body,1673,arm,210,life,1
The body,1681,waist,1957,goiter,2
The body,17,eyelid,1049,molar tooth,1
The body,17,eyelid,1087,conceive,3
The body,17,eyelid,1152,beget,5
The body,17,eyelid,1297,leg,2
The body,17,eyelid,148,itch,2
The body,17,eyelid,1534,fever,1
The body,17,eyelid,154,udder,3
The body,17,eyelid,1601,weak,1
The body,17,eyelid,1653,blind,1
The body,17,eyelid,1666,mute,3
The body,17,eyelid,1673,arm,1
The body,17,eyelid,1681,waist,2
The body,17,eyelid,172,shoulderblade,1
The body,17,eyelid,1744,spleen,2
The body,17,eyelid,1770,carcass,1
The body,17,eyelid,18,earlobe,3
The body,17,eyelid,1837,vulva,6
The body,17,eyelid,1903,swelling,1
The body,17,eyelid,1904,drown,2
The body,17,eyelid,1957,goiter,2
The body,17,eyelid,1994,collarbone,2
The body,17,eyelid,210,life,2
The body,17,eyelid,268,dribble,1
The body,17,eyelid,32,earwax,1
The body,17,eyelid,320,lame,1
The body,17,eyelid,323,fat,1
The body,17,eyelid,44,injure,1
The body,17,eyelid,497,scar,1
The body,17,eyelid,499,cure,1
The body,17,eyelid,580,fur,3
The body,17,eyelid,590,naked,1
The body,17,eyelid,597,physician,1
The body,17,eyelid,655,poison,1
The body,17,eyelid,793,boil,1
The body,17,eyelid,799,wrist,1
The body,17,eyelid,804,womb,1
The body,17,eyelid,996,deaf,1
The body,172,shoulderblade,1087,conceive,3
The body,172,shoulderblade,148,itch,1
The body,172,shoulderblade,154,udder,2
The body,172,shoulderblade,1666,mute,2
The body,172,shoulderblade,1994,collarbone,2
The body,1730,cheek,1049,molar tooth,1
The body,1730,cheek,1087,conceive,3
The body,1730,cheek,1152,beget,5
The body,1730,cheek,1297,leg,2
The body,1730,cheek,148,itch,2
The body,1730,cheek,1534,fever,1
The body,1730,cheek,154,udder,3
The body,1730,cheek,1601,weak,1
The body,1730,cheek,1653,blind,1
The body,1730,cheek,1666,mute,3
The body,1730,cheek,1673,arm,1
The body,1730,cheek,1681,waist,2
The body,1730,cheek,172,shoulderblade,1
The body,1730,cheek,1744,spleen,2
The body,1730,cheek,1770,carcass,1
The body,1730,cheek,18,earlobe,3
The body,1730,cheek,1837,vulva,6
The body,1730,cheek,1903,swelling,1
The body,1730,cheek,1904,drown,2
The body,1730,cheek,1957,goiter,2
The body,1730,cheek,1994,collarbone,2
The body,1730,cheek,210,life,2
The body,1730,cheek,32,earwax,1
The body,1730,cheek,320,lame,1
The body,1730,cheek,323,fat,1
The body,1730,cheek,44,injure,1
The body,1730,cheek,499,cure,1
The body,1730,cheek,580,fur,3
The body,1730,cheek,590,naked,1
The body,1730,cheek,597,physician,1
The body,1730,cheek,655,poison,1
The body,1730,cheek,793,boil,1
The body,1730,cheek,799,wrist,1
The body,1730,cheek,804,womb,1
The body,1730,cheek,996,deaf,1
The body,1757,tired,1653,blind,1
The body,1757,tired,1666,mute,3
The body,1757,tired,1770,carcass,1
The body,1757,tired,1837,vulva,6
The body,1757,tired,210,life,2
The body,1757,tired,320,lame,1
The body,1757,tired,323,fat,1
The body,1757,tired,44,injure,1
The body,1757,tired,580,fur,3
The body,1757,tired,590,naked,1
The body,1757,tired,996,deaf,1
The body,1781,thumb,1087,conceive,3
The body,1781,thumb,1152,beget,5
The body,1781,thumb,1297,leg,2
The body,1781,thumb,148,itch,2
The body,1781,thumb,1534,fever,1
The body,1781,thumb,154,udder,3
The body,1781,thumb,1601,weak,1
The body,1781,thumb,1653,blind,1
The body,1781,thumb,1666,mute,3
The body,1781,thumb,1681,waist,2
The body,1781,thumb,1744,spleen,1
The body,1781,thumb,1770,carcass,1
The body,1781,thumb,1837,vulva,6
The body,1781,thumb,1903,swelling,1
The body,1781,thumb,1904,drown,2
The body,1781,thumb,1957,goiter,2
The body,1781,thumb,210,life,2
The body,1781,thumb,268,dribble,1
The body,1781,thumb,320,lame,1
The body,1781,thumb,323,fat,1
The body,1781,thumb,44,injure,1
The body,1781,thumb,497,scar,1
The body,1781,thumb,499,cure,1
The body,1781,thumb,580,fur,3
The body,1781,thumb,590,naked,1
The body,1781,thumb,597,physician,1
The body,1781,thumb,655,poison,1
The body,1781,thumb,793,boil,1
The body,1781,thumb,804,womb,1
The body,1781,thumb,996,deaf,1
The body,1808,pus,1653,blind,1
The body,1808,pus,1666,mute,3
The body,1808,pus,1770,carcass,1
The body,1808,pus,1837,vulva,6
The body,1808,pus,210,life,1
The body,1808,pus,323,fat,1
The body,1808,pus,497,scar,1
The body,1808,pus,499,cure,1
The body,1808,pus,580,fur,3
The body,1808,pus,590,naked,1
The body,1808,pus,996,deaf,1
The body,1836,vagina,1770,carcass,1
The body,1836,vagina,1837,vulva,5
The body,1836,vagina,210,life,2
The body,1903,swelling,148,itch,1
The body,1903,swelling,1666,mute,2
The body,1904,drown,1837,vulva,5
The body,1904,drown,1957,goiter,1
The body,1904,drown,580,fur,1
The body,1920,dream,1087,conceive,3
The body,1920,dream,1152,beget,5
The body,1920,dream,148,itch,2
The body,1920,dream,1534,fever,1
The body,1920,dream,1601,weak,1
The body,1920,dream,1653,blind,1
The body,1920,dream,1666,mute,3
The body,1920,dream,1770,carcass,1
The body,1920,dream,1837,vulva,6
The body,1920,dream,1903,swelling,1
The body,1920,dream,1904,drown,2
The body,1920,dream,1957,goiter,2
The body,1920,dream,210,life,2
The body,1920,dream,320,lame,1
The body,1920,dream,323,fat,1
The body,1920,dream,44,injure,1
The body,1920,dream,497,scar,1
The body,1920,dream,499,cure,1
The body,1920,dream,580,fur,3
The body,1920,dream,590,naked,1
The body,1920,dream,597,physician,1
The body,1920,dream,655,poison,1
The body,1920,dream,793,boil,1
The body,1920,dream,996,deaf,1
The body,208,nasal mucus,1049,molar tooth,1
The body,208,nasal mucus,1087,conceive,3
The body,208,nasal mucus,1152,beget,5
The body,208,nasal mucus,1297,leg,2
The body,208,nasal mucus,148,itch,2
The body,208,nasal mucus,1534,fever,1
The body,208,nasal mucus,154,udder,3
The body,208,nasal mucus,1601,weak,1
The body,208,nasal mucus,1653,blind,1
The body,208,nasal mucus,1666,mute,3
The body,208,nasal mucus,1673,arm,1
The body,208,nasal mucus,1681,waist,2
The body,208,nasal mucus,172,shoulderblade,1
The body,208,nasal mucus,1744,spleen,2
The body,208,nasal mucus,1770,carcass,1
The body,208,nasal mucus,1837,vulva,6
The body,208,nasal mucus,1903,swelling,1
The body,208,nasal mucus,1904,drown,2
The body,208,nasal mucus,1957,goiter,2
The body,208,nasal mucus,1994,collarbone,2
The body,208,nasal mucus,210,life,2
The body,208,nasal mucus,268,dribble,1
The body,208,nasal mucus,320,lame,1
The body,208,nasal mucus,323,fat,1
The body,208,nasal mucus,44,injure,1
The body,208,nasal mucus,497,scar,1
The body,208,nasal mucus,499,cure,1
The body,208,nasal mucus,580,fur,3
The body,208,nasal mucus,590,naked,1
The body,208,nasal mucus,597,physician,1
The body,208,nasal mucus,655,poison,1
The body,208,nasal mucus,793,boil,1
The body,208,nasal mucus,799,wrist,1
The body,208,nasal mucus,804,womb,1
The body,208,nasal mucus,996,deaf,1
The body,268,dribble,1957,goiter,2
The body,3189,stab to death,1770,carcass,1
The body,3189,stab to death,1837,vulva,6
The body,3189,stab to death,210,life,2
The body,3189,stab to death,44,injure,1
The body,32,earwax,154,udder,1
The body,32,earwax,1837,vulva,6
The body,320,lame,210,life,1
The body,44,injure,210,life,1
The body,576,dandruff,1604,temples,5
The body,576,dandruff,1666,mute,1
The body,580,fur,1837,vulva,4
The body,590,naked,1770,carcass,1
The body,592,piss,1087,conceive,3
The body,592,piss,1152,beget,5
The body,592,piss,148,itch,2
The body,592,piss,1534,fever,1
The body,592,piss,1601,weak,1
The body,592,piss,1653,blind,1
The body,592,piss,1666,mute,3
The body,592,piss,1770,carcass,1
The body,592,piss,1837,vulva,6
The body,592,piss,1903,swelling,1
The body,592,piss,1904,drown,2
The body,592,piss,1957,goiter,2
The body,592,piss,210,life,2
The body,592,piss,320,lame,1
The body,592,piss,323,fat,1
The body,592,piss,44,injure,1
The body,592,piss,497,scar,1
The body,592,piss,499,cure,1
The body,592,piss,580,fur,3
The body,592,piss,590,naked,1
The body,592,piss,597,physician,1
The body,592,piss,655,poison,1
The body,592,piss,793,boil,1
The body,592,piss,996,deaf,1
The body,597,physician,210,life,1
The body,655,poison,210,life,1
The body,678,beard,1049,molar tooth,1
The body,678,beard,1087,conceive,2
The body,678,beard,1152,beget,5
The body,678,beard,1297,leg,1
The body,678,beard,148,itch,1
The body,678,beard,1534,fever,1
The body,678,beard,154,udder,3
The body,678,beard,1604,temples,7
The body,678,beard,1653,blind,1
The body,678,beard,1666,mute,3
The body,678,beard,1681,waist,2
The body,678,beard,172,shoulderblade,1
The body,678,beard,1744,spleen,2
The body,678,beard,1770,carcass,1
The body,678,beard,18,earlobe,3
The body,678,beard,1837,vulva,6
The body,678,beard,1903,swelling,1
The body,678,beard,1904,drown,2
The body,678,beard,1957,goiter,2
The body,678,beard,1994,collarbone,2
The body,678,beard,210,life,1
The body,678,beard,268,dribble,1
The body,678,beard,32,earwax,1
The body,678,beard,323,fat,1
The body,678,beard,497,scar,1
The body,678,beard,499,cure,1
The body,678,beard,576,dandruff,2
The body,678,beard,580,fur,3
The body,678,beard,590,naked,1
The body,678,beard,793,boil,1
The body,678,beard,799,wrist,1
The body,678,beard,804,womb,1
The body,678,beard,996,deaf,1
The body,688,lung,1087,conceive,3
The body,688,lung,1152,beget,5
The body,688,lung,148,itch,2
The body,688,lung,1534,fever,1
The body,688,lung,1601,weak,1
The body,688,lung,1653,blind,1
The body,688,lung,1666,mute,3
The body,688,lung,1681,waist,2
The body,688,lung,1744,spleen,2
The body,688,lung,1770,carcass,1
The body,688,lung,1837,vulva,6
The body,688,lung,1903,swelling,1
The body,688,lung,1904,drown,2
The body,688,lung,1957,goiter,2
The body,688,lung,210,life,2
The body,688,lung,268,dribble,1
The body,688,lung,320,lame,1
The body,688,lung,323,fat,1
The body,688,lung,44,injure,1
The body,688,lung,497,scar,1
The body,688,lung,499,cure,1
The body,688,lung,580,fur,3
The body,688,lung,590,naked,1
The body,688,lung,597,physician,1
The body,688,lung,655,poison,1
The body,688,lung,793,boil,1
The body,688,lung,804,womb,1
The body,688,lung,996,deaf,1
The body,73,beak,1049,molar tooth,1
The body,73,beak,1087,conceive,3
The body,73,beak,1152,beget,4
The body,73,beak,1297,leg,2
The body,73,beak,148,itch,2
The body,73,beak,1534,fever,1
The body,73,beak,154,udder,3
The body,73,beak,1601,weak,1
The body,73,beak,1653,blind,1
The body,73,beak,1666,mute,3
The body,73,beak,1673,arm,1
The body,73,beak,1681,waist,2
The body,73,beak,172,shoulderblade,1
The body,73,beak,1744,spleen,2
The body,73,beak,1770,carcass,1
The body,73,beak,1837,vulva,5
The body,73,beak,1903,swelling,1
The body,73,beak,1904,drown,2
The body,73,beak,1957,goiter,2
The body,73,beak,1994,collarbone,2
The body,73,beak,210,life,2
The body,73,beak,268,dribble,1
The body,73,beak,320,lame,1
The body,73,beak,323,fat,1
The body,73,beak,44,injure,1
The body,73,beak,497,scar,1
The body,73,beak,499,cure,1
The body,73,beak,580,fur,3
The body,73,beak,590,naked,1
The body,73,beak,597,physician,1
The body,73,beak,655,poison,1
The body,73,beak,793,boil,1
The body,73,beak,799,wrist,1
The body,73,beak,804,womb,1
The body,73,beak,996,deaf,1
The body,767,corpse,148,itch,2
The body,767,corpse,1534,fever,1
The body,767,corpse,1601,weak,1
The body,767,corpse,1653,blind,1
The body,767,corpse,1666,mute,3
The body,767,corpse,1770,carcass,1
The body,767,corpse,1837,vulva,5
The body,767,corpse,1903,swelling,1
The body,767,corpse,1957,goiter,2
The body,767,corpse,210,life,2
The body,767,corpse,320,lame,1
The body,767,corpse,323,fat,1
The body,767,corpse,44,injure,1
The body,767,corpse,497,scar,1
The body,767,corpse,499,cure,1
The body,767,corpse,580,fur,3
The body,767,corpse,590,naked,1
The body,767,corpse,597,physician,1
The body,767,corpse,655,poison,1
The body,767,corpse,793,boil,1
The body,767,corpse,996,deaf,1
The body,796,nipple,1087,conceive,2
The body,796,nipple,1152,beget,5
The body,796,nipple,148,itch,1
The body,796,nipple,1534,fever,1
The body,796,nipple,154,udder,3
The body,796,nipple,1653,blind,1
The body,796,nipple,1666,mute,3
The body,796,nipple,1681,waist,2
The body,796,nipple,1744,spleen,2
The body,796,nipple,1770,carcass,1
The body,796,nipple,1837,vulva,6
The body,796,nipple,1903,swelling,1
The body,796,nipple,1904,drown,2
The body,796,nipple,1957,goiter,2
The body,796,nipple,210,life,1
The body,796,nipple,268,dribble,1
The body,796,nipple,323,fat,1
The body,796,nipple,497,scar,1
The body,796,nipple,499,cure,1
The body,796,nipple,580,fur,3
The body,796,nipple,590,naked,1
The body,796,nipple,793,boil,1
The body,796,nipple,804,womb,1
The body,796,nipple,996,deaf,1
The body,798,jaw,1049,molar tooth,1
The body,798,jaw,1087,conceive,3
The body,798,jaw,1152,beget,5
The body,798,jaw,1297,leg,2
The body,798,jaw,148,itch,2
The body,798,jaw,1534,fever,1
The body,798,jaw,154,udder,3
The body,798,jaw,1601,weak,1
The body,798,jaw,1653,blind,1
The body,798,jaw,1666,mute,3
The body,798,jaw,1673,arm,1
The body,798,jaw,1681,waist,2
The body,798,jaw,172,shoulderblade,1
The body,798,jaw,1744,spleen,2
The body,798,jaw,1770,carcass,1
The body,798,jaw,18,earlobe,3
The body,798,jaw,1837,vulva,6
The body,798,jaw,1903,swelling,1
The body,798,jaw,1904,drown,2
The body,798,jaw,1957,goiter,2
The body,798,jaw,1994,collarbone,2
The body,798,jaw,210,life,2
The body,798,jaw,268,dribble,1
The body,798,jaw,32,earwax,1
The body,798,jaw,320,lame,1
The body,798,jaw,323,fat,1
The body,798,jaw,44,injure,1
The body,798,jaw,497,scar,1
The body,798,jaw,499,cure,1
The body,798,jaw,580,fur,3
The body,798,jaw,590,naked,1
The body,798,jaw,597,physician,1
The body,798,jaw,655,poison,1
The body,798,jaw,793,boil,1
The body,798,jaw,799,wrist,1
The body,798,jaw,804,womb,1
The body,798,jaw,996,deaf,1
The body,799,wrist,154,udder,2
The body,799,wrist,1770,carcass,1
The body,799,wrist,1837,vulva,6
The body,804,womb,1837,vulva,5
The body,981,elbow,1087,conceive,3
The body,981,elbow,1152,beget,5
The body,981,elbow,1297,leg,2
The body,981,elbow,148,itch,2
The body,981,elbow,1534,fever,1
The body,981,elbow,154,udder,3
The body,981,elbow,1601,weak,1
The body,981,elbow,1653,blind,1
The body,981,elbow,1666,mute,3
The body,981,elbow,1681,waist,2
The body,981,elbow,1744,spleen,2
The body,981,elbow,1770,carcass,1
The body,981,elbow,1837,vulva,6
The body,981,elbow,1903,swelling,1
The body,981,elbow,1904,drown,2
The body,981,elbow,1957,goiter,2
The body,981,elbow,210,life,2
The body,981,elbow,268,dribble,1
The body,981,elbow,320,lame,1
The body,981,elbow,323,fat,1
The body,981,elbow,44,injure,1
The body,981,elbow,497,scar,1
The body,981,elbow,499,cure,1
The body,981,elbow,580,fur,3
The body,981,elbow,590,naked,1
The body,981,elbow,597,physician,1
The body,981,elbow,655,poison,1
The body,981,elbow,793,boil,1
The body,981,elbow,799,wrist,1
The body,981,elbow,804,womb,1
The body,981,elbow,996,deaf,1
The body,996,deaf,1666,mute,2
The body,996,deaf,1770,carcass,1
The body,102,common cold,1049,molar tooth,1
The body,1123,pregnant,1049,molar tooth,1
The body,1137,tendon,1049,molar tooth,1
The body,1148,bruise,1049,molar tooth,1
The body,1159,fart,1049,molar tooth,1
The body,1251,belly,1049,molar tooth,1
The body,1278,vomit,1049,molar tooth,1
The body,1364,healthy,1049,molar tooth,1
The body,1584,blister,1049,molar tooth,1
The body,1757,tired,1049,molar tooth,1
The body,1781,thumb,1049,molar tooth,1
The body,1808,pus,1049,molar tooth,1
The body,1836,vagina,1049,molar tooth,1
The body,1920,dream,1049,molar tooth,1
The body,1986,disease,1049,molar tooth,1
The body,3189,stab to death,1049,molar tooth,1
The body,499,cure,1049,molar tooth,1
The body,592,piss,1049,molar tooth,1
The body,688,lung,1049,molar tooth,1
The body,767,corpse,1049,molar tooth,1
The body,796,nipple,1049,molar tooth,1
The body,981,elbow,1049,molar tooth,1
The body,102,common cold,1087,conceive,3
The body,1137,tendon,1087,conceive,3
The body,1148,bruise,1087,conceive,3
The body,1251,belly,1087,conceive,3
The body,1364,healthy,1087,conceive,3
The body,148,itch,1087,conceive,2
The body,1584,blister,1087,conceive,2
The body,1601,weak,1087,conceive,2
The body,1757,tired,1087,conceive,3
The body,1770,carcass,1087,conceive,3
The body,1808,pus,1087,conceive,2
The body,1836,vagina,1087,conceive,3
The body,1903,swelling,1087,conceive,3
The body,1986,disease,1087,conceive,3
The body,3189,stab to death,1087,conceive,3
The body,320,lame,1087,conceive,2
The body,44,injure,1087,conceive,2
The body,499,cure,1087,conceive,3
The body,597,physician,1087,conceive,2
The body,655,poison,1087,conceive,2
The body,767,corpse,1087,conceive,3
The body,102,common cold,1152,beget,4
The body,1123,pregnant,1152,beget,5
The body,1137,tendon,1152,beget,5
The body,1148,bruise,1152,beget,5
The body,1251,belly,1152,beget,5
The body,1364,healthy,1152,beget,4
The body,1584,blister,1152,beget,5
The body,1757,tired,1152,beget,5
The body,1808,pus,1152,beget,5
The body,1836,vagina,1152,beget,4
The body,1986,disease,1152,beget,5
The body,3189,stab to death,1152,beget,5
The body,767,corpse,1152,beget,4
The body,102,common cold,1297,leg,2
The body,1123,pregnant,1297,leg,2
The body,1137,tendon,1297,leg,1
The body,1148,bruise,1297,leg,2
The body,1159,fart,1297,leg,2
The body,1251,belly,1297,leg,2
The body,1278,vomit,1297,leg,2
The body,1364,healthy,1297,leg,2
The body,1584,blister,1297,leg,1
The body,1601,weak,1297,leg,1
The body,1653,blind,1297,leg,1
The body,1757,tired,1297,leg,2
The body,1808,pus,1297,leg,1
The body,1836,vagina,1297,leg,2
The body,1920,dream,1297,leg,2
The body,1986,disease,1297,leg,2
The body,3189,stab to death,1297,leg,2
The body,320,lame,1297,leg,1
The body,44,injure,1297,leg,1
The body,590,naked,1297,leg,1
The body,592,piss,1297,leg,2
The body,597,physician,1297,leg,1
The body,655,poison,1297,leg,1
The body,688,lung,1297,leg,2
The body,767,corpse,1297,leg,2
The body,796,nipple,1297,leg,1
The body,996,deaf,1297,leg,1
The body,1137,tendon,148,itch,2
The body,1251,belly,148,itch,2
The body,1584,blister,148,itch,1
The body,1757,tired,148,itch,2
The body,1770,carcass,148,itch,1
The body,1808,pus,148,itch,1
The body,1836,vagina,148,itch,2
The body,1986,disease,148,itch,2
The body,3189,stab to death,148,itch,2
The body,320,lame,148,itch,1
The body,44,injure,148,itch,1
The body,597,physician,148,itch,1
The body,655,poison,148,itch,1
The body,102,common cold,1480,body,1
The body,1123,pregnant,1480,body,1
The body,1137,tendon,1480,body,1
The body,1148,bruise,1480,body,1
The body,1159,fart,1480,body,1
The body,1178,nostril,1480,body,1
The body,1251,belly,1480,body,1
The body,1278,vomit,1480,body,1
The body,1364,healthy,1480,body,1
The body,139,gums,1480,body,1
The body,1605,skull,1480,body,1
The body,17,eyelid,1480,body,1
The body,1730,cheek,1480,body,1
The body,1757,tired,1480,body,1
The body,1781,thumb,1480,body,1
The body,1836,vagina,1480,body,1
The body,1920,dream,1480,body,1
The body,1986,disease,1480,body,1
The body,208,nasal mucus,1480,body,1
The body,3189,stab to death,1480,body,1
The body,592,piss,1480,body,1
The body,688,lung,1480,body,1
The body,73,beak,1480,body,1
The body,767,corpse,1480,body,1
The body,798,jaw,1480,body,1
The body,981,elbow,1480,body,1
The body,102,common cold,1534,fever,1
The body,1137,tendon,1534,fever,1
The body,1148,bruise,1534,fever,1
The body,1251,belly,1534,fever,1
The body,1584,blister,1534,fever,1
The body,1757,tired,1534,fever,1
The body,1808,pus,1534,fever,1
The body,1836,vagina,1534,fever,1
The body,1986,disease,1534,fever,1
The body,3189,stab to death,1534,fever,1
The body,102,common cold,154,udder,3
The body,1123,pregnant,154,udder,3
The body,1137,tendon,154,udder,2
The body,1148,bruise,154,udder,2
The body,1159,fart,154,udder,3
The body,1251,belly,154,udder,2
The body,1278,vomit,154,udder,3
The body,1364,healthy,154,udder,3
The body,1584,blister,154,udder,2
The body,1757,tired,154,udder,3
The body,1770,carcass,154,udder,1
The body,1808,pus,154,udder,3
The body,1836,vagina,154,udder,2
The body,1903,swelling,154,udder,2
The body,1920,dream,154,udder,3
The body,1986,disease,154,udder,3
The body,3189,stab to death,154,udder,3
The body,592,piss,154,udder,3
The body,688,lung,154,udder,3
The body,767,corpse,154,udder,3
The body,102,common cold,1601,weak,1
The body,1137,tendon,1601,weak,1
The body,1148,bruise,1601,weak,1
The body,1251,belly,1601,weak,1
The body,1364,healthy,1601,weak,1
The body,1757,tired,1601,weak,1
The body,1836,vagina,1601,weak,1
The body,1986,disease,1601,weak,1
The body,3189,stab to death,1601,weak,1
The body,102,common cold,1604,temples,8
The body,1123,pregnant,1604,temples,8
The body,1137,tendon,1604,temples,8
The body,1148,bruise,1604,temples,6
The body,1159,fart,1604,temples,7
The body,1178,nostril,1604,temples,8
The body,1251,belly,1604,temples,7
The body,1278,vomit,1604,temples,8
The body,1364,healthy,1604,temples,8
The body,139,gums,1604,temples,7
The body,148,itch,1604,temples,6
The body,1534,fever,1604,temples,7
The body,1584,blister,1604,temples,7
The body,1601,weak,1604,temples,7
The body,1605,skull,1604,temples,7
The body,1673,arm,1604,temples,7
The body,1681,waist,1604,temples,6
The body,17,eyelid,1604,temples,8
The body,172,shoulderblade,1604,temples,7
The body,1730,cheek,1604,temples,8
The body,1757,tired,1604,temples,8
The body,1770,carcass,1604,temples,6
The body,1781,thumb,1604,temples,7
The body,1808,pus,1604,temples,7
The body,1836,vagina,1604,temples,7
The body,1903,swelling,1604,temples,7
The body,1920,dream,1604,temples,8
The body,1986,disease,1604,temples,8
The body,208,nasal mucus,1604,temples,8
The body,3189,stab to death,1604,temples,8
The body,32,earwax,1604,temples,6
The body,320,lame,1604,temples,7
The body,44,injure,1604,temples,7
The body,499,cure,1604,temples,7
The body,592,piss,1604,temples,8
The body,597,physician,1604,temples,7
The body,655,poison,1604,temples,7
The body,688,lung,1604,temples,8
The body,73,beak,1604,temples,8
The body,767,corpse,1604,temples,8
The body,796,nipple,1604,temples,7
The body,798,jaw,1604,temples,8
The body,799,wrist,1604,temples,7
The body,804,womb,1604,temples,7
The body,981,elbow,1604,temples,8
The body,1251,belly,1653,blind,1
The body,1836,vagina,1653,blind,1
The body,1986,disease,1653,blind,1
The body,3189,stab to death,1653,blind,1
The body,1137,tendon,1666,mute,2
The body,1251,belly,1666,mute,3
The body,1653,blind,1666,mute,2
The body,1770,carcass,1666,mute,1
The body,1836,vagina,1666,mute,3
The body,1986,disease,1666,mute,3
The body,3189,stab to death,1666,mute,3
The body,590,naked,1666,mute,2
The body,102,common cold,1673,arm,1
The body,1123,pregnant,1673,arm,1
The body,1137,tendon,1673,arm,1
The body,1148,bruise,1673,arm,1
The body,1159,fart,1673,arm,1
The body,1251,belly,1673,arm,1
The body,1278,vomit,1673,arm,1
The body,1364,healthy,1673,arm,1
The body,1757,tired,1673,arm,1
The body,1781,thumb,1673,arm,1
The body,1836,vagina,1673,arm,1
The body,1920,dream,1673,arm,1
The body,1986,disease,1673,arm,1
The body,3189,stab to death,1673,arm,1
The body,592,piss,1673,arm,1
The body,688,lung,1673,arm,1
The body,767,corpse,1673,arm,1
The body,981,elbow,1673,arm,1
The body,102,common cold,1681,waist,2
The body,1123,pregnant,1681,waist,2
The body,1137,tendon,1681,waist,2
The body,1148,bruise,1681,waist,1
The body,1159,fart,1681,waist,1
The body,1251,belly,1681,waist,2
The body,1278,vomit,1681,waist,2
The body,1364,healthy,1681,waist,2
The body,1534,fever,1681,waist,1
The body,1584,blister,1681,waist,2
The body,1757,tired,1681,waist,2
The body,1808,pus,1681,waist,2
The body,1836,vagina,1681,waist,2
The body,1920,dream,1681,waist,2
The body,1986,disease,1681,waist,2
The body,3189,stab to death,1681,waist,2
The body,499,cure,1681,waist,1
The body,592,piss,1681,waist,2
The body,767,corpse,1681,waist,2
The body,102,common cold,172,shoulderblade,1
The body,1123,pregnant,172,shoulderblade,1
The body,1137,tendon,172,shoulderblade,1
The body,1159,fart,172,shoulderblade,1
The body,1251,belly,172,shoulderblade,1
The body,1278,vomit,172,shoulderblade,1
The body,1364,healthy,172,shoulderblade,1
The body,1584,blister,172,shoulderblade,1
The body,1757,tired,172,shoulderblade,1
The body,1781,thumb,172,shoulderblade,1
The body,1808,pus,172,shoulderblade,1
The body,1836,vagina,172,shoulderblade,1
The body,1920,dream,172,shoulderblade,1
The body,1986,disease,172,shoulderblade,1
The body,268,dribble,172,shoulderblade,1
The body,3189,stab to death,172,shoulderblade,1
The body,497,scar,172,shoulderblade,1
The body,592,piss,172,shoulderblade,1
The body,688,lung,172,shoulderblade,1
The body,767,corpse,172,shoulderblade,1
The body,796,nipple,172,shoulderblade,1
The body,981,elbow,172,shoulderblade,1
The body,102,common cold,1744,spleen,2
The body,1123,pregnant,1744,spleen,2
The body,1137,tendon,1744,spleen,2
The body,1148,bruise,1744,spleen,2
The body,1159,fart,1744,spleen,2
The body,1251,belly,1744,spleen,2
The body,1278,vomit,1744,spleen,2
The body,1364,healthy,1744,spleen,2
The body,1584,blister,1744,spleen,2
The body,1653,blind,1744,spleen,2
The body,1757,tired,1744,spleen,2
The body,1808,pus,1744,spleen,2
The body,1836,vagina,1744,spleen,2
The body,1920,dream,1744,spleen,2
The body,1986,disease,1744,spleen,2
The body,268,dribble,1744,spleen,2
The body,3189,stab to death,1744,spleen,2
The body,497,scar,1744,spleen,1
The body,499,cure,1744,spleen,2
The body,590,naked,1744,spleen,2
The body,592,piss,1744,spleen,2
The body,767,corpse,1744,spleen,2
The body,793,boil,1744,spleen,1
The body,996,deaf,1744,spleen,2
The body,1251,belly,1770,carcass,1
The body,1986,disease,1770,carcass,1
The body,102,common cold,18,earlobe,3
The body,1049,molar tooth,18,earlobe,2
The body,1123,pregnant,18,earlobe,3
The body,1137,tendon,18,earlobe,3
The body,1148,bruise,18,earlobe,3
The body,1159,fart,18,earlobe,3
The body,1178,nostril,18,earlobe,3
The body,1251,belly,18,earlobe,3
The body,1278,vomit,18,earlobe,3
The body,1364,healthy,18,earlobe,3
The body,139,gums,18,earlobe,3
The body,1584,blister,18,earlobe,3
The body,1653,blind,18,earlobe,3
The body,1757,tired,18,earlobe,3
The body,1781,thumb,18,earlobe,3
The body,1808,pus,18,earlobe,3
The body,1836,vagina,18,earlobe,3
The body,1920,dream,18,earlobe,3
The body,1957,goiter,18,earlobe,1
The body,1986,disease,18,earlobe,3
The body,1994,collarbone,18,earlobe,1
The body,208,nasal mucus,18,earlobe,3
The body,3189,stab to death,18,earlobe,3
The body,499,cure,18,earlobe,3
The body,590,naked,18,earlobe,3
The body,592,piss,18,earlobe,3
The body,688,lung,18,earlobe,3
The body,73,beak,18,earlobe,3
The body,767,corpse,18,earlobe,3
The body,793,boil,18,earlobe,2
The body,796,nipple,18,earlobe,3
The body,981,elbow,18,earlobe,3
The body,996,deaf,18,earlobe,3
The body,1251,belly,1837,vulva,6
The body,1986,disease,1837,vulva,6
The body,1137,tendon,1903,swelling,1
The body,1251,belly,1903,swelling,1
The body,1584,blister,1903,swelling,1
The body,1757,tired,1903,swelling,1
The body,1808,pus,1903,swelling,1
The body,1836,vagina,1903,swelling,1
The body,1986,disease,1903,swelling,1
The body,3189,stab to death,1903,swelling,1
The body,102,common cold,1904,drown,2
The body,1137,tendon,1904,drown,1
The body,1148,bruise,1904,drown,2
The body,1251,belly,1904,drown,2
The body,1364,healthy,1904,drown,2
The body,1584,blister,1904,drown,1
The body,1757,tired,1904,drown,2
The body,1808,pus,1904,drown,2
The body,1836,vagina,1904,drown,2
The body,1986,disease,1904,drown,2
The body,3189,stab to death,1904,drown,2
The body,767,corpse,1904,drown,2
The body,102,common cold,1957,goiter,2
The body,1137,tendon,1957,goiter,2
The body,1148,bruise,1957,goiter,2
The body,1251,belly,1957,goiter,2
The body,1584,blister,1957,goiter,2
The body,1653,blind,1957,goiter,2
The body,1757,tired,1957,goiter,2
The body,1808,pus,1957,goiter,2
The body,1836,vagina,1957,goiter,2
The body,1986,disease,1957,goiter,2
The body,3189,stab to death,1957,goiter,2
The body,497,scar,1957,goiter,2
The body,499,cure,1957,goiter,2
The body,580,fur,1957,goiter,1
The body,590,naked,1957,goiter,2
The body,996,deaf,1957,goiter,2
The body,102,common cold,1994,collarbone,2
The body,1123,pregnant,1994,collarbone,2
The body,1137,tendon,1994,collarbone,2
The body,1148,bruise,1994,collarbone,2
The body,1159,fart,1994,collarbone,2
The body,1251,belly,1994,collarbone,2
The body,1278,vomit,1994,collarbone,2
The body,1364,healthy,1994,collarbone,2
The body,1584,blister,1994,collarbone,2
The body,1757,tired,1994,collarbone,2
The body,1770,carcass,1994,collarbone,2
The body,1781,thumb,1994,collarbone,2
The body,1808,pus,1994,collarbone,2
The body,1836,vagina,1994,collarbone,2
The body,1903,swelling,1994,collarbone,2
The body,1920,dream,1994,collarbone,2
The body,1986,disease,1994,collarbone,2
The body,268,dribble,1994,collarbone,2
The body,3189,stab to death,1994,collarbone,2
The body,497,scar,1994,collarbone,2
The body,592,piss,1994,collarbone,2
The body,688,lung,1994,collarbone,2
The body,767,corpse,1994,collarbone,2
The body,793,boil,1994,collarbone,1
The body,796,nipple,1994,collarbone,2
The body,981,elbow,1994,collarbone,2
The body,1251,belly,210,life,2
The body,1986,disease,210,life,2
The body,102,common cold,268,dribble,1
The body,1123,pregnant,268,dribble,1
The body,1148,bruise,268,dribble,1
The body,1159,fart,268,dribble,1
The body,1251,belly,268,dribble,1
The body,1364,healthy,268,dribble,1
The body,1584,blister,268,dribble,1
The body,1757,tired,268,dribble,1
The body,1808,pus,268,dribble,1
The body,1836,vagina,268,dribble,1
The body,1920,dream,268,dribble,1
The body,1986,disease,268,dribble,1
The body,3189,stab to death,268,dribble,1
The body,592,piss,268,dribble,1
The body,767,corpse,268,dribble,1
The body,102,common cold,32,earwax,1
The body,1123,pregnant,32,earwax,1
The body,1137,tendon,32,earwax,1
The body,1148,bruise,32,earwax,1
The body,1159,fart,32,earwax,1
The body,1178,nostril,32,earwax,1
The body,1278,vomit,32,earwax,1
The body,1364,healthy,32,earwax,1
The body,139,gums,32,earwax,1
The body,1584,blister,32,earwax,1
The body,172,shoulderblade,32,earwax,1
The body,1757,tired,32,earwax,1
The body,1781,thumb,32,earwax,1
The body,1808,pus,32,earwax,1
The body,1903,swelling,32,earwax,1
The body,1920,dream,32,earwax,1
The body,1986,disease,32,earwax,1
The body,208,nasal mucus,32,earwax,1
The body,3189,stab to death,32,earwax,1
The body,592,piss,32,earwax,1
The body,688,lung,32,earwax,1
The body,73,beak,32,earwax,1
The body,767,corpse,32,earwax,1
The body,796,nipple,32,earwax,1
The body,981,elbow,32,earwax,1
The body,1137,tendon,320,lame,1
The body,1251,belly,320,lame,1
The body,1836,vagina,320,lame,1
The body,1986,disease,320,lame,1
The body,3189,stab to death,320,lame,1
The body,1137,tendon,323,fat,1
The body,1251,belly,323,fat,1
The body,1836,vagina,323,fat,1
The body,1986,disease,323,fat,1
The body,3189,stab to death,323,fat,1
The body,1137,tendon,44,injure,1
The body,1251,belly,44,injure,1
The body,1836,vagina,44,injure,1
The body,1986,disease,44,injure,1
The body,1251,belly,497,scar,1
The body,1757,tired,497,scar,1
The body,1836,vagina,497,scar,1
The body,1986,disease,497,scar,1
The body,3189,stab to death,497,scar,1
The body,1137,tendon,499,cure,1
The body,1251,belly,499,cure,1
The body,1757,tired,499,cure,1
The body,1836,vagina,499,cure,1
The body,1986,disease,499,cure,1
The body,3189,stab to death,499,cure,1
The body,102,common cold,576,dandruff,2
The body,1123,pregnant,576,dandruff,2
The body,1137,tendon,576,dandruff,2
The body,1148,bruise,576,dandruff,1
The body,1159,fart,576,dandruff,1
The body,1178,nostril,576,dandruff,2
The body,1251,belly,576,dandruff,2
The body,1278,vomit,576,dandruff,2
The body,1364,healthy,576,dandruff,2
The body,139,gums,576,dandruff,2
The body,148,itch,576,dandruff,1
The body,1534,fever,576,dandruff,1
The body,1584,blister,576,dandruff,2
The body,1601,weak,576,dandruff,2
The body,1605,skull,576,dandruff,2
The body,1673,arm,576,dandruff,2
The body,17,eyelid,576,dandruff,2
The body,172,shoulderblade,576,dandruff,1
The body,1730,cheek,576,dandruff,2
The body,1757,tired,576,dandruff,2
The body,1770,carcass,576,dandruff,1
The body,1781,thumb,576,dandruff,2
The body,1808,pus,576,dandruff,2
The body,1836,vagina,576,dandruff,2
The body,1903,swelling,576,dandruff,1
The body,1920,dream,576,dandruff,2
The body,1986,disease,576,dandruff,2
The body,208,nasal mucus,576,dandruff,2
The body,3189,stab to death,576,dandruff,2
The body,320,lame,576,dandruff,2
The body,44,injure,576,dandruff,2
The body,592,piss,576,dandruff,2
The body,597,physician,576,dandruff,2
The body,655,poison,576,dandruff,2
The body,688,lung,576,dandruff,2
The body,73,beak,576,dandruff,2
The body,767,corpse,576,dandruff,2
The body,796,nipple,576,dandruff,2
The body,798,jaw,576,dandruff,2
The body,981,elbow,576,dandruff,2
The body,1137,tendon,580,fur,2
The body,1251,belly,580,fur,3
The body,1836,vagina,580,fur,3
The body,1986,disease,580,fur,3
The body,3189,stab to death,580,fur,3
The body,1251,belly,590,naked,1
The body,1836,vagina,590,naked,1
The body,1986,disease,590,naked,1
The body,3189,stab to death,590,naked,1
The body,1137,tendon,597,physician,1
The body,1251,belly,597,physician,1
The body,1757,tired,597,physician,1
The body,1836,vagina,597,physician,1
The body,1986,disease,597,physician,1
The body,3189,stab to death,597,physician,1
The body,1137,tendon,655,poison,1
The body,1251,belly,655,poison,1
The body,1757,tired,655,poison,1
The body,1836,vagina,655,poison,1
The body,1986,disease,655,poison,1
The body,3189,stab to death,655,poison,1
The body,1137,tendon,793,boil,1
The body,1251,belly,793,boil,1
The body,1653,blind,793,boil,1
The body,1757,tired,793,boil,1
The body,1808,pus,793,boil,1
The body,1836,vagina,793,boil,1
The body,1986,disease,793,boil,1
The body,3189,stab to death,793,boil,1
The body,590,naked,793,boil,1
The body,996,deaf,793,boil,1
The body,102,common cold,799,wrist,1
The body,1123,pregnant,799,wrist,1
The body,1137,tendon,799,wrist,1
The body,1148,bruise,799,wrist,1
The body,1159,fart,799,wrist,1
The body,1278,vomit,799,wrist,1
The body,1364,healthy,799,wrist,1
The body,1584,blister,799,wrist,1
The body,1757,tired,799,wrist,1
The body,1781,thumb,799,wrist,1
The body,1808,pus,799,wrist,1
The body,1920,dream,799,wrist,1
The body,1986,disease,799,wrist,1
The body,3189,stab to death,799,wrist,1
The body,592,piss,799,wrist,1
The body,688,lung,799,wrist,1
The body,767,corpse,799,wrist,1
The body,796,nipple,799,wrist,1
The body,102,common cold,804,womb,1
The body,1123,pregnant,804,womb,1
The body,1137,tendon,804,womb,1
The body,1148,bruise,804,womb,1
The body,1159,fart,804,womb,1
The body,1251,belly,804,womb,1
The body,1278,vomit,804,womb,1
The body,1364,healthy,804,womb,1
The body,1584,blister,804,womb,1
The body,1757,tired,804,womb,1
The body,1808,pus,804,womb,1
The body,1836,vagina,804,womb,1
The body,1920,dream,804,womb,1
The body,1986,disease,804,womb,1
The body,3189,stab to death,804,womb,1
The body,592,piss,804,womb,1
The body,767,corpse,804,womb,1
The body,1251,belly,996,deaf,1
The body,1836,vagina,996,deaf,1
The body,1986,disease,996,deaf,1
The body,3189,stab to death,996,deaf,1
The house,1044,pillow,1731,mortar binder,10
The house,1044,pillow,876,arch,7
The house,1044,pillow,877,mason,11
The house,1132,beam,1006,brick,5
The house,1132,beam,1105,camp,7
The house,1132,beam,1227,board,1
The house,1132,beam,1731,mortar binder,13
The house,1132,beam,2019,hammock,17
The house,1132,beam,247,tan,10
The house,1132,beam,336,padlock,8
The house,1132,beam,876,arch,10
The house,1132,beam,877,mason,13
The house,1132,beam,901,adobe,15
The house,1227,board,1006,brick,4
The house,1227,board,1105,camp,6
The house,1227,board,1731,mortar binder,12
The house,1227,board,2019,hammock,16
The house,1227,board,336,padlock,7
The house,1227,board,876,arch,9
The house,1227,board,877,mason,12
The house,1273,candle,1006,brick,4
The house,1273,candle,1105,camp,6
The house,1273,candle,1731,mortar binder,12
The house,1273,candle,2019,hammock,15
The house,1273,candle,205,trough,3
The house,1273,candle,247,tan,9
The house,1273,candle,336,padlock,7
The house,1273,candle,745,shelf,4
The house,1273,candle,876,arch,9
The house,1273,candle,877,mason,12
The house,1273,candle,901,adobe,13
The house,1316,tent,1731,mortar binder,7
The house,1375,window,1006,brick,4
The house,1375,window,1105,camp,6
The house,1375,window,1305,chimney,10
The house,1375,window,1731,mortar binder,12
The house,1375,window,185,fireplace,1
The house,1375,window,2019,hammock,16
The house,1375,window,205,trough,3
The house,1375,window,247,tan,9
The house,1375,window,336,padlock,7
The house,1375,window,745,shelf,4
The house,1375,window,859,stove,7
The house,1375,window,876,arch,9
The house,1375,window,877,mason,12
The house,1375,window,901,adobe,14
The house,1450,room,1006,brick,4
The house,1450,room,1012,latch,8
The house,1450,room,1044,pillow,2
The house,1450,room,1105,camp,6
The house,1450,room,1305,chimney,10
The house,1450,room,1596,lock,3
The house,1450,room,1731,mortar binder,12
The house,1450,room,2019,hammock,16
The house,1450,room,336,padlock,7
The house,1450,room,745,shelf,4
The house,1450,room,876,arch,9
The house,1450,room,877,mason,12
The house,1472,key,1006,brick,5
The house,1472,key,1044,pillow,3
The house,1472,key,1105,camp,7
The house,1472,key,1227,board,1
The house,1472,key,1273,candle,1
The house,1472,key,1305,chimney,11
The house,1472,key,1375,window,1
The house,1472,key,1632,floor,1
The house,1472,key,1663,bed,1
The house,1472,key,1731,mortar binder,13
The house,1472,key,1775,table,1
The house,1472,key,185,fireplace,2
The house,1472,key,2019,hammock,17
The house,1472,key,205,trough,4
The house,1472,key,247,tan,10
The house,1472,key,279,thatch,10
The house,1472,key,280,ridgepole,7
The house,1472,key,336,padlock,8
The house,1472,key,745,shelf,5
The house,1472,key,806,blanket,1
The house,1472,key,829,rafter,2
The house,1472,key,859,stove,8
The house,1472,key,876,arch,10
The house,1472,key,877,mason,13
The house,1472,key,901,adobe,15
The house,1472,key,933,wall,2
The house,1596,lock,1012,latch,5
The house,1596,lock,1305,chimney,7
The house,1596,lock,1731,mortar binder,9
The house,1596,lock,336,padlock,4
The house,1632,floor,1305,chimney,10
The house,1632,floor,1731,mortar binder,12
The house,1632,floor,185,fireplace,1
The house,1632,floor,2019,hammock,16
The house,1632,floor,247,tan,10
The house,1632,floor,279,thatch,9
The house,1632,floor,280,ridgepole,6
The house,1632,floor,745,shelf,4
The house,1632,floor,876,arch,9
The house,1632,floor,877,mason,12
The house,1632,floor,901,adobe,14
The house,1663,bed,1006,brick,4
The house,1663,bed,1105,camp,6
The house,1663,bed,1731,mortar binder,12
The house,1663,bed,2019,hammock,17
The house,1663,bed,205,trough,3
The house,1663,bed,247,tan,10
The house,1663,bed,336,padlock,7
The house,1663,bed,745,shelf,4
The house,1663,bed,876,arch,9
The house,1663,bed,877,mason,13
The house,1663,bed,901,adobe,15
The house,1678,hut,1006,brick,3
The house,1678,hut,1012,latch,7
The house,1678,hut,1305,chimney,9
The house,1678,hut,247,tan,9
The house,1678,hut,336,padlock,7
The house,1678,hut,403,garden-house,20
The house,1678,hut,745,shelf,3
The house,1678,hut,876,arch,8
The house,1678,hut,901,adobe,13
The house,1775,table,1006,brick,4
The house,1775,table,1105,camp,6
The house,1775,table,1731,mortar binder,12
The house,1775,table,2019,hammock,16
The house,1775,table,336,padlock,7
The house,1775,table,745,shelf,4
The house,1775,table,876,arch,9
The house,1775,table,877,mason,12
The house,185,fireplace,1305,chimney,9
The house,185,fireplace,1731,mortar binder,11
The house,185,fireplace,2019,hammock,16
The house,185,fireplace,247,tan,10
The house,185,fireplace,745,shelf,3
The house,185,fireplace,876,arch,8
The house,185,fireplace,877,mason,12
The house,185,fireplace,901,adobe,14
The house,205,trough,1731,mortar binder,9
The house,205,trough,247,tan,7
The house,205,trough,877,mason,9
The house,281,post,1006,brick,5
The house,281,post,1105,camp,7
The house,281,post,1227,board,1
The house,281,post,1731,mortar binder,13
The house,281,post,2019,hammock,16
The house,281,post,247,tan,10
The house,281,post,336,padlock,8
The house,281,post,876,arch,10
The house,281,post,877,mason,13
The house,281,post,901,adobe,14
The house,736,yard,1105,camp,3
The house,736,yard,1305,chimney,7
The house,736,yard,1731,mortar binder,9
The house,736,yard,247,tan,7
The house,736,yard,877,mason,9
The house,736,yard,901,adobe,12
The house,80,doorpost,1731,mortar binder,6
The house,80,doorpost,877,mason,7
The house,806,blanket,1006,brick,4
The house,806,blanket,1105,camp,6
The house,806,blanket,1731,mortar binder,12
The house,806,blanket,2019,hammock,17
The house,806,blanket,336,padlock,7
The house,806,blanket,745,shelf,4
The house,806,blanket,876,arch,9
The house,806,blanket,877,mason,13
The house,933,wall,1731,mortar binder,11
The house,933,wall,859,stove,6
The house,933,wall,876,arch,8
The house,933,wall,877,mason,11
The house,1132,beam,1012,latch,9
The house,1227,board,1012,latch,8
The house,1273,candle,1012,latch,8
The house,1375,window,1012,latch,8
The house,1472,key,1012,latch,9
The house,1663,bed,1012,latch,8
The house,1775,table,1012,latch,8
The house,281,post,1012,latch,9
The house,806,blanket,1012,latch,8
The house,1132,beam,1044,pillow,3
The house,1227,board,1044,pillow,2
The house,1775,table,1044,pillow,2
The house,281,post,1044,pillow,3
The house,806,blanket,1044,pillow,2
The house,1132,beam,1273,candle,1
The house,281,post,1273,candle,1
The house,1044,pillow,1305,chimney,8
The house,1132,beam,1305,chimney,11
The house,1227,board,1305,chimney,10
The house,1273,candle,1305,chimney,10
The house,1663,bed,1305,chimney,10
The house,1775,table,1305,chimney,10
The house,281,post,1305,chimney,11
The house,745,shelf,1305,chimney,6
The house,806,blanket,1305,chimney,10
The house,1044,pillow,1316,tent,4
The house,1132,beam,1316,tent,7
The house,1227,board,1316,tent,6
The house,1273,candle,1316,tent,6
The house,1375,window,1316,tent,6
The house,1450,room,1316,tent,6
The house,1472,key,1316,tent,7
The house,1663,bed,1316,tent,6
The house,1775,table,1316,tent,6
The house,281,post,1316,tent,7
The house,736,yard,1316,tent,4
The house,806,blanket,1316,tent,6
The house,1132,beam,1375,window,1
The house,281,post,1375,window,1
The house,1132,beam,1450,room,1
The house,1472,key,1450,room,1
The house,281,post,1450,room,1
The house,1132,beam,1596,lock,4
The house,1227,board,1596,lock,3
The house,1273,candle,1596,lock,3
The house,1375,window,1596,lock,3
The house,1472,key,1596,lock,4
The house,1663,bed,1596,lock,3
The house,1775,table,1596,lock,3
The house,281,post,1596,lock,4
The house,806,blanket,1596,lock,3
The house,1132,beam,1632,floor,1
The house,281,post,1632,floor,1
The house,1132,beam,1663,bed,1
The house,281,post,1663,bed,1
The house,1132,beam,1678,hut,2
The house,1273,candle,1678,hut,1
The house,1375,window,1678,hut,1
The house,1472,key,1678,hut,2
The house,1663,bed,1678,hut,1
The house,281,post,1678,hut,2
The house,1132,beam,1775,table,1
The house,281,post,1775,table,1
The house,1132,beam,185,fireplace,2
The house,1273,candle,185,fireplace,1
The house,1663,bed,185,fireplace,1
The house,281,post,185,fireplace,2
The house,1132,beam,205,trough,4
The house,281,post,205,trough,4
The house,1132,beam,279,thatch,10
The house,281,post,279,thatch,9
The house,829,rafter,279,thatch,7
The house,1132,beam,280,ridgepole,7
The house,281,post,280,ridgepole,7
The house,829,rafter,280,ridgepole,5
The house,1132,beam,334,cookhouse,8
The house,1227,board,334,cookhouse,7
The house,1273,candle,334,cookhouse,6
The house,1375,window,334,cookhouse,7
The house,1450,room,334,cookhouse,7
The house,1472,key,334,cookhouse,8
The house,1663,bed,334,cookhouse,7
The house,1775,table,334,cookhouse,7
The house,281,post,334,cookhouse,7
The house,806,blanket,334,cookhouse,7
The house,1006,brick,403,garden-house,16
The house,1044,pillow,403,garden-house,20
The house,1132,beam,403,garden-house,22
The house,1227,board,403,garden-house,21
The house,1273,candle,403,garden-house,20
The house,1375,window,403,garden-house,21
The house,1450,room,403,garden-house,21
The house,1472,key,403,garden-house,22
The house,1632,floor,403,garden-house,21
The house,1663,bed,403,garden-house,22
The house,1775,table,403,garden-house,21
The house,185,fireplace,403,garden-house,21
The house,281,post,403,garden-house,21
The house,806,blanket,403,garden-house,22
The house,876,arch,403,garden-house,11
The house,933,wall,403,garden-house,20
The house,1132,beam,736,yard,3
The house,1273,candle,736,yard,2
The house,1375,window,736,yard,2
The house,1472,key,736,yard,3
The house,1663,bed,736,yard,2
The house,281,post,736,yard,3
The house,1132,beam,745,shelf,5
The house,1227,board,745,shelf,4
The house,281,post,745,shelf,5
The house,1132,beam,80,doorpost,6
The house,1472,key,80,doorpost,6
The house,1632,floor,80,doorpost,5
The house,281,post,80,doorpost,6
The house,933,wall,80,doorpost,4
The house,1132,beam,806,blanket,1
The house,281,post,806,blanket,1
The house,1132,beam,829,rafter,2
The house,281,post,829,rafter,2
The house,1132,beam,859,stove,8
The house,1273,candle,859,stove,6
The house,1663,bed,859,stove,7
The house,281,post,859,stove,7
The house,1105,camp,877,mason,7
The house,1132,beam,933,wall,2
The house,281,post,933,wall,2
The physical world,10,firewood,1193,steam,1
The physical world,10,firewood,1431,freeze,8
The physical world,10,firewood,260,savanna,14
The physical world,113,shore,1026,low tide,17
The physical world,113,shore,1662,cape,18
The physical world,113,shore,260,savanna,12
The physical world,113,shore,613,high tide,16
The physical world,113,shore,623,lagoon,13
The physical world,113,shore,660,reef,17
The physical world,113,shore,663,bay,13
The physical world,113,shore,891,tide,18
The physical world,1133,match,1193,steam,1
The physical world,1133,match,1431,freeze,8
The physical world,1133,match,260,savanna,15
The physical world,1150,thunder,1193,steam,1
The physical world,1150,thunder,1431,freeze,8
The physical world,1150,thunder,2007,bolt,2
The physical world,1150,thunder,260,savanna,14
The physical world,1150,thunder,27,air,4
The physical world,1150,thunder,617,ice,1
The physical world,1150,thunder,784,snow,8
The physical world,1150,thunder,858,storm,2
The physical world,1150,thunder,889,flame,1
The physical world,1150,thunder,952,weather,7
The physical world,1188,charcoal,1193,steam,1
The physical world,1188,charcoal,1431,freeze,7
The physical world,1188,charcoal,260,savanna,14
The physical world,1193,steam,1431,freeze,6
The physical world,1228,earth,1026,low tide,19
The physical world,1228,earth,113,shore,2
The physical world,1228,earth,1145,swamp,2
The physical world,1228,earth,1193,steam,1
The physical world,1228,earth,1431,freeze,8
The physical world,1228,earth,1474,sea,2
The physical world,1228,earth,166,mainland,13
The physical world,1228,earth,1662,cape,19
The physical world,1228,earth,1982,whirlpool,2
The physical world,1228,earth,2007,bolt,2
The physical world,1228,earth,2144,spring or well,1
The physical world,1228,earth,258,calm,9
The physical world,1228,earth,259,rough,10
The physical world,1228,earth,260,savanna,14
The physical world,1228,earth,27,air,4
The physical world,1228,earth,6,earthquake,3
The physical world,1228,earth,613,high tide,18
The physical world,1228,earth,617,ice,1
The physical world,1228,earth,618,precipice,1
The physical world,1228,earth,622,island,3
The physical world,1228,earth,623,lagoon,15
The physical world,1228,earth,624,lake,2
The physical world,1228,earth,645,ocean,9
The physical world,1228,earth,652,plain,3
The physical world,1228,earth,660,reef,18
The physical world,1228,earth,663,bay,15
The physical world,1228,earth,784,snow,8
The physical world,1228,earth,858,storm,2
The physical world,1228,earth,889,flame,1
The physical world,1228,earth,891,tide,20
The physical world,1228,earth,921,valley,4
The physical world,1228,earth,943,waterfall,3
The physical world,1228,earth,952,weather,7
The physical world,1228,earth,978,wave,2
The physical world,1313,moon,1193,steam,1
The physical world,1313,moon,1431,freeze,7
The physical world,1313,moon,2007,bolt,2
The physical world,1313,moon,260,savanna,15
The physical world,1313,moon,27,air,3
The physical world,1313,moon,784,snow,7
The physical world,1313,moon,858,storm,2
The physical world,1313,moon,889,flame,1
The physical world,1313,moon,952,weather,6
The physical world,1474,sea,1026,low tide,17
The physical world,1474,sea,1431,freeze,6
The physical world,1474,sea,1662,cape,18
The physical world,1474,sea,260,savanna,13
The physical world,1474,sea,613,high tide,16
The physical world,1474,sea,623,lagoon,14
The physical world,1474,sea,645,ocean,7
The physical world,1474,sea,663,bay,13
The physical world,1474,sea,891,tide,18
The physical world,1474,sea,952,weather,5
The physical world,166,mainland,1026,low tide,5
The physical world,2007,bolt,260,savanna,11
The physical world,2144,spring or well,1431,freeze,7
The physical world,2144,spring or well,784,snow,7
The physical world,258,calm,259,rough,2
The physical world,27,air,784,snow,4
The physical world,27,air,952,weather,2
The physical world,617,ice,1431,freeze,7
The physical world,617,ice,952,weather,6
The physical world,618,precipice,1026,low tide,18
The physical world,618,precipice,166,mainland,12
The physical world,618,precipice,1662,cape,19
The physical world,618,precipice,260,savanna,14
The physical world,618,precipice,613,high tide,17
The physical world,618,precipice,624,lake,1
The physical world,618,precipice,645,ocean,8
The physical world,618,precipice,660,reef,18
The physical world,618,precipice,663,bay,14
The physical world,618,precipice,891,tide,19
The physical world,618,precipice,921,valley,3
The physical world,622,island,1026,low tide,16
The physical world,622,island,166,mainland,10
The physical world,622,island,1662,cape,17
The physical world,622,island,613,high tide,15
The physical world,622,island,663,bay,12
The physical world,624,lake,1026,low tide,17
The physical world,624,lake,1662,cape,18
The physical world,624,lake,260,savanna,13
The physical world,624,lake,613,high tide,16
The physical world,624,lake,660,reef,17
The physical world,624,lake,663,bay,13
The physical world,624,lake,891,tide,18
The physical world,640,mud,1026,low tide,19
The physical world,640,mud,113,shore,2
The physical world,640,mud,1145,swamp,2
The physical world,640,mud,1193,steam,1
The physical world,640,mud,1431,freeze,8
The physical world,640,mud,1474,sea,2
The physical world,640,mud,166,mainland,13
The physical world,640,mud,1662,cape,20
The physical world,640,mud,1982,whirlpool,2
The physical world,640,mud,2007,bolt,2
The physical world,640,mud,2144,spring or well,1
The physical world,640,mud,258,calm,9
The physical world,640,mud,259,rough,10
The physical world,640,mud,260,savanna,14
The physical world,640,mud,27,air,4
The physical world,640,mud,6,earthquake,3
The physical world,640,mud,613,high tide,18
The physical world,640,mud,617,ice,1
The physical world,640,mud,618,precipice,1
The physical world,640,mud,622,island,3
The physical world,640,mud,623,lagoon,15
The physical world,640,mud,624,lake,2
The physical world,640,mud,645,ocean,8
The physical world,640,mud,652,plain,3
The physical world,640,mud,660,reef,19
The physical world,640,mud,663,bay,15
The physical world,640,mud,784,snow,8
The physical world,640,mud,858,storm,2
The physical world,640,mud,889,flame,1
The physical world,640,mud,891,tide,20
The physical world,640,mud,921,valley,4
The physical world,640,mud,943,waterfall,3
The physical world,640,mud,952,weather,7
The physical world,640,mud,978,wave,2
The physical world,645,ocean,1662,cape,11
The physical world,652,plain,1431,freeze,5
The physical world,652,plain,1662,cape,17
The physical world,652,plain,784,snow,5
The physical world,663,bay,1026,low tide,4
The physical world,663,bay,1662,cape,5
The physical world,663,bay,613,high tide,3
The physical world,67,embers,1193,steam,1
The physical world,67,embers,1431,freeze,8
The physical world,67,embers,260,savanna,15
The physical world,690,bottom,1193,steam,1
The physical world,690,bottom,1431,freeze,7
The physical world,690,bottom,260,savanna,14
The physical world,889,flame,260,savanna,14
The physical world,965,world,1026,low tide,16
The physical world,965,world,166,mainland,11
The physical world,965,world,1662,cape,18
The physical world,965,world,1982,whirlpool,1
The physical world,965,world,27,air,2
The physical world,965,world,6,earthquake,1
The physical world,965,world,613,high tide,15
The physical world,965,world,623,lagoon,14
The physical world,965,world,645,ocean,8
The physical world,965,world,660,reef,16
The physical world,965,world,663,bay,13
The physical world,965,world,784,snow,6
The physical world,965,world,891,tide,17
The physical world,965,world,952,weather,5
The physical world,978,wave,1026,low tide,17
The physical world,978,wave,1431,freeze,6
The physical world,978,wave,260,savanna,12
The physical world,978,wave,613,high tide,16
The physical world,978,wave,891,tide,18
The physical world,978,wave,952,weather,5
The physical world,10,firewood,1026,low tide,19
The physical world,1133,match,1026,low tide,19
The physical world,1150,thunder,1026,low tide,19
The physical world,1188,charcoal,1026,low tide,18
The physical world,1193,steam,1026,low tide,17
The physical world,1313,moon,1026,low tide,19
The physical world,2007,bolt,1026,low tide,17
The physical world,2144,spring or well,1026,low tide,18
The physical world,6,earthquake,1026,low tide,15
The physical world,613,high tide,1026,low tide,1
The physical world,67,embers,1026,low tide,19
The physical world,690,bottom,1026,low tide,18
The physical world,858,storm,1026,low tide,16
The physical world,889,flame,1026,low tide,18
The physical world,943,waterfall,1026,low tide,16
The physical world,10,firewood,113,shore,2
The physical world,1133,match,113,shore,2
The physical world,1150,thunder,113,shore,2
The physical world,1188,charcoal,113,shore,1
The physical world,1313,moon,113,shore,2
The physical world,67,embers,113,shore,2
The physical world,690,bottom,113,shore,2
The physical world,10,firewood,1145,swamp,2
The physical world,1133,match,1145,swamp,2
The physical world,1150,thunder,1145,swamp,2
The physical world,1188,charcoal,1145,swamp,2
The physical world,1313,moon,1145,swamp,2
The physical world,67,embers,1145,swamp,2
The physical world,690,bottom,1145,swamp,1
The physical world,10,firewood,1474,sea,2
The physical world,1133,match,1474,sea,2
The physical world,1150,thunder,1474,sea,2
The physical world,1188,charcoal,1474,sea,2
The physical world,1313,moon,1474,sea,2
The physical world,67,embers,1474,sea,2
The physical world,690,bottom,1474,sea,1
The physical world,10,firewood,166,mainland,13
The physical world,113,shore,166,mainland,11
The physical world,1133,match,166,mainland,13
The physical world,1150,thunder,166,mainland,13
The physical world,1188,charcoal,166,mainland,12
The physical world,1193,steam,166,mainland,11
The physical world,1313,moon,166,mainland,13
The physical world,1474,sea,166,mainland,11
The physical world,2007,bolt,166,mainland,11
The physical world,2144,spring or well,166,mainland,13
The physical world,624,lake,166,mainland,11
The physical world,67,embers,166,mainland,13
The physical world,690,bottom,166,mainland,12
The physical world,889,flame,166,mainland,12
The physical world,943,waterfall,166,mainland,10
The physical world,978,wave,166,mainland,11
The physical world,10,firewood,1662,cape,20
The physical world,1133,match,1662,cape,20
The physical world,1150,thunder,1662,cape,20
The physical world,1188,charcoal,1662,cape,19
The physical world,1193,steam,1662,cape,17
The physical world,1313,moon,1662,cape,19
The physical world,2007,bolt,1662,cape,16
The physical world,2144,spring or well,1662,cape,19
The physical world,27,air,1662,cape,15
The physical world,617,ice,1662,cape,19
The physical world,67,embers,1662,cape,20
The physical world,690,bottom,1662,cape,19
The physical world,784,snow,1662,cape,13
The physical world,858,storm,1662,cape,18
The physical world,889,flame,1662,cape,19
The physical world,943,waterfall,1662,cape,17
The physical world,952,weather,1662,cape,13
The physical world,978,wave,1662,cape,17
The physical world,10,firewood,1982,whirlpool,2
The physical world,1133,match,1982,whirlpool,2
The physical world,1150,thunder,1982,whirlpool,2
The physical world,1188,charcoal,1982,whirlpool,1
The physical world,1313,moon,1982,whirlpool,2
The physical world,67,embers,1982,whirlpool,2
The physical world,690,bottom,1982,whirlpool,2
The physical world,10,firewood,2007,bolt,2
The physical world,1133,match,2007,bolt,2
The physical world,1188,charcoal,2007,bolt,2
The physical world,617,ice,2007,bolt,2
The physical world,67,embers,2007,bolt,2
The physical world,690,bottom,2007,bolt,2
The physical world,889,flame,2007,bolt,1
The physical world,10,firewood,2144,spring or well,1
The physical world,1133,match,2144,spring or well,1
The physical world,1150,thunder,2144,spring or well,1
The physical world,1188,charcoal,2144,spring or well,1
The physical world,1313,moon,2144,spring or well,1
The physical world,67,embers,2144,spring or well,1
The physical world,690,bottom,2144,spring or well,1
The physical world,10,firewood,258,calm,9
The physical world,1133,match,258,calm,9
The physical world,1150,thunder,258,calm,9
The physical world,1188,charcoal,258,calm,8
The physical world,1313,moon,258,calm,9
The physical world,67,embers,258,calm,9
The physical world,690,bottom,258,calm,9
The physical world,10,firewood,259,rough,10
The physical world,1133,match,259,rough,10
The physical world,1150,thunder,259,rough,10
The physical world,1188,charcoal,259,rough,9
The physical world,1313,moon,259,rough,10
The physical world,67,embers,259,rough,10
The physical world,690,bottom,259,rough,10
The physical world,889,flame,259,rough,9
The physical world,943,waterfall,259,rough,7
The physical world,10,firewood,27,air,4
The physical world,1133,match,27,air,4
The physical world,1188,charcoal,27,air,3
The physical world,617,ice,27,air,3
The physical world,67,embers,27,air,4
The physical world,690,bottom,27,air,4
The physical world,889,flame,27,air,4
The physical world,10,firewood,6,earthquake,3
The physical world,1133,match,6,earthquake,3
The physical world,1150,thunder,6,earthquake,3
The physical world,1188,charcoal,6,earthquake,2
The physical world,1193,steam,6,earthquake,1
The physical world,1313,moon,6,earthquake,3
The physical world,67,embers,6,earthquake,3
The physical world,690,bottom,6,earthquake,3
The physical world,10,firewood,613,high tide,18
The physical world,1133,match,613,high tide,18
The physical world,1150,thunder,613,high tide,18
The physical world,1188,charcoal,613,high tide,17
The physical world,1313,moon,613,high tide,18
The physical world,2007,bolt,613,high tide,16
The physical world,2144,spring or well,613,high tide,17
The physical world,67,embers,613,high tide,18
The physical world,690,bottom,613,high tide,17
The physical world,858,storm,613,high tide,15
The physical world,889,flame,613,high tide,17
The physical world,943,waterfall,613,high tide,15
The physical world,10,firewood,617,ice,1
The physical world,1133,match,617,ice,1
The physical world,1188,charcoal,617,ice,1
The physical world,67,embers,617,ice,1
The physical world,690,bottom,617,ice,1
The physical world,10,firewood,618,precipice,1
The physical world,1133,match,618,precipice,1
The physical world,1150,thunder,618,precipice,1
The physical world,1188,charcoal,618,precipice,1
The physical world,1313,moon,618,precipice,1
The physical world,67,embers,618,precipice,1
The physical world,690,bottom,618,precipice,1
The physical world,10,firewood,622,island,3
The physical world,1133,match,622,island,3
The physical world,1150,thunder,622,island,3
The physical world,1188,charcoal,622,island,3
The physical world,1313,moon,622,island,3
The physical world,67,embers,622,island,3
The physical world,690,bottom,622,island,2
The physical world,10,firewood,623,lagoon,15
The physical world,1133,match,623,lagoon,16
The physical world,1145,swamp,623,lagoon,13
The physical world,1150,thunder,623,lagoon,15
The physical world,1188,charcoal,623,lagoon,15
The physical world,1313,moon,623,lagoon,16
The physical world,2007,bolt,623,lagoon,12
The physical world,67,embers,623,lagoon,16
The physical world,690,bottom,623,lagoon,15
The physical world,858,storm,623,lagoon,14
The physical world,889,flame,623,lagoon,15
The physical world,943,waterfall,623,lagoon,12
The physical world,978,wave,623,lagoon,13
The physical world,10,firewood,624,lake,2
The physical world,1133,match,624,lake,2
The physical world,1150,thunder,624,lake,2
The physical world,1188,charcoal,624,lake,1
The physical world,1313,moon,624,lake,2
The physical world,67,embers,624,lake,2
The physical world,690,bottom,624,lake,2
The physical world,10,firewood,645,ocean,8
The physical world,1133,match,645,ocean,9
The physical world,1150,thunder,645,ocean,8
The physical world,1188,charcoal,645,ocean,9
The physical world,1313,moon,645,ocean,9
The physical world,2007,bolt,645,ocean,6
The physical world,67,embers,645,ocean,9
The physical world,690,bottom,645,ocean,8
The physical world,889,flame,645,ocean,8
The physical world,10,firewood,652,plain,3
The physical world,1133,match,652,plain,3
The physical world,1150,thunder,652,plain,3
The physical world,1188,charcoal,652,plain,2
The physical world,1193,steam,652,plain,1
The physical world,1313,moon,652,plain,2
The physical world,617,ice,652,plain,2
The physical world,67,embers,652,plain,3
The physical world,690,bottom,652,plain,3
The physical world,10,firewood,660,reef,19
The physical world,1133,match,660,reef,19
The physical world,1150,thunder,660,reef,19
The physical world,1188,charcoal,660,reef,18
The physical world,1193,steam,660,reef,16
The physical world,1313,moon,660,reef,19
The physical world,2007,bolt,660,reef,16
The physical world,2144,spring or well,660,reef,18
The physical world,6,earthquake,660,reef,15
The physical world,67,embers,660,reef,19
The physical world,690,bottom,660,reef,19
The physical world,858,storm,660,reef,16
The physical world,889,flame,660,reef,18
The physical world,943,waterfall,660,reef,16
The physical world,10,firewood,663,bay,15
The physical world,1133,match,663,bay,15
The physical world,1150,thunder,663,bay,15
The physical world,1188,charcoal,663,bay,14
The physical world,1313,moon,663,bay,15
The physical world,2144,spring or well,663,bay,14
The physical world,67,embers,663,bay,15
The physical world,690,bottom,663,bay,14
The physical world,858,storm,663,bay,13
The physical world,978,wave,663,bay,13
The physical world,10,firewood,784,snow,8
The physical world,1133,match,784,snow,8
The physical world,1188,charcoal,784,snow,7
The physical world,1193,steam,784,snow,6
The physical world,617,ice,784,snow,7
The physical world,67,embers,784,snow,7
The physical world,690,bottom,784,snow,8
The physical world,10,firewood,858,storm,2
The physical world,1133,match,858,storm,2
The physical world,1188,charcoal,858,storm,1
The physical world,67,embers,858,storm,2
The physical world,690,bottom,858,storm,2
The physical world,10,firewood,889,flame,1
The physical world,1133,match,889,flame,1
The physical world,1188,charcoal,889,flame,1
The physical world,67,embers,889,flame,1
The physical world,690,bottom,889,flame,1
The physical world,10,firewood,891,tide,20
The physical world,1133,match,891,tide,20
The physical world,1150,thunder,891,tide,20
The physical world,1188,charcoal,891,tide,19
The physical world,1193,steam,891,tide,18
The physical world,1313,moon,891,tide,20
The physical world,2007,bolt,891,tide,18
The physical world,2144,spring or well,891,tide,19
The physical world,6,earthquake,891,tide,16
The physical world,67,embers,891,tide,20
The physical world,690,bottom,891,tide,19
The physical world,858,storm,891,tide,17
The physical world,889,flame,891,tide,19
The physical world,943,waterfall,891,tide,17
The physical world,10,firewood,921,valley,4
The physical world,1133,match,921,valley,4
The physical world,1150,thunder,921,valley,4
The physical world,1188,charcoal,921,valley,4
The physical world,1313,moon,921,valley,3
The physical world,617,ice,921,valley,3
The physical world,67,embers,921,valley,4
The physical world,690,bottom,921,valley,4
The physical world,10,firewood,943,waterfall,3
The physical world,1133,match,943,waterfall,3
The physical world,1150,thunder,943,waterfall,3
The physical world,1188,charcoal,943,waterfall,3
The physical world,1313,moon,943,waterfall,3
The physical world,67,embers,943,waterfall,3
The physical world,690,bottom,943,waterfall,3
The physical world,889,flame,943,waterfall,2
The physical world,10,firewood,952,weather,7
The physical world,1133,match,952,weather,7
The physical world,1188,charcoal,952,weather,6
The physical world,67,embers,952,weather,7
The physical world,690,bottom,952,weather,6
The physical world,889,flame,952,weather,6
The physical world,10,firewood,965,world,1
The physical world,1133,match,965,world,1
The physical world,1150,thunder,965,world,1
The physical world,1188,charcoal,965,world,1
The physical world,1228,earth,965,world,1
The physical world,1313,moon,965,world,1
The physical world,640,mud,965,world,1
The physical world,67,embers,965,world,1
The physical world,690,bottom,965,world,1
The physical world,10,firewood,978,wave,2
The physical world,1133,match,978,wave,2
The physical world,1150,thunder,978,wave,2
The physical world,1188,charcoal,978,wave,1
The physical world,1313,moon,978,wave,2
The physical world,67,embers,978,wave,2
The physical world,690,bottom,978,wave,1
Time,12,midday,1342,summer,3
Time,12,midday,691,season,8
Time,1207,young,1186,last,6
Time,1207,young,1276,autumn,6
Time,1207,young,1342,summer,3
Time,1207,young,1471,winter,2
Time,1207,young,1537,springtime,4
Time,1207,young,1557,beginning,1
Time,1207,young,1806,begin,1
Time,1207,young,1852,often,1
Time,1207,young,477,late,2
Time,1207,young,754,hurry,1
Time,1323,clock,1225,day,1
Time,1323,clock,691,season,8
Time,1339,morning,1342,summer,3
Time,1339,morning,691,season,8
Time,1353,hour,1276,autumn,6
Time,1353,hour,1692,friday,1
Time,1353,hour,1693,thursday,1
Time,1353,hour,1694,wednesday,1
Time,1353,hour,1695,tuesday,1
Time,1353,hour,1700,saturday,1
Time,1370,month,1225,day,2
Time,1370,month,1276,autumn,6
Time,1370,month,1342,summer,4
Time,1370,month,1471,winter,3
Time,1370,month,1537,springtime,5
Time,1370,month,1557,beginning,2
Time,1370,month,691,season,9
Time,1469,week,1692,friday,1
Time,1469,week,1693,thursday,1
Time,1469,week,1694,wednesday,1
Time,1469,week,1695,tuesday,1
Time,1469,week,691,season,8
Time,1471,winter,1276,autumn,4
Time,1471,winter,1342,summer,1
Time,1471,winter,1537,springtime,2
Time,1631,fast,1179,day after tomorrow,1
Time,1631,fast,1180,day before yesterday,1
Time,1631,fast,1186,last,7
Time,1631,fast,12,midday,1
Time,1631,fast,1225,day,2
Time,1631,fast,1276,autumn,7
Time,1631,fast,1323,clock,1
Time,1631,fast,1339,morning,1
Time,1631,fast,1342,summer,4
Time,1631,fast,1353,hour,1
Time,1631,fast,1469,week,1
Time,1631,fast,1471,winter,3
Time,1631,fast,1537,springtime,5
Time,1631,fast,1544,sometimes,2
Time,1631,fast,1557,beginning,2
Time,1631,fast,1629,evening,1
Time,1631,fast,1656,never,3
Time,1631,fast,1676,always,1
Time,1631,fast,1692,friday,2
Time,1631,fast,1693,thursday,2
Time,1631,fast,1694,wednesday,2
Time,1631,fast,1695,tuesday,2
Time,1631,fast,1697,monday,1
Time,1631,fast,1699,sunday,1
Time,1631,fast,1700,saturday,1
Time,1631,fast,1806,begin,2
Time,1631,fast,1807,afternoon,1
Time,1631,fast,1852,often,2
Time,1631,fast,204,again,1
Time,1631,fast,418,for a long time,3
Time,1631,fast,425,be late,1
Time,1631,fast,691,season,9
Time,1631,fast,703,soon,2
Time,1631,fast,743,end,1
Time,1631,fast,754,hurry,2
Time,1631,fast,790,ready,2
Time,1676,always,1544,sometimes,1
Time,1676,always,1557,beginning,1
Time,1676,always,1852,often,1
Time,1676,always,418,for a long time,2
Time,1676,always,703,soon,1
Time,1697,monday,1692,friday,1
Time,1697,monday,1693,thursday,1
Time,1697,monday,1694,wednesday,1
Time,1697,monday,1695,tuesday,1
Time,1697,monday,691,season,7
Time,1699,sunday,1692,friday,1
Time,1699,sunday,1693,thursday,1
Time,1699,sunday,1694,wednesday,1
Time,1699,sunday,1695,tuesday,1
Time,1699,sunday,691,season,7
Time,1700,saturday,691,season,7
Time,1766,finish,1179,day after tomorrow,1
Time,1766,finish,1180,day before yesterday,1
Time,1766,finish,12,midday,1
Time,1766,finish,1225,day,2
Time,1766,finish,1276,autumn,6
Time,1766,finish,1323,clock,1
Time,1766,finish,1339,morning,1
Time,1766,finish,1342,summer,3
Time,1766,finish,1353,hour,1
Time,1766,finish,1469,week,1
Time,1766,finish,1471,winter,2
Time,1766,finish,1537,springtime,4
Time,1766,finish,1544,sometimes,2
Time,1766,finish,1557,beginning,1
Time,1766,finish,1629,evening,1
Time,1766,finish,1656,never,3
Time,1766,finish,1676,always,1
Time,1766,finish,1692,friday,2
Time,1766,finish,1693,thursday,2
Time,1766,finish,1694,wednesday,2
Time,1766,finish,1695,tuesday,2
Time,1766,finish,1697,monday,1
Time,1766,finish,1699,sunday,1
Time,1766,finish,1700,saturday,1
Time,1766,finish,1807,afternoon,1
Time,1766,finish,1852,often,1
Time,1766,finish,204,again,1
Time,1766,finish,418,for a long time,3
Time,1766,finish,691,season,9
Time,1766,finish,703,soon,2
Time,1766,finish,790,ready,2
Time,1806,begin,1186,last,5
Time,1806,begin,1276,autumn,5
Time,1806,begin,1342,summer,2
Time,1806,begin,1471,winter,1
Time,1806,begin,1537,springtime,3
Time,1807,afternoon,1342,summer,3
Time,1807,afternoon,691,season,8
Time,1882,before,1186,last,4
Time,1928,cease,1179,day after tomorrow,1
Time,1928,cease,1180,day before yesterday,1
Time,1928,cease,12,midday,1
Time,1928,cease,1225,day,2
Time,1928,cease,1276,autumn,6
Time,1928,cease,1323,clock,1
Time,1928,cease,1339,morning,1
Time,1928,cease,1342,summer,3
Time,1928,cease,1353,hour,1
Time,1928,cease,1469,week,1
Time,1928,cease,1471,winter,2
Time,1928,cease,1537,springtime,3
Time,1928,cease,1544,sometimes,2
Time,1928,cease,1557,beginning,2
Time,1928,cease,1629,evening,1
Time,1928,cease,1656,never,3
Time,1928,cease,1676,always,1
Time,1928,cease,1692,friday,2
Time,1928,cease,1693,thursday,2
Time,1928,cease,1694,wednesday,2
Time,1928,cease,1695,tuesday,2
Time,1928,cease,1697,monday,1
Time,1928,cease,1699,sunday,1
Time,1928,cease,1700,saturday,1
Time,1928,cease,1807,afternoon,1
Time,1928,cease,1852,often,2
Time,1928,cease,204,again,1
Time,1928,cease,418,for a long time,3
Time,1928,cease,691,season,9
Time,1928,cease,703,soon,2
Time,1928,cease,790,ready,2
Time,204,again,691,season,8
Time,425,be late,1186,last,6
Time,425,be late,1276,autumn,5
Time,425,be late,1537,springtime,4
Time,425,be late,1544,sometimes,1
Time,425,be late,1656,never,1
Time,425,be late,691,season,8
Time,425,be late,790,ready,1
Time,672,early,1186,last,6
Time,672,early,1276,autumn,6
Time,672,early,1342,summer,3
Time,672,early,1471,winter,2
Time,672,early,1537,springtime,4
Time,672,early,1557,beginning,1
Time,672,early,1806,begin,1
Time,672,early,1852,often,1
Time,672,early,477,late,2
Time,672,early,754,hurry,1
Time,743,end,1276,autumn,6
Time,743,end,1342,summer,3
Time,743,end,1471,winter,2
Time,743,end,1537,springtime,4
Time,743,end,1557,beginning,1
Time,743,end,1852,often,1
Time,754,hurry,1186,last,5
Time,892,time,1186,last,6
Time,892,time,1276,autumn,6
Time,892,time,1342,summer,3
Time,892,time,1471,winter,2
Time,892,time,1537,springtime,4
Time,892,time,1557,beginning,1
Time,892,time,1789,age,4
Time,892,time,1806,begin,1
Time,892,time,1852,often,1
Time,892,time,477,late,2
Time,892,time,754,hurry,1
Time,1370,month,1179,day after tomorrow,1
Time,1370,month,1180,day before yesterday,1
Time,1276,autumn,1186,last,2
Time,1353,hour,1186,last,7
Time,1370,month,1186,last,7
Time,1469,week,1186,last,7
Time,1471,winter,1186,last,4
Time,1544,sometimes,1186,last,5
Time,1557,beginning,1186,last,5
Time,1676,always,1186,last,6
Time,1692,friday,1186,last,7
Time,1693,thursday,1186,last,7
Time,1694,wednesday,1186,last,7
Time,1695,tuesday,1186,last,7
Time,1697,monday,1186,last,7
Time,1699,sunday,1186,last,7
Time,1700,saturday,1186,last,7
Time,1766,finish,1186,last,6
Time,1852,often,1186,last,5
Time,1928,cease,1186,last,6
Time,743,end,1186,last,6
Time,1370,month,12,midday,1
Time,1370,month,1207,young,1
Time,1631,fast,1207,young,1
Time,1928,cease,1207,young,1
Time,1370,month,1323,clock,1
Time,1469,week,1323,clock,1
Time,1697,monday,1323,clock,1
Time,1699,sunday,1323,clock,1
Time,1700,saturday,1323,clock,1
Time,1370,month,1339,morning,1
Time,1370,month,1353,hour,1
Time,1370,month,1469,week,1
Time,1370,month,1544,sometimes,2
Time,1469,week,1544,sometimes,2
Time,1697,monday,1544,sometimes,2
Time,1699,sunday,1544,sometimes,2
Time,1700,saturday,1544,sometimes,2
Time,1370,month,1629,evening,1
Time,1353,hour,1656,never,2
Time,1370,month,1656,never,3
Time,1469,week,1656,never,3
Time,1629,evening,1656,never,2
Time,1692,friday,1656,never,2
Time,1693,thursday,1656,never,2
Time,1694,wednesday,1656,never,2
Time,1695,tuesday,1656,never,2
Time,1697,monday,1656,never,3
Time,1699,sunday,1656,never,3
Time,1700,saturday,1656,never,2
Time,1370,month,1676,always,1
Time,1370,month,1692,friday,2
Time,1370,month,1693,thursday,2
Time,1370,month,1694,wednesday,2
Time,1370,month,1695,tuesday,2
Time,1370,month,1697,monday,1
Time,1370,month,1699,sunday,1
Time,1370,month,1700,saturday,1
Time,1207,young,1789,age,4
Time,1353,hour,1789,age,4
Time,1370,month,1789,age,5
Time,1631,fast,1789,age,5
Time,1766,finish,1789,age,4
Time,1928,cease,1789,age,5
Time,672,early,1789,age,4
Time,743,end,1789,age,4
Time,1370,month,1806,begin,2
Time,1766,finish,1806,begin,1
Time,1928,cease,1806,begin,1
Time,743,end,1806,begin,1
Time,1323,clock,1807,afternoon,1
Time,1370,month,1807,afternoon,1
Time,1370,month,1852,often,2
Time,1207,young,1882,before,3
Time,1353,hour,1882,before,3
Time,1370,month,1882,before,4
Time,1557,beginning,1882,before,2
Time,1631,fast,1882,before,4
Time,1676,always,1882,before,3
Time,1766,finish,1882,before,3
Time,1806,begin,1882,before,2
Time,1852,often,1882,before,2
Time,1928,cease,1882,before,3
Time,672,early,1882,before,3
Time,743,end,1882,before,3
Time,754,hurry,1882,before,2
Time,892,time,1882,before,3
Time,1370,month,204,again,1
Time,1179,day after tomorrow,418,for a long time,2
Time,1180,day before yesterday,418,for a long time,2
Time,1370,month,418,for a long time,3
Time,1469,week,418,for a long time,3
Time,1697,monday,418,for a long time,3
Time,1699,sunday,418,for a long time,3
Time,1700,saturday,418,for a long time,3
Time,204,again,418,for a long time,2
Time,1353,hour,425,be late,1
Time,1370,month,425,be late,1
Time,1766,finish,425,be late,1
Time,1928,cease,425,be late,1
Time,1353,hour,477,late,3
Time,1370,month,477,late,3
Time,1631,fast,477,late,3
Time,1766,finish,477,late,2
Time,1928,cease,477,late,3
Time,425,be late,477,late,2
Time,743,end,477,late,2
Time,1370,month,672,early,1
Time,1631,fast,672,early,1
Time,1928,cease,672,early,1
Time,1370,month,703,soon,2
Time,1469,week,703,soon,2
Time,1697,monday,703,soon,2
Time,1699,sunday,703,soon,2
Time,1700,saturday,703,soon,2
Time,1370,month,743,end,1
Time,1469,week,743,end,1
Time,1697,monday,743,end,1
Time,1699,sunday,743,end,1
Time,1700,saturday,743,end,1
Time,1928,cease,743,end,1
Time,1370,month,754,hurry,2
Time,1676,always,754,hurry,1
Time,1766,finish,754,hurry,1
Time,1928,cease,754,hurry,2
Time,743,end,754,hurry,1
Time,1370,month,790,ready,2
Time,1469,week,790,ready,2
Time,1697,monday,790,ready,2
Time,1699,sunday,790,ready,2
Time,1700,saturday,790,ready,2
Time,1370,month,892,time,1
Time,1631,fast,892,time,1
Time,1928,cease,892,time,1
Warfare and hunting,1071,hook,1022,booty,11
Warfare and hunting,1071,hook,1061,armour,15
Warfare and hunting,1071,hook,1671,tower,10
Warfare and hunting,1071,hook,1858,fisherman,3
Warfare and hunting,1071,hook,722,attack,4
Warfare and hunting,1071,hook,782,defeat,4
Warfare and hunting,1075,trap,1170,trap,2
Warfare and hunting,1330,defend,1022,booty,9
Warfare and hunting,1330,defend,1696,surrender,3
Warfare and hunting,1338,peace,1680,helmet,9
Warfare and hunting,1338,peace,386,battle-axe,16
Warfare and hunting,1435,hunt,1075,trap,1
Warfare and hunting,1435,hunt,1170,trap,3
Warfare and hunting,1561,army,1061,armour,12
Warfare and hunting,1561,army,1535,sword,4
Warfare and hunting,1561,army,1680,helmet,8
Warfare and hunting,1763,club,1680,helmet,10
Warfare and hunting,1941,soldier,1022,booty,11
Warfare and hunting,1941,soldier,1061,armour,15
Warfare and hunting,1941,soldier,1074,fishhook,1
Warfare and hunting,1941,soldier,1535,sword,6
Warfare and hunting,1941,soldier,1671,tower,10
Warfare and hunting,1941,soldier,1680,helmet,11
Warfare and hunting,1941,soldier,1696,surrender,6
Warfare and hunting,1941,soldier,1858,fisherman,5
Warfare and hunting,1941,soldier,1938,fortress,15
Warfare and hunting,1941,soldier,1940,guard,3
Warfare and hunting,1941,soldier,2013,bait,3
Warfare and hunting,1941,soldier,386,battle-axe,20
Warfare and hunting,1941,soldier,387,sling,8
Warfare and hunting,1941,soldier,388,fishnet,1
Warfare and hunting,1941,soldier,65,ambush,6
Warfare and hunting,1941,soldier,722,attack,5
Warfare and hunting,1941,soldier,951,weapons,2
Warfare and hunting,421,retreat,1072,prisoner,2
Warfare and hunting,421,retreat,1696,surrender,4
Warfare and hunting,783,victory,1022,booty,11
Warfare and hunting,783,victory,1072,prisoner,3
Warfare and hunting,783,victory,1330,defend,2
Warfare and hunting,783,victory,1696,surrender,5
Warfare and hunting,783,victory,65,ambush,6
Warfare and hunting,783,victory,722,attack,4
Warfare and hunting,783,victory,782,defeat,4
Warfare and hunting,945,spear,1680,helmet,11
Warfare and hunting,945,spear,2013,bait,3
Warfare and hunting,951,weapons,1535,sword,4
Warfare and hunting,951,weapons,1696,surrender,5
Warfare and hunting,951,weapons,1938,fortress,13
Warfare and hunting,951,weapons,386,battle-axe,18
Warfare and hunting,977,arrow,1680,helmet,11
Warfare and hunting,977,arrow,2013,bait,3
Warfare and hunting,994,bow,1680,helmet,10
Warfare and hunting,1074,fishhook,1022,booty,10
Warfare and hunting,1075,trap,1022,booty,12
Warfare and hunting,1170,trap,1022,booty,10
Warfare and hunting,1435,hunt,1022,booty,13
Warfare and hunting,388,fishnet,1022,booty,10
Warfare and hunting,1072,prisoner,1061,armour,11
Warfare and hunting,1074,fishhook,1061,armour,15
Warfare and hunting,1075,trap,1061,armour,16
Warfare and hunting,1435,hunt,1061,armour,17
Warfare and hunting,1858,fisherman,1061,armour,11
Warfare and hunting,1940,guard,1061,armour,11
Warfare and hunting,388,fishnet,1061,armour,14
Warfare and hunting,421,retreat,1061,armour,14
Warfare and hunting,722,attack,1061,armour,10
Warfare and hunting,783,victory,1061,armour,13
Warfare and hunting,1075,trap,1064,shield,12
Warfare and hunting,1330,defend,1064,shield,10
Warfare and hunting,1435,hunt,1064,shield,13
Warfare and hunting,421,retreat,1064,shield,9
Warfare and hunting,1075,trap,1071,hook,1
Warfare and hunting,1435,hunt,1071,hook,2
Warfare and hunting,1075,trap,1072,prisoner,4
Warfare and hunting,1435,hunt,1072,prisoner,5
Warfare and hunting,1435,hunt,1074,fishhook,2
Warfare and hunting,1075,trap,1330,defend,2
Warfare and hunting,1435,hunt,1330,defend,3
Warfare and hunting,1075,trap,1338,peace,4
Warfare and hunting,1435,hunt,1338,peace,5
Warfare and hunting,421,retreat,1338,peace,2
Warfare and hunting,1074,fishhook,1535,sword,6
Warfare and hunting,1435,hunt,1535,sword,8
Warfare and hunting,388,fishnet,1535,sword,5
Warfare and hunting,1074,fishhook,1561,army,3
Warfare and hunting,1435,hunt,1561,army,5
Warfare and hunting,1941,soldier,1561,army,3
Warfare and hunting,388,fishnet,1561,army,2
Warfare and hunting,1435,hunt,1566,gun,1
Warfare and hunting,1075,trap,1671,tower,11
Warfare and hunting,1435,hunt,1671,tower,12
Warfare and hunting,783,victory,1671,tower,8
Warfare and hunting,1072,prisoner,1680,helmet,9
Warfare and hunting,1074,fishhook,1680,helmet,10
Warfare and hunting,1075,trap,1680,helmet,13
Warfare and hunting,1435,hunt,1680,helmet,13
Warfare and hunting,1940,guard,1680,helmet,9
Warfare and hunting,388,fishnet,1680,helmet,10
Warfare and hunting,421,retreat,1680,helmet,11
Warfare and hunting,783,victory,1680,helmet,11
Warfare and hunting,1072,prisoner,1696,surrender,2
Warfare and hunting,1074,fishhook,1696,surrender,5
Warfare and hunting,1075,trap,1696,surrender,6
Warfare and hunting,1435,hunt,1696,surrender,7
Warfare and hunting,388,fishnet,1696,surrender,5
Warfare and hunting,1075,trap,1763,club,3
Warfare and hunting,1435,hunt,1763,club,4
Warfare and hunting,783,victory,1763,club,2
Warfare and hunting,1074,fishhook,1858,fisherman,3
Warfare and hunting,1075,trap,1858,fisherman,5
Warfare and hunting,1435,hunt,1858,fisherman,6
Warfare and hunting,388,fishnet,1858,fisherman,4
Warfare and hunting,1074,fishhook,1938,fortress,14
Warfare and hunting,1075,trap,1938,fortress,16
Warfare and hunting,1170,trap,1938,fortress,13
Warfare and hunting,1330,defend,1938,fortress,13
Warfare and hunting,1435,hunt,1938,fortress,17
Warfare and hunting,388,fishnet,1938,fortress,14
Warfare and hunting,783,victory,1938,fortress,12
Warfare and hunting,1074,fishhook,1940,guard,3
Warfare and hunting,1075,trap,1940,guard,4
Warfare and hunting,1435,hunt,1940,guard,5
Warfare and hunting,388,fishnet,1940,guard,2
Warfare and hunting,1435,hunt,1941,soldier,1
Warfare and hunting,1435,hunt,2013,bait,4
Warfare and hunting,1072,prisoner,386,battle-axe,15
Warfare and hunting,1074,fishhook,386,battle-axe,17
Warfare and hunting,1075,trap,386,battle-axe,20
Warfare and hunting,1170,trap,386,battle-axe,17
Warfare and hunting,1330,defend,386,battle-axe,17
Warfare and hunting,1435,hunt,386,battle-axe,21
Warfare and hunting,1696,surrender,386,battle-axe,13
Warfare and hunting,2013,bait,386,battle-axe,13
Warfare and hunting,388,fishnet,386,battle-axe,19
Warfare and hunting,421,retreat,386,battle-axe,18
Warfare and hunting,783,victory,386,battle-axe,16
Warfare and hunting,945,spear,386,battle-axe,19
Warfare and hunting,977,arrow,386,battle-axe,18
Warfare and hunting,994,bow,386,battle-axe,18
Warfare and hunting,1075,trap,387,sling,8
Warfare and hunting,1435,hunt,387,sling,9
Warfare and hunting,783,victory,387,sling,6
Warfare and hunting,1435,hunt,388,fishnet,2
Warfare and hunting,1075,trap,421,retreat,2
Warfare and hunting,1435,hunt,421,retreat,3
Warfare and hunting,1075,trap,65,ambush,6
Warfare and hunting,1435,hunt,65,ambush,7
Warfare and hunting,1075,trap,722,attack,5
Warfare and hunting,1435,hunt,722,attack,6
Warfare and hunting,1075,trap,782,defeat,5
Warfare and hunting,1435,hunt,782,defeat,6
Warfare and hunting,421,retreat,782,defeat,3
Warfare and hunting,1075,trap,783,victory,1
Warfare and hunting,1435,hunt,783,victory,2
Warfare and hunting,1435,hunt,945,spear,2
Warfare and hunting,1074,fishhook,951,weapons,1
Warfare and hunting,1435,hunt,951,weapons,3
Warfare and hunting,388,fishnet,951,weapons,1
Warfare and hunting,1435,hunt,977,arrow,2
Warfare and hunting,1435,hunt,994,bow,3
Warfare and hunting,945,spear,994,bow,1
